accident_reference,year,casualty_severity,sex_of_casualty,age_band_of_casualty,casualty_home_area_type,casualty_imd_decile,number_of_vehicles,number_of_casualties,road_type,speed_limit,junction_detail,light_conditions,weather_conditions,road_surface_conditions,special_conditions_at_site,trunk_road_flag,vehicle_manoeuvre,vehicle_location_restricted_lane,hit_object_in_carriageway,hit_object_off_carriageway,first_point_of_impact,journey_purpose_of_driver,date,time,day_of_week,local_authority_district,local_authority_ons_district,urban_or_rural_area,latitude,longitude,lsoa_of_accident_location
06A167327,2020,Slight,Female,26 - 35,Urban area,More deprived 10-20%,2,1,Single carriageway,30,Crossroads,Daylight,Fine no high winds,Dry,None,Non-trunk,18,0,0,0,2,1,2020-01-19,12:00:00,Sunday,Manchester,E08000003,Urban,53.476458,-2.2314,E01033654
06A170518,2020,Slight,Male,26 - 35,Data missing or out of range,Data missing or out of range,2,1,Single carriageway,30,Crossroads,Darkness - lights lit,Fine no high winds,Dry,None,Non-trunk,18,0,0,0,1,1,2020-03-06,19:16:00,Friday,Manchester,E08000003,Urban,53.476659,-2.234158,E01033654
06A171184,2020,Slight,Male,26 - 35,Urban area,More deprived 20-30%,2,1,Single carriageway,30,Crossroads,Daylight,Fine no high winds,Dry,None,Non-trunk,18,0,0,0,3,1,2020-05-06,17:00:00,Wednesday,Manchester,E08000003,Urban,53.487838000000004,-2.240022,E01033658
06A171671,2020,Slight,Male,26 - 35,Urban area,More deprived 30-40%,2,1,Single carriageway,30,T or staggered junction,Daylight,Fine no high winds,Dry,None,Non-trunk,18,0,0,0,4,6,2020-05-29,20:20:00,Friday,Manchester,E08000003,Urban,53.478061,-2.239018,E01033653
06A172407,2020,Slight,Male,11 - 15,Urban area,Most deprived 10%,2,1,Single carriageway,30,Crossroads,Daylight,Fine no high winds,Dry,None,Non-trunk,18,9,0,0,3,6,2020-06-20,18:27:00,Saturday,Manchester,E08000003,Urban,53.494059,-2.21588,E01005129
06A172724,2020,Slight,Male,46 - 55,Urban area,Most deprived 10%,2,1,Single carriageway,20,Not at junction or within 20 metres,Daylight,Fine no high winds,Dry,None,Non-trunk,18,7,4,0,4,6,2020-06-26,10:20:00,Friday,Manchester,E08000003,Urban,53.484458,-2.24056,E01033658
06A172735,2020,Slight,Male,36 - 45,Urban area,More deprived 20-30%,2,1,Single carriageway,30,T or staggered junction,Daylight,Fine no high winds,Dry,None,Non-trunk,18,4,0,0,1,6,2020-07-08,13:54:00,Wednesday,Manchester,E08000003,Urban,53.473009,-2.248285,E01033656
06A173236,2020,Slight,Female,26 - 35,Urban area,Most deprived 10%,2,1,One way street,20,Crossroads,Daylight,Fine no high winds,Dry,None,Non-trunk,18,0,0,0,3,2,2020-07-25,13:20:00,Saturday,Manchester,E08000003,Urban,53.483782,-2.232178,E01033659
06A173670,2020,Fatal,Male,6 - 10,Urban area,More deprived 20-30%,2,1,Single carriageway,30,Crossroads,Daylight,Fine no high winds,Dry,None,Non-trunk,18,0,0,0,1,6,2020-08-09,17:55:00,Sunday,Manchester,E08000003,Urban,53.469156,-2.242373,E01005212
06A174539,2020,Slight,Female,21 - 25,Urban area,More deprived 10-20%,2,1,Single carriageway,30,Crossroads,Daylight,Fine no high winds,Dry,Road surface defective,Non-trunk,18,0,0,0,1,2,2020-09-04,08:17:00,Friday,Manchester,E08000003,Urban,53.478922,-2.253247,E01033681
06A175230,2020,Slight,Female,26 - 35,Urban area,More deprived 30-40%,2,1,Single carriageway,30,Not at junction or within 20 metres,Darkness - lights lit,Fine no high winds,Dry,None,Non-trunk,14,0,0,0,4,1,2020-09-16,20:30:00,Wednesday,Manchester,E08000003,Urban,53.47463,-2.237627,E01005128
06A175307,2020,Slight,Male,26 - 35,Urban area,More deprived 20-30%,2,1,One way street,20,T or staggered junction,Daylight,Fine no high winds,Dry,Roadworks,Non-trunk,18,0,0,0,3,6,2020-09-10,12:44:00,Thursday,Manchester,E08000003,Urban,53.486513,-2.242019,E01033658
06A175358,2020,Slight,Female,46 - 55,Urban area,More deprived 10-20%,2,1,Single carriageway,30,Crossroads,Daylight,Fine no high winds,Dry,None,Non-trunk,18,0,0,0,2,2,2020-09-21,17:30:00,Monday,Manchester,E08000003,Urban,53.474106,-2.248005,E01033656
06A175720,2020,Slight,Male,21 - 25,Data missing or out of range,Data missing or out of range,2,1,Unknown,20,T or staggered junction,Daylight,Other,Wet or damp,Roadworks,Non-trunk,18,4,0,0,1,6,2020-10-02,13:45:00,Friday,Manchester,E08000003,Urban,53.520145,-2.215138,E01005206
06A176242,2020,Serious,Female,21 - 25,Urban area,More deprived 10-20%,2,1,Dual carriageway,30,Crossroads,Daylight,Fine no high winds,Dry,None,Non-trunk,18,0,0,0,3,6,2020-10-05,12:11:00,Monday,Manchester,E08000003,Urban,53.486895,-2.235209,E01033667
06A267512,2020,Slight,Male,21 - 25,Urban area,More deprived 10-20%,2,1,Single carriageway,30,T or staggered junction,Darkness - lights lit,Fine no high winds,Dry,None,Non-trunk,18,0,0,0,1,1,2020-01-20,17:45:00,Monday,Manchester,E08000003,Urban,53.466744,-2.252587,E01005214
06A268025,2020,Slight,Male,46 - 55,Urban area,Less deprived 20-30%,2,1,Single carriageway,30,Crossroads,Darkness - lights lit,Raining no high winds,Wet or damp,None,Non-trunk,18,0,0,0,1,2,2020-01-22,18:17:00,Wednesday,Manchester,E08000003,Urban,53.474241,-2.248051,E01033677
06A268245,2020,Serious,Female,26 - 35,Urban area,More deprived 40-50%,2,1,Single carriageway,30,Private drive or entrance,Daylight,Fine no high winds,Wet or damp,None,Non-trunk,18,0,0,0,4,2,2020-01-31,15:50:00,Friday,Manchester,E08000003,Urban,53.516418,-2.168927,E01005247
06A268804,2020,Slight,Male,26 - 35,Urban area,More deprived 20-30%,2,1,Single carriageway,30,Crossroads,Daylight,Fine no high winds,Dry,None,Non-trunk,18,0,0,0,1,1,2020-02-17,16:45:00,Monday,Manchester,E08000003,Urban,53.471152,-2.26346,E01033660
06A269024,2020,Slight,Male,56 - 65,Urban area,More deprived 10-20%,2,1,Single carriageway,30,T or staggered junction,Darkness - lights lit,Fine no high winds,Wet or damp,None,Non-trunk,18,0,0,0,3,6,2020-02-19,18:40:00,Wednesday,Manchester,E08000003,Urban,53.463304,-2.219234,E01005062
06A272209,2020,Slight,Male,26 - 35,Urban area,More deprived 10-20%,2,1,Single carriageway,30,T or staggered junction,Daylight,Raining no high winds,Dry,None,Non-trunk,18,0,0,0,3,6,2020-06-22,18:08:00,Monday,Manchester,E08000003,Urban,53.489255,-2.241582,E01033655
06A272779,2020,Slight,Female,26 - 35,Data missing or out of range,Data missing or out of range,2,1,Single carriageway,30,Private drive or entrance,Daylight,Other,Wet or damp,None,Non-trunk,18,0,0,0,4,6,2020-07-08,09:30:00,Wednesday,Manchester,E08000003,Urban,53.509885,-2.236316,E01005149
06A273109,2020,Slight,Male,26 - 35,Urban area,Less deprived 10-20%,2,1,Single carriageway,30,More than 4 arms (not roundabout),Daylight,Fine no high winds,Dry,None,Non-trunk,18,0,0,0,1,6,2020-07-13,07:00:00,Monday,Manchester,E08000003,Urban,53.508373,-2.241827,E01005145
06A274108,2020,Slight,Male,6 - 10,Data missing or out of range,Data missing or out of range,2,1,Single carriageway,30,T or staggered junction,Daylight,Fine no high winds,Dry,None,Non-trunk,18,0,0,0,1,6,2020-08-13,19:02:00,Thursday,Manchester,E08000003,Urban,53.513303,-2.206266,E01005202
06A274552,2020,Slight,Male,26 - 35,Urban area,More deprived 30-40%,2,1,Single carriageway,30,T or staggered junction,Darkness - lights lit,Other,Dry,None,Non-trunk,18,0,0,0,4,6,2020-08-29,22:35:00,Saturday,Manchester,E08000003,Urban,53.506689,-2.238862,E01005145
06A275338,2020,Slight,Male,36 - 45,Urban area,Most deprived 10%,2,1,Dual carriageway,30,Crossroads,Daylight,Fine no high winds,Dry,None,Non-trunk,4,0,0,0,4,6,2020-09-04,18:24:00,Friday,Manchester,E08000003,Urban,53.47521,-2.216417,E01005061
06A275616,2020,Slight,Male,26 - 35,Data missing or out of range,Data missing or out of range,3,1,Single carriageway,30,Not at junction or within 20 metres,Darkness - lighting unknown,Fine no high winds,Dry,None,Non-trunk,18,0,0,0,0,6,2020-09-26,23:38:00,Saturday,Manchester,E08000003,Urban,53.456072,-2.191261,E01005233
06A275966,2020,Slight,Male,26 - 35,Urban area,More deprived 10-20%,2,1,Single carriageway,30,Not at junction or within 20 metres,Daylight,Fine no high winds,Dry,None,Non-trunk,18,0,0,0,3,6,2020-10-14,13:41:00,Wednesday,Manchester,E08000003,Urban,53.532966,-2.227725,E01005103
06A276634,2020,Slight,Male,56 - 65,Urban area,Most deprived 10%,2,1,Single carriageway,30,T or staggered junction,Daylight,Fine no high winds,Dry,None,Non-trunk,18,0,0,0,4,6,2020-10-25,12:23:00,Sunday,Manchester,E08000003,Urban,53.455645,-2.19897,E01005234
06A276678,2020,Slight,Male,46 - 55,Urban area,Less deprived 10-20%,2,1,Dual carriageway,30,T or staggered junction,Darkness - lights lit,Fine no high winds,Dry,None,Non-trunk,18,4,0,0,1,2,2020-10-14,06:00:00,Wednesday,Manchester,E08000003,Urban,53.534017,-2.233026,E01005102
06A278056,2020,Slight,Female,26 - 35,Urban area,Most deprived 10%,2,1,Single carriageway,30,T or staggered junction,Darkness - lights lit,Fine no high winds,Wet or damp,None,Non-trunk,18,0,0,0,1,6,2020-12-08,20:00:00,Tuesday,Manchester,E08000003,Urban,53.503322,-2.218234,E01005203
06A366843,2020,Slight,Male,26 - 35,Urban area,More deprived 10-20%,2,1,Single carriageway,30,T or staggered junction,Darkness - lights lit,Raining no high winds,Wet or damp,None,Non-trunk,18,2,0,0,1,6,2020-01-02,18:45:00,Thursday,Manchester,E08000003,Urban,53.450119,-2.19274,E01005194
06A367112,2020,Slight,Male,26 - 35,Urban area,Most deprived 10%,2,1,Dual carriageway,30,T or staggered junction,Darkness - lighting unknown,Fine no high winds,Dry,None,Non-trunk,18,2,0,0,3,2,2020-01-06,07:00:00,Monday,Manchester,E08000003,Urban,53.420557,-2.240728,E01005173
06A368195,2020,Slight,Male,46 - 55,Urban area,Most deprived 10%,2,1,One way street,30,Crossroads,Darkness - lights lit,Fine no high winds,Dry,None,Non-trunk,18,0,0,0,4,1,2020-01-13,05:40:00,Monday,Manchester,E08000003,Urban,53.481689,-2.226847,E01033661
06A368252,2020,Serious,Male,46 - 55,Urban area,Most deprived 10%,2,1,Single carriageway,30,Crossroads,Darkness - lights lit,Fine no high winds,Wet or damp,None,Non-trunk,18,0,0,0,1,6,2020-01-25,17:45:00,Saturday,Manchester,E08000003,Urban,53.42167,-2.218568,E01005125
06A369094,2020,Slight,Male,26 - 35,Urban area,More deprived 20-30%,2,1,Single carriageway,30,T or staggered junction,Daylight,Fine no high winds,Wet or damp,None,Non-trunk,9,4,0,0,2,6,2020-02-12,16:30:00,Wednesday,Manchester,E08000003,Urban,53.454224,-2.252378,E01005240
06A370897,2020,Slight,Male,36 - 45,Urban area,Less deprived 20-30%,2,1,Single carriageway,30,Crossroads,Daylight,Fine no high winds,Dry,None,Non-trunk,18,0,0,0,2,6,2020-04-27,15:54:00,Monday,Manchester,E08000003,Urban,53.445361,-2.276702,E01005159
06A371759,2020,Slight,Male,26 - 35,Urban area,Most deprived 10%,2,1,Single carriageway,30,T or staggered junction,Daylight,Fine no high winds,Dry,None,Non-trunk,5,0,0,0,3,6,2020-06-01,18:20:00,Monday,Manchester,E08000003,Urban,53.489618,-2.201254,E01033668
06A372210,2020,Slight,Male,36 - 45,Urban area,Less deprived 30-40%,2,1,Single carriageway,30,T or staggered junction,Daylight,Fine no high winds,Dry,None,Non-trunk,18,0,0,0,1,6,2020-06-01,17:45:00,Monday,Manchester,E08000003,Urban,53.456935,-2.173043,E01005197
06A374145,2020,Slight,Male,56 - 65,Urban area,Less deprived 30-40%,2,1,Single carriageway,30,T or staggered junction,Daylight,Fine no high winds,Dry,None,Non-trunk,7,0,0,0,3,6,2020-08-20,14:45:00,Thursday,Manchester,E08000003,Urban,53.387611,-2.242782,E01005290
06A374174,2020,Serious,Female,11 - 15,Urban area,Most deprived 10%,2,1,Single carriageway,30,Private drive or entrance,Daylight,Fine no high winds,Dry,None,Non-trunk,18,0,0,0,1,6,2020-08-21,14:00:00,Friday,Manchester,E08000003,Urban,53.472516,-2.150614,E01033666
06A374219,2020,Serious,Male,11 - 15,Urban area,Most deprived 10%,2,1,Single carriageway,30,T or staggered junction,Daylight,Fine no high winds,Dry,None,Non-trunk,18,0,0,0,1,6,2020-08-14,12:40:00,Friday,Manchester,E08000003,Urban,53.450335,-2.168845,E01005196
06A374778,2020,Slight,Female,26 - 35,Urban area,More deprived 20-30%,2,1,Single carriageway,20,Crossroads,Daylight,Other,Wet or damp,None,Non-trunk,18,0,8,0,1,2,2020-09-07,07:30:00,Monday,Manchester,E08000003,Urban,53.484137,-2.229844,E01033659
06A374796,2020,Slight,Male,21 - 25,Urban area,Most deprived 10%,2,1,Single carriageway,30,T or staggered junction,Daylight,Fine no high winds,Wet or damp,None,Non-trunk,18,0,0,0,3,1,2020-08-18,08:55:00,Tuesday,Manchester,E08000003,Urban,53.462922,-2.178972,E01005186
06A374878,2020,Slight,Female,16 - 20,Urban area,Most deprived 10%,2,1,Single carriageway,30,Crossroads,Daylight,Fine no high winds,Wet or damp,None,Non-trunk,4,0,0,0,2,1,2020-09-08,13:45:00,Tuesday,Manchester,E08000003,Urban,53.482085,-2.216708,E01033688
06A374990,2020,Slight,Male,11 - 15,Urban area,More deprived 30-40%,2,1,Single carriageway,30,Crossroads,Daylight,Fine no high winds,Dry,None,Non-trunk,18,0,0,0,1,6,2020-09-11,17:05:00,Friday,Manchester,E08000003,Urban,53.440933,-2.283161,E01005155
06A375112,2020,Serious,Male,11 - 15,Urban area,Most deprived 10%,2,1,Single carriageway,30,Not at junction or within 20 metres,Daylight,Fine no high winds,Dry,None,Non-trunk,18,0,0,0,1,6,2020-09-12,19:33:00,Saturday,Manchester,E08000003,Urban,53.473713,-2.181262,E01005107
06A375932,2020,Serious,Male,46 - 55,Urban area,Most deprived 10%,2,1,Single carriageway,30,T or staggered junction,Daylight,Fine no high winds,Dry,None,Non-trunk,18,0,0,0,2,6,2020-10-10,12:34:00,Saturday,Manchester,E08000003,Urban,53.431862,-2.259606,E01005081
06A376058,2020,Slight,Male,26 - 35,Urban area,More deprived 10-20%,2,1,Single carriageway,30,Private drive or entrance,Darkness - lights lit,Fine no high winds,Dry,None,Non-trunk,9,0,0,0,1,6,2020-10-02,19:15:00,Friday,Manchester,E08000003,Urban,53.435515,-2.2125880000000002,E01005311
06A376705,2020,Slight,Male,26 - 35,Urban area,Most deprived 10%,2,1,Single carriageway,30,Slip road,Daylight,Fine no high winds,Dry,None,Non-trunk,18,0,0,0,1,6,2020-10-11,13:30:00,Sunday,Manchester,E08000003,Urban,53.448099,-2.179376,E01005200
06E167235,2020,Slight,Female,21 - 25,Urban area,More deprived 30-40%,2,1,Single carriageway,30,T or staggered junction,Daylight,Fine no high winds,Dry,None,Non-trunk,18,0,0,0,1,4,2020-01-15,13:00:00,Wednesday,Manchester,E08000003,Urban,53.457825,-2.226856,E01005244
06E167991,2020,Slight,Male,46 - 55,Urban area,Less deprived 40-50%,2,1,Single carriageway,30,T or staggered junction,Darkness - lights lit,Fine no high winds,Wet or damp,None,Non-trunk,18,0,0,0,1,2,2020-01-17,17:15:00,Friday,Manchester,E08000003,Urban,53.470497,-2.262899,E01033660
06E168332,2020,Slight,Male,26 - 35,Urban area,More deprived 20-30%,2,1,Single carriageway,30,Not at junction or within 20 metres,Daylight,Fine no high winds,Dry,None,Non-trunk,18,0,0,0,1,4,2020-02-07,15:15:00,Friday,Manchester,E08000003,Urban,53.45556,-2.235955,E01005242
06E168412,2020,Slight,Male,26 - 35,Urban area,Less deprived 20-30%,2,1,Single carriageway,30,Crossroads,Darkness - lighting unknown,Fine no high winds,Dry,None,Non-trunk,18,0,0,0,1,6,2020-02-04,17:45:00,Tuesday,Manchester,E08000003,Urban,53.465753,-2.257778,E01005214
06E168637,2020,Slight,Male,56 - 65,Urban area,More deprived 10-20%,2,1,Single carriageway,30,T or staggered junction,Daylight,Fine no high winds,Dry,None,Non-trunk,18,4,0,0,4,2,2020-02-13,10:35:00,Thursday,Manchester,E08000003,Urban,53.469177,-2.240716,E01005212
06E168989,2020,Slight,Female,36 - 45,Urban area,More deprived 30-40%,2,1,Single carriageway,30,Crossroads,Daylight,Fine no high winds,Wet or damp,None,Non-trunk,18,0,0,0,3,6,2020-02-11,10:45:00,Tuesday,Manchester,E08000003,Urban,53.460029,-2.248617,E01005208
06E169137,2020,Slight,Male,26 - 35,Urban area,More deprived 30-40%,2,1,Single carriageway,30,Crossroads,Darkness - lights lit,Raining no high winds,Wet or damp,None,Non-trunk,18,4,0,0,1,2,2020-02-26,22:40:00,Wednesday,Manchester,E08000003,Urban,53.455547,-2.214435,E01005231
06E170463,2020,Slight,Male,26 - 35,Urban area,Most deprived 10%,2,1,Single carriageway,30,Not at junction or within 20 metres,Daylight,Fine no high winds,Dry,None,Non-trunk,18,0,0,2,1,6,2020-04-03,07:55:00,Friday,Manchester,E08000003,Urban,53.454728,-2.224852,E01005288
06E171009,2020,Slight,Male,21 - 25,Urban area,Less deprived 20-30%,2,1,Single carriageway,30,T or staggered junction,Daylight,Fine no high winds,Dry,None,Non-trunk,18,0,0,0,3,2,2020-04-23,17:40:00,Thursday,Manchester,E08000003,Urban,53.456281,-2.225719,E01005288
06E172323,2020,Slight,Male,26 - 35,Urban area,Less deprived 20-30%,2,1,Single carriageway,30,Crossroads,Daylight,Fine no high winds,Dry,None,Non-trunk,18,0,0,0,3,1,2020-06-25,16:37:00,Thursday,Manchester,E08000003,Urban,53.453305,-2.195495,E01005234
06E173426,2020,Slight,Male,6 - 10,Urban area,More deprived 10-20%,2,1,One way street,30,Not at junction or within 20 metres,Daylight,Fine no high winds,Dry,None,Non-trunk,18,0,0,0,1,6,2020-07-22,19:58:00,Wednesday,Manchester,E08000003,Urban,53.456026,-2.191502,E01005233
06E173922,2020,Slight,Male,26 - 35,Urban area,Most deprived 10%,2,1,Single carriageway,30,T or staggered junction,Darkness - lighting unknown,Fine + high winds,Dry,None,Non-trunk,18,0,0,0,1,6,2020-08-12,22:35:00,Wednesday,Manchester,E08000003,Urban,53.452676,-2.226377,E01005285
06E175735,2020,Slight,Male,36 - 45,Urban area,More deprived 20-30%,2,1,Single carriageway,30,T or staggered junction,Darkness - lights lit,Fine no high winds,Dry,None,Non-trunk,18,0,0,0,1,6,2020-10-04,20:10:00,Sunday,Manchester,E08000003,Urban,53.453206,-2.195525,E01005234
06E176387,2020,Slight,Male,16 - 20,Urban area,More deprived 10-20%,2,1,Single carriageway,30,Crossroads,Darkness - lights lit,Fine no high winds,Wet or damp,None,Non-trunk,18,0,0,0,2,1,2020-10-17,06:28:00,Saturday,Manchester,E08000003,Urban,53.456507,-2.200028,E01005232
06E176721,2020,Slight,Male,26 - 35,Urban area,More deprived 20-30%,2,1,Roundabout,30,Roundabout,Daylight,Fine no high winds,Dry,None,Non-trunk,18,0,0,0,2,6,2020-10-11,13:50:00,Sunday,Manchester,E08000003,Urban,53.4703,-2.241355,E01005212
06E177635,2020,Serious,Male,36 - 45,Urban area,More deprived 10-20%,2,1,Single carriageway,30,Crossroads,Darkness - lights lit,Fine + high winds,Dry,None,Non-trunk,18,0,0,0,1,6,2020-11-05,17:26:00,Thursday,Manchester,E08000003,Urban,53.467263,-2.249517,E01005208
06E178405,2020,Slight,Male,26 - 35,Urban area,Most deprived 10%,2,1,Single carriageway,30,Crossroads,Darkness - lights lit,Fine + high winds,Dry,None,Non-trunk,18,0,0,0,1,6,2020-11-12,17:00:00,Thursday,Manchester,E08000003,Urban,53.452724,-2.234027,E01005242
06E267993,2020,Slight,Male,26 - 35,Urban area,Less deprived 40-50%,2,1,Single carriageway,30,Crossroads,Daylight,Fine no high winds,Dry,None,Non-trunk,18,0,0,0,3,1,2020-01-31,07:55:00,Friday,Manchester,E08000003,Urban,53.441674,-2.257513,E01005181
06E268019,2020,Slight,Male,26 - 35,Urban area,Less deprived 30-40%,2,1,Single carriageway,30,Crossroads,Daylight,Fine no high winds,Dry,None,Non-trunk,18,0,0,0,4,2,2020-01-29,07:45:00,Wednesday,Manchester,E08000003,Urban,53.433605,-2.214596,E01005311
06E268134,2020,Slight,Male,56 - 65,Urban area,Least deprived 10%,2,1,Single carriageway,30,T or staggered junction,Darkness - lighting unknown,Raining no high winds,Dry,None,Non-trunk,18,0,0,0,3,6,2020-01-28,07:45:00,Tuesday,Manchester,E08000003,Urban,53.439189,-2.186955,E01005216
06E269337,2020,Slight,Male,21 - 25,Urban area,Less deprived 30-40%,2,1,Dual carriageway,40,More than 4 arms (not roundabout),Darkness - lights lit,Raining + high winds,Wet or damp,None,Non-trunk,9,0,0,0,4,6,2020-02-18,18:26:00,Tuesday,Manchester,E08000003,Urban,53.420871,-2.213463,E01005126
06E269878,2020,Slight,Male,36 - 45,Urban area,Less deprived 20-30%,2,1,Single carriageway,30,T or staggered junction,Daylight,Raining no high winds,Wet or damp,None,Non-trunk,18,4,0,0,1,2,2020-03-03,08:30:00,Tuesday,Manchester,E08000003,Urban,53.438861,-2.22096,E01005309
06E270452,2020,Slight,Male,36 - 45,Urban area,More deprived 20-30%,2,1,Single carriageway,30,Not at junction or within 20 metres,Daylight,Fine no high winds,Wet or damp,None,Non-trunk,18,0,0,0,4,6,2020-03-03,16:15:00,Tuesday,Manchester,E08000003,Urban,53.441643,-2.218641,E01005185
06E271584,2020,Slight,Male,26 - 35,Urban area,More deprived 20-30%,2,1,Single carriageway,20,Crossroads,Daylight,Fine no high winds,Dry,None,Non-trunk,4,0,0,0,1,6,2020-05-30,19:53:00,Saturday,Manchester,E08000003,Urban,53.445385,-2.231533,E01005180
06E271734,2020,Serious,Male,16 - 20,Urban area,Less deprived 30-40%,2,1,Single carriageway,30,T or staggered junction,Darkness - lights lit,Fine no high winds,Dry,None,Non-trunk,18,0,0,0,1,6,2020-06-02,22:20:00,Tuesday,Manchester,E08000003,Urban,53.447011,-2.191326,E01005194
06E271887,2020,Slight,Male,26 - 35,Urban area,More deprived 20-30%,2,1,Single carriageway,30,Not at junction or within 20 metres,Daylight,Fine no high winds,Dry,None,Non-trunk,18,0,0,0,3,6,2020-05-25,19:15:00,Monday,Manchester,E08000003,Urban,53.439889,-2.251495,E01005279
06E272190,2020,Slight,Male,26 - 35,Urban area,Most deprived 10%,2,1,Single carriageway,30,Crossroads,Darkness - lights lit,Fine no high winds,Dry,None,Non-trunk,4,0,0,0,2,1,2020-05-25,22:20:00,Monday,Manchester,E08000003,Urban,53.420604,-2.211566,E01005124
06E273014,2020,Slight,Male,6 - 10,Urban area,More deprived 10-20%,2,1,Single carriageway,20,T or staggered junction,Daylight,Fine no high winds,Dry,None,Non-trunk,18,0,0,0,3,6,2020-07-13,17:49:00,Monday,Manchester,E08000003,Urban,53.441983,-2.193802,E01005216
06E273752,2020,Slight,Male,21 - 25,Urban area,Most deprived 10%,2,1,Single carriageway,30,Private drive or entrance,Daylight,Fine no high winds,Dry,None,Non-trunk,18,0,0,0,1,6,2020-08-03,15:55:00,Monday,Manchester,E08000003,Urban,53.440473,-2.219643,E01005271
06E274478,2020,Slight,Male,26 - 35,Urban area,Most deprived 10%,2,1,Single carriageway,30,Private drive or entrance,Daylight,Raining + high winds,Wet or damp,None,Non-trunk,18,0,0,0,3,2,2020-08-25,18:40:00,Tuesday,Manchester,E08000003,Urban,53.46322,-2.210829,E01005063
06E275026,2020,Slight,Male,11 - 15,Urban area,More deprived 10-20%,2,1,Single carriageway,30,More than 4 arms (not roundabout),Daylight,Fine no high winds,Dry,None,Non-trunk,18,4,0,0,3,2,2020-09-15,16:55:00,Tuesday,Manchester,E08000003,Urban,53.441409,-2.21879,E01005185
06E275285,2020,Slight,Male,26 - 35,Urban area,Most deprived 10%,2,1,Single carriageway,30,T or staggered junction,Daylight,Fine no high winds,Dry,None,Non-trunk,18,0,0,0,1,6,2020-09-21,08:22:00,Monday,Manchester,E08000003,Urban,53.434002,-2.228265,E01005304
06E275689,2020,Slight,Male,21 - 25,Urban area,Most deprived 10%,2,1,Single carriageway,30,Crossroads,Daylight,Fine no high winds,Dry,None,Non-trunk,18,0,0,0,4,6,2020-09-17,14:19:00,Thursday,Manchester,E08000003,Urban,53.467975,-2.239639,E01005210
06E275754,2020,Slight,Male,16 - 20,Urban area,More deprived 30-40%,2,1,Single carriageway,30,Not at junction or within 20 metres,Daylight,Raining no high winds,Wet or damp,None,Non-trunk,18,0,0,0,2,6,2020-10-05,16:15:00,Monday,Manchester,E08000003,Urban,53.442051,-2.257455,E01005300
06E276748,2020,Slight,Male,46 - 55,Urban area,More deprived 30-40%,2,1,Single carriageway,30,Crossroads,Daylight,Raining no high winds,Wet or damp,None,Non-trunk,18,0,0,0,1,1,2020-10-26,12:33:00,Monday,Manchester,E08000003,Urban,53.441848,-2.251582,E01005181
06E277118,2020,Slight,Female,21 - 25,Urban area,More deprived 30-40%,2,1,Single carriageway,30,T or staggered junction,Daylight,Fine no high winds,Wet or damp,None,Non-trunk,18,4,0,0,3,6,2020-11-11,07:50:00,Wednesday,Manchester,E08000003,Urban,53.438996,-2.220961,E01005271
06E277121,2020,Slight,Male,21 - 25,Urban area,More deprived 30-40%,2,1,Dual carriageway,30,Not at junction or within 20 metres,Daylight,Fine no high winds,Dry,None,Non-trunk,18,4,0,0,2,6,2020-11-12,14:48:00,Thursday,Manchester,E08000003,Urban,53.444781,-2.218085,E01005185
06E277790,2020,Fatal,Male,26 - 35,Urban area,Most deprived 10%,2,1,Dual carriageway,40,Crossroads,Darkness - lights lit,Fine no high winds,Dry,None,Non-trunk,18,0,0,0,3,6,2020-11-28,00:25:00,Saturday,Manchester,E08000003,Urban,53.420898,-2.213343,E01005125
06E278708,2020,Serious,Female,16 - 20,Urban area,More deprived 30-40%,2,1,Single carriageway,30,T or staggered junction,Darkness - lights lit,Fine no high winds,Dry,None,Non-trunk,5,0,0,0,1,6,2020-12-28,16:27:00,Monday,Manchester,E08000003,Urban,53.457637,-2.226675,E01005244
06E278777,2020,Slight,Male,26 - 35,Urban area,More deprived 30-40%,2,1,Single carriageway,30,Not at junction or within 20 metres,Darkness - lighting unknown,Snowing no high winds,Snow,None,Non-trunk,18,4,0,0,1,1,2020-12-31,06:30:00,Thursday,Manchester,E08000003,Urban,53.43049,-2.231573,E01005276
06E369048,2020,Slight,Male,36 - 45,Urban area,More deprived 30-40%,2,1,Single carriageway,30,Crossroads,Daylight,Fine no high winds,Dry,None,Non-trunk,18,4,0,0,3,6,2020-02-13,07:45:00,Thursday,Manchester,E08000003,Urban,53.442615,-2.270933,E01005301
06E369077,2020,Serious,Male,56 - 65,Urban area,More deprived 20-30%,2,1,Single carriageway,30,Not at junction or within 20 metres,Daylight,Fine no high winds,Wet or damp,None,Non-trunk,18,0,0,0,3,6,2020-02-18,10:20:00,Tuesday,Manchester,E08000003,Urban,53.417362,-2.21981,E01005126
06E369819,2020,Slight,Female,26 - 35,Urban area,Less deprived 20-30%,2,1,Single carriageway,30,Not at junction or within 20 metres,Darkness - lights lit,Fine no high winds,Dry,None,Non-trunk,18,0,0,0,2,6,2020-03-10,18:30:00,Tuesday,Manchester,E08000003,Urban,53.447896,-2.276823,E01005159
06E371131,2020,Serious,Male,26 - 35,Data missing or out of range,Data missing or out of range,2,1,Dual carriageway,40,Not at junction or within 20 metres,Darkness - lights lit,Fine no high winds,Dry,None,Non-trunk,18,1,0,0,1,6,2020-05-11,23:00:00,Monday,Manchester,E08000003,Urban,53.442089,-2.215662,E01005185
06E371615,2020,Slight,Female,26 - 35,Urban area,More deprived 30-40%,2,1,Single carriageway,30,Not at junction or within 20 metres,Daylight,Fine no high winds,Dry,None,Non-trunk,18,0,0,0,3,6,2020-05-29,16:32:00,Friday,Manchester,E08000003,Urban,53.41021,-2.228078,E01005169
06E371669,2020,Serious,Male,36 - 45,Urban area,Less deprived 30-40%,2,1,Single carriageway,30,T or staggered junction,Daylight,Fine no high winds,Dry,None,Non-trunk,18,0,10,0,1,6,2020-05-27,19:00:00,Wednesday,Manchester,E08000003,Urban,53.442486,-2.27593,E01005150
06E373826,2020,Slight,Male,26 - 35,Urban area,Less deprived 40-50%,2,1,Single carriageway,40,T or staggered junction,Daylight,Fine no high winds,Dry,None,Non-trunk,7,0,0,0,1,2,2020-08-08,08:56:00,Saturday,Manchester,E08000003,Urban,53.4092,-2.220385,E01005171
06E375815,2020,Slight,Male,26 - 35,Urban area,More deprived 40-50%,2,1,Dual carriageway,30,T or staggered junction,Daylight,Fine no high winds,Dry,None,Non-trunk,18,0,0,0,1,6,2020-10-06,10:47:00,Tuesday,Manchester,E08000003,Urban,53.416135,-2.231871,E01005176
06E377060,2020,Serious,Male,36 - 45,Urban area,Less deprived 10-20%,2,1,Single carriageway,30,T or staggered junction,Darkness - lights lit,Raining no high winds,Wet or damp,None,Non-trunk,18,0,0,0,3,2,2020-10-22,20:05:00,Thursday,Manchester,E08000003,Urban,53.380864,-2.274373,E01005319
06E377546,2020,Slight,Male,26 - 35,Urban area,Less deprived 20-30%,2,1,Single carriageway,30,Not at junction or within 20 metres,Darkness - lights lit,Raining no high winds,Wet or damp,None,Non-trunk,18,0,0,0,2,1,2020-11-25,07:40:00,Wednesday,Manchester,E08000003,Urban,53.420888,-2.241632,E01005172
06E377588,2020,Slight,Male,46 - 55,Urban area,More deprived 40-50%,2,1,Single carriageway,30,T or staggered junction,Darkness - lights lit,Fine no high winds,Dry,None,Non-trunk,18,0,0,0,2,2,2020-11-27,07:35:00,Friday,Manchester,E08000003,Rural,53.415672,-2.247305,E01005078
06E378415,2020,Slight,Male,26 - 35,Urban area,Less deprived 40-50%,2,1,Single carriageway,20,Crossroads,Darkness - lights lit,Fine no high winds,Dry,None,Non-trunk,18,0,0,0,1,6,2020-11-25,17:40:00,Wednesday,Manchester,E08000003,Urban,53.445379,-2.280375,E01005150
06E378512,2020,Slight,Male,46 - 55,Urban area,More deprived 10-20%,2,1,Single carriageway,30,Crossroads,Daylight,Fine no high winds,Dry,None,Non-trunk,18,0,10,0,4,6,2020-12-23,16:35:00,Wednesday,Manchester,E08000003,Urban,53.442331,-2.277103,E01005150
06E468329,2020,Serious,Male,36 - 45,Data missing or out of range,Data missing or out of range,2,1,Single carriageway,30,T or staggered junction,Darkness - lighting unknown,Fine no high winds,Dry,None,Non-trunk,18,0,0,0,3,2,2020-02-07,19:01:00,Friday,Manchester,E08000003,Urban,53.371852,-2.244044,E01005294
06E471357,2020,Slight,Male,56 - 65,Data missing or out of range,Data missing or out of range,2,1,Single carriageway,30,T or staggered junction,Daylight,Fine no high winds,Dry,None,Non-trunk,18,0,0,0,1,6,2020-05-08,14:57:00,Friday,Manchester,E08000003,Urban,53.392939,-2.256753,E01005086
06E471387,2020,Slight,Male,21 - 25,Urban area,Most deprived 10%,2,1,Single carriageway,30,T or staggered junction,Darkness - lights lit,Fine no high winds,Dry,None,Non-trunk,9,0,0,0,1,6,2020-05-17,00:45:00,Sunday,Manchester,E08000003,Urban,53.390289,-2.256135,E01005295
06E474034,2020,Slight,Female,6 - 10,Data missing or out of range,Data missing or out of range,2,1,Single carriageway,30,T or staggered junction,Daylight,Fine no high winds,Dry,None,Non-trunk,5,0,0,0,1,6,2020-08-07,13:10:00,Friday,Manchester,E08000003,Urban,53.407999,-2.300919,E01005116
06E478407,2020,Slight,Female,46 - 55,Urban area,More deprived 10-20%,2,1,Single carriageway,30,Crossroads,Daylight,Fine no high winds,Wet or damp,None,Non-trunk,18,0,0,0,3,6,2020-11-14,14:45:00,Saturday,Manchester,E08000003,Urban,53.38967,-2.271874,E01005088
06F168172,2020,Slight,Male,11 - 15,Urban area,More deprived 10-20%,2,1,Single carriageway,30,Not at junction or within 20 metres,Daylight,Fine no high winds,Dry,None,Non-trunk,18,0,0,0,1,6,2020-01-31,16:00:00,Friday,Salford,E08000006,Urban,53.520405,-2.397788,E01005712
06F168712,2020,Slight,Male,26 - 35,Urban area,Less deprived 10-20%,2,1,Roundabout,30,Roundabout,Daylight,Fine no high winds,Dry,None,Non-trunk,18,0,0,0,4,6,2020-03-31,12:55:00,Tuesday,Salford,E08000006,Rural,53.502105,-2.386837,E01005738
06F171248,2020,Slight,Female,21 - 25,Urban area,More deprived 20-30%,2,1,Single carriageway,30,Crossroads,Daylight,Fine no high winds,Dry,None,Non-trunk,18,0,0,0,3,6,2020-05-13,09:30:00,Wednesday,Salford,E08000006,Urban,53.47646,-2.369805,E01005605
06F171288,2020,Slight,Male,11 - 15,Urban area,Most deprived 10%,2,1,Single carriageway,30,Not at junction or within 20 metres,Daylight,Fine no high winds,Dry,None,Non-trunk,7,0,0,0,3,6,2020-05-14,16:40:00,Thursday,Salford,E08000006,Urban,53.528234,-2.426674,E01005661
06F171680,2020,Serious,Male,26 - 35,Urban area,More deprived 40-50%,2,1,Single carriageway,30,T or staggered junction,Daylight,Fine no high winds,Dry,None,Non-trunk,7,0,0,0,1,6,2020-06-01,18:35:00,Monday,Salford,E08000006,Urban,53.509049,-2.344002,E01005690
06F171823,2020,Serious,Female,26 - 35,Urban area,Less deprived 20-30%,4,2,Single carriageway,30,Crossroads,Daylight,Fine no high winds,Dry,None,Non-trunk,18,0,0,0,1,6,2020-05-07,17:48:00,Thursday,Salford,E08000006,Urban,53.506214,-2.354503,E01005697
06F171859,2020,Slight,Male,66 - 75,Urban area,More deprived 40-50%,2,1,Single carriageway,30,Roundabout,Daylight,Fine no high winds,Dry,None,Non-trunk,18,0,0,0,1,6,2020-06-07,16:00:00,Sunday,Salford,E08000006,Urban,53.492018,-2.355696,E01005637
06F172483,2020,Slight,Male,46 - 55,Urban area,Less deprived 40-50%,2,1,Single carriageway,50,Crossroads,Daylight,Fine no high winds,Dry,None,Non-trunk,18,0,0,0,3,6,2020-07-01,14:20:00,Wednesday,Salford,E08000006,Rural,53.457618,-2.401162,E01005640
06F172906,2020,Slight,Male,26 - 35,Urban area,Least deprived 10%,2,1,Single carriageway,30,More than 4 arms (not roundabout),Daylight,Fine no high winds,Dry,None,Non-trunk,18,0,0,0,4,2,2020-07-14,06:50:00,Tuesday,Salford,E08000006,Urban,53.523783,-2.398302,E01005708
06F173168,2020,Slight,Male,16 - 20,Urban area,More deprived 20-30%,2,1,Single carriageway,30,T or staggered junction,Daylight,Fine no high winds,Dry,None,Non-trunk,18,0,0,0,2,6,2020-07-13,18:20:00,Monday,Salford,E08000006,Urban,53.515099,-2.337522,E01005686
06F173192,2020,Slight,Male,16 - 20,Urban area,Most deprived 10%,3,1,Single carriageway,30,More than 4 arms (not roundabout),Daylight,Fine no high winds,Dry,None,Non-trunk,5,0,0,0,2,6,2020-07-09,17:50:00,Thursday,Salford,E08000006,Urban,53.530755,-2.422777,E01005704
06F173942,2020,Slight,Male,56 - 65,Data missing or out of range,Data missing or out of range,2,1,Dual carriageway,30,T or staggered junction,Daylight,Fine no high winds,Dry,None,Non-trunk,18,0,0,0,1,6,2020-08-15,11:41:00,Saturday,Salford,E08000006,Urban,53.525959,-2.336763,E01005677
06F174049,2020,Slight,Male,26 - 35,Urban area,More deprived 30-40%,2,1,Single carriageway,30,T or staggered junction,Daylight,Fine no high winds,Dry,None,Non-trunk,18,0,0,0,3,6,2020-08-08,16:25:00,Saturday,Salford,E08000006,Urban,53.524872,-2.403215,E01005708
06F174294,2020,Serious,Male,16 - 20,Urban area,More deprived 10-20%,2,1,Single carriageway,30,T or staggered junction,Darkness - lights lit,Raining no high winds,Wet or damp,None,Non-trunk,9,0,0,10,1,6,2020-08-27,21:16:00,Thursday,Salford,E08000006,Urban,53.428186,-2.442934,E01005616
06F175024,2020,Slight,Male,46 - 55,Urban area,Less deprived 20-30%,2,1,Single carriageway,30,T or staggered junction,Daylight,Fine no high winds,Dry,None,Non-trunk,18,0,0,0,3,6,2020-09-14,18:53:00,Monday,Salford,E08000006,Urban,53.524854,-2.403214,E01005708
06F175201,2020,Slight,Female,36 - 45,Urban area,More deprived 20-30%,2,1,Single carriageway,30,Crossroads,Daylight,Other,Dry,None,Non-trunk,18,0,0,0,4,6,2020-09-23,09:46:00,Wednesday,Salford,E08000006,Urban,53.421496,-2.44604,E01005619
06F175218,2020,Serious,Male,16 - 20,Data missing or out of range,Data missing or out of range,2,1,Single carriageway,50,T or staggered junction,Daylight,Fine no high winds,Dry,None,Non-trunk,18,0,0,0,3,6,2020-09-21,08:12:00,Monday,Salford,E08000006,Rural,53.436432,-2.416948,E01005618
06F175308,2020,Slight,Male,36 - 45,Urban area,More deprived 10-20%,2,1,One way street,30,T or staggered junction,Daylight,Fine no high winds,Dry,None,Non-trunk,18,0,0,0,1,6,2020-09-22,14:15:00,Tuesday,Salford,E08000006,Urban,53.482183,-2.356006,E01005638
06F175372,2020,Slight,Male,11 - 15,Urban area,More deprived 20-30%,2,1,Single carriageway,30,T or staggered junction,Daylight,Fine no high winds,Dry,None,Non-trunk,18,0,0,0,1,6,2020-09-20,15:32:00,Sunday,Salford,E08000006,Urban,53.481921,-2.356546,E01005603
06F175633,2020,Serious,Male,56 - 65,Urban area,More deprived 30-40%,2,1,Single carriageway,30,T or staggered junction,Daylight,Other,Dry,None,Non-trunk,18,0,0,0,1,6,2020-09-27,13:22:00,Sunday,Salford,E08000006,Urban,53.517456,-2.330452,E01005670
06F176349,2020,Serious,Male,16 - 20,Urban area,Most deprived 10%,2,1,Single carriageway,30,T or staggered junction,Darkness - lights lit,Fine no high winds,Dry,None,Non-trunk,4,0,0,0,1,6,2020-10-16,22:18:00,Friday,Salford,E08000006,Urban,53.49652,-2.266028,E01005611
06F176403,2020,Slight,Male,26 - 35,Data missing or out of range,Data missing or out of range,2,1,Single carriageway,30,Crossroads,Darkness - lighting unknown,Fine no high winds,Dry,None,Non-trunk,5,0,0,0,2,2,2020-10-08,17:45:00,Thursday,Salford,E08000006,Urban,53.511305,-2.334596,E01005672
06F176772,2020,Slight,Male,11 - 15,Urban area,Most deprived 10%,2,1,Single carriageway,30,Crossroads,Daylight,Fine no high winds,Dry,None,Non-trunk,18,0,0,0,1,4,2020-10-23,16:00:00,Friday,Salford,E08000006,Urban,53.504824,-2.34424,E01005696
06F178016,2020,Slight,Male,26 - 35,Urban area,More deprived 30-40%,2,1,Single carriageway,30,Private drive or entrance,Darkness - lights lit,Fine no high winds,Dry,None,Non-trunk,18,0,0,0,1,6,2020-12-08,16:05:00,Tuesday,Salford,E08000006,Urban,53.481169,-2.358393,E01005603
06F178188,2020,Serious,Male,46 - 55,Urban area,Most deprived 10%,2,1,Single carriageway,30,Not at junction or within 20 metres,Darkness - lights lit,Raining no high winds,Wet or damp,None,Non-trunk,18,0,0,0,1,6,2020-12-04,17:35:00,Friday,Salford,E08000006,Urban,53.480526,-2.360061,E01005603
06F178608,2020,Slight,Female,46 - 55,Urban area,Most deprived 10%,2,1,Single carriageway,30,Not at junction or within 20 metres,Darkness - lights lit,Fine no high winds,Dry,None,Non-trunk,18,0,0,0,3,6,2020-12-12,20:00:00,Saturday,Salford,E08000006,Urban,53.483325,-2.346914,E01005638
06F268190,2020,Slight,Male,21 - 25,Urban area,Most deprived 10%,2,1,Single carriageway,30,Crossroads,Darkness - lights lit,Fine no high winds,Dry,None,Non-trunk,9,0,0,0,4,6,2020-01-28,22:00:00,Tuesday,Salford,E08000006,Urban,53.483475,-2.255112,E01032687
06F268510,2020,Slight,Male,46 - 55,Urban area,More deprived 20-30%,2,1,Single carriageway,30,T or staggered junction,Daylight,Fine no high winds,Dry,None,Non-trunk,5,4,0,0,3,2,2020-01-30,08:39:00,Thursday,Salford,E08000006,Urban,53.48556,-2.250648,E01032909
06F268660,2020,Slight,Female,26 - 35,Data missing or out of range,Data missing or out of range,2,1,Single carriageway,30,Crossroads,Darkness - lights lit,Raining + high winds,Wet or damp,None,Non-trunk,18,0,0,0,1,6,2020-02-11,18:30:00,Tuesday,Salford,E08000006,Urban,53.507881,-2.282188,E01005652
06F269719,2020,Slight,Male,26 - 35,Urban area,Least deprived 10%,2,1,Single carriageway,30,Crossroads,Daylight,Raining no high winds,Wet or damp,None,Non-trunk,9,0,0,0,2,2,2020-03-09,18:10:00,Monday,Salford,E08000006,Urban,53.493371,-2.259361,E01033330
06F269751,2020,Serious,Male,36 - 45,Urban area,More deprived 40-50%,2,1,Single carriageway,30,Crossroads,Daylight,Fine no high winds,Dry,None,Non-trunk,18,0,0,0,1,2,2020-03-09,09:30:00,Monday,Salford,E08000006,Urban,53.483538,-2.255157,E01032687
06F270988,2020,Slight,Male,36 - 45,Urban area,More deprived 40-50%,2,1,Single carriageway,30,T or staggered junction,Daylight,Fine no high winds,Dry,None,Non-trunk,18,0,0,0,1,6,2020-05-06,18:40:00,Wednesday,Salford,E08000006,Urban,53.483645,-2.291055,E01005654
06F271075,2020,Slight,Male,26 - 35,Urban area,Most deprived 10%,2,1,Single carriageway,30,T or staggered junction,Daylight,Fine no high winds,Dry,None,Non-trunk,18,4,0,0,1,6,2020-05-02,13:38:00,Saturday,Salford,E08000006,Urban,53.493299,-2.259346,E01033330
06F271876,2020,Slight,Male,26 - 35,Urban area,More deprived 20-30%,2,1,Single carriageway,30,Crossroads,Daylight,Fine no high winds,Dry,None,Non-trunk,18,0,0,0,1,6,2020-06-08,17:50:00,Monday,Salford,E08000006,Urban,53.514976,-2.269024,E01005647
06F271985,2020,Serious,Male,26 - 35,Urban area,More deprived 10-20%,2,1,Dual carriageway,30,T or staggered junction,Daylight,Fine no high winds,Dry,None,Non-trunk,18,0,0,0,4,2,2020-06-07,18:50:00,Sunday,Salford,E08000006,Urban,53.478502,-2.260582,E01032906
06F272099,2020,Slight,Male,16 - 20,Urban area,More deprived 20-30%,2,1,Roundabout,30,Roundabout,Daylight,Fine no high winds,Wet or damp,None,Non-trunk,18,0,0,0,4,6,2020-06-19,19:40:00,Friday,Salford,E08000006,Urban,53.497126,-2.276419,E01032919
06F272194,2020,Slight,Female,26 - 35,Urban area,Less deprived 30-40%,2,1,Single carriageway,30,Not at junction or within 20 metres,Daylight,Fine no high winds,Wet or damp,None,Non-trunk,14,0,8,0,1,2,2020-05-04,10:55:00,Monday,Salford,E08000006,Urban,53.500648,-2.317176,E01005626
06F272220,2020,Serious,Male,16 - 20,Data missing or out of range,Data missing or out of range,2,1,Single carriageway,30,T or staggered junction,Daylight,Fine no high winds,Dry,None,Non-trunk,18,0,0,0,2,6,2020-04-12,13:36:00,Sunday,Salford,E08000006,Urban,53.493485,-2.272672,E01032919
06F272777,2020,Slight,Male,26 - 35,Urban area,More deprived 10-20%,2,1,Single carriageway,30,Not at junction or within 20 metres,Daylight,Raining no high winds,Wet or damp,None,Non-trunk,18,0,0,0,4,6,2020-07-04,19:29:00,Saturday,Salford,E08000006,Urban,53.483895,-2.31993,E01005720
06F272952,2020,Slight,Male,16 - 20,Urban area,More deprived 20-30%,2,1,Single carriageway,30,Crossroads,Darkness - lights lit,Raining no high winds,Wet or damp,None,Non-trunk,18,0,0,0,3,6,2020-06-16,21:20:00,Tuesday,Salford,E08000006,Urban,53.510373,-2.252846,E01005651
06F273453,2020,Serious,Male,21 - 25,Urban area,More deprived 30-40%,3,1,Single carriageway,30,Not at junction or within 20 metres,Daylight,Raining no high winds,Wet or damp,None,Non-trunk,18,9,0,0,2,6,2020-07-03,11:35:00,Friday,Salford,E08000006,Urban,53.50248,-2.303908,E01005624
06F273914,2020,Slight,Male,16 - 20,Urban area,Most deprived 10%,2,1,Single carriageway,20,T or staggered junction,Daylight,Fine no high winds,Dry,None,Non-trunk,18,0,0,0,3,6,2020-08-12,12:14:00,Wednesday,Salford,E08000006,Urban,53.476066,-2.276689,E01005667
06F274032,2020,Slight,Male,11 - 15,Urban area,Most deprived 10%,2,1,Roundabout,30,Roundabout,Daylight,Fine no high winds,Dry,None,Non-trunk,18,0,0,0,1,6,2020-08-15,08:55:00,Saturday,Salford,E08000006,Urban,53.497269,-2.276827,E01032919
06F274973,2020,Slight,Male,36 - 45,Urban area,More deprived 10-20%,2,1,Single carriageway,30,T or staggered junction,Daylight,Fine no high winds,Dry,None,Non-trunk,18,0,0,0,4,6,2020-09-08,09:30:00,Tuesday,Salford,E08000006,Urban,53.518039,-2.257597,E01005649
06F275352,2020,Slight,Male,36 - 45,Urban area,Least deprived 10%,2,1,Single carriageway,30,More than 4 arms (not roundabout),Daylight,Fine no high winds,Dry,None,Non-trunk,18,0,0,0,1,2,2020-09-21,18:00:00,Monday,Salford,E08000006,Urban,53.484717,-2.308016,E01005720
06F276049,2020,Slight,Female,26 - 35,Urban area,More deprived 20-30%,2,1,Single carriageway,30,T or staggered junction,Daylight,Fine no high winds,Dry,None,Non-trunk,18,0,0,0,1,2,2020-10-05,10:30:00,Monday,Salford,E08000006,Urban,53.488747,-2.257087,E01033330
06F276246,2020,Slight,Male,26 - 35,Urban area,More deprived 40-50%,2,1,Dual carriageway,20,T or staggered junction,Darkness - lights lit,Fine no high winds,Dry,None,Non-trunk,18,0,0,0,1,6,2020-10-15,18:40:00,Thursday,Salford,E08000006,Urban,53.483113,-2.268612,E01032907
06F276518,2020,Slight,Male,26 - 35,Urban area,Most deprived 10%,2,1,Single carriageway,30,Crossroads,Darkness - lights lit,Fine no high winds,Wet or damp,None,Non-trunk,18,0,0,0,1,6,2020-10-20,19:40:00,Tuesday,Salford,E08000006,Urban,53.49969,-2.26736,E01005611
06F277486,2020,Slight,Male,46 - 55,Urban area,Less deprived 40-50%,2,1,Single carriageway,30,T or staggered junction,Darkness - lights lit,Raining no high winds,Wet or damp,None,Non-trunk,18,0,0,0,1,1,2020-11-17,06:39:00,Tuesday,Salford,E08000006,Urban,53.494202,-2.320987,E01005630
06F278499,2020,Slight,Male,26 - 35,Urban area,Most deprived 10%,2,1,Single carriageway,30,Not at junction or within 20 metres,Daylight,Fine no high winds,Dry,None,Non-trunk,18,0,0,0,1,6,2020-12-22,15:02:00,Tuesday,Salford,E08000006,Urban,53.492326,-2.284512,E01005681
06F369391,2020,Slight,Female,46 - 55,Urban area,Less deprived 20-30%,2,1,Single carriageway,30,Not at junction or within 20 metres,Daylight,Raining no high winds,Wet or damp,Roadworks,Non-trunk,15,0,0,0,4,6,2020-03-03,13:18:00,Tuesday,Salford,E08000006,Urban,53.473919,-2.291516,E01032685
06G167696,2020,Slight,Male,36 - 45,Urban area,More deprived 40-50%,2,1,Single carriageway,30,Crossroads,Daylight,Fine no high winds,Wet or damp,None,Non-trunk,18,0,0,0,4,6,2020-01-21,07:47:00,Tuesday,Tameside,E08000008,Urban,53.46875,-2.087122,E01006008
06G170198,2020,Slight,Male,11 - 15,Urban area,Most deprived 10%,2,1,Single carriageway,20,T or staggered junction,Daylight,Raining no high winds,Wet or damp,None,Non-trunk,9,0,0,0,3,4,2020-03-18,07:47:00,Wednesday,Tameside,E08000008,Urban,53.5025,-2.089873,E01005934
06G170763,2020,Slight,Male,11 - 15,Urban area,More deprived 10-20%,2,1,Single carriageway,30,Private drive or entrance,Daylight,Fine no high winds,Dry,None,Non-trunk,18,9,0,0,1,6,2020-04-11,18:14:00,Saturday,Tameside,E08000008,Urban,53.500225,-2.078366,E01005946
06G171378,2020,Slight,Male,36 - 45,Rural,Less deprived 10-20%,2,1,Single carriageway,30,T or staggered junction,Daylight,Raining no high winds,Wet or damp,None,Non-trunk,17,0,0,0,1,6,2020-05-19,07:15:00,Tuesday,Tameside,E08000008,Urban,53.488018,-2.063469,E01006064
06G172887,2020,Slight,Male,66 - 75,Urban area,More deprived 10-20%,2,1,Single carriageway,30,More than 4 arms (not roundabout),Daylight,Fine no high winds,Dry,None,Non-trunk,18,0,0,0,2,6,2020-06-20,14:30:00,Saturday,Tameside,E08000008,Urban,53.499846,-2.104069,E01005954
06G173265,2020,Slight,Male,36 - 45,Urban area,Less deprived 10-20%,2,1,Single carriageway,30,T or staggered junction,Daylight,Fine no high winds,Dry,None,Non-trunk,18,0,0,0,4,6,2020-07-19,14:48:00,Sunday,Tameside,E08000008,Urban,53.456224,-2.114489,E01005974
06G173497,2020,Slight,Male,36 - 45,Urban area,More deprived 10-20%,2,1,Single carriageway,30,T or staggered junction,Daylight,Fine no high winds,Wet or damp,None,Non-trunk,18,0,0,0,1,6,2020-07-25,10:20:00,Saturday,Tameside,E08000008,Urban,53.450293,-2.078681,E01006029
06G174663,2020,Serious,Male,26 - 35,Urban area,More deprived 10-20%,2,1,Single carriageway,30,Not at junction or within 20 metres,Daylight,Fine no high winds,Dry,None,Non-trunk,18,0,0,0,1,6,2020-09-01,18:15:00,Tuesday,Tameside,E08000008,Urban,53.496324,-2.077605,E01005947
06G175121,2020,Slight,Female,11 - 15,Urban area,More deprived 20-30%,2,1,Single carriageway,30,Not at junction or within 20 metres,Daylight,Fine no high winds,Dry,None,Non-trunk,18,0,0,0,3,6,2020-09-09,15:00:00,Wednesday,Tameside,E08000008,Urban,53.49713,-2.068834,E01005945
06G175287,2020,Slight,Male,36 - 45,Data missing or out of range,Data missing or out of range,2,1,Single carriageway,30,T or staggered junction,Daylight,Fine no high winds,Dry,None,Non-trunk,18,0,0,0,2,6,2020-09-22,08:16:00,Tuesday,Tameside,E08000008,Urban,53.470485,-2.034368,E01006072
06G175361,2020,Slight,Male,11 - 15,Urban area,More deprived 10-20%,2,1,Single carriageway,20,T or staggered junction,Daylight,Fine no high winds,Dry,None,Non-trunk,18,0,0,0,1,6,2020-09-11,18:09:00,Friday,Tameside,E08000008,Urban,53.488061,-2.104703,E01005950
06G177428,2020,Serious,Male,46 - 55,Urban area,Most deprived 10%,2,1,Roundabout,30,Mini-roundabout,Darkness - lights lit,Fine no high winds,Dry,None,Non-trunk,18,0,0,0,4,6,2020-11-10,17:02:00,Tuesday,Tameside,E08000008,Urban,53.481202,-2.161645,E01006007
06G177556,2020,Slight,Male,Over 75,Urban area,Less deprived 40-50%,2,1,Dual carriageway,30,T or staggered junction,Daylight,Fine no high winds,Dry,None,Non-trunk,18,0,0,0,2,6,2020-11-09,10:00:00,Monday,Tameside,E08000008,Urban,53.478971,-2.126574,E01005962
06G178450,2020,Slight,Female,36 - 45,Urban area,Most deprived 10%,2,1,One way street,30,T or staggered junction,Daylight,Other,Wet or damp,None,Non-trunk,18,0,0,0,1,6,2020-12-22,09:45:00,Tuesday,Tameside,E08000008,Urban,53.47889,-2.126348,E01005951
06G268511,2020,Slight,Male,36 - 45,Urban area,More deprived 30-40%,2,1,Single carriageway,30,Crossroads,Daylight,Fine no high winds,Dry,None,Non-trunk,18,0,0,0,0,2,2020-02-12,15:34:00,Wednesday,Tameside,E08000008,Urban,53.476173,-2.136359,E01005961
06G269859,2020,Slight,Male,56 - 65,Urban area,Less deprived 20-30%,2,1,Single carriageway,30,Crossroads,Daylight,Fine no high winds,Dry,None,Non-trunk,18,0,0,0,3,2,2020-03-11,07:20:00,Wednesday,Tameside,E08000008,Urban,53.461577,-2.074154,E01006033
06G271046,2020,Slight,Male,36 - 45,Urban area,Less deprived 10-20%,2,1,Single carriageway,30,T or staggered junction,Daylight,Fine no high winds,Dry,None,Non-trunk,18,0,0,0,3,2,2020-04-21,18:25:00,Tuesday,Tameside,E08000008,Urban,53.451672,-2.056022,E01006024
06G271295,2020,Slight,Male,36 - 45,Urban area,More deprived 20-30%,2,1,Single carriageway,30,Not at junction or within 20 metres,Daylight,Fine no high winds,Dry,None,Non-trunk,18,0,4,0,4,2,2020-05-14,15:00:00,Thursday,Tameside,E08000008,Urban,53.478921,-2.138703,E01005969
06G271792,2020,Slight,Male,26 - 35,Urban area,Less deprived 30-40%,2,1,Single carriageway,30,T or staggered junction,Daylight,Fine no high winds,Dry,None,Non-trunk,18,0,0,0,1,6,2020-05-28,17:10:00,Thursday,Tameside,E08000008,Urban,53.459547,-2.071756,E01006035
06G272444,2020,Slight,Male,11 - 15,Urban area,More deprived 10-20%,2,1,Single carriageway,30,T or staggered junction,Daylight,Fine no high winds,Dry,None,Non-trunk,18,0,0,0,1,6,2020-06-22,14:00:00,Monday,Tameside,E08000008,Urban,53.480271,-2.145066,E01006000
06G273996,2020,Slight,Male,16 - 20,Urban area,More deprived 20-30%,2,1,Single carriageway,30,Not at junction or within 20 metres,Daylight,Fine no high winds,Dry,None,Non-trunk,18,0,0,0,2,6,2020-08-02,13:30:00,Sunday,Tameside,E08000008,Urban,53.462487,-2.117096,E01005966
06G275488,2020,Slight,Male,11 - 15,Urban area,Most deprived 10%,2,1,Dual carriageway,30,Private drive or entrance,Daylight,Fine no high winds,Dry,None,Non-trunk,18,9,0,0,1,4,2020-09-25,08:00:00,Friday,Tameside,E08000008,Urban,53.456683,-2.011556,E01006048
06G277293,2020,Slight,Male,11 - 15,Data missing or out of range,Data missing or out of range,2,1,Single carriageway,20,T or staggered junction,Daylight,Fine no high winds,Dry,None,Non-trunk,18,0,0,0,2,6,2020-11-11,08:10:00,Wednesday,Tameside,E08000008,Urban,53.441258,-2.014924,E01006051
06G278672,2020,Slight,Male,36 - 45,Urban area,Less deprived 40-50%,2,1,Single carriageway,30,T or staggered junction,Daylight,Fine no high winds,Dry,None,Non-trunk,8,0,0,0,2,6,2020-12-19,14:20:00,Saturday,Tameside,E08000008,Urban,53.449164,-2.143649,E01005987
06J167494,2020,Slight,Male,36 - 45,Urban area,More deprived 30-40%,2,1,Single carriageway,30,T or staggered junction,Daylight,Fine no high winds,Dry,None,Non-trunk,18,0,0,0,4,6,2020-01-15,13:50:00,Wednesday,Stockport,E08000007,Urban,53.406455,-2.154546,E01005758
06J169161,2020,Slight,Male,46 - 55,Data missing or out of range,Data missing or out of range,2,1,Dual carriageway,30,Crossroads,Daylight,Raining no high winds,Dry,None,Non-trunk,18,0,8,0,4,6,2020-02-19,12:30:00,Wednesday,Stockport,E08000007,Urban,53.413087,-2.154977,E01005758
06J171072,2020,Slight,Male,26 - 35,Urban area,More deprived 30-40%,2,1,Single carriageway,30,Crossroads,Daylight,Fine no high winds,Dry,None,Non-trunk,18,0,0,0,1,1,2020-05-06,08:15:00,Wednesday,Stockport,E08000007,Urban,53.412988,-2.155277,E01005758
06J171226,2020,Slight,Female,36 - 45,Urban area,Most deprived 10%,2,1,Single carriageway,30,Not at junction or within 20 metres,Daylight,Fine no high winds,Dry,None,Non-trunk,18,0,0,0,1,2,2020-03-23,18:57:00,Monday,Stockport,E08000007,Urban,53.393899,-2.184817,E01005762
06J171559,2020,Slight,Male,56 - 65,Urban area,More deprived 30-40%,2,1,Dual carriageway,30,Crossroads,Daylight,Fine no high winds,Dry,None,Non-trunk,15,0,0,10,0,6,2020-05-14,15:10:00,Thursday,Stockport,E08000007,Urban,53.411787,-2.166119,E01005917
06J172053,2020,Slight,Female,46 - 55,Urban area,Less deprived 20-30%,2,1,Single carriageway,30,T or staggered junction,Daylight,Fine no high winds,Dry,None,Non-trunk,18,0,0,0,4,6,2020-06-11,17:18:00,Thursday,Stockport,E08000007,Urban,53.424301,-2.164603,E01005915
06J172865,2020,Slight,Male,11 - 15,Urban area,Less deprived 20-30%,2,1,Single carriageway,30,Crossroads,Daylight,Fine no high winds,Dry,None,Non-trunk,18,0,0,0,3,6,2020-07-01,17:45:00,Wednesday,Stockport,E08000007,Urban,53.419949,-2.189549,E01005867
06J173636,2020,Slight,Female,26 - 35,Urban area,More deprived 10-20%,2,1,One way street,20,T or staggered junction,Daylight,Fine no high winds,Dry,None,Non-trunk,18,0,8,0,4,6,2020-07-31,18:30:00,Friday,Stockport,E08000007,Urban,53.444077,-2.157031,E01005889
06J173828,2020,Slight,Male,26 - 35,Data missing or out of range,Data missing or out of range,2,1,Roundabout,30,Roundabout,Daylight,Fine no high winds,Dry,None,Non-trunk,17,0,0,0,2,2,2020-07-30,15:58:00,Thursday,Stockport,E08000007,Urban,53.419264,-2.160566,E01005915
06J174458,2020,Slight,Male,26 - 35,Data missing or out of range,Data missing or out of range,2,1,Single carriageway,30,Crossroads,Daylight,Fine no high winds,Dry,None,Non-trunk,18,0,0,0,1,2,2020-08-24,18:39:00,Monday,Stockport,E08000007,Urban,53.423872,-2.181741,E01005859
06J174752,2020,Serious,Male,46 - 55,Urban area,Most deprived 10%,2,1,Roundabout,30,Roundabout,Daylight,Fine no high winds,Dry,None,Non-trunk,17,0,0,0,1,1,2020-09-05,08:50:00,Saturday,Stockport,E08000007,Urban,53.418688,-2.161016,E01005915
06J175275,2020,Slight,Male,6 - 10,Urban area,Less deprived 20-30%,3,1,Single carriageway,20,T or staggered junction,Daylight,Fine no high winds,Dry,None,Non-trunk,18,0,0,0,3,6,2020-09-18,16:20:00,Friday,Stockport,E08000007,Urban,53.447207,-2.148732,E01005888
06J177837,2020,Slight,Male,36 - 45,Urban area,More deprived 20-30%,2,1,Roundabout,30,Roundabout,Darkness - lights lit,Fine no high winds,Frost or ice,None,Non-trunk,18,0,0,0,2,2,2020-12-01,07:00:00,Tuesday,Stockport,E08000007,Urban,53.409782,-2.166834,E01005861
06J178283,2020,Slight,Female,21 - 25,Urban area,Least deprived 10%,2,1,Single carriageway,30,Crossroads,Darkness - lights lit,Fine no high winds,Wet or damp,None,Non-trunk,18,0,0,0,4,6,2020-11-23,17:05:00,Monday,Stockport,E08000007,Urban,53.398746,-2.158399,E01005766
06J178471,2020,Serious,Male,16 - 20,Urban area,Most deprived 10%,2,1,Single carriageway,30,T or staggered junction,Darkness - lights lit,Fine no high winds,Wet or damp,None,Non-trunk,18,0,0,0,1,6,2020-12-14,22:00:00,Monday,Stockport,E08000007,Urban,53.426885,-2.132423,E01005753
06J269918,2020,Serious,Male,56 - 65,Urban area,Less deprived 30-40%,2,1,Single carriageway,30,T or staggered junction,Daylight,Fine no high winds,Dry,None,Non-trunk,18,0,0,0,1,6,2020-03-15,14:30:00,Sunday,Stockport,E08000007,Urban,53.423145,-2.168316,E01005916
06J270657,2020,Slight,Male,16 - 20,Data missing or out of range,Data missing or out of range,2,1,Single carriageway,30,Not at junction or within 20 metres,Darkness - lights lit,Fine no high winds,Dry,None,Non-trunk,18,9,0,0,3,6,2020-04-07,20:50:00,Tuesday,Stockport,E08000007,Urban,53.384261,-2.115738,E01005834
06J270855,2020,Serious,Male,46 - 55,Urban area,More deprived 30-40%,2,1,Dual carriageway,30,T or staggered junction,Daylight,Fine no high winds,Dry,None,Non-trunk,18,0,0,0,1,6,2020-04-09,09:38:00,Thursday,Stockport,E08000007,Urban,53.396031,-2.111243,E01005835
06J273484,2020,Serious,Male,26 - 35,Urban area,Less deprived 20-30%,3,1,Single carriageway,30,T or staggered junction,Daylight,Fine no high winds,Dry,None,Non-trunk,18,0,0,0,1,6,2020-07-23,11:10:00,Thursday,Stockport,E08000007,Urban,53.395679,-2.153575,E01005797
06J276023,2020,Slight,Male,16 - 20,Urban area,Less deprived 40-50%,2,1,Single carriageway,30,T or staggered junction,Darkness - lights lit,Fine no high winds,Dry,None,Non-trunk,9,0,0,0,2,6,2020-09-29,20:26:00,Tuesday,Stockport,E08000007,Urban,53.395756,-2.070985,E01005882
06J276285,2020,Slight,Female,26 - 35,Urban area,Less deprived 40-50%,2,1,Single carriageway,30,Crossroads,Darkness - lights lit,Raining no high winds,Wet or damp,None,Non-trunk,18,0,0,0,4,6,2020-10-09,20:45:00,Friday,Stockport,E08000007,Urban,53.386178,-2.130538,E01005801
06J277704,2020,Serious,Male,56 - 65,Urban area,More deprived 30-40%,2,1,Single carriageway,30,Private drive or entrance,Darkness - lights lit,Fine no high winds,Dry,None,Non-trunk,18,0,0,0,1,2,2020-10-01,18:53:00,Thursday,Stockport,E08000007,Urban,53.393744,-2.017478,E01005908
06J279108,2020,Serious,Male,11 - 15,Urban area,Most deprived 10%,2,1,Single carriageway,30,T or staggered junction,Daylight,Fine no high winds,Wet or damp,None,Non-trunk,18,0,0,1,0,4,2020-11-10,07:40:00,Tuesday,Stockport,E08000007,Urban,53.416857,-2.120596,E01005743
06J370157,2020,Slight,Male,26 - 35,Urban area,Less deprived 30-40%,2,1,Single carriageway,30,T or staggered junction,Daylight,Fine no high winds,Dry,None,Non-trunk,18,0,0,0,2,6,2020-03-22,16:11:00,Sunday,Stockport,E08000007,Urban,53.390944,-2.239148,E01005775
06J371205,2020,Slight,Female,36 - 45,Urban area,More deprived 40-50%,2,1,Single carriageway,30,Not at junction or within 20 metres,Daylight,Fine no high winds,Dry,None,Non-trunk,18,0,0,0,1,6,2020-05-13,14:30:00,Wednesday,Stockport,E08000007,Urban,53.359189,-2.193712,E01005795
06J371457,2020,Serious,Male,36 - 45,Urban area,Less deprived 40-50%,1,1,Single carriageway,40,Not at junction or within 20 metres,Daylight,Fine no high winds,Dry,None,Non-trunk,18,0,10,0,1,6,2020-05-24,11:57:00,Sunday,Stockport,E08000007,Rural,53.333793,-2.184828,E01005926
06J372150,2020,Slight,Male,26 - 35,Urban area,Less deprived 40-50%,2,1,Dual carriageway,30,Roundabout,Daylight,Fine no high winds,Dry,None,Non-trunk,18,0,0,0,2,6,2020-06-21,15:26:00,Sunday,Stockport,E08000007,Rural,53.380333,-2.218357,E01005784
06J372234,2020,Slight,Male,16 - 20,Urban area,More deprived 10-20%,2,1,Slip road,30,T or staggered junction,Daylight,Fine no high winds,Dry,None,Non-trunk,18,0,0,0,1,6,2020-06-08,17:30:00,Monday,Stockport,E08000007,Urban,53.388123,-2.188295,E01005781
06J372422,2020,Slight,Male,46 - 55,Urban area,Less deprived 40-50%,2,1,Roundabout,30,Roundabout,Daylight,Fine no high winds,Dry,None,Non-trunk,18,0,0,0,1,6,2020-06-28,12:21:00,Sunday,Stockport,E08000007,Rural,53.38036,-2.218402,E01005784
06J372442,2020,Serious,Male,46 - 55,Urban area,Least deprived 10%,2,1,Roundabout,30,Roundabout,Daylight,Fine no high winds,Wet or damp,None,Non-trunk,18,0,0,0,4,6,2020-06-18,18:10:00,Thursday,Stockport,E08000007,Urban,53.342413,-2.159843,E01005926
06J372561,2020,Slight,Female,46 - 55,Urban area,Less deprived 20-30%,2,1,Roundabout,30,Roundabout,Daylight,Fine no high winds,Dry,None,Non-trunk,18,0,0,0,1,6,2020-05-25,13:15:00,Monday,Stockport,E08000007,Urban,53.372587,-2.146143,E01005813
06J372795,2020,Slight,Male,46 - 55,Urban area,More deprived 10-20%,2,1,Single carriageway,30,T or staggered junction,Daylight,Fine no high winds,Dry,None,Non-trunk,18,0,0,0,1,6,2020-07-11,11:32:00,Saturday,Stockport,E08000007,Urban,53.37115,-2.22596,E01005845
06J373732,2020,Slight,Male,36 - 45,Data missing or out of range,Data missing or out of range,2,1,Single carriageway,30,Not at junction or within 20 metres,Daylight,Fine no high winds,Dry,None,Non-trunk,18,0,0,0,1,6,2020-08-10,16:45:00,Monday,Stockport,E08000007,Urban,53.39453,-2.215873,E01005769
06J373879,2020,Slight,Male,26 - 35,Urban area,More deprived 10-20%,2,1,Single carriageway,30,Not at junction or within 20 metres,Daylight,Fine no high winds,Dry,None,Non-trunk,18,0,0,0,3,6,2020-08-13,12:55:00,Thursday,Stockport,E08000007,Urban,53.370322,-2.216787,E01005846
06J374678,2020,Serious,Male,11 - 15,Urban area,Less deprived 30-40%,2,1,Single carriageway,30,Roundabout,Daylight,Fine no high winds,Dry,None,Non-trunk,18,0,0,0,1,6,2020-08-24,17:23:00,Monday,Stockport,E08000007,Urban,53.397379,-2.200548,E01005778
06K168901,2020,Slight,Male,66 - 75,Urban area,More deprived 40-50%,2,1,Single carriageway,30,Mini-roundabout,Daylight,Raining + high winds,Wet or damp,None,Non-trunk,6,0,0,0,4,6,2020-02-15,12:00:00,Saturday,Bolton,E08000001,Urban,53.574752,-2.440432,E01004849
06K172126,2020,Slight,Male,56 - 65,Urban area,Less deprived 30-40%,2,1,Single carriageway,40,T or staggered junction,Daylight,Fine no high winds,Dry,None,Non-trunk,9,0,0,0,4,6,2020-06-20,10:00:00,Saturday,Bolton,E08000001,Rural,53.630478,-2.383565,E01004789
06K173011,2020,Slight,Male,36 - 45,Urban area,More deprived 20-30%,2,1,Single carriageway,30,T or staggered junction,Daylight,Fine no high winds,Dry,None,Non-trunk,18,0,0,0,3,6,2020-07-11,10:00:00,Saturday,Bolton,E08000001,Urban,53.570909,-2.451491,E01004827
06K173253,2020,Slight,Male,26 - 35,Urban area,More deprived 30-40%,2,1,Single carriageway,30,T or staggered junction,Daylight,Raining no high winds,Dry,None,Non-trunk,9,0,0,0,1,2,2020-07-10,09:40:00,Friday,Bolton,E08000001,Urban,53.574736,-2.434905,E01004848
06K173733,2020,Serious,Male,46 - 55,Urban area,Less deprived 20-30%,2,1,Dual carriageway,40,More than 4 arms (not roundabout),Daylight,Fine no high winds,Dry,None,Non-trunk,18,4,0,0,2,2,2020-07-30,09:20:00,Thursday,Bolton,E08000001,Urban,53.580891,-2.527149,E01004781
06K175336,2020,Slight,Male,26 - 35,Urban area,More deprived 10-20%,2,1,Dual carriageway,30,T or staggered junction,Daylight,Fine no high winds,Dry,None,Non-trunk,5,0,0,0,4,6,2020-09-18,12:10:00,Friday,Bolton,E08000001,Urban,53.574718,-2.434874,E01004848
06K177111,2020,Slight,Female,36 - 45,Urban area,Most deprived 10%,1,1,Single carriageway,20,T or staggered junction,Daylight,Fine no high winds,Dry,None,Non-trunk,18,0,0,0,4,3,2020-11-11,09:10:00,Wednesday,Bolton,E08000001,Urban,53.590277,-2.447165,E01004867
06K267201,2020,Serious,Male,56 - 65,Urban area,More deprived 20-30%,2,1,Single carriageway,30,T or staggered junction,Daylight,Fine no high winds,Dry,None,Non-trunk,18,4,0,0,3,6,2020-01-10,15:25:00,Friday,Bolton,E08000001,Urban,53.579946,-2.459819,E01004845
06K270329,2020,Slight,Male,36 - 45,Small town,More deprived 40-50%,2,1,Dual carriageway,30,T or staggered junction,Daylight,Fine no high winds,Dry,None,Non-trunk,18,0,0,0,3,6,2020-03-25,09:53:00,Wednesday,Bolton,E08000001,Urban,53.583412,-2.421852,E01033220
06K270356,2020,Serious,Male,6 - 10,Urban area,Most deprived 10%,2,1,Single carriageway,30,Not at junction or within 20 metres,Darkness - lights lit,Fine no high winds,Dry,None,Non-trunk,18,0,0,0,3,6,2020-03-06,18:30:00,Friday,Bolton,E08000001,Urban,53.572763,-2.394866,E01004801
06K271031,2020,Slight,Male,26 - 35,Urban area,Most deprived 10%,2,1,Single carriageway,30,T or staggered junction,Daylight,Fine no high winds,Dry,None,Non-trunk,18,0,0,0,1,6,2020-05-01,15:35:00,Friday,Bolton,E08000001,Urban,53.599629,-2.545757,E01004890
06K271124,2020,Slight,Male,56 - 65,Urban area,More deprived 40-50%,2,2,Single carriageway,30,T or staggered junction,Daylight,Fine no high winds,Dry,None,Non-trunk,18,0,0,0,1,6,2020-04-03,13:40:00,Friday,Bolton,E08000001,Urban,53.599646,-2.545802,E01004890
06K272577,2020,Slight,Male,11 - 15,Urban area,More deprived 20-30%,2,1,Single carriageway,30,Crossroads,Daylight,Fine no high winds,Dry,None,Non-trunk,18,0,0,0,1,6,2020-05-30,19:20:00,Saturday,Bolton,E08000001,Urban,53.602366,-2.393601,E01004786
06K272799,2020,Slight,Male,56 - 65,Urban area,More deprived 40-50%,2,1,Single carriageway,30,T or staggered junction,Daylight,Fine no high winds,Dry,None,Non-trunk,18,4,0,0,1,6,2020-06-25,20:45:00,Thursday,Bolton,E08000001,Urban,53.593011,-2.483741,E01004840
06K273046,2020,Serious,Male,26 - 35,Urban area,More deprived 10-20%,2,1,Single carriageway,60,Not at junction or within 20 metres,Daylight,Raining no high winds,Wet or damp,None,Non-trunk,17,0,0,0,1,6,2020-07-15,13:50:00,Wednesday,Bolton,E08000001,Rural,53.598797,-2.593767,E01004780
06K274038,2020,Slight,Male,26 - 35,Small town,Less deprived 20-30%,2,1,Single carriageway,30,T or staggered junction,Daylight,Fine no high winds,Dry,None,Non-trunk,18,0,0,0,3,6,2020-08-09,12:30:00,Sunday,Bolton,E08000001,Urban,53.598841,-2.535094,E01004884
06K274267,2020,Slight,Male,11 - 15,Urban area,More deprived 30-40%,3,1,Single carriageway,30,T or staggered junction,Daylight,Fine no high winds,Dry,None,Non-trunk,18,0,0,0,1,6,2020-08-21,19:40:00,Friday,Bolton,E08000001,Urban,53.588083,-2.466146,E01004919
06K274917,2020,Serious,Male,36 - 45,Urban area,Less deprived 30-40%,2,1,Single carriageway,30,T or staggered junction,Daylight,Fine no high winds,Dry,None,Non-trunk,18,0,0,0,1,6,2020-09-14,12:45:00,Monday,Bolton,E08000001,Urban,53.592581,-2.54204,E01004781
06K275575,2020,Slight,Male,66 - 75,Urban area,More deprived 40-50%,2,1,Single carriageway,30,T or staggered junction,Daylight,Fine no high winds,Dry,None,Non-trunk,18,0,0,0,1,6,2020-09-16,10:30:00,Wednesday,Bolton,E08000001,Urban,53.592173,-2.536732,E01004883
06K277429,2020,Slight,Male,11 - 15,Data missing or out of range,Data missing or out of range,2,1,Dual carriageway,30,Crossroads,Daylight,Fine no high winds,Dry,None,Non-trunk,9,0,0,0,1,6,2020-11-15,10:47:00,Sunday,Bolton,E08000001,Urban,53.582219,-2.423563,E01033220
06K277766,2020,Slight,Female,46 - 55,Urban area,More deprived 30-40%,2,1,Dual carriageway,30,T or staggered junction,Darkness - lights lit,Fine no high winds,Dry,None,Non-trunk,9,0,0,0,4,6,2020-12-01,17:50:00,Tuesday,Bolton,E08000001,Urban,53.581173,-2.387529,E01004796
06K278145,2020,Serious,Male,66 - 75,Urban area,Most deprived 10%,2,1,Single carriageway,30,T or staggered junction,Darkness - lights lit,Fog or mist,Wet or damp,None,Non-trunk,18,0,0,0,1,6,2020-11-29,15:49:00,Sunday,Bolton,E08000001,Urban,53.593011,-2.483726,E01004840
06K366738,2020,Slight,Male,36 - 45,Urban area,More deprived 40-50%,2,1,Single carriageway,30,T or staggered junction,Daylight,Fine no high winds,Dry,None,Non-trunk,18,0,0,0,3,6,2020-01-03,12:00:00,Friday,Bolton,E08000001,Urban,53.567227,-2.464664,E01004838
06K369032,2020,Slight,Male,56 - 65,Urban area,More deprived 20-30%,2,1,Roundabout,40,Roundabout,Daylight,Fine no high winds,Dry,None,Non-trunk,18,0,0,0,4,6,2020-02-06,15:30:00,Thursday,Bolton,E08000001,Rural,53.550992,-2.498734,E01004891
06K370294,2020,Slight,Male,16 - 20,Data missing or out of range,Data missing or out of range,2,1,Dual carriageway,30,T or staggered junction,Darkness - lights lit,Raining no high winds,Wet or damp,None,Non-trunk,9,0,0,0,2,6,2020-03-17,19:14:00,Tuesday,Bolton,E08000001,Urban,53.546715,-2.521458,E01004938
06K371542,2020,Slight,Male,46 - 55,Data missing or out of range,Data missing or out of range,2,1,Single carriageway,30,Not at junction or within 20 metres,Daylight,Fine no high winds,Dry,None,Non-trunk,18,0,0,0,1,6,2020-05-22,07:30:00,Friday,Bolton,E08000001,Urban,53.535506,-2.363951,E01004908
06K372333,2020,Slight,Female,6 - 10,Urban area,Less deprived 30-40%,2,1,Single carriageway,30,Not at junction or within 20 metres,Daylight,Fine no high winds,Dry,None,Non-trunk,18,0,0,0,3,6,2020-06-25,20:00:00,Thursday,Bolton,E08000001,Urban,53.533942,-2.529765,E01004933
06K373751,2020,Slight,Male,46 - 55,Data missing or out of range,Data missing or out of range,2,1,Roundabout,40,Roundabout,Daylight,Fine no high winds,Dry,None,Non-trunk,18,0,0,0,4,6,2020-07-31,07:39:00,Friday,Bolton,E08000001,Rural,53.55101,-2.498764,E01004891
06K373954,2020,Slight,Male,21 - 25,Urban area,More deprived 10-20%,2,1,Single carriageway,30,Not at junction or within 20 metres,Daylight,Fine no high winds,Dry,None,Non-trunk,15,0,0,0,2,6,2020-07-31,12:30:00,Friday,Bolton,E08000001,Urban,53.548858,-2.425161,E01004875
06K374613,2020,Slight,Male,46 - 55,Urban area,Less deprived 20-30%,2,1,Single carriageway,40,Crossroads,Daylight,Fine no high winds,Dry,None,Non-trunk,9,0,0,0,3,6,2020-09-05,11:10:00,Saturday,Bolton,E08000001,Urban,53.547912,-2.469252,E01004892
06K374948,2020,Slight,Male,11 - 15,Urban area,More deprived 10-20%,2,1,Single carriageway,30,Not at junction or within 20 metres,Darkness - lights lit,Fine no high winds,Wet or damp,None,Non-trunk,18,0,0,0,2,6,2020-09-06,20:30:00,Sunday,Bolton,E08000001,Urban,53.547959,-2.399088,E01004859
06K376777,2020,Slight,Male,16 - 20,Urban area,More deprived 10-20%,2,1,Single carriageway,30,Crossroads,Daylight,Fine no high winds,Dry,None,Non-trunk,18,0,0,0,1,6,2020-10-30,17:30:00,Friday,Bolton,E08000001,Urban,53.561627,-2.363255,E01004916
06L167559,2020,Slight,Male,46 - 55,Urban area,Less deprived 10-20%,2,1,Single carriageway,30,T or staggered junction,Daylight,Other,Wet or damp,None,Non-trunk,18,0,0,0,2,6,2020-01-26,14:15:00,Sunday,Wigan,E08000010,Urban,53.544501,-2.607494,E01006307
06L167968,2020,Serious,Male,11 - 15,Urban area,Less deprived 10-20%,2,1,Single carriageway,30,T or staggered junction,Daylight,Fine no high winds,Dry,None,Non-trunk,18,0,0,0,3,4,2020-01-31,08:30:00,Friday,Wigan,E08000010,Urban,53.520571,-2.647258,E01006410
06L168652,2020,Slight,Male,36 - 45,Urban area,Most deprived 10%,2,1,Roundabout,30,Mini-roundabout,Daylight,Raining no high winds,Wet or damp,None,Non-trunk,18,0,0,0,4,6,2020-02-15,13:20:00,Saturday,Wigan,E08000010,Urban,53.560737,-2.634494,E01006373
06L170173,2020,Serious,Male,16 - 20,Urban area,Least deprived 10%,2,1,Dual carriageway,60,Private drive or entrance,Daylight,Fine no high winds,Dry,None,Non-trunk,12,0,0,0,3,6,2020-03-25,14:53:00,Wednesday,Wigan,E08000010,Rural,53.474026,-2.527179,E01006301
06L170659,2020,Slight,Male,21 - 25,Urban area,More deprived 30-40%,2,1,Single carriageway,30,T or staggered junction,Daylight,Fine no high winds,Dry,None,Non-trunk,18,0,0,0,4,6,2020-04-06,12:09:00,Monday,Wigan,E08000010,Urban,53.54706,-2.62205,E01006386
06L171286,2020,Slight,Male,16 - 20,Urban area,Most deprived 10%,2,1,Dual carriageway,20,T or staggered junction,Daylight,Fine no high winds,Dry,None,Non-trunk,18,0,0,0,1,6,2020-05-14,19:40:00,Thursday,Wigan,E08000010,Urban,53.547305,-2.596895,E01006311
06L172090,2020,Slight,Male,26 - 35,Urban area,Most deprived 10%,2,1,Single carriageway,30,Crossroads,Daylight,Fine no high winds,Dry,None,Non-trunk,7,0,0,0,1,6,2020-06-06,20:55:00,Saturday,Wigan,E08000010,Urban,53.537095,-2.66637,E01006354
06L172549,2020,Slight,Female,36 - 45,Urban area,More deprived 20-30%,2,1,Single carriageway,30,Roundabout,Daylight,Other,Dry,None,Non-trunk,16,0,0,0,4,6,2020-06-13,11:00:00,Saturday,Wigan,E08000010,Urban,53.530656,-2.670252,E01006359
06L172675,2020,Slight,Male,46 - 55,Rural,Less deprived 10-20%,2,1,Single carriageway,30,Not at junction or within 20 metres,Daylight,Fine no high winds,Dry,None,Non-trunk,15,0,4,0,1,2,2020-07-01,10:00:00,Wednesday,Wigan,E08000010,Urban,53.540049,-2.709211,E01006362
06L172822,2020,Serious,Male,26 - 35,Urban area,Less deprived 10-20%,2,1,Single carriageway,30,Not at junction or within 20 metres,Daylight,Raining no high winds,Wet or damp,None,Non-trunk,13,0,0,0,2,6,2020-07-08,15:50:00,Wednesday,Wigan,E08000010,Urban,53.58122,-2.707226,E01006320
06L173788,2020,Slight,Male,16 - 20,Urban area,More deprived 20-30%,2,1,One way street,30,Crossroads,Daylight,Fine no high winds,Dry,None,Non-trunk,18,0,0,0,1,6,2020-08-08,13:15:00,Saturday,Wigan,E08000010,Urban,53.554994,-2.642801,E01006371
06L174188,2020,Slight,Male,11 - 15,Urban area,More deprived 10-20%,2,1,Single carriageway,30,Not at junction or within 20 metres,Daylight,Fine no high winds,Dry,None,Non-trunk,18,9,0,0,1,6,2020-08-17,14:10:00,Monday,Wigan,E08000010,Urban,53.542037,-2.652037,E01006349
06L174674,2020,Slight,Male,46 - 55,Urban area,Less deprived 40-50%,2,1,Single carriageway,30,T or staggered junction,Daylight,Fine no high winds,Wet or damp,None,Non-trunk,18,0,0,0,1,6,2020-09-05,17:00:00,Saturday,Wigan,E08000010,Urban,53.587767,-2.654295,E01006237
06L174894,2020,Slight,Male,26 - 35,Data missing or out of range,Data missing or out of range,2,1,Single carriageway,30,T or staggered junction,Daylight,Fine no high winds,Dry,None,Non-trunk,18,0,0,0,2,6,2020-09-12,07:01:00,Saturday,Wigan,E08000010,Urban,53.544474,-2.607569,E01006307
06L175050,2020,Slight,Male,26 - 35,Data missing or out of range,Data missing or out of range,2,1,Dual carriageway,30,T or staggered junction,Daylight,Raining no high winds,Wet or damp,None,Non-trunk,18,0,0,0,1,1,2020-09-15,17:31:00,Tuesday,Wigan,E08000010,Urban,53.53959,-2.632428,E01006349
06L175221,2020,Slight,Male,56 - 65,Urban area,More deprived 40-50%,2,1,One way street,30,T or staggered junction,Daylight,Fine no high winds,Dry,None,Non-trunk,18,0,0,0,2,6,2020-09-19,17:05:00,Saturday,Wigan,E08000010,Urban,53.549678,-2.635174,E01006369
06L177482,2020,Serious,Male,36 - 45,Urban area,Less deprived 20-30%,2,1,Single carriageway,30,T or staggered junction,Daylight,Fine no high winds,Dry,None,Non-trunk,18,0,0,0,1,6,2020-11-06,08:45:00,Friday,Wigan,E08000010,Urban,53.545308,-2.613271,E01006307
06L266985,2020,Slight,Female,46 - 55,Urban area,More deprived 10-20%,2,1,Roundabout,30,Roundabout,Darkness - lights lit,Fine no high winds,Dry,None,Non-trunk,18,0,0,0,1,6,2020-01-06,15:55:00,Monday,Wigan,E08000010,Urban,53.495172,-2.494566,E01006252
06L267379,2020,Serious,Male,66 - 75,Urban area,More deprived 40-50%,2,1,Single carriageway,20,T or staggered junction,Daylight,Fine no high winds,Dry,None,Non-trunk,18,0,0,0,4,6,2020-01-18,14:00:00,Saturday,Wigan,E08000010,Urban,53.513424,-2.473576,E01006293
06L271461,2020,Serious,Male,11 - 15,Urban area,Less deprived 40-50%,2,1,Single carriageway,30,T or staggered junction,Daylight,Fine + high winds,Dry,None,Non-trunk,18,0,0,0,3,6,2020-05-23,16:45:00,Saturday,Wigan,E08000010,Urban,53.50787,-2.518567,E01006337
06L272095,2020,Slight,Female,26 - 35,Urban area,More deprived 30-40%,2,1,Single carriageway,30,T or staggered junction,Daylight,Raining no high winds,Wet or damp,None,Non-trunk,14,0,8,0,1,6,2020-06-18,08:40:00,Thursday,Wigan,E08000010,Urban,53.522949,-2.498449,E01006242
06L273051,2020,Slight,Male,16 - 20,Urban area,More deprived 30-40%,2,1,Single carriageway,30,T or staggered junction,Daylight,Fine no high winds,Dry,None,Non-trunk,18,0,0,0,3,6,2020-07-12,12:35:00,Sunday,Wigan,E08000010,Urban,53.507889,-2.518341,E01006338
06L273377,2020,Slight,Female,26 - 35,Urban area,Most deprived 10%,2,1,Dual carriageway,40,Crossroads,Daylight,Fine no high winds,Dry,None,Non-trunk,3,0,0,0,1,6,2020-07-28,10:54:00,Tuesday,Wigan,E08000010,Urban,53.504382,-2.522836,E01006334
06L274028,2020,Slight,Male,26 - 35,Urban area,Most deprived 10%,2,1,Single carriageway,30,T or staggered junction,Daylight,Fine no high winds,Dry,None,Non-trunk,18,0,0,0,1,6,2020-08-01,14:20:00,Saturday,Wigan,E08000010,Urban,53.497903,-2.54059,E01006325
06L274242,2020,Slight,Male,11 - 15,Urban area,More deprived 20-30%,2,1,Single carriageway,30,T or staggered junction,Daylight,Fine no high winds,Dry,None,Non-trunk,18,9,0,0,4,6,2020-08-14,15:30:00,Friday,Wigan,E08000010,Urban,53.476703,-2.551546,E01006302
06L276394,2020,Slight,Male,26 - 35,Urban area,Less deprived 30-40%,2,1,Single carriageway,30,T or staggered junction,Darkness - lights lit,Fine no high winds,Wet or damp,None,Non-trunk,18,0,0,0,4,6,2020-10-22,06:10:00,Thursday,Wigan,E08000010,Urban,53.529208,-2.544866,E01006285
06L278139,2020,Serious,Male,26 - 35,Small town,More deprived 40-50%,2,1,Single carriageway,30,Not at junction or within 20 metres,Darkness - lights lit,Raining no high winds,Wet or damp,None,Non-trunk,13,0,0,0,1,2,2020-12-14,21:00:00,Monday,Wigan,E08000010,Rural,53.501466,-2.483272,E01006249
06L278408,2020,Slight,Male,56 - 65,Urban area,Less deprived 20-30%,2,1,Single carriageway,30,T or staggered junction,Daylight,Fine no high winds,Dry,None,Non-trunk,18,0,0,0,1,6,2020-11-15,13:50:00,Sunday,Wigan,E08000010,Urban,53.489496,-2.522924,E01006299
06L278414,2020,Slight,Male,66 - 75,Urban area,More deprived 20-30%,2,1,Roundabout,60,Roundabout,Daylight,Fine no high winds,Dry,None,Non-trunk,18,0,0,0,4,6,2020-11-24,09:45:00,Tuesday,Wigan,E08000010,Rural,53.480146,-2.500327,E01006297
06L372110,2020,Slight,Male,26 - 35,Data missing or out of range,Data missing or out of range,2,1,Single carriageway,30,T or staggered junction,Daylight,Fine no high winds,Dry,None,Non-trunk,18,0,0,0,4,6,2020-06-05,15:30:00,Friday,Wigan,E08000010,Urban,53.535417,-2.583344,E01006272
06M167782,2020,Serious,Male,46 - 55,Urban area,More deprived 10-20%,2,1,Single carriageway,30,Not at junction or within 20 metres,Daylight,Fine no high winds,Wet or damp,None,Non-trunk,18,0,0,0,1,2,2020-01-16,13:08:00,Thursday,Trafford,E08000009,Urban,53.461549,-2.288223,E01006186
06M168502,2020,Serious,Male,36 - 45,Urban area,Less deprived 40-50%,2,1,Dual carriageway,30,More than 4 arms (not roundabout),Darkness - lights lit,Raining no high winds,Wet or damp,None,Non-trunk,9,0,0,0,4,2,2020-01-02,18:15:00,Thursday,Trafford,E08000009,Urban,53.450946,-2.301493,E01006142
06M168950,2020,Slight,Male,56 - 65,Urban area,More deprived 40-50%,2,1,Single carriageway,30,Crossroads,Darkness - lights lit,Raining + high winds,Wet or damp,None,Non-trunk,18,0,0,0,4,2,2020-02-24,05:25:00,Monday,Trafford,E08000009,Urban,53.443438,-2.312972,E01006179
06M170226,2020,Slight,Male,36 - 45,Urban area,More deprived 20-30%,2,1,Single carriageway,30,T or staggered junction,Daylight,Raining no high winds,Wet or damp,None,Non-trunk,18,0,0,0,4,2,2020-03-18,05:43:00,Wednesday,Trafford,E08000009,Urban,53.44342,-2.312957,E01006179
06M170334,2020,Serious,Male,56 - 65,Urban area,More deprived 10-20%,2,1,Dual carriageway,30,T or staggered junction,Daylight,Fine no high winds,Dry,None,Non-trunk,18,0,0,0,1,6,2020-03-23,12:45:00,Monday,Trafford,E08000009,Rural,53.469517,-2.362528,E01006121
06M170717,2020,Serious,Female,36 - 45,Urban area,Least deprived 10%,2,1,Dual carriageway,40,T or staggered junction,Daylight,Fine no high winds,Dry,None,Non-trunk,18,0,0,0,4,6,2020-04-13,14:15:00,Monday,Trafford,E08000009,Urban,53.443039,-2.31056,E01006179
06M170736,2020,Slight,Female,6 - 10,Urban area,Less deprived 20-30%,2,1,Single carriageway,30,T or staggered junction,Daylight,Fine no high winds,Dry,None,Non-trunk,18,0,0,0,3,1,2020-04-14,16:00:00,Tuesday,Trafford,E08000009,Urban,53.447505,-2.384851,E01006131
06M171453,2020,Serious,Male,16 - 20,Urban area,Less deprived 10-20%,2,1,Roundabout,30,Roundabout,Daylight,Fine no high winds,Dry,None,Non-trunk,18,0,0,0,4,6,2020-05-20,14:30:00,Wednesday,Trafford,E08000009,Urban,53.457317,-2.357304,E01006118
06M171568,2020,Slight,Male,46 - 55,Data missing or out of range,Data missing or out of range,2,1,Single carriageway,20,T or staggered junction,Daylight,Fine + high winds,Dry,None,Non-trunk,18,9,0,0,3,6,2020-05-23,13:33:00,Saturday,Trafford,E08000009,Urban,53.453395,-2.299869,E01006187
06M171832,2020,Slight,Female,26 - 35,Urban area,More deprived 30-40%,2,1,Single carriageway,30,T or staggered junction,Daylight,Fine no high winds,Dry,None,Non-trunk,18,0,0,0,1,6,2020-06-02,19:50:00,Tuesday,Trafford,E08000009,Urban,53.452403,-2.343997,E01006119
06M172085,2020,Serious,Male,36 - 45,Data missing or out of range,Data missing or out of range,2,1,Dual carriageway,40,Not at junction or within 20 metres,Daylight,Raining no high winds,Wet or damp,None,Non-trunk,18,0,0,0,3,6,2020-06-16,10:50:00,Tuesday,Trafford,E08000009,Urban,53.464487,-2.289041,E01006157
06M172189,2020,Slight,Female,36 - 45,Urban area,Less deprived 10-20%,2,1,Dual carriageway,20,T or staggered junction,Darkness - lights lit,Fine no high winds,Dry,None,Non-trunk,18,4,0,0,1,6,2020-06-21,23:00:00,Sunday,Trafford,E08000009,Urban,53.451793,-2.300611,E01006142
06M172899,2020,Slight,Male,46 - 55,Urban area,More deprived 30-40%,2,1,Single carriageway,30,Crossroads,Daylight,Fine no high winds,Dry,None,Non-trunk,12,0,0,0,3,6,2020-07-10,18:33:00,Friday,Trafford,E08000009,Urban,53.45838,-2.293955,E01006186
06M173471,2020,Slight,Male,11 - 15,Data missing or out of range,Data missing or out of range,2,1,Dual carriageway,40,Crossroads,Daylight,Fine no high winds,Dry,None,Non-trunk,18,3,0,0,4,6,2020-07-26,15:25:00,Sunday,Trafford,E08000009,Urban,53.446024,-2.30718,E01006180
06M174031,2020,Slight,Female,26 - 35,Urban area,Most deprived 10%,2,1,Single carriageway,30,T or staggered junction,Daylight,Fine no high winds,Dry,None,Non-trunk,9,0,0,0,3,2,2020-08-13,09:15:00,Thursday,Trafford,E08000009,Rural,53.474066,-2.353091,E01006121
06M174043,2020,Slight,Male,56 - 65,Urban area,Less deprived 10-20%,2,1,Single carriageway,30,Not at junction or within 20 metres,Daylight,Fine no high winds,Dry,None,Non-trunk,18,4,0,0,3,6,2020-08-15,17:15:00,Saturday,Trafford,E08000009,Urban,53.459528,-2.291478,E01006186
06M174141,2020,Slight,Male,36 - 45,Urban area,More deprived 20-30%,2,1,Single carriageway,40,Not at junction or within 20 metres,Daylight,Fine no high winds,Dry,None,Non-trunk,18,4,0,0,3,6,2020-07-08,14:30:00,Wednesday,Trafford,E08000009,Rural,53.468732,-2.348377,E01006121
06M174530,2020,Slight,Female,26 - 35,Urban area,Least deprived 10%,2,1,Single carriageway,30,Not at junction or within 20 metres,Daylight,Fine no high winds,Dry,None,Non-trunk,18,4,0,0,3,2,2020-09-05,19:10:00,Saturday,Trafford,E08000009,Urban,53.463453,-2.269513,E01006185
06M174581,2020,Slight,Male,36 - 45,Urban area,Less deprived 20-30%,2,1,Roundabout,30,Roundabout,Daylight,Fine no high winds,Dry,None,Non-trunk,18,0,0,0,1,6,2020-08-27,18:29:00,Thursday,Trafford,E08000009,Urban,53.457911,-2.357174,E01006118
06M175039,2020,Slight,Male,16 - 20,Urban area,More deprived 30-40%,2,1,Single carriageway,30,Private drive or entrance,Daylight,Fine no high winds,Dry,None,Non-trunk,18,5,0,0,4,6,2020-08-26,17:00:00,Wednesday,Trafford,E08000009,Urban,53.452903,-2.298842,E01006187
06M177300,2020,Slight,Male,56 - 65,Urban area,Less deprived 40-50%,2,1,Roundabout,40,Roundabout,Darkness - lights lit,Other,Wet or damp,None,Non-trunk,18,0,0,0,2,6,2020-11-17,17:21:00,Tuesday,Trafford,E08000009,Urban,53.475724,-2.326573,E01006121
06M177411,2020,Slight,Female,26 - 35,Data missing or out of range,Data missing or out of range,2,1,Dual carriageway,20,Crossroads,Darkness - lights lit,Fine no high winds,Wet or damp,Roadworks,Non-trunk,18,0,0,0,1,6,2020-11-19,17:45:00,Thursday,Trafford,E08000009,Urban,53.461777,-2.263613,E01006112
06M178452,2020,Slight,Male,16 - 20,Urban area,More deprived 40-50%,2,1,Single carriageway,30,Crossroads,Daylight,Fine no high winds,Wet or damp,None,Non-trunk,18,0,0,0,1,6,2020-12-08,08:50:00,Tuesday,Trafford,E08000009,Urban,53.453391,-2.267221,E01006115
06M266986,2020,Slight,Male,56 - 65,Urban area,Most deprived 10%,4,1,Single carriageway,30,T or staggered junction,Darkness - lights lit,Fine no high winds,Wet or damp,None,Non-trunk,14,0,0,0,1,2,2020-01-08,16:40:00,Wednesday,Trafford,E08000009,Urban,53.37655,-2.36497,E01006085
06M267334,2020,Serious,Male,36 - 45,Urban area,More deprived 20-30%,2,1,Single carriageway,30,T or staggered junction,Darkness - lights lit,Raining no high winds,Wet or damp,None,Non-trunk,18,0,0,0,1,1,2020-01-14,07:03:00,Tuesday,Trafford,E08000009,Urban,53.402325,-2.332463,E01006093
06M268916,2020,Slight,Female,36 - 45,Urban area,Less deprived 10-20%,2,1,Roundabout,30,Roundabout,Darkness - lights lit,Raining no high winds,Wet or damp,None,Non-trunk,18,0,0,0,4,6,2020-02-18,18:10:00,Tuesday,Trafford,E08000009,Urban,53.400005,-2.30951,E01006204
06M269717,2020,Slight,Male,36 - 45,Urban area,More deprived 30-40%,2,1,Single carriageway,30,T or staggered junction,Daylight,Fine no high winds,Dry,None,Non-trunk,18,0,0,0,1,6,2020-03-11,17:15:00,Wednesday,Trafford,E08000009,Urban,53.392794,-2.352403,E01006075
06M270412,2020,Slight,Female,66 - 75,Urban area,Least deprived 10%,2,1,Single carriageway,30,Crossroads,Daylight,Fine no high winds,Dry,None,Non-trunk,9,0,0,0,4,6,2020-04-01,09:34:00,Wednesday,Trafford,E08000009,Urban,53.424408,-2.326677,E01006150
06M270626,2020,Slight,Male,46 - 55,Urban area,Less deprived 20-30%,2,1,Roundabout,30,Roundabout,Daylight,Fine no high winds,Dry,None,Non-trunk,18,0,0,0,4,6,2020-04-11,19:03:00,Saturday,Trafford,E08000009,Rural,53.427318,-2.293019,E01006164
06M270785,2020,Slight,Male,46 - 55,Urban area,More deprived 20-30%,2,1,Single carriageway,60,Not at junction or within 20 metres,Daylight,Fine no high winds,Dry,None,Non-trunk,18,0,0,0,4,6,2020-04-13,16:48:00,Monday,Trafford,E08000009,Rural,53.407415,-2.382593,E01006087
06M271431,2020,Fatal,Male,36 - 45,Urban area,Least deprived 10%,2,1,Single carriageway,40,T or staggered junction,Daylight,Fine no high winds,Dry,None,Non-trunk,17,0,0,0,2,6,2020-05-25,07:30:00,Monday,Trafford,E08000009,Rural,53.399933,-2.43852,E01006087
06M271607,2020,Fatal,Male,Over 75,Urban area,Less deprived 20-30%,2,1,Single carriageway,40,Crossroads,Daylight,Fine no high winds,Dry,None,Non-trunk,18,0,0,0,1,6,2020-05-28,15:40:00,Thursday,Trafford,E08000009,Urban,53.380437,-2.375075,E01006087
06M271611,2020,Serious,Male,Over 75,Urban area,Least deprived 10%,1,1,Single carriageway,30,Crossroads,Daylight,Fine no high winds,Dry,Road surface defective,Non-trunk,18,0,0,0,0,6,2020-05-31,11:50:00,Sunday,Trafford,E08000009,Urban,53.391105,-2.316767,E01006208
06M271941,2020,Fatal,Male,26 - 35,Urban area,More deprived 10-20%,2,1,Single carriageway,30,T or staggered junction,Daylight,Fine no high winds,Dry,None,Non-trunk,18,4,0,0,4,2,2020-06-12,14:09:00,Friday,Trafford,E08000009,Urban,53.471936,-2.331365,E01006121
06M275101,2020,Serious,Female,36 - 45,Data missing or out of range,Data missing or out of range,2,1,Roundabout,30,Mini-roundabout,Darkness - lights lit,Fine no high winds,Wet or damp,None,Non-trunk,18,0,0,0,1,6,2020-10-07,19:50:00,Wednesday,Trafford,E08000009,Urban,53.414058,-2.307987,E01006099
06M276950,2020,Slight,Male,26 - 35,Urban area,Less deprived 10-20%,2,1,Single carriageway,30,T or staggered junction,Daylight,Fine no high winds,Dry,None,Non-trunk,18,0,0,0,2,6,2020-11-03,08:25:00,Tuesday,Trafford,E08000009,Urban,53.396709,-2.311847,E01006206
06M277962,2020,Slight,Male,46 - 55,Urban area,Most deprived 10%,2,1,Dual carriageway,30,More than 4 arms (not roundabout),Darkness - lights lit,Raining no high winds,Wet or damp,None,Non-trunk,5,0,0,0,3,2,2020-12-03,18:07:00,Thursday,Trafford,E08000009,Urban,53.431342,-2.318663,E01006165
06M470493,2020,Slight,Female,26 - 35,Urban area,Less deprived 10-20%,2,1,Roundabout,30,Roundabout,Daylight,Fine no high winds,Dry,None,Non-trunk,18,0,0,0,4,6,2020-03-24,10:40:00,Tuesday,Trafford,E08000009,Rural,53.427345,-2.292884,E01006176
06N171647,2020,Slight,Male,66 - 75,Urban area,Less deprived 10-20%,2,1,Single carriageway,30,T or staggered junction,Daylight,Fine no high winds,Dry,None,Non-trunk,18,0,0,0,3,6,2020-05-28,18:53:00,Thursday,Bury,E08000002,Urban,53.625088,-2.337749,E01005048
06N171900,2020,Slight,Male,36 - 45,Urban area,Less deprived 30-40%,2,1,Single carriageway,30,T or staggered junction,Daylight,Fine no high winds,Dry,None,Non-trunk,18,0,0,0,2,6,2020-06-02,17:30:00,Tuesday,Bury,E08000002,Urban,53.644847,-2.303146,E01005022
06N172443,2020,Slight,Male,46 - 55,Urban area,More deprived 10-20%,2,1,Single carriageway,40,Not at junction or within 20 metres,Daylight,Fine no high winds,Dry,None,Non-trunk,18,0,0,0,3,6,2020-06-09,18:44:00,Tuesday,Bury,E08000002,Rural,53.621462,-2.326033,E01005046
06N173069,2020,Slight,Male,46 - 55,Urban area,Less deprived 20-30%,2,1,Dual carriageway,30,More than 4 arms (not roundabout),Daylight,Fine no high winds,Dry,None,Non-trunk,4,0,0,0,2,6,2020-07-17,11:25:00,Friday,Bury,E08000002,Urban,53.59477,-2.307908,E01004964
06N173146,2020,Slight,Male,6 - 10,Data missing or out of range,Data missing or out of range,2,1,Single carriageway,30,T or staggered junction,Daylight,Fine no high winds,Dry,None,Non-trunk,18,0,0,0,4,6,2020-07-15,18:42:00,Wednesday,Bury,E08000002,Urban,53.602371,-2.276304,E01004960
06N173384,2020,Slight,Male,56 - 65,Urban area,More deprived 30-40%,2,1,Single carriageway,60,Not at junction or within 20 metres,Daylight,Fine no high winds,Dry,None,Non-trunk,18,0,0,0,3,6,2020-07-24,15:40:00,Friday,Bury,E08000002,Rural,53.619807,-2.355107,E01005047
06N173620,2020,Serious,Male,36 - 45,Data missing or out of range,Data missing or out of range,2,1,Single carriageway,30,T or staggered junction,Daylight,Fine no high winds,Dry,None,Non-trunk,18,0,0,0,1,6,2020-07-19,14:57:00,Sunday,Bury,E08000002,Urban,53.602117,-2.339772,E01005053
06N173898,2020,Slight,Male,56 - 65,Urban area,Less deprived 20-30%,2,1,Single carriageway,30,T or staggered junction,Daylight,Fine no high winds,Dry,None,Non-trunk,18,0,0,0,1,2,2020-08-10,14:25:00,Monday,Bury,E08000002,Urban,53.519796,-2.259553,E01005043
06N175188,2020,Slight,Male,46 - 55,Urban area,Least deprived 10%,2,1,Single carriageway,30,T or staggered junction,Daylight,Fine no high winds,Dry,None,Non-trunk,18,0,0,0,1,1,2020-09-19,17:30:00,Saturday,Bury,E08000002,Urban,53.592335,-2.321413,E01004953
06N178653,2020,Slight,Male,36 - 45,Urban area,Less deprived 20-30%,2,1,Single carriageway,30,More than 4 arms (not roundabout),Daylight,Raining no high winds,Wet or damp,None,Non-trunk,18,0,0,0,1,6,2020-09-07,19:00:00,Monday,Bury,E08000002,Urban,53.617526,-2.294861,E01004981
06N267625,2020,Fatal,Male,46 - 55,Data missing or out of range,Data missing or out of range,2,1,Single carriageway,30,T or staggered junction,Daylight,Fine no high winds,Wet or damp,None,Non-trunk,18,0,0,0,3,6,2020-01-26,12:00:00,Sunday,Bury,E08000002,Urban,53.562894,-2.291583,E01005007
06N269802,2020,Serious,Male,26 - 35,Urban area,More deprived 20-30%,2,1,Single carriageway,20,T or staggered junction,Darkness - lights lit,Raining + high winds,Wet or damp,None,Non-trunk,18,0,0,0,1,6,2020-03-12,19:25:00,Thursday,Bury,E08000002,Urban,53.547616,-2.286829,E01004942
06N271364,2020,Slight,Female,46 - 55,Urban area,Less deprived 10-20%,2,1,Single carriageway,30,T or staggered junction,Daylight,Fine no high winds,Dry,None,Non-trunk,18,4,0,0,1,6,2020-05-18,11:07:00,Monday,Bury,E08000002,Urban,53.531991,-2.284415,E01005036
06N271594,2020,Slight,Female,56 - 65,Urban area,Less deprived 40-50%,2,1,Single carriageway,30,T or staggered junction,Daylight,Fine no high winds,Dry,None,Non-trunk,18,0,0,0,1,6,2020-05-20,13:10:00,Wednesday,Bury,E08000002,Urban,53.520271,-2.272572,E01005044
06N271656,2020,Serious,Female,6 - 10,Data missing or out of range,Data missing or out of range,2,1,Single carriageway,30,T or staggered junction,Daylight,Fine no high winds,Dry,None,Non-trunk,18,0,0,0,1,6,2020-06-01,16:37:00,Monday,Bury,E08000002,Rural,53.517849,-2.28972,E01005032
06N273745,2020,Serious,Male,11 - 15,Urban area,Less deprived 30-40%,2,1,Single carriageway,30,T or staggered junction,Daylight,Fine no high winds,Dry,None,Non-trunk,4,0,0,0,4,1,2020-08-07,11:15:00,Friday,Bury,E08000002,Urban,53.518389,-2.265984,E01005044
06N274284,2020,Slight,Male,26 - 35,Urban area,More deprived 20-30%,2,1,Single carriageway,30,T or staggered junction,Daylight,Raining no high winds,Snow,None,Non-trunk,15,0,0,0,4,6,2020-08-25,17:40:00,Tuesday,Bury,E08000002,Urban,53.553727,-2.275731,E01004946
06N274660,2020,Serious,Male,16 - 20,Urban area,Most deprived 10%,2,1,One way street,30,T or staggered junction,Darkness - lights unlit,Fine no high winds,Dry,None,Non-trunk,18,0,0,0,1,6,2020-09-01,22:18:00,Tuesday,Bury,E08000002,Urban,53.541249,-2.28828,E01004983
06N275520,2020,Slight,Male,36 - 45,Urban area,Less deprived 40-50%,2,1,Single carriageway,30,Not at junction or within 20 metres,Daylight,Fine no high winds,Dry,None,Non-trunk,11,4,0,0,4,6,2020-09-10,15:50:00,Thursday,Bury,E08000002,Urban,53.524344,-2.263955,E01005041
06N276778,2020,Slight,Male,26 - 35,Urban area,Least deprived 10%,2,1,Single carriageway,30,Crossroads,Daylight,Raining no high winds,Wet or damp,None,Non-trunk,18,0,0,0,4,6,2020-10-29,08:50:00,Thursday,Bury,E08000002,Urban,53.567138,-2.335384,E01005003
06P170097,2020,Slight,Male,46 - 55,Urban area,Less deprived 10-20%,2,1,Single carriageway,30,T or staggered junction,Daylight,Fine no high winds,Dry,None,Non-trunk,18,0,0,0,1,6,2020-03-13,13:24:00,Friday,Rochdale,E08000005,Urban,53.602415,-2.183173,E01005474
06P171169,2020,Slight,Female,21 - 25,Urban area,Most deprived 10%,2,1,Single carriageway,30,Roundabout,Daylight,Fine no high winds,Dry,None,Non-trunk,18,0,0,0,2,6,2020-04-16,16:30:00,Thursday,Rochdale,E08000005,Urban,53.62202,-2.142483,E01033258
06P171716,2020,Slight,Male,66 - 75,Urban area,More deprived 40-50%,2,1,Single carriageway,20,T or staggered junction,Daylight,Fine no high winds,Dry,None,Non-trunk,17,0,0,0,2,6,2020-05-27,10:30:00,Wednesday,Rochdale,E08000005,Urban,53.610092,-2.156922,E01005485
06P172413,2020,Slight,Male,16 - 20,Urban area,More deprived 10-20%,2,1,Single carriageway,30,T or staggered junction,Darkness - lights lit,Fine no high winds,Dry,None,Non-trunk,18,0,0,0,1,6,2020-06-05,21:55:00,Friday,Rochdale,E08000005,Urban,53.620581,-2.163946,E01005483
06P174311,2020,Slight,Male,36 - 45,Urban area,Less deprived 40-50%,2,1,Single carriageway,30,T or staggered junction,Daylight,Fine no high winds,Dry,None,Non-trunk,18,0,0,0,3,6,2020-08-29,14:40:00,Saturday,Rochdale,E08000005,Urban,53.624223,-2.155735,E01005580
06P176722,2020,Serious,Male,46 - 55,Urban area,More deprived 30-40%,2,1,Roundabout,30,Roundabout,Darkness - lights lit,Raining no high winds,Wet or damp,None,Non-trunk,9,0,0,0,1,2,2020-10-26,18:23:00,Monday,Rochdale,E08000005,Urban,53.627215,-2.156517,E01005495
06P178186,2020,Slight,Male,36 - 45,Urban area,Most deprived 10%,2,1,Single carriageway,20,T or staggered junction,Darkness - lights lit,Fine no high winds,Wet or damp,None,Non-trunk,18,0,0,0,1,6,2020-12-05,01:00:00,Saturday,Rochdale,E08000005,Urban,53.605988,-2.15458,E01005470
06P270444,2020,Slight,Male,26 - 35,Data missing or out of range,Data missing or out of range,2,1,Single carriageway,40,Not at junction or within 20 metres,Daylight,Other,Dry,None,Non-trunk,18,0,0,0,2,6,2020-04-09,13:10:00,Thursday,Rochdale,E08000005,Urban,53.629366,-2.140195,E01005578
06P273397,2020,Slight,Male,36 - 45,Urban area,Less deprived 20-30%,2,1,Single carriageway,30,Roundabout,Daylight,Fine no high winds,Dry,None,Non-trunk,18,0,0,0,4,6,2020-07-25,16:45:00,Saturday,Rochdale,E08000005,Urban,53.609552,-2.109281,E01005556
06P275254,2020,Slight,Male,36 - 45,Data missing or out of range,Data missing or out of range,2,1,Single carriageway,30,T or staggered junction,Daylight,Fine no high winds,Dry,None,Non-trunk,18,0,0,0,1,6,2020-09-17,18:05:00,Thursday,Rochdale,E08000005,Urban,53.613489,-2.109215,E01005558
06P276118,2020,Serious,Male,46 - 55,Urban area,More deprived 40-50%,2,1,Single carriageway,30,Not at junction or within 20 metres,Daylight,Fine no high winds,Dry,None,Non-trunk,18,0,0,0,1,6,2020-10-02,16:20:00,Friday,Rochdale,E08000005,Urban,53.573161,-2.175465,E01005479
06P276212,2020,Slight,Male,26 - 35,Urban area,More deprived 40-50%,2,1,Dual carriageway,30,Crossroads,Darkness - no lighting,Fine no high winds,Dry,None,Non-trunk,18,0,0,0,2,6,2020-10-19,07:40:00,Monday,Rochdale,E08000005,Urban,53.600232,-2.098543,E01005562
06P278177,2020,Serious,Female,46 - 55,Urban area,Less deprived 10-20%,2,1,Single carriageway,30,T or staggered junction,Daylight,Fine no high winds,Dry,None,Non-trunk,16,0,0,0,1,6,2020-11-07,10:37:00,Saturday,Rochdale,E08000005,Rural,53.633895,-2.095945,E01005521
06P370529,2020,Serious,Male,26 - 35,Urban area,Most deprived 10%,2,1,Roundabout,40,Roundabout,Darkness - lights lit,Fine no high winds,Dry,None,Non-trunk,18,0,0,0,2,6,2020-02-18,18:45:00,Tuesday,Rochdale,E08000005,Rural,53.576123,-2.205757,E01005508
06P370739,2020,Slight,Male,66 - 75,Urban area,Less deprived 10-20%,2,1,Single carriageway,30,T or staggered junction,Daylight,Fine no high winds,Dry,None,Non-trunk,18,0,0,0,4,6,2020-04-22,11:15:00,Wednesday,Rochdale,E08000005,Urban,53.577903,-2.215991,E01005508
06P370900,2020,Slight,Male,56 - 65,Urban area,More deprived 10-20%,2,1,Roundabout,30,Roundabout,Daylight,Fine no high winds,Dry,None,Non-trunk,18,0,0,0,1,6,2020-04-26,12:35:00,Sunday,Rochdale,E08000005,Urban,53.550404,-2.197316,E01005539
06P371520,2020,Slight,Male,26 - 35,Data missing or out of range,Data missing or out of range,2,1,Single carriageway,30,Not at junction or within 20 metres,Daylight,Fine no high winds,Dry,None,Non-trunk,18,0,0,0,3,6,2020-05-22,19:20:00,Friday,Rochdale,E08000005,Urban,53.558437,-2.181563,E01005538
06P371963,2020,Slight,Male,66 - 75,Urban area,More deprived 20-30%,2,1,Single carriageway,30,Private drive or entrance,Daylight,Fine no high winds,Dry,None,Non-trunk,18,0,0,0,1,6,2020-06-04,15:06:00,Thursday,Rochdale,E08000005,Urban,53.548828,-2.204387,E01005548
06P372528,2020,Serious,Female,36 - 45,Urban area,More deprived 10-20%,2,1,Single carriageway,40,T or staggered junction,Daylight,Fine no high winds,Dry,None,Non-trunk,18,0,0,0,1,6,2020-06-14,10:30:00,Sunday,Rochdale,E08000005,Rural,53.581154,-2.231685,E01005508
06P373386,2020,Slight,Male,26 - 35,Urban area,Most deprived 10%,2,1,Single carriageway,30,Slip road,Daylight,Fine no high winds,Dry,None,Non-trunk,4,0,0,0,4,6,2020-07-22,16:30:00,Wednesday,Rochdale,E08000005,Urban,53.534704,-2.206582,E01005544
06P374451,2020,Slight,Male,11 - 15,Urban area,Most deprived 10%,2,1,Single carriageway,20,Not at junction or within 20 metres,Daylight,Fine no high winds,Dry,None,Non-trunk,18,0,0,0,3,6,2020-08-13,15:03:00,Thursday,Rochdale,E08000005,Urban,53.558403,-2.218337,E01005554
06P374819,2020,Slight,Male,26 - 35,Urban area,More deprived 10-20%,2,1,Roundabout,40,Roundabout,Daylight,Fine no high winds,Dry,None,Non-trunk,18,0,0,0,4,6,2020-08-08,14:19:00,Saturday,Rochdale,E08000005,Rural,53.575106,-2.20684,E01005508
06P374932,2020,Slight,Male,26 - 35,Urban area,Less deprived 40-50%,2,1,Single carriageway,30,Not at junction or within 20 metres,Daylight,Fine no high winds,Dry,None,Non-trunk,18,0,0,0,3,6,2020-09-13,16:15:00,Sunday,Rochdale,E08000005,Urban,53.604326,-2.10357,E01005560
06P376901,2020,Slight,Male,56 - 65,Urban area,More deprived 20-30%,2,1,Single carriageway,20,T or staggered junction,Darkness - lights lit,Fine no high winds,Dry,None,Non-trunk,18,0,0,0,2,6,2020-10-31,18:14:00,Saturday,Rochdale,E08000005,Urban,53.537655,-2.193651,E01005550
06P378958,2020,Slight,Male,46 - 55,Urban area,Less deprived 10-20%,2,1,Roundabout,30,Roundabout,Daylight,Fine no high winds,Wet or damp,None,Non-trunk,18,0,0,0,4,6,2020-12-15,11:30:00,Tuesday,Rochdale,E08000005,Rural,53.576114,-2.205773,E01005508
06Q169456,2020,Slight,Male,26 - 35,Urban area,Most deprived 10%,2,1,Roundabout,30,Roundabout,Daylight,Fine no high winds,Wet or damp,None,Non-trunk,18,0,0,0,1,2,2020-03-04,06:58:00,Wednesday,Oldham,E08000004,Urban,53.548326,-2.096324,E01032920
06Q170538,2020,Slight,Male,36 - 45,Urban area,More deprived 10-20%,2,1,Single carriageway,30,Crossroads,Darkness - lights lit,Raining no high winds,Wet or damp,None,Non-trunk,18,9,0,0,3,6,2020-03-31,05:20:00,Tuesday,Oldham,E08000004,Urban,53.542189,-2.123381,E01005350
06Q171119,2020,Serious,Male,46 - 55,Urban area,Most deprived 10%,2,1,Single carriageway,30,Crossroads,Darkness - lights lit,Fine no high winds,Dry,None,Non-trunk,18,0,0,0,3,6,2020-05-15,20:20:00,Friday,Oldham,E08000004,Urban,53.526786,-2.11148,E01005438
06Q173394,2020,Slight,Male,11 - 15,Urban area,More deprived 10-20%,2,1,Single carriageway,30,T or staggered junction,Darkness - lighting unknown,Fine no high winds,Dry,None,Non-trunk,18,0,0,0,1,6,2020-07-26,01:40:00,Sunday,Oldham,E08000004,Urban,53.555023,-2.083493,E01005421
06Q174379,2020,Serious,Male,46 - 55,Urban area,Least deprived 10%,2,2,Single carriageway,30,Not at junction or within 20 metres,Daylight,Fine no high winds,Dry,None,Non-trunk,18,0,0,0,1,6,2020-08-31,17:08:00,Monday,Oldham,E08000004,Urban,53.547143,-2.06656,E01005387
06Q175416,2020,Serious,Male,56 - 65,Urban area,More deprived 10-20%,2,1,Single carriageway,30,T or staggered junction,Daylight,Fine no high winds,Dry,None,Non-trunk,18,0,0,0,3,2,2020-09-21,17:15:00,Monday,Oldham,E08000004,Urban,53.529311,-2.112377,E01005320
06Q176376,2020,Slight,Male,21 - 25,Urban area,Most deprived 10%,2,1,Single carriageway,30,T or staggered junction,Daylight,Fine no high winds,Dry,None,Non-trunk,10,0,0,0,1,2,2020-10-11,14:15:00,Sunday,Oldham,E08000004,Urban,53.552029,-2.11695,E01005348
06Q269857,2020,Slight,Male,46 - 55,Data missing or out of range,Data missing or out of range,3,1,Single carriageway,30,Crossroads,Daylight,Fine no high winds,Dry,None,Non-trunk,18,0,0,0,1,6,2020-02-23,14:50:00,Sunday,Oldham,E08000004,Urban,53.56094,-2.103599,E01005397
06Q269882,2020,Slight,Male,36 - 45,Small town,Less deprived 20-30%,2,1,Single carriageway,40,Not at junction or within 20 metres,Darkness - lights lit,Raining no high winds,Wet or damp,None,Non-trunk,18,0,0,0,1,6,2020-03-09,19:18:00,Monday,Oldham,E08000004,Rural,53.55254,-2.035566,E01005416
06Q271343,2020,Serious,Female,36 - 45,Urban area,Less deprived 40-50%,2,1,Single carriageway,40,Private drive or entrance,Daylight,Fine no high winds,Dry,None,Non-trunk,17,0,0,0,4,6,2020-05-14,12:30:00,Thursday,Oldham,E08000004,Rural,53.558446000000004,-2.032929,E01005416
06Q271776,2020,Slight,Male,16 - 20,Urban area,More deprived 30-40%,2,1,Roundabout,30,Roundabout,Daylight,Fine no high winds,Dry,None,Non-trunk,18,0,0,0,1,6,2020-05-20,16:30:00,Wednesday,Oldham,E08000004,Urban,53.509013,-2.139359,E01005365
06Q272628,2020,Slight,Male,11 - 15,Rural,Least deprived 10%,2,1,Single carriageway,30,Private drive or entrance,Daylight,Raining no high winds,Wet or damp,None,Non-trunk,18,0,0,0,1,6,2020-06-12,14:30:00,Friday,Oldham,E08000004,Urban,53.55364,-2.018978,E01005412
06Q272656,2020,Slight,Male,11 - 15,Urban area,Less deprived 10-20%,2,1,Single carriageway,30,Crossroads,Daylight,Fine no high winds,Wet or damp,None,Non-trunk,18,0,0,0,1,6,2020-06-18,14:45:00,Thursday,Oldham,E08000004,Urban,53.548291999999996,-2.069127,E01005387
06Q273096,2020,Slight,Male,16 - 20,Urban area,More deprived 30-40%,2,1,Single carriageway,30,Crossroads,Daylight,Fine no high winds,Dry,None,Non-trunk,18,0,0,0,1,6,2020-07-14,18:45:00,Tuesday,Oldham,E08000004,Urban,53.578598,-2.097238,E01005445
06Q273685,2020,Fatal,Male,56 - 65,Urban area,More deprived 40-50%,2,1,Single carriageway,30,T or staggered junction,Daylight,Fine no high winds,Dry,None,Non-trunk,18,0,0,0,3,6,2020-08-06,17:10:00,Thursday,Oldham,E08000004,Urban,53.548705,-2.069233,E01005387
06Q273791,2020,Slight,Male,11 - 15,Urban area,Most deprived 10%,2,1,Single carriageway,30,T or staggered junction,Daylight,Fine no high winds,Dry,None,Non-trunk,18,0,0,0,1,6,2020-08-07,18:16:00,Friday,Oldham,E08000004,Urban,53.526797,-2.143053,E01005344
06Q276240,2020,Slight,Female,46 - 55,Urban area,More deprived 10-20%,2,1,Single carriageway,30,T or staggered junction,Daylight,Fine no high winds,Dry,None,Non-trunk,18,0,0,0,2,6,2020-10-16,11:20:00,Friday,Oldham,E08000004,Urban,53.568981,-2.106684,E01005356
06Q276462,2020,Slight,Male,11 - 15,Data missing or out of range,Data missing or out of range,2,1,Single carriageway,30,Not at junction or within 20 metres,Darkness - lights lit,Raining no high winds,Wet or damp,None,Non-trunk,9,0,0,0,1,6,2020-10-19,20:45:00,Monday,Oldham,E08000004,Urban,53.562148,-2.118427,E01005398
06Q277591,2020,Serious,Male,36 - 45,Urban area,More deprived 40-50%,2,1,Single carriageway,30,T or staggered junction,Darkness - lights lit,Fine no high winds,Dry,None,Non-trunk,18,0,0,0,1,1,2020-11-23,16:47:00,Monday,Oldham,E08000004,Urban,53.519871,-2.139425,E01005376
06Q467953,2020,Slight,Male,26 - 35,Urban area,More deprived 30-40%,2,1,Single carriageway,30,Not at junction or within 20 metres,Darkness - lighting unknown,Fine no high winds,Wet or damp,None,Non-trunk,18,0,0,0,2,6,2020-02-01,19:04:00,Saturday,Oldham,E08000004,Urban,53.578844,-2.092693,E01005445
06Q468116,2020,Serious,Male,46 - 55,Urban area,More deprived 10-20%,2,1,Single carriageway,30,Not at junction or within 20 metres,Daylight,Fine no high winds,Dry,None,Non-trunk,18,0,0,0,2,6,2020-02-02,08:20:00,Sunday,Oldham,E08000004,Urban,53.582084,-2.135702,E01005394
06XM74550,2020,Slight,Male,46 - 55,Urban area,Less deprived 40-50%,2,1,Single carriageway,30,Roundabout,Daylight,Raining no high winds,Wet or damp,None,Non-trunk,18,0,0,0,4,6,2020-09-02,18:30:00,Wednesday,Trafford,E08000009,Rural,53.427273,-2.293169,E01006164
06A010356,2016,Slight,Male,36 - 45,Urban area,Less deprived 20-30%,2,1,Single carriageway,30,T or staggered junction,Daylight,Fine no high winds,Wet or damp,None,Non-trunk,Overtaking - nearside,On main c'way - not in restricted lane,None,None,Nearside,Journey as part of work,2016-01-04,08:30:00,Monday,Manchester,E08000003,Urban,53.480015,-2.229669,E01033659
06A010584,2016,Slight,Male,56 - 65,Urban area,More deprived 20-30%,2,1,Dual carriageway,30,T or staggered junction,Darkness - lights lit,Fine no high winds,Wet or damp,None,Non-trunk,Going ahead other,On main c'way - not in restricted lane,None,None,Front,Not known,2016-01-07,05:02:00,Thursday,Manchester,E08000003,Urban,53.476999,-2.21781,E01033688
06A010608,2016,Serious,Male,36 - 45,Urban area,Less deprived 40-50%,2,1,Single carriageway,30,T or staggered junction,Darkness - lights lit,Fine no high winds,Wet or damp,None,Non-trunk,Going ahead other,On main c'way - not in restricted lane,None,None,Front,Not known,2016-01-07,18:57:00,Thursday,Manchester,E08000003,Urban,53.47484,-2.237717,E01005128
06A010928,2016,Serious,Male,36 - 45,Urban area,Most deprived 10%,2,1,Single carriageway,30,T or staggered junction,Daylight,Fine no high winds,Dry,None,Non-trunk,Going ahead other,Cycle lane (on main carriageway),None,None,Offside,Commuting to/from work,2016-01-11,10:05:00,Monday,Manchester,E08000003,Urban,53.473976,-2.238058,E01005128
06A011100,2016,Slight,Male,36 - 45,Urban area,Most deprived 10%,2,1,Dual carriageway,30,Slip road,Darkness - lights lit,Fine no high winds,Dry,None,Non-trunk,Going ahead other,Cycle lane (on main carriageway),None,None,Front,Not known,2016-01-19,19:55:00,Tuesday,Manchester,E08000003,Urban,53.4741,-2.229788,E01033654
06A011653,2016,Slight,Male,16 - 20,Urban area,More deprived 30-40%,2,1,Single carriageway,30,Crossroads,Daylight,Fine no high winds,Dry,None,Non-trunk,Going ahead other,On main c'way - not in restricted lane,None,None,Front,Not known,2016-01-23,16:00:00,Saturday,Manchester,E08000003,Urban,53.473352,-2.239908,E01033662
06A011835,2016,Slight,Male,26 - 35,Urban area,More deprived 40-50%,2,1,Single carriageway,30,Crossroads,Darkness - lights lit,Raining no high winds,Wet or damp,None,Non-trunk,Turning right,On main c'way - not in restricted lane,None,None,Front,Commuting to/from work,2016-02-04,06:30:00,Thursday,Manchester,E08000003,Urban,53.47563,-2.238068,E01033662
06A012877,2016,Slight,Male,16 - 20,Urban area,Most deprived 10%,2,1,Dual carriageway,30,T or staggered junction,Daylight,Fine no high winds,Dry,None,Non-trunk,Going ahead other,On main c'way - not in restricted lane,None,None,Front,Not known,2016-02-25,08:45:00,Thursday,Manchester,E08000003,Urban,53.49291,-2.249484,E01033674
06A012983,2016,Slight,Female,26 - 35,Urban area,More deprived 30-40%,2,1,One way street,30,Crossroads,Daylight,Fine no high winds,Dry,None,Non-trunk,Changing lane to left,On main c'way - not in restricted lane,None,None,Back,Commuting to/from work,2016-03-05,13:30:00,Saturday,Manchester,E08000003,Urban,53.474229,-2.237261,E01005128
06A013044,2016,Slight,Male,26 - 35,Urban area,More deprived 10-20%,2,1,Single carriageway,30,Crossroads,Darkness - lights lit,Snowing no high winds,Wet or damp,None,Non-trunk,Going ahead other,On main c'way - not in restricted lane,None,None,Front,Not known,2016-03-04,17:15:00,Friday,Manchester,E08000003,Urban,53.475951,-2.252232,E01033683
06A013762,2016,Slight,Male,21 - 25,Urban area,More deprived 30-40%,1,1,Single carriageway,30,Crossroads,Darkness - lights lit,Fine no high winds,Dry,None,Non-trunk,Going ahead other,On main c'way - not in restricted lane,None,None,Front,Not known,2016-03-14,18:15:00,Monday,Manchester,E08000003,Urban,53.474184,-2.237141,E01005128
06A014744,2016,Serious,Male,26 - 35,Urban area,More deprived 20-30%,3,1,Single carriageway,30,Not at junction or within 20 metres,Daylight,Unknown,Dry,None,Non-trunk,Overtaking moving vehicle - offside,On main c'way - not in restricted lane,None,None,Front,Not known,2016-04-10,18:00:00,Sunday,Manchester,E08000003,Urban,53.482102,-2.175236,E01005094
06A015072,2016,Slight,Female,21 - 25,Data missing or out of range,Data missing or out of range,2,1,Single carriageway,30,Crossroads,Daylight,Fine no high winds,Dry,None,Non-trunk,Going ahead other,On main c'way - not in restricted lane,None,None,Front,Commuting to/from work,2016-04-18,08:50:00,Monday,Manchester,E08000003,Urban,53.475089,-2.247662,E01033683
06A015213,2016,Slight,Male,46 - 55,Urban area,More deprived 10-20%,2,1,Single carriageway,30,T or staggered junction,Daylight,Fine no high winds,Dry,None,Non-trunk,Going ahead other,On main c'way - not in restricted lane,None,None,Offside,Not known,2016-04-14,18:30:00,Thursday,Manchester,E08000003,Urban,53.503299,-2.218246,E01005203
06A015247,2016,Serious,Male,56 - 65,Urban area,Most deprived 10%,2,1,Single carriageway,30,T or staggered junction,Darkness - lights lit,Fine no high winds,Dry,None,Non-trunk,Turning right,On main c'way - not in restricted lane,None,None,Front,Not known,2016-04-21,23:30:00,Thursday,Manchester,E08000003,Urban,53.47084,-2.168425,E01005108
06A015540,2016,Slight,Male,36 - 45,Urban area,More deprived 30-40%,2,1,Single carriageway,30,T or staggered junction,Daylight,Fine no high winds,Dry,None,Non-trunk,Going ahead other,On main c'way - not in restricted lane,None,None,Front,Not known,2016-05-03,10:27:00,Tuesday,Manchester,E08000003,Urban,53.477466,-2.250147,E01033682
06A015617,2016,Slight,Male,36 - 45,Urban area,Less deprived 40-50%,2,2,Dual carriageway,30,T or staggered junction,Daylight,Fine no high winds,Dry,None,Non-trunk,Overtaking moving vehicle - offside,On main c'way - not in restricted lane,None,None,Nearside,Commuting to/from work,2016-05-04,09:40:00,Wednesday,Manchester,E08000003,Urban,53.476644,-2.234367,E01033654
06A015819,2016,Slight,Male,36 - 45,Small town,Less deprived 20-30%,2,1,Single carriageway,30,Not at junction or within 20 metres,Daylight,Fine no high winds,Dry,None,Non-trunk,Going ahead other,On main c'way - not in restricted lane,None,None,Front,Commuting to/from work,2016-05-02,18:30:00,Monday,Manchester,E08000003,Urban,53.443193,-2.191154,E01005221
06A015823,2016,Slight,Male,46 - 55,Urban area,Most deprived 10%,2,1,Single carriageway,30,Not at junction or within 20 metres,Daylight,Fine no high winds,Dry,None,Non-trunk,Going ahead other,On main c'way - not in restricted lane,None,None,Offside,Not known,2016-04-29,19:20:00,Friday,Manchester,E08000003,Urban,53.465845,-2.240574,E01005210
06A016134,2016,Slight,Male,26 - 35,Urban area,More deprived 30-40%,2,1,Single carriageway,30,Crossroads,Daylight,Raining no high winds,Wet or damp,None,Non-trunk,Going ahead other,On main c'way - not in restricted lane,None,None,Front,Commuting to/from work,2016-04-28,15:00:00,Thursday,Manchester,E08000003,Urban,53.45914,-2.244949,E01005245
06A016173,2016,Slight,Female,66 - 75,Urban area,More deprived 10-20%,2,1,Dual carriageway,30,Private drive or entrance,Daylight,Fine no high winds,Dry,None,Non-trunk,Turning left,Cycleway or shared use footway (not part of  main carriageway),None,None,Front,Not known,2016-05-25,10:40:00,Wednesday,Manchester,E08000003,Urban,53.431977,-2.269567,E01005082
06A016212,2016,Serious,Male,36 - 45,Urban area,Most deprived 10%,2,1,Dual carriageway,30,Crossroads,Daylight,Fine no high winds,Dry,None,Non-trunk,Going ahead other,On main c'way - not in restricted lane,None,None,Front,Not known,2016-05-22,13:10:00,Sunday,Manchester,E08000003,Urban,53.491678,-2.240705,E01033655
06A016277,2016,Slight,Male,16 - 20,Data missing or out of range,Data missing or out of range,2,1,Dual carriageway,30,T or staggered junction,Daylight,Raining no high winds,Dry,None,Non-trunk,Going ahead other,On main c'way - not in restricted lane,None,None,Offside,Journey as part of work,2016-05-23,12:40:00,Monday,Manchester,E08000003,Urban,53.474828,-2.247736,E01033677
06A016375,2016,Slight,Male,36 - 45,Urban area,More deprived 20-30%,2,1,Dual carriageway,30,T or staggered junction,Daylight,Raining no high winds,Wet or damp,None,Non-trunk,Going ahead other,On main c'way - not in restricted lane,None,None,Nearside,Not known,2016-05-10,19:00:00,Tuesday,Manchester,E08000003,Urban,53.51123,-2.244616,E01005142
06A016378,2016,Slight,Male,21 - 25,Urban area,More deprived 30-40%,2,1,Single carriageway,30,T or staggered junction,Daylight,Fine no high winds,Dry,None,Non-trunk,Going ahead other,On main c'way - not in restricted lane,None,None,Front,Not known,2016-05-11,08:47:00,Wednesday,Manchester,E08000003,Urban,53.439907,-2.220134,E01005271
06A017116,2016,Slight,Male,46 - 55,Urban area,More deprived 30-40%,2,1,Single carriageway,30,T or staggered junction,Daylight,Fine no high winds,Dry,None,Non-trunk,Going ahead other,On main c'way - not in restricted lane,None,None,Nearside,Not known,2016-06-15,07:45:00,Wednesday,Manchester,E08000003,Urban,53.479076,-2.196725,E01005106
06A017137,2016,Slight,Female,36 - 45,Urban area,Most deprived 10%,3,1,Single carriageway,30,T or staggered junction,Daylight,Fine no high winds,Dry,Roadworks,Non-trunk,Going ahead other,On main c'way - not in restricted lane,None,None,Offside,Not known,2016-06-06,15:35:00,Monday,Manchester,E08000003,Urban,53.476941,-2.243168,E01033662
06A017165,2016,Slight,Male,56 - 65,Urban area,Most deprived 10%,3,1,Single carriageway,30,Not at junction or within 20 metres,Daylight,Fine no high winds,Dry,None,Non-trunk,Moving off,On main c'way - not in restricted lane,None,None,Offside,Not known,2016-06-16,17:10:00,Thursday,Manchester,E08000003,Urban,53.462436,-2.180622,E01005201
06A017377,2016,Serious,Male,6 - 10,Urban area,More deprived 40-50%,2,1,Single carriageway,30,Not at junction or within 20 metres,Daylight,Fine no high winds,Dry,None,Non-trunk,Reversing,On main c'way - not in restricted lane,None,None,Offside,Not known,2016-06-22,18:10:00,Wednesday,Manchester,E08000003,Urban,53.516762,-2.163042,E01005254
06A017494,2016,Slight,Female,26 - 35,Urban area,More deprived 30-40%,2,1,Single carriageway,30,Crossroads,Daylight,Raining no high winds,Wet or damp,None,Non-trunk,Going ahead other,On main c'way - not in restricted lane,None,None,Offside,Commuting to/from work,2016-06-20,07:45:00,Monday,Manchester,E08000003,Urban,53.484568,-2.245381,E01033658
06A017500,2016,Slight,Male,21 - 25,Urban area,Most deprived 10%,2,1,Single carriageway,30,T or staggered junction,Daylight,Fine no high winds,Dry,None,Non-trunk,Changing lane to right,On main c'way - not in restricted lane,None,None,Offside,Journey as part of work,2016-06-21,14:15:00,Tuesday,Manchester,E08000003,Urban,53.480606,-2.235323,E01033653
06A017784,2016,Slight,Male,36 - 45,Urban area,More deprived 20-30%,2,1,Single carriageway,30,T or staggered junction,Daylight,Raining no high winds,Wet or damp,None,Non-trunk,Going ahead other,On main c'way - not in restricted lane,None,None,Front,Commuting to/from work,2016-06-28,19:04:00,Tuesday,Manchester,E08000003,Urban,53.481453,-2.252039,E01033681
06A017873,2016,Slight,Male,21 - 25,Urban area,More deprived 30-40%,2,1,Single carriageway,30,T or staggered junction,Daylight,Fine no high winds,Dry,None,Non-trunk,Going ahead other,On main c'way - not in restricted lane,None,None,Front,Not known,2016-06-26,19:27:00,Sunday,Manchester,E08000003,Urban,53.479425,-2.237004,E01033653
06A017973,2016,Slight,Male,16 - 20,Urban area,Most deprived 10%,2,1,Single carriageway,30,T or staggered junction,Darkness - lights lit,Fine no high winds,Dry,None,Non-trunk,Turning left,On main c'way - not in restricted lane,None,None,Offside,Not known,2016-08-19,22:20:00,Friday,Manchester,E08000003,Urban,53.445518,-2.181318,E01005220
06A018178,2016,Slight,Female,26 - 35,Urban area,Most deprived 10%,2,1,Single carriageway,30,T or staggered junction,Daylight,Fine no high winds,Dry,None,Non-trunk,Going ahead other,On main c'way - not in restricted lane,None,None,Front,Not known,2016-07-02,20:30:00,Saturday,Manchester,E08000003,Urban,53.518785,-2.233136,E01005164
06A018345,2016,Slight,Male,26 - 35,Urban area,More deprived 20-30%,2,1,Single carriageway,30,T or staggered junction,Daylight,Fine no high winds,Dry,None,Non-trunk,Going ahead left-hand bend,On main c'way - not in restricted lane,None,None,Front,Not known,2016-07-18,09:12:00,Monday,Manchester,E08000003,Urban,53.457956,-2.225212,E01005284
06A019290,2016,Slight,Male,16 - 20,Urban area,Most deprived 10%,3,1,Single carriageway,30,Not at junction or within 20 metres,Daylight,Fine no high winds,Dry,None,Non-trunk,Going ahead other,On main c'way - not in restricted lane,None,None,Front,Not known,2016-08-08,18:33:00,Monday,Manchester,E08000003,Urban,53.455563,-2.172626,E01005195
06A019351,2016,Slight,Male,26 - 35,Data missing or out of range,Data missing or out of range,2,1,Single carriageway,30,Not at junction or within 20 metres,Daylight,Fine no high winds,Dry,None,Non-trunk,Going ahead other,On main c'way - not in restricted lane,None,None,Front,Not known,2016-08-02,08:50:00,Tuesday,Manchester,E08000003,Urban,53.474381,-2.242445,E01033662
06A019515,2016,Slight,Male,46 - 55,Urban area,More deprived 10-20%,2,1,Single carriageway,30,T or staggered junction,Daylight,Fine no high winds,Dry,None,Non-trunk,Going ahead other,On main c'way - not in restricted lane,None,None,Front,Not known,2016-08-23,08:43:00,Tuesday,Manchester,E08000003,Urban,53.492308,-2.231393,E01033665
06A019524,2016,Slight,Male,36 - 45,Urban area,Less deprived 10-20%,2,1,Single carriageway,30,Crossroads,Daylight,Fine no high winds,Dry,None,Non-trunk,Going ahead other,Cycle lane (on main carriageway),None,None,Front,Commuting to/from work,2016-08-17,16:45:00,Wednesday,Manchester,E08000003,Urban,53.475951,-2.252263,E01033683
06A019579,2016,Slight,Female,21 - 25,Data missing or out of range,Data missing or out of range,2,1,Single carriageway,30,T or staggered junction,Daylight,Fine no high winds,Dry,None,Non-trunk,Going ahead other,Cycle lane (on main carriageway),None,None,Offside,Not known,2016-08-17,10:15:00,Wednesday,Manchester,E08000003,Urban,53.476948,-2.239582,E01033653
06A019869,2016,Slight,Female,36 - 45,Urban area,Most deprived 10%,2,1,Single carriageway,30,Private drive or entrance,Darkness - lights lit,Fine no high winds,Dry,None,Non-trunk,Slowing or stopping,Footway (pavement),None,None,Front,Not known,2016-08-29,23:00:00,Monday,Manchester,E08000003,Urban,53.490625,-2.241256,E01033655
06A020239,2016,Slight,Male,26 - 35,Urban area,More deprived 10-20%,2,1,Dual carriageway,30,T or staggered junction,Daylight,Raining no high winds,Wet or damp,None,Non-trunk,Going ahead other,On main c'way - not in restricted lane,None,None,Back,Not known,2016-09-04,08:00:00,Sunday,Manchester,E08000003,Urban,53.489845,-2.201387,E01005257
06A020296,2016,Serious,Male,16 - 20,Urban area,Most deprived 10%,2,1,Single carriageway,30,Crossroads,Darkness - lights lit,Fine no high winds,Dry,None,Non-trunk,Going ahead other,On main c'way - not in restricted lane,None,None,Nearside,Not known,2016-09-11,01:10:00,Sunday,Manchester,E08000003,Urban,53.47669,-2.233885,E01033654
06A020365,2016,Serious,Male,56 - 65,Urban area,Most deprived 10%,2,1,Single carriageway,30,Crossroads,Daylight,Fine no high winds,Dry,None,Non-trunk,Going ahead other,On main c'way - not in restricted lane,None,None,Front,Not known,2016-09-11,09:52:00,Sunday,Manchester,E08000003,Urban,53.49339,-2.225099,E01033665
06A020748,2016,Serious,Female,11 - 15,Data missing or out of range,Data missing or out of range,2,1,One way street,30,Not at junction or within 20 metres,Daylight,Fine no high winds,Dry,None,Non-trunk,Going ahead other,Footway (pavement),None,None,Front,Pupil riding to/from school,2016-09-14,16:17:00,Wednesday,Manchester,E08000003,Urban,53.524675,-2.173677,E01005251
06A020811,2016,Slight,Male,36 - 45,Urban area,More deprived 40-50%,2,1,Single carriageway,30,T or staggered junction,Daylight,Fine no high winds,Dry,None,Non-trunk,Going ahead other,On main c'way - not in restricted lane,None,None,Nearside,Journey as part of work,2016-09-13,07:13:00,Tuesday,Manchester,E08000003,Urban,53.503537,-2.194863,E01005202
06A020993,2016,Slight,Male,46 - 55,Data missing or out of range,Data missing or out of range,2,1,Single carriageway,30,T or staggered junction,Daylight,Raining no high winds,Wet or damp,None,Non-trunk,Turning right,On main c'way - not in restricted lane,None,None,Nearside,Journey as part of work,2016-09-13,18:39:00,Tuesday,Manchester,E08000003,Urban,53.475098,-2.247632,E01033683
06A021157,2016,Slight,Male,36 - 45,Urban area,More deprived 10-20%,2,1,One way street,30,T or staggered junction,Daylight,Fine no high winds,Wet or damp,None,Non-trunk,Turning right,On main c'way - not in restricted lane,None,None,Offside,Not known,2016-09-26,11:30:00,Monday,Manchester,E08000003,Urban,53.485495,-2.211931,E01033663
06A021488,2016,Slight,Male,26 - 35,Urban area,More deprived 10-20%,2,1,Dual carriageway,30,Crossroads,Daylight,Fine no high winds,Dry,None,Non-trunk,Going ahead other,On main c'way - not in restricted lane,None,None,Back,Not known,2016-09-17,18:03:00,Saturday,Manchester,E08000003,Urban,53.473902,-2.194321,E01005106
06A022303,2016,Slight,Male,36 - 45,Urban area,Most deprived 10%,2,1,Single carriageway,30,Crossroads,Darkness - lights lit,Fine no high winds,Dry,None,Non-trunk,Going ahead other,On main c'way - not in restricted lane,None,None,Did not impact,Not known,2016-10-24,20:40:00,Monday,Manchester,E08000003,Urban,53.477468,-2.240172,E01033653
06A022381,2016,Slight,Male,21 - 25,Urban area,Most deprived 10%,2,1,Single carriageway,30,Crossroads,Darkness - lights lit,Fine no high winds,Wet or damp,None,Non-trunk,Overtaking - nearside,On main c'way - not in restricted lane,None,None,Front,Not known,2016-10-27,18:30:00,Thursday,Manchester,E08000003,Urban,53.508172,-2.217201,E01005203
06A022631,2016,Serious,Male,36 - 45,Urban area,More deprived 10-20%,2,1,Single carriageway,30,T or staggered junction,Daylight,Fine no high winds,Wet or damp,None,Non-trunk,Going ahead other,Bus lane,None,None,Offside,Not known,2016-11-12,11:50:00,Saturday,Manchester,E08000003,Urban,53.462562,-2.180924,E01005186
06A023236,2016,Serious,Male,21 - 25,Urban area,More deprived 10-20%,2,1,Single carriageway,30,Crossroads,Darkness - lighting unknown,Unknown,Dry,None,Non-trunk,Going ahead other,On main c'way - not in restricted lane,None,None,Offside,Not known,2016-11-04,19:15:00,Friday,Manchester,E08000003,Urban,53.510871,-2.244357,E01005142
06A023468,2016,Slight,Male,11 - 15,Urban area,Most deprived 10%,2,1,Single carriageway,20,Mini-roundabout,Darkness - lights lit,Raining no high winds,Wet or damp,None,Non-trunk,Going ahead other,On main c'way - not in restricted lane,None,None,Did not impact,Not known,2016-11-14,19:57:00,Monday,Manchester,E08000003,Urban,53.482837,-2.22016,E01005133
06A023731,2016,Serious,Male,21 - 25,Urban area,More deprived 40-50%,2,1,Single carriageway,30,Crossroads,Darkness - lights lit,Raining no high winds,Wet or damp,None,Non-trunk,Going ahead other,On main c'way - not in restricted lane,None,None,Front,Commuting to/from work,2016-11-14,18:30:00,Monday,Manchester,E08000003,Urban,53.47831,-2.237299,E01033653
06A024190,2016,Slight,Male,21 - 25,Urban area,Most deprived 10%,2,1,Single carriageway,30,More than 4 arms (not roundabout),Daylight,Fine no high winds,Wet or damp,None,Non-trunk,Going ahead other,On main c'way - not in restricted lane,None,None,Front,Journey as part of work,2016-11-10,08:18:00,Thursday,Manchester,E08000003,Urban,53.50835,-2.2419,E01005145
06A024465,2016,Serious,Male,36 - 45,Urban area,Most deprived 10%,2,1,Single carriageway,20,Crossroads,Daylight,Fine no high winds,Dry,None,Non-trunk,Going ahead other,On main c'way - not in restricted lane,None,None,Did not impact,Not known,2016-12-01,14:45:00,Thursday,Manchester,E08000003,Urban,53.480964,-2.244909,E01033658
06A025066,2016,Slight,Female,36 - 45,Urban area,More deprived 20-30%,2,1,Single carriageway,30,Crossroads,Daylight,Fine no high winds,Wet or damp,None,Non-trunk,Going ahead other,Cycle lane (on main carriageway),None,None,Front,Commuting to/from work,2016-12-22,08:40:00,Thursday,Manchester,E08000003,Urban,53.488349,-2.223972,E01033651
06A025300,2016,Slight,Male,11 - 15,Urban area,More deprived 30-40%,2,1,Single carriageway,30,T or staggered junction,Daylight,Fine no high winds,Dry,None,Non-trunk,Going ahead other,On main c'way - not in restricted lane,None,None,Front,Not known,2016-12-28,15:51:00,Wednesday,Manchester,E08000003,Urban,53.519538,-2.182252,E01005252
06A025468,2016,Slight,Male,6 - 10,Urban area,More deprived 30-40%,2,1,Dual carriageway,30,Crossroads,Darkness - lights lit,Fine no high winds,Wet or damp,None,Non-trunk,Going ahead other,On main c'way - not in restricted lane,None,None,Nearside,Not known,2016-12-29,18:35:00,Thursday,Manchester,E08000003,Urban,53.474199,-2.194352,E01005106
06E010481,2016,Slight,Female,6 - 10,Urban area,Most deprived 10%,2,1,Single carriageway,30,Crossroads,Daylight,Fine no high winds,Dry,None,Non-trunk,Going ahead other,On main c'way - not in restricted lane,None,None,Nearside,Not known,2016-01-01,12:40:00,Friday,Manchester,E08000003,Urban,53.432613,-2.270595,E01005158
06E010560,2016,Serious,Male,56 - 65,Urban area,Most deprived 10%,2,1,Single carriageway,30,T or staggered junction,Darkness - lights lit,Raining no high winds,Wet or damp,None,Non-trunk,Turning right,On main c'way - not in restricted lane,None,None,Back,Not known,2016-01-02,16:51:00,Saturday,Manchester,E08000003,Urban,53.443313,-2.205668,E01005282
06E010601,2016,Slight,Male,46 - 55,Urban area,Most deprived 10%,2,1,Single carriageway,30,T or staggered junction,Daylight,Fine no high winds,Dry,None,Non-trunk,Going ahead other,On main c'way - not in restricted lane,None,None,Offside,Journey as part of work,2016-01-06,08:57:00,Wednesday,Manchester,E08000003,Urban,53.469678,-2.238712,E01005212
06E011269,2016,Slight,Female,21 - 25,Urban area,Most deprived 10%,2,1,Single carriageway,30,T or staggered junction,Daylight,Raining no high winds,Wet or damp,None,Non-trunk,Going ahead left-hand bend,On main c'way - not in restricted lane,None,None,Back,Not known,2016-01-07,11:00:00,Thursday,Manchester,E08000003,Urban,53.464451,-2.236318,E01005209
06E011488,2016,Serious,Male,21 - 25,Urban area,Less deprived 40-50%,2,1,Single carriageway,30,T or staggered junction,Daylight,Fine no high winds,Dry,None,Non-trunk,Going ahead other,On main c'way - not in restricted lane,None,None,Front,Not known,2016-01-23,13:55:00,Saturday,Manchester,E08000003,Urban,53.453716,-2.223955,E01005288
06E011528,2016,Serious,Female,46 - 55,Urban area,More deprived 10-20%,2,1,Single carriageway,30,T or staggered junction,Daylight,Fine no high winds,Dry,None,Non-trunk,Going ahead other,On main c'way - not in restricted lane,None,None,Offside,Commuting to/from work,2016-01-14,12:45:00,Thursday,Manchester,E08000003,Urban,53.454007,-2.25793,E01033686
06E011727,2016,Slight,Male,11 - 15,Urban area,Most deprived 10%,2,1,Single carriageway,30,T or staggered junction,Darkness - lights lit,Snowing + high winds,Wet or damp,None,Non-trunk,Going ahead other,On main c'way - not in restricted lane,None,None,Front,Not known,2016-02-01,16:30:00,Monday,Manchester,E08000003,Urban,53.388238,-2.277169,E01005074
06E011869,2016,Fatal,Male,46 - 55,Urban area,Most deprived 10%,2,1,Unknown,30,Not at junction or within 20 metres,Darkness - lights lit,Fine no high winds,Dry,None,Non-trunk,Going ahead other,Tram/Light rail track,None,None,Offside,Commuting to/from work,2016-02-16,06:55:00,Tuesday,Manchester,E08000003,Urban,53.376193,-2.257069,E01005313
06E012066,2016,Slight,Male,26 - 35,Urban area,More deprived 10-20%,1,2,Single carriageway,30,T or staggered junction,Daylight,Raining no high winds,Wet or damp,None,Non-trunk,Going ahead other,On main c'way - not in restricted lane,None,None,Nearside,Not known,2016-01-30,14:15:00,Saturday,Manchester,E08000003,Urban,53.444109,-2.191701,E01005221
06E012573,2016,Slight,Female,36 - 45,Urban area,More deprived 30-40%,2,1,Single carriageway,30,T or staggered junction,Daylight,Fine no high winds,Dry,None,Non-trunk,Going ahead other,On main c'way - not in restricted lane,None,None,Offside,Commuting to/from work,2016-01-20,14:20:00,Wednesday,Manchester,E08000003,Urban,53.401496,-2.253146,E01005263
06E012751,2016,Slight,Male,11 - 15,Urban area,Most deprived 10%,2,1,Single carriageway,30,Crossroads,Daylight,Unknown,Dry,None,Non-trunk,Going ahead other,On main c'way - not in restricted lane,None,None,Did not impact,Not known,2016-02-17,14:17:00,Wednesday,Manchester,E08000003,Urban,53.420624,-2.211623,E01005124
06E012798,2016,Slight,Male,26 - 35,Urban area,More deprived 10-20%,2,1,Single carriageway,30,Crossroads,Darkness - lights lit,Raining no high winds,Wet or damp,None,Non-trunk,Going ahead other,On main c'way - not in restricted lane,None,None,Nearside,Not known,2016-02-21,22:00:00,Sunday,Manchester,E08000003,Urban,53.455231,-2.216298,E01005284
06E012806,2016,Serious,Male,21 - 25,Urban area,More deprived 20-30%,2,1,Single carriageway,30,T or staggered junction,Daylight,Fine no high winds,Dry,None,Non-trunk,Going ahead other,On main c'way - not in restricted lane,None,None,Offside,Not known,2016-02-23,09:56:00,Tuesday,Manchester,E08000003,Urban,53.457992,-2.225228,E01005284
06E012889,2016,Slight,Male,36 - 45,Urban area,Most deprived 10%,2,1,Single carriageway,30,T or staggered junction,Daylight,Fine no high winds,Wet or damp,None,Non-trunk,Going ahead other,On main c'way - not in restricted lane,None,None,Front,Not known,2016-03-07,14:29:00,Monday,Manchester,E08000003,Urban,53.456169,-2.229134,E01005244
06E013480,2016,Slight,Male,46 - 55,Urban area,More deprived 10-20%,2,1,Single carriageway,20,Crossroads,Darkness - lights lit,Raining no high winds,Wet or damp,None,Non-trunk,Turning left,On main c'way - not in restricted lane,None,None,Back,Not known,2016-03-01,20:07:00,Tuesday,Manchester,E08000003,Urban,53.452637,-2.228994,E01005285
06E013909,2016,Slight,Male,36 - 45,Urban area,Most deprived 10%,2,1,Single carriageway,30,Crossroads,Daylight,Fine no high winds,Dry,None,Non-trunk,Going ahead other,On main c'way - not in restricted lane,None,None,Front,Not known,2016-03-14,13:11:00,Monday,Manchester,E08000003,Urban,53.436847,-2.226847,E01005273
06E014331,2016,Slight,Female,26 - 35,Urban area,More deprived 20-30%,2,1,Single carriageway,20,Not at junction or within 20 metres,Daylight,Fine no high winds,Dry,None,Non-trunk,Going ahead other,On main c'way - not in restricted lane,None,None,Front,Journey as part of work,2016-03-18,08:40:00,Friday,Manchester,E08000003,Urban,53.449881,-2.262227,E01005297
06E015067,2016,Slight,Male,16 - 20,Urban area,More deprived 10-20%,2,1,Single carriageway,30,Not at junction or within 20 metres,Daylight,Fine no high winds,Dry,None,Non-trunk,Going ahead other,On main c'way - not in restricted lane,None,None,Back,Not known,2016-04-21,17:45:00,Thursday,Manchester,E08000003,Urban,53.41731,-2.219822,E01005126
06E016039,2016,Slight,Female,26 - 35,Urban area,Less deprived 20-30%,2,1,Single carriageway,30,Crossroads,Darkness - lights lit,Fine no high winds,Dry,None,Non-trunk,Going ahead other,Cycle lane (on main carriageway),None,None,Front,Commuting to/from work,2016-05-05,23:05:00,Thursday,Manchester,E08000003,Urban,53.450543,-2.20876,E01005280
06E016290,2016,Slight,Male,21 - 25,Urban area,More deprived 30-40%,2,1,Single carriageway,30,T or staggered junction,Daylight,Fine no high winds,Dry,None,Non-trunk,Going ahead right-hand bend,Cycle lane (on main carriageway),None,None,Front,Not known,2016-04-17,17:50:00,Sunday,Manchester,E08000003,Urban,53.446607,-2.218136,E01005281
06E016600,2016,Slight,Male,26 - 35,Urban area,More deprived 30-40%,2,1,Single carriageway,30,Not at junction or within 20 metres,Daylight,Fine no high winds,Dry,None,Non-trunk,Going ahead other,Cycle lane (on main carriageway),None,None,Front,Commuting to/from work,2016-05-23,20:01:00,Monday,Manchester,E08000003,Urban,53.426047,-2.229408,E01005306
06E016886,2016,Slight,Female,21 - 25,Urban area,More deprived 30-40%,2,1,Single carriageway,30,Not at junction or within 20 metres,Daylight,Raining no high winds,Wet or damp,None,Non-trunk,Going ahead other,On main c'way - not in restricted lane,None,None,Front,Journey as part of work,2016-06-14,09:26:00,Tuesday,Manchester,E08000003,Urban,53.456024,-2.199465,E01005234
06E016902,2016,Slight,Male,26 - 35,Urban area,Most deprived 10%,2,1,Single carriageway,30,T or staggered junction,Daylight,Raining no high winds,Wet or damp,None,Non-trunk,Going ahead other,Cycle lane (on main carriageway),None,None,Front,Commuting to/from work,2016-06-13,07:35:00,Monday,Manchester,E08000003,Urban,53.443352,-2.255321,E01005181
06E017350,2016,Slight,Male,21 - 25,Urban area,More deprived 10-20%,2,1,Single carriageway,30,Private drive or entrance,Daylight,Fine no high winds,Dry,None,Non-trunk,Going ahead other,Cycle lane (on main carriageway),None,None,Front,Commuting to/from work,2016-06-22,12:14:00,Wednesday,Manchester,E08000003,Urban,53.456642,-2.226004,E01005244
06E017477,2016,Slight,Male,21 - 25,Urban area,More deprived 30-40%,2,1,Single carriageway,30,T or staggered junction,Daylight,Fine no high winds,Dry,None,Non-trunk,Going ahead other,On main c'way - not in restricted lane,None,None,Front,Journey as part of work,2016-06-27,17:00:00,Monday,Manchester,E08000003,Urban,53.42272,-2.24799,E01005078
06E017518,2016,Slight,Female,26 - 35,Urban area,More deprived 20-30%,3,1,Single carriageway,30,T or staggered junction,Daylight,Fine no high winds,Dry,None,Non-trunk,Going ahead other,On main c'way - not in restricted lane,None,None,Front,Not known,2016-06-21,15:20:00,Tuesday,Manchester,E08000003,Urban,53.452614,-2.25753,E01033680
06E017677,2016,Slight,Male,26 - 35,Urban area,More deprived 30-40%,3,1,Single carriageway,40,Not at junction or within 20 metres,Darkness - lights lit,Fine no high winds,Wet or damp,Road sign or marking defective or obscured,Non-trunk,Going ahead other,On main c'way - not in restricted lane,None,None,Front,Not known,2016-06-28,23:15:00,Tuesday,Manchester,E08000003,Urban,53.441941,-2.213641,E01005283
06E017754,2016,Slight,Male,36 - 45,Urban area,Less deprived 40-50%,2,1,Single carriageway,30,T or staggered junction,Daylight,Fine no high winds,Wet or damp,None,Non-trunk,Going ahead other,Cycle lane (on main carriageway),None,None,Front,Commuting to/from work,2016-06-27,08:50:00,Monday,Manchester,E08000003,Urban,53.443173,-2.2186,E01005185
06E017855,2016,Slight,Male,26 - 35,Urban area,Less deprived 40-50%,2,1,Single carriageway,30,Crossroads,Daylight,Raining no high winds,Wet or damp,None,Non-trunk,Going ahead other,Cycle lane (on main carriageway),None,None,Front,Journey as part of work,2016-06-29,16:30:00,Wednesday,Manchester,E08000003,Urban,53.455549,-2.214507,E01005231
06E018006,2016,Slight,Female,36 - 45,Urban area,More deprived 20-30%,2,1,Single carriageway,30,Crossroads,Daylight,Fine no high winds,Dry,None,Non-trunk,Going ahead other,Cycle lane (on main carriageway),None,None,Front,Journey as part of work,2016-07-02,06:06:00,Saturday,Manchester,E08000003,Urban,53.431392,-2.195843,E01005122
06E018294,2016,Slight,Female,26 - 35,Urban area,Most deprived 10%,2,1,Roundabout,30,Roundabout,Daylight,Fine no high winds,Dry,None,Non-trunk,Going ahead right-hand bend,On main c'way - not in restricted lane,None,None,Nearside,Commuting to/from work,2016-07-02,07:20:00,Saturday,Manchester,E08000003,Urban,53.397978,-2.26296,E01005295
06E018329,2016,Slight,Male,21 - 25,Urban area,More deprived 10-20%,2,1,Single carriageway,30,T or staggered junction,Daylight,Fine no high winds,Dry,None,Non-trunk,Going ahead other,Footway (pavement),None,None,Front,Not known,2016-07-20,11:00:00,Wednesday,Manchester,E08000003,Urban,53.399747,-2.255391,E01005263
06E018414,2016,Slight,Male,21 - 25,Data missing or out of range,Data missing or out of range,2,1,Single carriageway,30,Crossroads,Daylight,Raining no high winds,Wet or damp,None,Non-trunk,Going ahead other,On main c'way - not in restricted lane,None,None,Front,Commuting to/from work,2016-07-04,17:46:00,Monday,Manchester,E08000003,Urban,53.433571,-2.214607,E01005305
06E019077,2016,Slight,Male,21 - 25,Urban area,Most deprived 10%,2,1,Single carriageway,30,T or staggered junction,Daylight,Fine no high winds,Dry,None,Non-trunk,Going ahead other,On main c'way - not in restricted lane,None,None,Front,Not known,2016-07-27,18:20:00,Wednesday,Manchester,E08000003,Urban,53.423605,-2.250598,E01005083
06E019478,2016,Slight,Male,11 - 15,Urban area,More deprived 10-20%,2,1,Single carriageway,30,T or staggered junction,Darkness - lights lit,Fine no high winds,Dry,None,Non-trunk,Going ahead other,On main c'way - not in restricted lane,None,None,Nearside,Not known,2016-08-03,22:00:00,Wednesday,Manchester,E08000003,Urban,53.40928,-2.292726,E01005262
06E019621,2016,Slight,Male,36 - 45,Urban area,Most deprived 10%,2,1,Roundabout,30,Roundabout,Darkness - lights lit,Fine no high winds,Dry,None,Non-trunk,Going ahead right-hand bend,On main c'way - not in restricted lane,None,None,Front,Not known,2016-08-22,22:09:00,Monday,Manchester,E08000003,Urban,53.47006,-2.222685,E01005065
06E019633,2016,Slight,Male,36 - 45,Urban area,Less deprived 10-20%,2,1,Single carriageway,30,T or staggered junction,Daylight,Fine no high winds,Dry,None,Non-trunk,Going ahead other,On main c'way - not in restricted lane,None,None,Front,Journey as part of work,2016-08-17,17:45:00,Wednesday,Manchester,E08000003,Urban,53.468426,-2.226398,E01005065
06E019708,2016,Slight,Male,11 - 15,Urban area,Most deprived 10%,2,1,Single carriageway,20,T or staggered junction,Daylight,Fine no high winds,Dry,None,Non-trunk,Going ahead other,On main c'way - not in restricted lane,None,None,Front,Not known,2016-08-17,15:55:00,Wednesday,Manchester,E08000003,Urban,53.386096,-2.270405,E01005088
06E020448,2016,Serious,Male,26 - 35,Urban area,Most deprived 10%,2,1,Single carriageway,30,Crossroads,Daylight,Fine no high winds,Dry,None,Non-trunk,Going ahead other,On main c'way - not in restricted lane,None,None,Front,Not known,2016-08-27,07:07:00,Saturday,Manchester,E08000003,Urban,53.453343,-2.239976,E01005240
06E020512,2016,Slight,Male,26 - 35,Urban area,More deprived 20-30%,2,1,Single carriageway,30,T or staggered junction,Daylight,Fine no high winds,Dry,None,Non-trunk,Going ahead other,Cycle lane (on main carriageway),None,None,Offside,Commuting to/from work,2016-09-01,18:00:00,Thursday,Manchester,E08000003,Urban,53.453716,-2.223955,E01005288
06E020625,2016,Slight,Male,26 - 35,Urban area,More deprived 30-40%,2,1,Single carriageway,30,T or staggered junction,Daylight,Fine no high winds,Dry,None,Non-trunk,Going ahead other,On main c'way - not in restricted lane,None,None,Front,Not known,2016-09-11,14:48:00,Sunday,Manchester,E08000003,Urban,53.455116,-2.225152,E01005288
06E020967,2016,Slight,Male,16 - 20,Urban area,More deprived 20-30%,3,1,Single carriageway,30,Crossroads,Darkness - lights lit,Fine no high winds,Dry,None,Non-trunk,Going ahead other,On main c'way - not in restricted lane,None,None,Back,Not known,2016-09-17,23:15:00,Saturday,Manchester,E08000003,Urban,53.432398,-2.270217,E01005082
06E021092,2016,Slight,Male,16 - 20,Urban area,More deprived 30-40%,2,1,Single carriageway,30,T or staggered junction,Daylight,Raining no high winds,Wet or damp,None,Non-trunk,Going ahead other,Cycleway or shared use footway (not part of  main carriageway),None,None,Front,Not known,2016-09-26,12:45:00,Monday,Manchester,E08000003,Urban,53.45596,-2.225383,E01005284
06E021425,2016,Slight,Male,36 - 45,Urban area,Most deprived 10%,2,1,Single carriageway,30,T or staggered junction,Daylight,Fine no high winds,Dry,None,Non-trunk,Going ahead other,On main c'way - not in restricted lane,None,None,Front,Journey as part of work,2016-09-20,19:30:00,Tuesday,Manchester,E08000003,Urban,53.441384,-2.218772,E01005185
06E021642,2016,Slight,Male,26 - 35,Data missing or out of range,Data missing or out of range,2,1,Single carriageway,30,Crossroads,Daylight,Fine no high winds,Dry,None,Non-trunk,Going ahead other,On main c'way - not in restricted lane,None,None,Back,Not known,2016-10-10,12:54:00,Monday,Manchester,E08000003,Urban,53.465729,-2.248798,E01005214
06E021796,2016,Serious,Male,21 - 25,Urban area,More deprived 20-30%,2,1,Single carriageway,30,T or staggered junction,Daylight,Fine no high winds,Dry,None,Non-trunk,Going ahead other,On main c'way - not in restricted lane,None,None,Front,Not known,2016-09-28,17:05:00,Wednesday,Manchester,E08000003,Urban,53.441357000000004,-2.218802,E01005185
06E021818,2016,Slight,Male,6 - 10,Urban area,Most deprived 10%,2,1,Single carriageway,30,T or staggered junction,Daylight,Fine no high winds,Dry,None,Non-trunk,Overtaking static vehicle - offside,On main c'way - not in restricted lane,None,None,Front,Pupil riding to/from school,2016-10-06,16:55:00,Thursday,Manchester,E08000003,Urban,53.449988,-2.227519,E01005180
06E022549,2016,Serious,Male,16 - 20,Urban area,More deprived 30-40%,2,1,Single carriageway,30,Not at junction or within 20 metres,Daylight,Fine no high winds,Dry,None,Non-trunk,Going ahead other,On main c'way - not in restricted lane,None,None,Front,Not known,2016-10-18,15:55:00,Tuesday,Manchester,E08000003,Urban,53.466074,-2.233751,E01005209
06E022632,2016,Slight,Male,36 - 45,Urban area,More deprived 10-20%,2,1,Dual carriageway,30,T or staggered junction,Daylight,Fine no high winds,Dry,Roadworks,Non-trunk,Overtaking moving vehicle - offside,On main c'way - not in restricted lane,None,None,Front,Not known,2016-11-08,09:04:00,Tuesday,Manchester,E08000003,Urban,53.47101,-2.237982,E01005212
06E022747,2016,Serious,Female,21 - 25,Urban area,More deprived 30-40%,2,1,Single carriageway,30,More than 4 arms (not roundabout),Darkness - lights lit,Fine no high winds,Dry,None,Non-trunk,Turning right,On main c'way - not in restricted lane,None,None,Did not impact,Not known,2016-10-25,18:20:00,Tuesday,Manchester,E08000003,Urban,53.458689,-2.258425,E01005302
06E022985,2016,Slight,Male,21 - 25,Urban area,More deprived 20-30%,2,1,Single carriageway,30,Not at junction or within 20 metres,Daylight,Fine no high winds,Dry,None,Non-trunk,Turning right,On main c'way - not in restricted lane,None,None,Offside,Not known,2016-10-31,11:04:00,Monday,Manchester,E08000003,Urban,53.451282,-2.222542,E01005286
06E023083,2016,Slight,Male,46 - 55,Urban area,More deprived 30-40%,2,1,Single carriageway,30,T or staggered junction,Darkness - lights lit,Fine no high winds,Dry,None,Non-trunk,Going ahead other,On main c'way - not in restricted lane,None,None,Nearside,Not known,2016-11-11,19:00:00,Friday,Manchester,E08000003,Urban,53.454756,-2.264817,E01005302
06E023199,2016,Slight,Male,36 - 45,Urban area,Most deprived 10%,2,1,Single carriageway,30,Crossroads,Daylight,Fine no high winds,Wet or damp,None,Non-trunk,Going ahead other,On main c'way - not in restricted lane,None,None,Front,Commuting to/from work,2016-10-21,07:59:00,Friday,Manchester,E08000003,Urban,53.442786,-2.267362,E01005301
06E023278,2016,Slight,Female,21 - 25,Urban area,More deprived 20-30%,2,1,Single carriageway,30,T or staggered junction,Darkness - lights lit,Raining + high winds,Wet or damp,None,Non-trunk,Going ahead other,On main c'way - not in restricted lane,None,None,Back,Not known,2016-11-21,01:00:00,Monday,Manchester,E08000003,Urban,53.451903,-2.222259,E01005286
06E023298,2016,Slight,Male,46 - 55,Urban area,Most deprived 10%,2,1,Single carriageway,30,T or staggered junction,Daylight,Other,Dry,None,Non-trunk,Moving off,On main c'way - not in restricted lane,None,None,Back,Journey as part of work,2016-11-19,09:45:00,Saturday,Manchester,E08000003,Urban,53.390729,-2.276915,E01005073
06E023358,2016,Slight,Male,26 - 35,Urban area,More deprived 10-20%,2,1,Single carriageway,30,T or staggered junction,Daylight,Fine no high winds,Dry,None,Non-trunk,Overtaking - nearside,On main c'way - not in restricted lane,None,None,Front,Commuting to/from work,2016-11-17,08:00:00,Thursday,Manchester,E08000003,Urban,53.443222,-2.248847,E01005181
06E023449,2016,Slight,Female,21 - 25,Urban area,More deprived 20-30%,2,1,Single carriageway,30,T or staggered junction,Darkness - lights lit,Fine no high winds,Dry,None,Non-trunk,Going ahead other,Cycle lane (on main carriageway),None,None,Back,Not known,2016-11-26,19:35:00,Saturday,Manchester,E08000003,Urban,53.455071,-2.225017,E01005284
06E023490,2016,Slight,Male,46 - 55,Urban area,More deprived 30-40%,2,1,Single carriageway,30,Crossroads,Daylight,Fine no high winds,Dry,None,Non-trunk,Going ahead other,On main c'way - not in restricted lane,None,None,Front,Not known,2016-11-08,09:06:00,Tuesday,Manchester,E08000003,Urban,53.446083,-2.251799,E01005181
06E023958,2016,Slight,Female,21 - 25,Urban area,Most deprived 10%,2,1,Single carriageway,30,T or staggered junction,Daylight,Fine no high winds,Dry,None,Non-trunk,Going ahead other,On main c'way - not in restricted lane,None,None,Front,Journey as part of work,2016-11-22,09:30:00,Tuesday,Manchester,E08000003,Urban,53.455116,-2.225137,E01005288
06E024021,2016,Slight,Female,26 - 35,Urban area,More deprived 40-50%,2,1,Single carriageway,30,T or staggered junction,Daylight,Fine no high winds,Dry,None,Non-trunk,Going ahead other,Cycle lane (on main carriageway),None,None,Front,Not known,2016-11-02,09:20:00,Wednesday,Manchester,E08000003,Urban,53.443351,-2.290882,E01005151
06E024055,2016,Slight,Male,26 - 35,Urban area,More deprived 30-40%,2,1,Single carriageway,30,Crossroads,Darkness - lights lit,Fine no high winds,Dry,None,Non-trunk,Going ahead other,On main c'way - not in restricted lane,None,None,Front,Not known,2016-11-07,17:30:00,Monday,Manchester,E08000003,Urban,53.449217,-2.230768,E01005241
06E024273,2016,Slight,Male,36 - 45,Data missing or out of range,Data missing or out of range,2,1,Single carriageway,30,Crossroads,Darkness - lights lit,Raining no high winds,Wet or damp,None,Non-trunk,Going ahead other,On main c'way - not in restricted lane,None,None,Front,Commuting to/from work,2016-12-12,17:48:00,Monday,Manchester,E08000003,Urban,53.468832,-2.215704,E01005063
06E024326,2016,Slight,Male,11 - 15,Urban area,More deprived 10-20%,2,1,Single carriageway,20,Crossroads,Darkness - lights lit,Fine no high winds,Wet or damp,None,Non-trunk,Going ahead other,On main c'way - not in restricted lane,None,None,Nearside,Journey as part of work,2016-12-03,18:45:00,Saturday,Manchester,E08000003,Urban,53.434831,-2.233113,E01005274
06E024368,2016,Slight,Female,21 - 25,Urban area,More deprived 30-40%,2,1,Single carriageway,30,T or staggered junction,Darkness - lights lit,Fine no high winds,Dry,None,Non-trunk,Going ahead other,Cycle lane (on main carriageway),None,None,Front,Not known,2016-11-29,17:15:00,Tuesday,Manchester,E08000003,Urban,53.446589,-2.218241,E01005184
06E024446,2016,Slight,Male,56 - 65,Urban area,More deprived 30-40%,2,1,Dual carriageway,30,T or staggered junction,Daylight,Fine no high winds,Wet or damp,None,Non-trunk,Going ahead other,On main c'way - not in restricted lane,None,None,Offside,Not known,2016-12-05,16:09:00,Monday,Manchester,E08000003,Urban,53.400263,-2.307539,E01005114
06E024628,2016,Slight,Male,26 - 35,Urban area,Less deprived 40-50%,2,1,Single carriageway,30,T or staggered junction,Darkness - lights lit,Fine no high winds,Dry,None,Non-trunk,Waiting to go - held up,Cycle lane (on main carriageway),None,None,Nearside,Not known,2016-12-07,17:15:00,Wednesday,Manchester,E08000003,Urban,53.460733,-2.210617,E01033657
06E024747,2016,Slight,Male,26 - 35,Data missing or out of range,Data missing or out of range,2,1,Single carriageway,30,Crossroads,Darkness - lights lit,Raining no high winds,Wet or damp,None,Non-trunk,Going ahead other,On main c'way - not in restricted lane,None,None,Offside,Not known,2016-12-13,17:00:00,Tuesday,Manchester,E08000003,Urban,53.424478,-2.217601,E01005125
06E024792,2016,Fatal,Male,36 - 45,Urban area,Most deprived 10%,2,1,Single carriageway,30,Crossroads,Daylight,Unknown,Dry,None,Non-trunk,Turning left,On main c'way - not in restricted lane,None,None,Front,Commuting to/from work,2016-07-22,13:10:00,Friday,Manchester,E08000003,Urban,53.457739,-2.243962,E01005245
06E024841,2016,Slight,Male,46 - 55,Urban area,More deprived 20-30%,2,1,Dual carriageway,30,T or staggered junction,Daylight,Fine no high winds,Wet or damp,None,Non-trunk,Going ahead other,Cycle lane (on main carriageway),None,None,Front,Commuting to/from work,2016-12-14,09:15:00,Wednesday,Manchester,E08000003,Urban,53.467185,-2.206808,E01005232
06E024880,2016,Slight,Male,46 - 55,Urban area,More deprived 30-40%,2,1,Single carriageway,20,Not at junction or within 20 metres,Darkness - lights lit,Other,Dry,None,Non-trunk,Going ahead other,On main c'way - not in restricted lane,None,None,Offside,Not known,2016-12-16,16:35:00,Friday,Manchester,E08000003,Urban,53.449519,-2.271365,E01005298
06E024894,2016,Serious,Male,16 - 20,Urban area,Most deprived 10%,2,1,Single carriageway,30,Crossroads,Darkness - lighting unknown,Unknown,Dry,None,Non-trunk,Going ahead other,On main c'way - not in restricted lane,None,None,Did not impact,Not known,2016-11-15,00:01:00,Tuesday,Manchester,E08000003,Urban,53.458752,-2.258336,E01005302
06E025064,2016,Slight,Male,46 - 55,Urban area,Less deprived 10-20%,2,1,Single carriageway,30,Crossroads,Darkness - lights lit,Fine no high winds,Dry,None,Non-trunk,Overtaking static vehicle - offside,On main c'way - not in restricted lane,None,None,Offside,Not known,2016-12-22,21:50:00,Thursday,Manchester,E08000003,Urban,53.435861,-2.200259,E01005118
06E025491,2016,Slight,Male,26 - 35,Urban area,Less deprived 40-50%,2,1,Single carriageway,30,Crossroads,Darkness - lights lit,Fine no high winds,Wet or damp,None,Non-trunk,Going ahead other,On main c'way - not in restricted lane,None,None,Front,Not known,2016-12-31,22:25:00,Saturday,Manchester,E08000003,Urban,53.435314,-2.215008,E01005312
06E026676,2016,Slight,Male,46 - 55,Urban area,Less deprived 20-30%,2,1,Single carriageway,30,T or staggered junction,Darkness - lights lit,Raining no high winds,Wet or damp,None,Non-trunk,Going ahead other,On main c'way - not in restricted lane,None,None,Back,Not known,2016-12-15,18:34:00,Thursday,Manchester,E08000003,Urban,53.437731,-2.230028,E01005273
06EM18580,2016,Slight,Female,26 - 35,Urban area,More deprived 30-40%,2,1,Single carriageway,30,T or staggered junction,Daylight,Fine no high winds,Dry,None,Non-trunk,Going ahead other,Cycle lane (on main carriageway),None,None,Front,Not known,2016-07-25,17:58:00,Monday,Manchester,E08000003,Urban,53.451761,-2.269722,E01005298
06EM20156,2016,Slight,Male,36 - 45,Urban area,More deprived 30-40%,2,1,Single carriageway,30,Crossroads,Daylight,Fine no high winds,Dry,None,Non-trunk,Waiting to go - held up,On main c'way - not in restricted lane,None,None,Offside,Journey as part of work,2016-08-23,18:45:00,Tuesday,Manchester,E08000003,Urban,53.467283,-2.24959,E01005208
06EM21502,2016,Slight,Female,26 - 35,Urban area,More deprived 10-20%,2,1,Single carriageway,30,Crossroads,Daylight,Fine no high winds,Dry,None,Non-trunk,Going ahead other,On main c'way - not in restricted lane,None,None,Did not impact,Commuting to/from work,2016-09-25,11:10:00,Sunday,Manchester,E08000003,Urban,53.458608,-2.258576,E01005302
06F010546,2016,Slight,Male,21 - 25,Data missing or out of range,Data missing or out of range,2,1,Single carriageway,30,Crossroads,Darkness - lights lit,Fine no high winds,Dry,None,Non-trunk,Turning right,On main c'way - not in restricted lane,None,None,Front,Journey as part of work,2016-01-01,06:55:00,Friday,Salford,E08000006,Urban,53.483292,-2.261815,E01032906
06F010585,2016,Slight,Male,11 - 15,Urban area,More deprived 10-20%,2,1,Single carriageway,30,T or staggered junction,Darkness - lights lit,Fine no high winds,Dry,None,Non-trunk,Going ahead other,On main c'way - not in restricted lane,None,None,Offside,Not known,2016-01-04,17:37:00,Monday,Salford,E08000006,Urban,53.49839,-2.38005,E01005738
06F011302,2016,Slight,Male,26 - 35,Small town,More deprived 30-40%,3,1,Dual carriageway,30,Crossroads,Darkness - lights lit,Fine no high winds,Wet or damp,None,Non-trunk,Going ahead other,On main c'way - not in restricted lane,None,None,Offside,Commuting to/from work,2016-01-25,17:24:00,Monday,Salford,E08000006,Urban,53.487293,-2.330413,E01005635
06F011361,2016,Slight,Male,46 - 55,Urban area,Less deprived 30-40%,2,1,Single carriageway,30,T or staggered junction,Darkness - lights lit,Raining no high winds,Wet or damp,None,Non-trunk,Going ahead right-hand bend,On main c'way - not in restricted lane,None,None,Nearside,Commuting to/from work,2016-01-08,06:45:00,Friday,Salford,E08000006,Urban,53.480328,-2.306309,E01005723
06F011594,2016,Slight,Male,26 - 35,Urban area,More deprived 10-20%,2,1,Roundabout,30,Roundabout,Darkness - lights lit,Fine no high winds,Dry,None,Non-trunk,Going ahead other,On main c'way - not in restricted lane,None,None,Nearside,Commuting to/from work,2016-01-29,17:16:00,Friday,Salford,E08000006,Rural,53.500298,-2.382253,E01005738
06F012499,2016,Slight,Male,26 - 35,Urban area,Most deprived 10%,2,2,Single carriageway,30,Not at junction or within 20 metres,Darkness - lights lit,Raining no high winds,Wet or damp,None,Non-trunk,Overtaking static vehicle - offside,On main c'way - not in restricted lane,None,None,Front,Commuting to/from work,2016-02-04,21:25:00,Thursday,Salford,E08000006,Urban,53.504474,-2.267826,E01005650
06F012533,2016,Slight,Female,21 - 25,Data missing or out of range,Data missing or out of range,2,1,Unknown,30,T or staggered junction,Daylight,Unknown,Dry,None,Non-trunk,Going ahead other,On main c'way - not in restricted lane,None,None,Front,Not known,2016-02-12,13:13:00,Friday,Salford,E08000006,Urban,53.49488,-2.281045,E01005683
06F014866,2016,Slight,Male,16 - 20,Urban area,More deprived 20-30%,2,1,Single carriageway,30,T or staggered junction,Darkness - lights lit,Fine no high winds,Dry,None,Non-trunk,Going ahead other,On main c'way - not in restricted lane,None,None,Front,Not known,2016-04-27,22:30:00,Wednesday,Salford,E08000006,Urban,53.43045,-2.434064,E01005621
06F014911,2016,Serious,Female,36 - 45,Urban area,Most deprived 10%,2,1,Single carriageway,30,Crossroads,Daylight,Fine no high winds,Dry,None,Non-trunk,Turning left,On main c'way - not in restricted lane,None,None,Front,Journey as part of work,2016-04-20,15:47:00,Wednesday,Salford,E08000006,Urban,53.508463,-2.33311,E01005674
06F015430,2016,Serious,Male,56 - 65,Urban area,Less deprived 20-30%,3,1,Single carriageway,30,T or staggered junction,Daylight,Fine no high winds,Dry,None,Non-trunk,Overtaking - nearside,On main c'way - not in restricted lane,None,None,Front,Commuting to/from work,2016-05-04,08:55:00,Wednesday,Salford,E08000006,Urban,53.51601,-2.327665,E01005671
06F015492,2016,Serious,Male,46 - 55,Urban area,More deprived 30-40%,2,1,Single carriageway,30,Crossroads,Daylight,Fine no high winds,Dry,None,Non-trunk,Going ahead other,On main c'way - not in restricted lane,None,None,Did not impact,Not known,2016-05-09,17:20:00,Monday,Salford,E08000006,Urban,53.482622,-2.309083,E01005720
06F015537,2016,Serious,Male,26 - 35,Urban area,More deprived 10-20%,2,1,Single carriageway,30,T or staggered junction,Daylight,Fine no high winds,Dry,None,Non-trunk,Going ahead other,On main c'way - not in restricted lane,None,None,Front,Journey as part of work,2016-05-12,11:54:00,Thursday,Salford,E08000006,Urban,53.474879,-2.355688,E01005604
06F016135,2016,Slight,Male,36 - 45,Urban area,Least deprived 10%,2,1,Roundabout,30,Roundabout,Darkness - lights lit,Raining no high winds,Wet or damp,None,Non-trunk,Going ahead other,On main c'way - not in restricted lane,None,None,Front,Not known,2016-04-01,06:00:00,Friday,Salford,E08000006,Urban,53.491509,-2.284836,E01005681
06F016607,2016,Serious,Male,56 - 65,Urban area,More deprived 10-20%,2,1,Single carriageway,30,T or staggered junction,Daylight,Fine no high winds,Dry,None,Non-trunk,Going ahead other,On main c'way - not in restricted lane,None,None,Offside,Not known,2016-06-04,13:57:00,Saturday,Salford,E08000006,Urban,53.510763,-2.25268,E01005651
06F016689,2016,Serious,Female,21 - 25,Urban area,Most deprived 10%,2,1,Single carriageway,30,Not at junction or within 20 metres,Daylight,Fine no high winds,Dry,None,Non-trunk,Going ahead other,On main c'way - not in restricted lane,None,None,Did not impact,Not known,2016-06-01,18:36:00,Wednesday,Salford,E08000006,Urban,53.487559,-2.255044,E01033330
06F016843,2016,Slight,Male,36 - 45,Urban area,Most deprived 10%,2,1,Single carriageway,30,T or staggered junction,Daylight,Fine no high winds,Dry,None,Non-trunk,Going ahead other,Footway (pavement),None,None,Nearside,Commuting to/from work,2016-06-06,15:25:00,Monday,Salford,E08000006,Urban,53.49217,-2.27542,E01005610
06F016934,2016,Slight,Male,11 - 15,Urban area,Most deprived 10%,2,1,Single carriageway,30,T or staggered junction,Darkness - lights lit,Fine no high winds,Dry,None,Non-trunk,Turning left,On main c'way - not in restricted lane,None,None,Front,Not known,2016-06-10,22:28:00,Friday,Salford,E08000006,Urban,53.485467,-2.30728,E01005720
06F016955,2016,Slight,Male,46 - 55,Urban area,More deprived 20-30%,2,1,Single carriageway,30,More than 4 arms (not roundabout),Daylight,Fine no high winds,Dry,None,Non-trunk,Going ahead other,On main c'way - not in restricted lane,None,None,Back,Journey as part of work,2016-06-07,18:00:00,Tuesday,Salford,E08000006,Urban,53.484811,-2.249361,E01032909
06F017120,2016,Slight,Female,46 - 55,Data missing or out of range,Data missing or out of range,2,1,Dual carriageway,30,Not at junction or within 20 metres,Daylight,Fine no high winds,Dry,None,Non-trunk,Going ahead other,Cycle lane (on main carriageway),None,None,Front,Not known,2016-06-09,18:30:00,Thursday,Salford,E08000006,Urban,53.483514,-2.279192,E01032907
06F017923,2016,Serious,Male,56 - 65,Urban area,More deprived 40-50%,2,1,Dual carriageway,30,T or staggered junction,Daylight,Fine no high winds,Dry,None,Non-trunk,Going ahead other,Bus lane,None,None,Did not impact,Commuting to/from work,2016-06-28,08:33:00,Tuesday,Salford,E08000006,Urban,53.504241,-2.259471,E01005612
06F017963,2016,Slight,Male,21 - 25,Urban area,Most deprived 10%,2,1,Single carriageway,30,T or staggered junction,Daylight,Fine no high winds,Dry,None,Non-trunk,Going ahead other,On main c'way - not in restricted lane,None,None,Nearside,Not known,2016-07-06,09:10:00,Wednesday,Salford,E08000006,Urban,53.509555,-2.26267,E01005650
06F018177,2016,Slight,Male,26 - 35,Data missing or out of range,Data missing or out of range,2,1,Single carriageway,30,T or staggered junction,Daylight,Fine no high winds,Dry,None,Non-trunk,Overtaking - nearside,On main c'way - not in restricted lane,None,None,Did not impact,Journey as part of work,2016-07-06,09:10:00,Wednesday,Salford,E08000006,Urban,53.509537,-2.26267,E01005650
06F018241,2016,Slight,Male,26 - 35,Urban area,More deprived 30-40%,2,1,Single carriageway,30,T or staggered junction,Daylight,Fine no high winds,Dry,None,Non-trunk,Going ahead other,On main c'way - not in restricted lane,None,None,Offside,Not known,2016-07-14,20:45:00,Thursday,Salford,E08000006,Urban,53.530278,-2.400536,E01005708
06F019270,2016,Slight,Male,11 - 15,Urban area,Most deprived 10%,2,1,Single carriageway,30,T or staggered junction,Daylight,Fine no high winds,Dry,None,Non-trunk,Going ahead other,On main c'way - not in restricted lane,None,None,Front,Not known,2016-08-12,16:38:00,Friday,Salford,E08000006,Urban,53.493077,-2.283173,E01005681
06F019379,2016,Serious,Male,26 - 35,Rural,Less deprived 20-30%,2,1,Single carriageway,30,T or staggered junction,Daylight,Fine no high winds,Dry,None,Non-trunk,Going ahead right-hand bend,On main c'way - not in restricted lane,None,None,Front,Not known,2016-07-29,13:43:00,Friday,Salford,E08000006,Urban,53.477389,-2.309708,E01005720
06F019530,2016,Slight,Male,11 - 15,Urban area,Most deprived 10%,2,1,Single carriageway,30,Crossroads,Darkness - lights lit,Fine no high winds,Dry,None,Non-trunk,Going ahead other,On main c'way - not in restricted lane,None,None,Front,Not known,2016-08-23,22:10:00,Tuesday,Salford,E08000006,Urban,53.495747,-2.26759,E01005611
06F019664,2016,Serious,Male,16 - 20,Urban area,More deprived 10-20%,2,1,Single carriageway,30,T or staggered junction,Daylight,Fine no high winds,Dry,None,Non-trunk,Going ahead other,On main c'way - not in restricted lane,None,None,Front,Not known,2016-08-17,08:16:00,Wednesday,Salford,E08000006,Urban,53.484104,-2.252296,E01032687
06F020077,2016,Slight,Male,46 - 55,Urban area,Less deprived 20-30%,2,1,Single carriageway,30,T or staggered junction,Daylight,Fine no high winds,Dry,None,Non-trunk,Going ahead other,On main c'way - not in restricted lane,None,None,Front,Not known,2016-09-07,16:30:00,Wednesday,Salford,E08000006,Urban,53.526265,-2.399246,E01005708
06F020585,2016,Slight,Male,26 - 35,Urban area,More deprived 20-30%,2,1,Single carriageway,30,Not at junction or within 20 metres,Daylight,Fine no high winds,Dry,None,Non-trunk,Going ahead other,Cycleway or shared use footway (not part of  main carriageway),None,None,Front,Not known,2016-09-10,08:55:00,Saturday,Salford,E08000006,Rural,53.496939,-2.421582,E01005739
06F021180,2016,Slight,Female,21 - 25,Urban area,Most deprived 10%,2,1,Dual carriageway,30,Crossroads,Daylight,Fine no high winds,Dry,None,Non-trunk,Going ahead other,On main c'way - not in restricted lane,None,None,Offside,Commuting to/from work,2016-09-27,17:30:00,Tuesday,Salford,E08000006,Urban,53.483276,-2.257158,E01032687
06F021424,2016,Slight,Female,36 - 45,Urban area,More deprived 40-50%,2,1,Single carriageway,30,T or staggered junction,Daylight,Raining no high winds,Wet or damp,None,Non-trunk,Going ahead other,On main c'way - not in restricted lane,None,None,Did not impact,Not known,2016-09-22,09:00:00,Thursday,Salford,E08000006,Urban,53.509546,-2.26267,E01005650
06F021465,2016,Slight,Male,26 - 35,Urban area,Most deprived 10%,2,1,Single carriageway,30,Crossroads,Daylight,Fine no high winds,Dry,None,Non-trunk,Going ahead other,On main c'way - not in restricted lane,None,None,Front,Not known,2016-10-08,13:15:00,Saturday,Salford,E08000006,Urban,53.45505,-2.421996,E01005643
06F021498,2016,Slight,Male,11 - 15,Urban area,More deprived 20-30%,2,1,One way street,30,Crossroads,Daylight,Fine no high winds,Dry,None,Non-trunk,Going ahead other,On main c'way - not in restricted lane,None,None,Front,Not known,2016-10-04,08:30:00,Tuesday,Salford,E08000006,Urban,53.520707,-2.397369,E01005712
06F021624,2016,Slight,Male,26 - 35,Urban area,Less deprived 40-50%,2,1,Roundabout,30,Roundabout,Daylight,Fine no high winds,Dry,None,Non-trunk,Going ahead other,Cycle lane (on main carriageway),None,None,Offside,Journey as part of work,2016-10-12,07:50:00,Wednesday,Salford,E08000006,Urban,53.510612,-2.30232,E01005675
06F021793,2016,Slight,Female,26 - 35,Urban area,Less deprived 30-40%,2,1,Single carriageway,30,T or staggered junction,Darkness - lights lit,Fine no high winds,Dry,None,Non-trunk,Going ahead other,On main c'way - not in restricted lane,None,None,Nearside,Commuting to/from work,2016-10-17,19:18:00,Monday,Salford,E08000006,Urban,53.437922,-2.428359,E01005620
06F021941,2016,Slight,Male,56 - 65,Urban area,Less deprived 10-20%,2,1,Single carriageway,30,T or staggered junction,Daylight,Fine no high winds,Dry,None,Non-trunk,Going ahead other,On main c'way - not in restricted lane,None,None,Front,Not known,2016-10-25,13:16:00,Tuesday,Salford,E08000006,Urban,53.50966,-2.308918,E01005673
06F022170,2016,Serious,Male,26 - 35,Urban area,Less deprived 30-40%,2,1,Roundabout,30,Roundabout,Daylight,Fine no high winds,Dry,None,Non-trunk,Going ahead left-hand bend,On main c'way - not in restricted lane,None,None,Back,Journey as part of work,2016-10-25,10:00:00,Tuesday,Salford,E08000006,Urban,53.475891,-2.286735,E01032912
06F022188,2016,Slight,Female,21 - 25,Urban area,Most deprived 10%,2,1,Unknown,30,T or staggered junction,Daylight,Fine no high winds,Dry,None,Non-trunk,Going ahead other,On main c'way - not in restricted lane,None,None,Front,Journey as part of work,2016-09-19,08:33:00,Monday,Salford,E08000006,Urban,53.490239,-2.28222,E01005681
06F023607,2016,Slight,Male,16 - 20,Urban area,Less deprived 10-20%,2,1,Single carriageway,30,T or staggered junction,Darkness - lights lit,Raining no high winds,Wet or damp,None,Non-trunk,Going ahead other,On main c'way - not in restricted lane,None,None,Front,Commuting to/from work,2016-11-22,19:45:00,Tuesday,Salford,E08000006,Urban,53.497383,-2.377509,E01005738
06F024296,2016,Slight,Male,16 - 20,Small town,More deprived 30-40%,2,1,Single carriageway,30,Crossroads,Daylight,Fine no high winds,Dry,None,Non-trunk,Moving off,On main c'way - not in restricted lane,None,None,Offside,Pupil riding to/from school,2016-12-05,08:10:00,Monday,Salford,E08000006,Urban,53.511046,-2.328607,E01005671
06F024309,2016,Slight,Male,26 - 35,Data missing or out of range,Data missing or out of range,2,1,Single carriageway,30,Private drive or entrance,Daylight,Fine no high winds,Dry,None,Non-trunk,Going ahead other,Cycle lane (on main carriageway),None,None,Front,Not known,2016-12-04,11:31:00,Sunday,Salford,E08000006,Urban,53.47988,-2.268394,E01032907
06F024913,2016,Slight,Male,46 - 55,Urban area,Most deprived 10%,2,1,Single carriageway,30,Private drive or entrance,Darkness - lights lit,Raining no high winds,Wet or damp,None,Non-trunk,Overtaking moving vehicle - offside,On main c'way - not in restricted lane,None,None,Front,Journey as part of work,2016-12-16,22:00:00,Friday,Salford,E08000006,Urban,53.517235,-2.330012,E01005670
06F025062,2016,Slight,Male,56 - 65,Urban area,More deprived 30-40%,2,1,Single carriageway,30,T or staggered junction,Darkness - lights lit,Fine no high winds,Dry,None,Non-trunk,Going ahead other,Cycle lane (on main carriageway),None,None,Front,Not known,2016-12-20,16:43:00,Tuesday,Salford,E08000006,Urban,53.478803,-2.263475,E01032907
06FE14246,2016,Slight,Male,21 - 25,Urban area,More deprived 20-30%,2,1,Single carriageway,30,T or staggered junction,Daylight,Fine no high winds,Dry,None,Non-trunk,Going ahead other,On main c'way - not in restricted lane,None,None,Front,Journey as part of work,2016-04-02,19:40:00,Saturday,Salford,E08000006,Urban,53.502477,-2.256295,E01005612
06G010641,2016,Slight,Male,36 - 45,Urban area,Most deprived 10%,2,1,Single carriageway,30,T or staggered junction,Darkness - lights lit,Raining no high winds,Wet or damp,None,Non-trunk,Going ahead other,On main c'way - not in restricted lane,None,None,Back,Commuting to/from work,2016-01-07,17:40:00,Thursday,Tameside,E08000008,Urban,53.497028,-2.077796,E01005945
06G013601,2016,Slight,Male,21 - 25,Urban area,More deprived 30-40%,3,1,Roundabout,30,Mini-roundabout,Darkness - lights lit,Fine no high winds,Wet or damp,None,Non-trunk,Going ahead other,On main c'way - not in restricted lane,None,None,Offside,Not known,2016-02-29,19:15:00,Monday,Tameside,E08000008,Urban,53.481151,-2.161625,E01006003
06G016121,2016,Slight,Male,36 - 45,Small town,More deprived 40-50%,2,1,Single carriageway,30,Crossroads,Daylight,Fine no high winds,Dry,None,Non-trunk,Going ahead other,On main c'way - not in restricted lane,None,None,Offside,Not known,2016-05-18,17:55:00,Wednesday,Tameside,E08000008,Urban,53.487176,-2.06325,E01006066
06G016690,2016,Slight,Male,11 - 15,Urban area,More deprived 10-20%,2,1,Single carriageway,30,T or staggered junction,Daylight,Fine no high winds,Dry,None,Non-trunk,Going ahead other,On main c'way - not in restricted lane,None,None,Front,Pupil riding to/from school,2016-06-08,08:00:00,Wednesday,Tameside,E08000008,Urban,53.47326,-2.114152,E01005965
06G016804,2016,Slight,Male,6 - 10,Urban area,More deprived 30-40%,2,1,Single carriageway,30,T or staggered junction,Daylight,Fine no high winds,Dry,None,Non-trunk,Going ahead other,On main c'way - not in restricted lane,None,None,Front,Not known,2016-06-09,13:44:00,Thursday,Tameside,E08000008,Urban,53.484199,-2.167363,E01006001
06G017523,2016,Slight,Male,11 - 15,Data missing or out of range,Data missing or out of range,2,1,Single carriageway,30,Crossroads,Daylight,Fine no high winds,Wet or damp,None,Non-trunk,Going ahead other,On main c'way - not in restricted lane,None,None,Front,Not known,2016-06-16,18:17:00,Thursday,Tameside,E08000008,Urban,53.486295,-2.042707,E01006069
06G018814,2016,Slight,Male,11 - 15,Urban area,More deprived 10-20%,2,1,Single carriageway,20,Crossroads,Daylight,Fine no high winds,Wet or damp,None,Non-trunk,Going ahead other,On main c'way - not in restricted lane,None,None,Front,Not known,2016-07-24,16:45:00,Sunday,Tameside,E08000008,Urban,53.478348,-2.113276,E01005951
06G020435,2016,Slight,Male,46 - 55,Urban area,More deprived 40-50%,2,2,Single carriageway,30,T or staggered junction,Daylight,Fine no high winds,Dry,None,Non-trunk,Going ahead other,On main c'way - not in restricted lane,None,None,Back,Journey as part of work,2016-08-12,06:20:00,Friday,Tameside,E08000008,Urban,53.475355,-2.0797,E01006011
06G021601,2016,Serious,Male,16 - 20,Rural,More deprived 20-30%,2,1,Single carriageway,30,T or staggered junction,Daylight,Fine no high winds,Dry,None,Non-trunk,Turning right,On main c'way - not in restricted lane,None,None,Front,Not known,2016-09-30,14:35:00,Friday,Tameside,E08000008,Urban,53.491215,-2.086889,E01005941
06G024008,2016,Slight,Male,46 - 55,Urban area,More deprived 10-20%,2,1,Single carriageway,30,T or staggered junction,Darkness - lights lit,Fine no high winds,Dry,None,Non-trunk,Slowing or stopping,On main c'way - not in restricted lane,None,None,Offside,Commuting to/from work,2016-11-28,23:15:00,Monday,Tameside,E08000008,Urban,53.49178,-2.099581,E01005948
06G024132,2016,Serious,Male,46 - 55,Urban area,More deprived 10-20%,2,1,Single carriageway,30,T or staggered junction,Darkness - lights lit,Fine no high winds,Dry,None,Non-trunk,Going ahead other,On main c'way - not in restricted lane,None,None,Front,Commuting to/from work,2016-11-29,06:00:00,Tuesday,Tameside,E08000008,Urban,53.493934,-2.092622,E01005949
06G193607,2016,Slight,Male,66 - 75,Rural,Less deprived 30-40%,2,1,Single carriageway,30,T or staggered junction,Daylight,Fine no high winds,Dry,None,Non-trunk,Overtaking - nearside,On main c'way - not in restricted lane,None,None,Front,Not known,2016-08-08,13:25:00,Monday,Tameside,E08000008,Urban,53.449891,-2.078402,E01006040
06J010699,2016,Slight,Male,26 - 35,Data missing or out of range,Data missing or out of range,2,1,Single carriageway,30,Not at junction or within 20 metres,Darkness - lights lit,Fine no high winds,Wet or damp,None,Non-trunk,Going ahead other,On main c'way - not in restricted lane,None,None,Front,Not known,2016-01-08,07:00:00,Friday,Stockport,E08000007,Urban,53.402799,-2.137653,E01005871
06J010862,2016,Slight,Male,16 - 20,Rural,Less deprived 20-30%,2,1,Single carriageway,40,T or staggered junction,Darkness - lights lit,Raining + high winds,Wet or damp,None,Non-trunk,Going ahead other,On main c'way - not in restricted lane,None,None,Front,Not known,2016-01-13,19:20:00,Wednesday,Stockport,E08000007,Rural,53.367525,-2.094046,E01005842
06J011315,2016,Slight,Male,46 - 55,Urban area,More deprived 10-20%,2,1,Single carriageway,30,Not at junction or within 20 metres,Daylight,Fine no high winds,Dry,None,Non-trunk,Going ahead other,On main c'way - not in restricted lane,None,None,Front,Not known,2016-01-20,11:15:00,Wednesday,Stockport,E08000007,Urban,53.359159,-2.195391,E01005793
06J011483,2016,Slight,Male,11 - 15,Urban area,More deprived 30-40%,2,1,Single carriageway,30,Not at junction or within 20 metres,Daylight,Fine no high winds,Dry,None,Non-trunk,Going ahead other,On main c'way - not in restricted lane,None,None,Did not impact,Pupil riding to/from school,2016-01-29,08:25:00,Friday,Stockport,E08000007,Urban,53.43265,-2.153463,E01005892
06J011495,2016,Slight,Male,46 - 55,Urban area,Least deprived 10%,2,1,Single carriageway,30,T or staggered junction,Daylight,Fine no high winds,Wet or damp,None,Non-trunk,Going ahead other,On main c'way - not in restricted lane,None,None,Front,Not known,2016-01-22,16:10:00,Friday,Stockport,E08000007,Urban,53.40759,-2.145897,E01005872
06J012055,2016,Slight,Male,11 - 15,Urban area,More deprived 20-30%,2,1,Roundabout,30,Mini-roundabout,Daylight,Fine no high winds,Dry,None,Non-trunk,Going ahead other,On main c'way - not in restricted lane,None,None,Nearside,Pupil riding to/from school,2016-01-28,07:59:00,Thursday,Stockport,E08000007,Urban,53.396758,-2.13816,E01005824
06J012223,2016,Serious,Male,56 - 65,Urban area,Least deprived 10%,2,1,Roundabout,30,Roundabout,Daylight,Fine no high winds,Dry,None,Non-trunk,Going ahead other,On main c'way - not in restricted lane,None,None,Nearside,Commuting to/from work,2016-02-11,10:00:00,Thursday,Stockport,E08000007,Rural,53.380315,-2.218414,E01005784
06J013016,2016,Slight,Male,21 - 25,Urban area,Less deprived 40-50%,2,1,Single carriageway,40,T or staggered junction,Daylight,Fine no high winds,Dry,None,Non-trunk,Waiting to turn right,On main c'way - not in restricted lane,None,None,Offside,Not known,2016-02-25,17:35:00,Thursday,Stockport,E08000007,Urban,53.43213,-2.120559,E01005744
06J014093,2016,Slight,Male,36 - 45,Urban area,More deprived 30-40%,2,1,Single carriageway,30,T or staggered junction,Daylight,Fine no high winds,Wet or damp,None,Non-trunk,Going ahead other,On main c'way - not in restricted lane,None,None,Offside,Commuting to/from work,2016-04-06,17:10:00,Wednesday,Stockport,E08000007,Urban,53.414161,-2.152825,E01005758
06J014991,2016,Serious,Male,46 - 55,Urban area,More deprived 30-40%,2,1,Single carriageway,30,Crossroads,Daylight,Fine no high winds,Dry,None,Non-trunk,Going ahead other,On main c'way - not in restricted lane,None,None,Did not impact,Not known,2016-04-22,13:25:00,Friday,Stockport,E08000007,Urban,53.422545,-2.114181,E01005751
06J015554,2016,Slight,Male,46 - 55,Urban area,More deprived 30-40%,2,1,Single carriageway,30,T or staggered junction,Daylight,Fine no high winds,Dry,None,Non-trunk,Going ahead other,On main c'way - not in restricted lane,None,None,Offside,Not known,2016-05-12,18:27:00,Thursday,Stockport,E08000007,Urban,53.370267,-2.103867,E01005842
06J016634,2016,Slight,Male,26 - 35,Urban area,Less deprived 40-50%,2,1,Single carriageway,30,Private drive or entrance,Daylight,Fine no high winds,Dry,None,Non-trunk,Going ahead other,Footway (pavement),None,None,Front,Commuting to/from work,2016-06-02,06:32:00,Thursday,Stockport,E08000007,Urban,53.41467,-2.068588,E01005897
06J017928,2016,Serious,Female,46 - 55,Urban area,Less deprived 20-30%,2,1,Single carriageway,30,T or staggered junction,Daylight,Fine no high winds,Dry,None,Non-trunk,Going ahead other,On main c'way - not in restricted lane,None,None,Front,Not known,2016-07-12,18:05:00,Tuesday,Stockport,E08000007,Urban,53.386114,-2.212865,E01005776
06J018041,2016,Slight,Female,6 - 10,Data missing or out of range,Data missing or out of range,2,1,Single carriageway,30,T or staggered junction,Daylight,Fine no high winds,Dry,None,Non-trunk,Going ahead other,On main c'way - not in restricted lane,None,None,Front,Not known,2016-07-09,16:55:00,Saturday,Stockport,E08000007,Urban,53.417925,-2.104208,E01005752
06J020108,2016,Slight,Male,46 - 55,Urban area,Less deprived 30-40%,2,1,Single carriageway,30,T or staggered junction,Daylight,Fine no high winds,Dry,None,Non-trunk,Going ahead other,On main c'way - not in restricted lane,None,None,Front,Not known,2016-09-05,13:35:00,Monday,Stockport,E08000007,Urban,53.43401,-2.183106,E01005869
06J020591,2016,Slight,Male,16 - 20,Urban area,Most deprived 10%,2,1,Dual carriageway,30,Private drive or entrance,Daylight,Fine no high winds,Dry,None,Non-trunk,Going ahead other,Footway (pavement),None,None,Front,Not known,2016-09-15,08:38:00,Thursday,Stockport,E08000007,Urban,53.395047,-2.148907,E01005797
06J020989,2016,Serious,Male,46 - 55,Rural,Less deprived 20-30%,2,1,Single carriageway,30,T or staggered junction,Daylight,Fine no high winds,Dry,None,Non-trunk,Going ahead other,On main c'way - not in restricted lane,None,None,Front,Not known,2016-09-07,17:47:00,Wednesday,Stockport,E08000007,Urban,53.418406,-2.170851,E01005917
06J021046,2016,Serious,Male,46 - 55,Urban area,Least deprived 10%,2,1,Single carriageway,30,T or staggered junction,Daylight,Fine no high winds,Dry,None,Non-trunk,Going ahead other,On main c'way - not in restricted lane,None,None,Front,Not known,2016-09-24,12:07:00,Saturday,Stockport,E08000007,Urban,53.355008,-2.164918,E01005925
06J021569,2016,Slight,Male,46 - 55,Urban area,More deprived 30-40%,2,1,Single carriageway,30,T or staggered junction,Daylight,Fine no high winds,Dry,None,Non-trunk,Going ahead other,On main c'way - not in restricted lane,None,None,Offside,Not known,2016-10-03,12:30:00,Monday,Stockport,E08000007,Urban,53.374042,-2.191792,E01005786
06J021639,2016,Serious,Male,26 - 35,Urban area,More deprived 40-50%,2,1,Single carriageway,30,T or staggered junction,Daylight,Fine no high winds,Dry,Roadworks,Non-trunk,Going ahead other,On main c'way - not in restricted lane,None,None,Front,Commuting to/from work,2016-09-25,15:20:00,Sunday,Stockport,E08000007,Urban,53.410192,-2.163401,E01005758
06J022528,2016,Serious,Male,56 - 65,Data missing or out of range,Data missing or out of range,2,1,Single carriageway,30,T or staggered junction,Darkness - lighting unknown,Unknown,Dry,None,Non-trunk,Going ahead other,On main c'way - not in restricted lane,None,None,Front,Not known,2016-11-04,21:30:00,Friday,Stockport,E08000007,Urban,53.417045,-2.130838,E01005750
06J022536,2016,Slight,Female,36 - 45,Urban area,More deprived 30-40%,2,1,Single carriageway,30,Crossroads,Daylight,Fine no high winds,Dry,None,Non-trunk,Going ahead other,On main c'way - not in restricted lane,None,None,Front,Not known,2016-11-02,08:15:00,Wednesday,Stockport,E08000007,Urban,53.386779,-2.180121,E01005782
06J023286,2016,Serious,Male,11 - 15,Urban area,Most deprived 10%,2,1,Single carriageway,30,Crossroads,Darkness - lights lit,Raining no high winds,Wet or damp,None,Non-trunk,Going ahead other,On main c'way - not in restricted lane,None,None,Front,Not known,2016-11-13,17:20:00,Sunday,Stockport,E08000007,Urban,53.372824,-2.238967,E01005851
06J023289,2016,Slight,Male,11 - 15,Urban area,Most deprived 10%,2,1,Single carriageway,30,Not at junction or within 20 metres,Darkness - lights lit,Raining + high winds,Wet or damp,None,Non-trunk,Changing lane to right,On main c'way - not in restricted lane,None,None,Offside,Not known,2016-11-21,17:07:00,Monday,Stockport,E08000007,Urban,53.39267,-2.128913,E01005827
06J023746,2016,Slight,Male,26 - 35,Urban area,More deprived 40-50%,2,1,Single carriageway,30,T or staggered junction,Daylight,Fine no high winds,Dry,None,Non-trunk,Going ahead other,On main c'way - not in restricted lane,None,None,Front,Journey as part of work,2016-11-02,08:15:00,Wednesday,Stockport,E08000007,Urban,53.380688,-2.200556,E01005784
06J024510,2016,Serious,Male,46 - 55,Urban area,Less deprived 30-40%,2,1,Single carriageway,30,T or staggered junction,Darkness - lights lit,Fine no high winds,Wet or damp,None,Non-trunk,Going ahead other,On main c'way - not in restricted lane,None,None,Front,Not known,2016-12-06,08:00:00,Tuesday,Stockport,E08000007,Urban,53.38833,-2.135832,E01005801
06J024759,2016,Slight,Male,26 - 35,Urban area,Less deprived 20-30%,2,1,Single carriageway,30,T or staggered junction,Darkness - lights lit,Other,Wet or damp,None,Non-trunk,Going ahead other,On main c'way - not in restricted lane,None,None,Nearside,Commuting to/from work,2016-12-12,07:10:00,Monday,Stockport,E08000007,Urban,53.382331,-2.201706,E01005784
06K010467,2016,Slight,Male,46 - 55,Urban area,More deprived 20-30%,2,1,Single carriageway,30,Crossroads,Darkness - lights lit,Fine no high winds,Wet or damp,None,Non-trunk,Going ahead other,Cycle lane (on main carriageway),None,None,Front,Journey as part of work,2016-01-05,06:20:00,Tuesday,Bolton,E08000001,Urban,53.579952,-2.45979,E01004845
06K012254,2016,Slight,Male,26 - 35,Data missing or out of range,Data missing or out of range,2,1,Single carriageway,30,Crossroads,Daylight,Fine no high winds,Dry,None,Non-trunk,Going ahead other,On main c'way - not in restricted lane,None,None,Front,Not known,2016-02-11,14:00:00,Thursday,Bolton,E08000001,Urban,53.592392,-2.412832,E01004929
06K012968,2016,Slight,Male,26 - 35,Urban area,Most deprived 10%,2,1,Single carriageway,30,T or staggered junction,Daylight,Fine no high winds,Dry,None,Non-trunk,Going ahead other,On main c'way - not in restricted lane,None,None,Front,Not known,2016-03-05,10:15:00,Saturday,Bolton,E08000001,Urban,53.600279,-2.546553,E01004890
06K013250,2016,Slight,Male,26 - 35,Urban area,More deprived 20-30%,2,1,Single carriageway,30,Not at junction or within 20 metres,Darkness - lights lit,Fine no high winds,Dry,None,Non-trunk,Going ahead other,On main c'way - not in restricted lane,None,None,Front,Not known,2016-02-25,22:59:00,Thursday,Bolton,E08000001,Urban,53.580727,-2.393627,E01004796
06K013368,2016,Slight,Male,36 - 45,Urban area,More deprived 20-30%,2,1,Single carriageway,30,Not at junction or within 20 metres,Darkness - lights lit,Unknown,Wet or damp,None,Non-trunk,Going ahead other,Cycle lane (on main carriageway),None,None,Nearside,Journey as part of work,2016-03-03,21:00:00,Thursday,Bolton,E08000001,Urban,53.56314,-2.411324,E01004812
06K013439,2016,Slight,Male,21 - 25,Urban area,Most deprived 10%,2,1,Single carriageway,20,T or staggered junction,Daylight,Fine no high winds,Dry,None,Non-trunk,Going ahead other,On main c'way - not in restricted lane,None,None,Front,Not known,2016-03-12,17:00:00,Saturday,Bolton,E08000001,Urban,53.590518,-2.387403,E01004787
06K013975,2016,Slight,Male,46 - 55,Urban area,More deprived 10-20%,2,1,Roundabout,40,Roundabout,Daylight,Fine no high winds,Dry,None,Non-trunk,Turning right,On main c'way - not in restricted lane,None,None,Front,Not known,2016-03-25,17:10:00,Friday,Bolton,E08000001,Urban,53.550716,-2.496966,E01004891
06K014458,2016,Serious,Male,46 - 55,Small town,Less deprived 20-30%,3,1,Single carriageway,40,T or staggered junction,Daylight,Fine no high winds,Dry,None,Non-trunk,Going ahead other,On main c'way - not in restricted lane,None,None,Front,Not known,2016-04-09,11:20:00,Saturday,Bolton,E08000001,Urban,53.579802,-2.501491,E01004844
06K014642,2016,Slight,Male,16 - 20,Urban area,Most deprived 10%,4,1,Single carriageway,30,T or staggered junction,Daylight,Fine no high winds,Dry,None,Non-trunk,Going ahead other,On main c'way - not in restricted lane,None,None,Front,Not known,2016-03-25,17:35:00,Friday,Bolton,E08000001,Urban,53.589469,-2.408272,E01004928
06K014667,2016,Slight,Male,36 - 45,Urban area,Less deprived 40-50%,2,1,Single carriageway,30,T or staggered junction,Daylight,Fine no high winds,Dry,None,Non-trunk,Going ahead other,On main c'way - not in restricted lane,None,None,Front,Commuting to/from work,2016-04-11,16:20:00,Monday,Bolton,E08000001,Urban,53.547159,-2.392229,E01004859
06K015440,2016,Serious,Male,46 - 55,Urban area,Least deprived 10%,2,1,Single carriageway,30,More than 4 arms (not roundabout),Daylight,Fine no high winds,Dry,None,Non-trunk,Going ahead other,On main c'way - not in restricted lane,None,None,Offside,Not known,2016-05-09,06:51:00,Monday,Bolton,E08000001,Urban,53.582514,-2.440499,E01004823
06K016015,2016,Slight,Male,26 - 35,Urban area,Less deprived 40-50%,2,1,Single carriageway,40,T or staggered junction,Daylight,Fine no high winds,Dry,None,Non-trunk,Going ahead other,On main c'way - not in restricted lane,None,None,Front,Not known,2016-04-30,07:30:00,Saturday,Bolton,E08000001,Urban,53.549922,-2.468868,E01004833
06K016315,2016,Slight,Male,26 - 35,Data missing or out of range,Data missing or out of range,2,1,Single carriageway,30,Other junction,Daylight,Fine no high winds,Dry,None,Non-trunk,Going ahead other,On main c'way - not in restricted lane,None,None,Front,Not known,2016-05-06,19:30:00,Friday,Bolton,E08000001,Urban,53.592998,-2.483773,E01004840
06K016376,2016,Slight,Male,26 - 35,Urban area,More deprived 20-30%,2,1,Single carriageway,30,T or staggered junction,Daylight,Fine no high winds,Dry,None,Non-trunk,Going ahead other,Footway (pavement),None,None,Front,Not known,2016-05-20,08:30:00,Friday,Bolton,E08000001,Urban,53.585834,-2.429763,E01033220
06K017074,2016,Slight,Male,21 - 25,Urban area,Most deprived 10%,2,1,Single carriageway,30,Mini-roundabout,Daylight,Raining no high winds,Dry,None,Non-trunk,Going ahead other,Footway (pavement),None,None,Nearside,Not known,2016-06-19,17:00:00,Sunday,Bolton,E08000001,Urban,53.547249,-2.410974,E01004862
06K017226,2016,Serious,Female,46 - 55,Urban area,More deprived 20-30%,2,1,Single carriageway,30,T or staggered junction,Daylight,Fine no high winds,Dry,None,Non-trunk,Going ahead other,On main c'way - not in restricted lane,None,None,Nearside,Not known,2016-06-16,05:43:00,Thursday,Bolton,E08000001,Urban,53.563023,-2.373065,E01004911
06K017245,2016,Serious,Male,36 - 45,Urban area,More deprived 20-30%,2,1,Single carriageway,30,T or staggered junction,Daylight,Fine no high winds,Dry,None,Non-trunk,Going ahead other,On main c'way - not in restricted lane,None,None,Front,Not known,2016-06-14,11:45:00,Tuesday,Bolton,E08000001,Urban,53.5601,-2.52425,E01004776
06K017563,2016,Slight,Male,26 - 35,Urban area,Less deprived 30-40%,2,1,Roundabout,30,Roundabout,Daylight,Fine no high winds,Wet or damp,None,Non-trunk,Going ahead other,On main c'way - not in restricted lane,None,None,Front,Commuting to/from work,2016-06-27,08:48:00,Monday,Bolton,E08000001,Urban,53.582137,-2.541168,E01004781
06K018039,2016,Serious,Male,56 - 65,Rural,Less deprived 20-30%,2,1,Single carriageway,40,T or staggered junction,Daylight,Fine no high winds,Dry,None,Non-trunk,Going ahead other,On main c'way - not in restricted lane,None,None,Front,Not known,2016-06-26,11:05:00,Sunday,Bolton,E08000001,Rural,53.597866,-2.516921,E01004884
06K018179,2016,Slight,Male,26 - 35,Urban area,Most deprived 10%,2,1,Single carriageway,30,T or staggered junction,Daylight,Raining no high winds,Wet or damp,None,Non-trunk,Going ahead other,On main c'way - not in restricted lane,None,None,Front,Not known,2016-07-09,17:45:00,Saturday,Bolton,E08000001,Urban,53.556199,-2.456363,E01004833
06K018268,2016,Slight,Male,26 - 35,Urban area,Less deprived 40-50%,2,1,Single carriageway,30,T or staggered junction,Daylight,Fine no high winds,Dry,None,Non-trunk,Going ahead other,Cycle lane (on main carriageway),None,None,Front,Journey as part of work,2016-07-18,13:10:00,Monday,Bolton,E08000001,Urban,53.58051,-2.404772,E01004932
06K019714,2016,Slight,Male,6 - 10,Urban area,More deprived 20-30%,2,1,Single carriageway,30,T or staggered junction,Daylight,Fine no high winds,Dry,None,Non-trunk,Turning right,On main c'way - not in restricted lane,None,None,Front,Not known,2016-08-22,13:42:00,Monday,Bolton,E08000001,Urban,53.561544,-2.415265,E01004812
06K019797,2016,Slight,Male,56 - 65,Urban area,Less deprived 30-40%,2,1,Single carriageway,30,T or staggered junction,Daylight,Fine no high winds,Dry,None,Non-trunk,Going ahead other,On main c'way - not in restricted lane,None,None,Front,Not known,2016-08-10,15:10:00,Wednesday,Bolton,E08000001,Urban,53.572808,-2.444928,E01004849
06K020443,2016,Slight,Male,11 - 15,Urban area,More deprived 10-20%,2,1,Single carriageway,30,Crossroads,Daylight,Fine no high winds,Dry,None,Non-trunk,Going ahead other,On main c'way - not in restricted lane,None,None,Back,Not known,2016-09-10,16:25:00,Saturday,Bolton,E08000001,Urban,53.591136,-2.409617,E01004926
06K020746,2016,Serious,Female,16 - 20,Urban area,Less deprived 40-50%,2,1,Single carriageway,30,T or staggered junction,Daylight,Raining no high winds,Wet or damp,None,Non-trunk,Turning right,On main c'way - not in restricted lane,None,None,Did not impact,Pupil riding to/from school,2016-09-08,08:30:00,Thursday,Bolton,E08000001,Urban,53.551215,-2.517031,E01004894
06K021829,2016,Slight,Male,46 - 55,Urban area,More deprived 20-30%,2,1,Single carriageway,30,Other junction,Daylight,Fine no high winds,Dry,None,Non-trunk,Going ahead other,On main c'way - not in restricted lane,None,None,Front,Not known,2016-10-11,08:00:00,Tuesday,Bolton,E08000001,Rural,53.542218,-2.383023,E01004905
06K022709,2016,Slight,Male,56 - 65,Urban area,Least deprived 10%,2,1,Single carriageway,30,T or staggered junction,Darkness - lights lit,Fine no high winds,Dry,None,Non-trunk,Going ahead other,On main c'way - not in restricted lane,None,None,Front,Not known,2016-11-07,17:45:00,Monday,Bolton,E08000001,Urban,53.563123,-2.375436,E01004911
06K022732,2016,Slight,Male,46 - 55,Urban area,Least deprived 10%,2,1,Single carriageway,30,T or staggered junction,Daylight,Fine no high winds,Dry,None,Non-trunk,Going ahead other,Cycle lane (on main carriageway),None,None,Front,Not known,2016-11-05,12:52:00,Saturday,Bolton,E08000001,Urban,53.587324,-2.529059,E01004886
06K022734,2016,Serious,Female,21 - 25,Data missing or out of range,Data missing or out of range,2,1,Single carriageway,30,Not at junction or within 20 metres,Daylight,Fine no high winds,Dry,None,Non-trunk,Going ahead other,On main c'way - not in restricted lane,None,None,Back,Not known,2016-10-30,15:45:00,Sunday,Bolton,E08000001,Urban,53.581756,-2.527917,E01004781
06K022998,2016,Serious,Male,26 - 35,Data missing or out of range,Data missing or out of range,2,1,Roundabout,30,Mini-roundabout,Daylight,Raining no high winds,Wet or damp,None,Non-trunk,Going ahead other,On main c'way - not in restricted lane,None,None,Front,Not known,2016-11-10,12:50:00,Thursday,Bolton,E08000001,Urban,53.536924,-2.516978,E01004935
06K023230,2016,Serious,Male,21 - 25,Urban area,Most deprived 10%,3,1,Single carriageway,30,Crossroads,Daylight,Fine no high winds,Dry,None,Non-trunk,Going ahead other,On main c'way - not in restricted lane,None,None,Front,Not known,2016-11-07,13:55:00,Monday,Bolton,E08000001,Urban,53.585273,-2.44799,E01004869
06K024285,2016,Slight,Male,56 - 65,Urban area,Least deprived 10%,2,1,Single carriageway,40,Not at junction or within 20 metres,Darkness - no lighting,Raining no high winds,Dry,None,Non-trunk,Parked,On main c'way - not in restricted lane,None,None,Back,Not known,2016-12-09,16:50:00,Friday,Bolton,E08000001,Rural,53.638225,-2.447719,E01004803
06K024291,2016,Slight,Male,46 - 55,Small town,More deprived 30-40%,2,1,Roundabout,40,Roundabout,Darkness - lights lit,Raining no high winds,Wet or damp,None,Non-trunk,Going ahead other,On main c'way - not in restricted lane,None,None,Back,Not known,2016-11-22,18:10:00,Tuesday,Bolton,E08000001,Rural,53.572073,-2.550388,E01004775
06K024591,2016,Slight,Male,66 - 75,Urban area,More deprived 10-20%,2,1,Single carriageway,30,Not at junction or within 20 metres,Daylight,Fine no high winds,Dry,None,Non-trunk,Going ahead other,On main c'way - not in restricted lane,None,None,Offside,Not known,2016-12-10,10:23:00,Saturday,Bolton,E08000001,Rural,53.617,-2.455748,E01004768
06K024751,2016,Serious,Female,36 - 45,Urban area,Less deprived 10-20%,2,1,Dual carriageway,40,T or staggered junction,Daylight,Raining no high winds,Wet or damp,None,Non-trunk,Going ahead other,On main c'way - not in restricted lane,None,None,Front,Not known,2016-12-13,10:02:00,Tuesday,Bolton,E08000001,Urban,53.598686,-2.425043,E01004767
06L010447,2016,Slight,Male,11 - 15,Urban area,Less deprived 20-30%,2,1,Single carriageway,30,T or staggered junction,Daylight,Fine no high winds,Wet or damp,None,Non-trunk,Going ahead other,On main c'way - not in restricted lane,None,None,Back,Not known,2016-01-09,14:40:00,Saturday,Wigan,E08000010,Urban,53.494561,-2.501871,E01006335
06L012451,2016,Slight,Male,46 - 55,Urban area,More deprived 10-20%,2,1,Single carriageway,30,Crossroads,Daylight,Fine no high winds,Wet or damp,None,Non-trunk,Going ahead other,On main c'way - not in restricted lane,None,None,Did not impact,Not known,2016-02-05,08:45:00,Friday,Wigan,E08000010,Urban,53.536983,-2.619869,E01006310
06L013018,2016,Serious,Male,16 - 20,Urban area,Most deprived 10%,2,1,Single carriageway,30,T or staggered junction,Darkness - lights lit,Fine no high winds,Dry,None,Non-trunk,Going ahead other,On main c'way - not in restricted lane,None,None,Back,Not known,2016-02-13,17:40:00,Saturday,Wigan,E08000010,Urban,53.549604,-2.612643,E01006392
06L013170,2016,Serious,Male,46 - 55,Urban area,More deprived 30-40%,2,1,Single carriageway,30,T or staggered junction,Daylight,Fine no high winds,Dry,None,Non-trunk,Going ahead other,On main c'way - not in restricted lane,None,None,Nearside,Not known,2016-02-28,12:00:00,Sunday,Wigan,E08000010,Urban,53.588415,-2.666849,E01006319
06L013614,2016,Slight,Male,56 - 65,Small town,More deprived 20-30%,2,1,Single carriageway,30,T or staggered junction,Daylight,Fine no high winds,Dry,None,Non-trunk,Going ahead other,On main c'way - not in restricted lane,None,None,Front,Not known,2016-02-25,10:40:00,Thursday,Wigan,E08000010,Rural,53.566939,-2.582921,E01006236
06L014394,2016,Slight,Male,26 - 35,Small town,Less deprived 10-20%,2,1,Single carriageway,30,T or staggered junction,Daylight,Fine no high winds,Dry,None,Non-trunk,Going ahead other,On main c'way - not in restricted lane,None,None,Front,Journey as part of work,2016-04-09,11:25:00,Saturday,Wigan,E08000010,Rural,53.586258,-2.684263,E01006316
06L015109,2016,Serious,Male,26 - 35,Urban area,More deprived 20-30%,2,1,Single carriageway,60,Private drive or entrance,Darkness - no lighting,Fine no high winds,Dry,None,Non-trunk,Going ahead other,On main c'way - not in restricted lane,None,None,Did not impact,Commuting to/from work,2016-04-27,21:35:00,Wednesday,Wigan,E08000010,Rural,53.592539,-2.63576,E01006232
06L015546,2016,Serious,Male,26 - 35,Urban area,Less deprived 10-20%,2,1,Single carriageway,30,T or staggered junction,Daylight,Fine no high winds,Dry,None,Non-trunk,Going ahead other,On main c'way - not in restricted lane,None,None,Nearside,Journey as part of work,2016-05-12,07:50:00,Thursday,Wigan,E08000010,Urban,53.488863,-2.499513,E01006297
06L015938,2016,Slight,Male,36 - 45,Data missing or out of range,Data missing or out of range,3,1,Single carriageway,30,Not at junction or within 20 metres,Daylight,Fine no high winds,Dry,None,Non-trunk,Overtaking static vehicle - offside,On main c'way - not in restricted lane,None,None,Front,Journey as part of work,2016-05-05,17:37:00,Thursday,Wigan,E08000010,Urban,53.578513,-2.653251,E01006233
06L016313,2016,Serious,Male,11 - 15,Urban area,More deprived 10-20%,2,1,Single carriageway,30,T or staggered junction,Daylight,Fine no high winds,Dry,None,Non-trunk,Going ahead other,On main c'way - not in restricted lane,None,None,Offside,Not known,2016-05-20,19:24:00,Friday,Wigan,E08000010,Urban,53.487772,-2.500389,E01006297
06L016699,2016,Slight,Male,66 - 75,Urban area,Most deprived 10%,2,1,Roundabout,60,Roundabout,Daylight,Fine no high winds,Dry,None,Non-trunk,Going ahead other,On main c'way - not in restricted lane,None,None,Nearside,Not known,2016-05-24,09:40:00,Tuesday,Wigan,E08000010,Rural,53.480564,-2.500274,E01006247
06L016788,2016,Slight,Male,26 - 35,Data missing or out of range,Data missing or out of range,2,1,Roundabout,30,Roundabout,Daylight,Fine no high winds,Dry,None,Non-trunk,Going ahead other,On main c'way - not in restricted lane,None,None,Back,Commuting to/from work,2016-06-10,05:30:00,Friday,Wigan,E08000010,Urban,53.535661,-2.63696,E01006349
06L016824,2016,Slight,Male,46 - 55,Urban area,More deprived 30-40%,2,1,Single carriageway,30,Crossroads,Daylight,Fine no high winds,Dry,None,Non-trunk,Going ahead other,On main c'way - not in restricted lane,None,None,Front,Not known,2016-06-14,20:20:00,Tuesday,Wigan,E08000010,Urban,53.547661,-2.640325,E01006369
06L016930,2016,Slight,Male,11 - 15,Urban area,More deprived 10-20%,2,1,Single carriageway,30,T or staggered junction,Daylight,Fine no high winds,Dry,None,Non-trunk,Going ahead other,On main c'way - not in restricted lane,None,None,Front,Not known,2016-06-14,17:41:00,Tuesday,Wigan,E08000010,Urban,53.476347,-2.592828,E01006342
06L017291,2016,Slight,Male,56 - 65,Urban area,More deprived 20-30%,2,1,Single carriageway,30,T or staggered junction,Daylight,Fine no high winds,Dry,None,Non-trunk,Going ahead other,On main c'way - not in restricted lane,None,None,Front,Not known,2016-06-08,15:23:00,Wednesday,Wigan,E08000010,Urban,53.504072,-2.534806,E01006323
06L017294,2016,Serious,Male,26 - 35,Urban area,Less deprived 10-20%,2,1,Single carriageway,30,T or staggered junction,Daylight,Other,Dry,None,Non-trunk,Going ahead other,On main c'way - not in restricted lane,None,None,Front,Commuting to/from work,2016-06-14,16:45:00,Tuesday,Wigan,E08000010,Urban,53.503497,-2.442529,E01006385
06L017436,2016,Slight,Male,11 - 15,Urban area,More deprived 20-30%,2,1,Single carriageway,30,T or staggered junction,Daylight,Fine no high winds,Dry,None,Non-trunk,Going ahead other,On main c'way - not in restricted lane,None,None,Front,Pupil riding to/from school,2016-06-23,15:00:00,Thursday,Wigan,E08000010,Urban,53.494798,-2.492604,E01006246
06L018492,2016,Slight,Male,6 - 10,Urban area,More deprived 20-30%,2,1,Single carriageway,20,Not at junction or within 20 metres,Daylight,Fine no high winds,Dry,None,Non-trunk,Going ahead other,On main c'way - not in restricted lane,None,None,Front,Not known,2016-07-22,15:30:00,Friday,Wigan,E08000010,Urban,53.561886,-2.649477,E01006260
06L018769,2016,Serious,Male,26 - 35,Data missing or out of range,Data missing or out of range,2,1,Single carriageway,30,Crossroads,Daylight,Fine no high winds,Dry,None,Non-trunk,Going ahead other,On main c'way - not in restricted lane,None,None,Front,Not known,2016-08-01,15:34:00,Monday,Wigan,E08000010,Rural,53.51259,-2.467144,E01006381
06L019081,2016,Serious,Male,21 - 25,Urban area,More deprived 20-30%,3,1,Single carriageway,30,T or staggered junction,Daylight,Raining no high winds,Wet or damp,None,Non-trunk,Going ahead other,On main c'way - not in restricted lane,None,None,Front,Not known,2016-07-28,14:04:00,Thursday,Wigan,E08000010,Urban,53.477561,-2.585477,E01006342
06L019329,2016,Serious,Female,56 - 65,Urban area,Most deprived 10%,2,1,Single carriageway,30,T or staggered junction,Daylight,Fine no high winds,Dry,None,Non-trunk,Turning left,On main c'way - not in restricted lane,None,None,Offside,Journey as part of work,2016-08-03,18:25:00,Wednesday,Wigan,E08000010,Urban,53.50225,-2.52827,E01006283
06L019332,2016,Slight,Male,11 - 15,Urban area,More deprived 10-20%,2,1,Single carriageway,30,T or staggered junction,Daylight,Raining no high winds,Wet or damp,None,Non-trunk,Going ahead other,On main c'way - not in restricted lane,None,None,Front,Not known,2016-08-10,19:00:00,Wednesday,Wigan,E08000010,Urban,53.499779,-2.532159,E01006324
06L019639,2016,Slight,Male,11 - 15,Data missing or out of range,Data missing or out of range,2,1,One way street,30,T or staggered junction,Daylight,Fine no high winds,Dry,None,Non-trunk,Turning right,On main c'way - not in restricted lane,None,None,Front,Not known,2016-08-16,10:45:00,Tuesday,Wigan,E08000010,Rural,53.505488,-2.485204,E01006248
06L019837,2016,Slight,Male,11 - 15,Urban area,More deprived 20-30%,2,1,One way street,30,Crossroads,Daylight,Fine no high winds,Dry,None,Non-trunk,Going ahead other,On main c'way - not in restricted lane,None,None,Front,Not known,2016-07-05,13:05:00,Tuesday,Wigan,E08000010,Urban,53.504452,-2.518,E01006338
06L019867,2016,Slight,Male,11 - 15,Urban area,Most deprived 10%,2,1,Single carriageway,30,T or staggered junction,Daylight,Raining no high winds,Dry,None,Non-trunk,Going ahead other,Footway (pavement),None,None,Front,Not known,2016-08-21,18:30:00,Sunday,Wigan,E08000010,Urban,53.551171,-2.665962,E01006361
06L019936,2016,Slight,Male,16 - 20,Data missing or out of range,Data missing or out of range,2,1,Single carriageway,30,T or staggered junction,Daylight,Fine no high winds,Dry,None,Non-trunk,Going ahead other,On main c'way - not in restricted lane,None,None,Front,Not known,2016-08-23,15:55:00,Tuesday,Wigan,E08000010,Urban,53.541443,-2.683872,E01006356
06L020572,2016,Slight,Male,46 - 55,Urban area,More deprived 40-50%,2,1,Single carriageway,30,T or staggered junction,Darkness - lights unlit,Other,Dry,None,Non-trunk,Going ahead other,On main c'way - not in restricted lane,None,None,Offside,Commuting to/from work,2016-09-07,05:50:00,Wednesday,Wigan,E08000010,Urban,53.546357,-2.623492,E01006386
06L020609,2016,Serious,Male,26 - 35,Urban area,More deprived 20-30%,2,1,Single carriageway,30,Not at junction or within 20 metres,Darkness - lights lit,Fine no high winds,Dry,None,Non-trunk,Going ahead other,On main c'way - not in restricted lane,None,None,Back,Not known,2016-09-15,23:30:00,Thursday,Wigan,E08000010,Urban,53.475496,-2.59586,E01006342
06L020743,2016,Serious,Male,11 - 15,Urban area,More deprived 10-20%,2,1,Single carriageway,30,T or staggered junction,Daylight,Fine no high winds,Dry,None,Non-trunk,Going ahead other,On main c'way - not in restricted lane,None,None,Did not impact,Not known,2016-09-08,19:30:00,Thursday,Wigan,E08000010,Urban,53.489185,-2.523044,E01006299
06L021594,2016,Slight,Male,36 - 45,Urban area,Less deprived 10-20%,2,1,Single carriageway,30,T or staggered junction,Daylight,Fine no high winds,Dry,None,Non-trunk,Going ahead other,On main c'way - not in restricted lane,None,None,Front,Not known,2016-10-06,17:30:00,Thursday,Wigan,E08000010,Urban,53.476652,-2.551578,E01006302
06L023441,2016,Slight,Male,26 - 35,Urban area,More deprived 10-20%,2,1,Single carriageway,30,T or staggered junction,Daylight,Fine no high winds,Dry,None,Non-trunk,Going ahead other,On main c'way - not in restricted lane,None,None,Front,Not known,2016-11-23,14:00:00,Wednesday,Wigan,E08000010,Rural,53.524623,-2.596941,E01006213
06L024865,2016,Slight,Male,46 - 55,Data missing or out of range,Data missing or out of range,2,1,Single carriageway,30,Crossroads,Darkness - lights lit,Fine no high winds,Wet or damp,None,Non-trunk,Going ahead other,On main c'way - not in restricted lane,None,None,Back,Not known,2016-12-16,16:16:00,Friday,Wigan,E08000010,Urban,53.537308,-2.655046,E01006352
06M010915,2016,Slight,Male,11 - 15,Urban area,Most deprived 10%,2,1,Single carriageway,30,T or staggered junction,Darkness - lights lit,Fine no high winds,Dry,None,Non-trunk,Going ahead other,On main c'way - not in restricted lane,None,None,Front,Not known,2016-01-14,18:18:00,Thursday,Trafford,E08000009,Urban,53.428504,-2.34436,E01006170
06M011048,2016,Slight,Male,21 - 25,Urban area,Most deprived 10%,2,1,Single carriageway,30,T or staggered junction,Daylight,Fine no high winds,Dry,None,Non-trunk,Going ahead other,On main c'way - not in restricted lane,None,None,Front,Not known,2016-01-13,12:50:00,Wednesday,Trafford,E08000009,Urban,53.417098,-2.324843,E01006097
06M012717,2016,Serious,Female,66 - 75,Urban area,Less deprived 30-40%,2,1,Single carriageway,30,T or staggered junction,Daylight,Fine no high winds,Dry,None,Non-trunk,Slowing or stopping,On main c'way - not in restricted lane,None,None,Front,Not known,2016-02-28,09:05:00,Sunday,Trafford,E08000009,Urban,53.452598,-2.389806,E01006130
06M013531,2016,Slight,Male,36 - 45,Urban area,Least deprived 10%,2,1,Dual carriageway,30,Not at junction or within 20 metres,Daylight,Fine no high winds,Dry,None,Non-trunk,Going ahead other,Cycle lane (on main carriageway),None,None,Front,Journey as part of work,2016-03-15,14:58:00,Tuesday,Trafford,E08000009,Urban,53.462801,-2.272714,E01006188
06M013721,2016,Slight,Male,11 - 15,Urban area,Least deprived 10%,2,1,Dual carriageway,30,Private drive or entrance,Daylight,Raining no high winds,Wet or damp,None,Non-trunk,Going ahead other,Footway (pavement),None,None,Front,Taking pupil to/from school,2016-03-01,08:35:00,Tuesday,Trafford,E08000009,Urban,53.41027,-2.342648,E01006094
06M014031,2016,Slight,Male,46 - 55,Urban area,Least deprived 10%,2,1,Single carriageway,30,Crossroads,Daylight,Fine no high winds,Dry,None,Non-trunk,Going ahead other,On main c'way - not in restricted lane,None,None,Offside,Not known,2016-03-05,13:35:00,Saturday,Trafford,E08000009,Rural,53.418487,-2.428721,E01006104
06M014490,2016,Slight,Male,16 - 20,Urban area,Less deprived 40-50%,2,1,Single carriageway,40,Not at junction or within 20 metres,Daylight,Fine no high winds,Dry,None,Non-trunk,Going ahead other,On main c'way - not in restricted lane,None,None,Front,Not known,2016-04-15,10:27:00,Friday,Trafford,E08000009,Urban,53.463053,-2.336204,E01006121
06M014627,2016,Slight,Male,16 - 20,Urban area,More deprived 20-30%,2,1,Single carriageway,30,Private drive or entrance,Daylight,Fine no high winds,Dry,None,Non-trunk,Going ahead other,Footway (pavement),None,None,Front,Commuting to/from work,2016-04-15,08:42:00,Friday,Trafford,E08000009,Urban,53.451756,-2.35414,E01006198
06M016071,2016,Slight,Male,26 - 35,Urban area,More deprived 30-40%,2,1,Single carriageway,30,T or staggered junction,Daylight,Fine no high winds,Dry,None,Non-trunk,Going ahead other,On main c'way - not in restricted lane,None,None,Nearside,Journey as part of work,2016-05-23,07:45:00,Monday,Trafford,E08000009,Urban,53.445423,-2.324246,E01006184
06M016217,2016,Slight,Male,26 - 35,Urban area,More deprived 20-30%,2,1,Roundabout,30,Mini-roundabout,Daylight,Raining no high winds,Wet or damp,None,Non-trunk,Going ahead other,On main c'way - not in restricted lane,None,None,Nearside,Commuting to/from work,2016-05-25,17:20:00,Wednesday,Trafford,E08000009,Urban,53.417666,-2.310448,E01006099
06M016305,2016,Slight,Male,11 - 15,Urban area,More deprived 40-50%,2,1,Single carriageway,30,Private drive or entrance,Daylight,Fine no high winds,Dry,None,Non-trunk,Going ahead other,On main c'way - not in restricted lane,None,None,Front,Not known,2016-05-14,17:10:00,Saturday,Trafford,E08000009,Urban,53.457361,-2.288734,E01006145
06M016891,2016,Serious,Male,26 - 35,Urban area,Most deprived 10%,2,1,Single carriageway,40,Not at junction or within 20 metres,Daylight,Fine no high winds,Dry,None,Non-trunk,Changing lane to right,On main c'way - not in restricted lane,None,None,Back,Commuting to/from work,2016-06-07,20:35:00,Tuesday,Trafford,E08000009,Urban,53.39215,-2.323014,E01006205
06M016899,2016,Slight,Male,26 - 35,Urban area,More deprived 30-40%,2,1,Dual carriageway,40,T or staggered junction,Daylight,Fine no high winds,Dry,None,Non-trunk,Going ahead other,Cycle lane (on main carriageway),None,None,Nearside,Commuting to/from work,2016-06-06,18:30:00,Monday,Trafford,E08000009,Urban,53.449587,-2.30279,E01006144
06M016909,2016,Slight,Male,66 - 75,Urban area,Less deprived 10-20%,2,1,Single carriageway,30,T or staggered junction,Daylight,Fine no high winds,Dry,None,Non-trunk,Going ahead other,On main c'way - not in restricted lane,None,None,Front,Not known,2016-06-02,09:31:00,Thursday,Trafford,E08000009,Urban,53.379057,-2.347132,E01006082
06M017178,2016,Slight,Male,36 - 45,Urban area,More deprived 30-40%,2,1,Roundabout,30,Roundabout,Daylight,Raining no high winds,Wet or damp,None,Non-trunk,Going ahead other,On main c'way - not in restricted lane,None,None,Nearside,Not known,2016-06-12,11:00:00,Sunday,Trafford,E08000009,Urban,53.450669,-2.31888,E01006182
06M017434,2016,Slight,Male,36 - 45,Urban area,Less deprived 10-20%,2,1,Dual carriageway,30,T or staggered junction,Daylight,Fine no high winds,Dry,None,Non-trunk,Going ahead other,Cycle lane (on main carriageway),None,None,Front,Commuting to/from work,2016-06-24,09:10:00,Friday,Trafford,E08000009,Urban,53.45237,-2.300596,E01006189
06M017949,2016,Slight,Male,26 - 35,Urban area,Most deprived 10%,2,1,Single carriageway,30,T or staggered junction,Daylight,Fine no high winds,Wet or damp,None,Non-trunk,Going ahead other,On main c'way - not in restricted lane,None,None,Front,Not known,2016-07-07,19:30:00,Thursday,Trafford,E08000009,Urban,53.445423,-2.324231,E01006184
06M018022,2016,Slight,Male,26 - 35,Urban area,Most deprived 10%,2,1,Single carriageway,40,Slip road,Daylight,Fine no high winds,Dry,None,Non-trunk,Going ahead other,On main c'way - not in restricted lane,None,None,Front,Not known,2016-07-06,06:30:00,Wednesday,Trafford,E08000009,Urban,53.462196,-2.333998,E01006158
06M018337,2016,Slight,Male,36 - 45,Data missing or out of range,Data missing or out of range,2,1,Single carriageway,30,T or staggered junction,Daylight,Fine no high winds,Dry,None,Non-trunk,Going ahead other,On main c'way - not in restricted lane,None,None,Back,Not known,2016-07-17,18:33:00,Sunday,Trafford,E08000009,Urban,53.42166,-2.336043,E01006148
06M018705,2016,Slight,Male,26 - 35,Urban area,Least deprived 10%,2,1,Dual carriageway,30,Crossroads,Daylight,Fine no high winds,Dry,None,Non-trunk,Going ahead other,On main c'way - not in restricted lane,None,None,Offside,Not known,2016-07-30,13:10:00,Saturday,Trafford,E08000009,Urban,53.411515,-2.341229,E01006094
06M018878,2016,Serious,Male,Over 75,Urban area,More deprived 20-30%,2,1,Single carriageway,30,Crossroads,Daylight,Fine no high winds,Wet or damp,None,Non-trunk,Going ahead other,On main c'way - not in restricted lane,None,None,Nearside,Not known,2016-07-28,16:14:00,Thursday,Trafford,E08000009,Urban,53.454861,-2.274004,E01006114
06M019622,2016,Slight,Male,36 - 45,Urban area,Most deprived 10%,2,1,Single carriageway,30,T or staggered junction,Daylight,Fine no high winds,Dry,None,Non-trunk,Going ahead other,Cycle lane (on main carriageway),None,None,Front,Not known,2016-08-15,18:30:00,Monday,Trafford,E08000009,Urban,53.412354,-2.320549,E01006097
06M020225,2016,Slight,Male,21 - 25,Urban area,More deprived 20-30%,2,1,Single carriageway,30,T or staggered junction,Daylight,Fine no high winds,Dry,None,Non-trunk,Going ahead other,On main c'way - not in restricted lane,None,None,Front,Not known,2016-08-26,18:58:00,Friday,Trafford,E08000009,Urban,53.431902,-2.318318,E01006154
06M020511,2016,Slight,Female,26 - 35,Urban area,More deprived 30-40%,2,1,Single carriageway,30,T or staggered junction,Daylight,Fine no high winds,Dry,None,Non-trunk,Going ahead other,On main c'way - not in restricted lane,None,None,Offside,Not known,2016-09-09,08:25:00,Friday,Trafford,E08000009,Urban,53.450188,-2.310263,E01006181
06M020566,2016,Slight,Male,11 - 15,Urban area,Less deprived 20-30%,2,1,Dual carriageway,30,T or staggered junction,Daylight,Fine no high winds,Dry,None,Non-trunk,Going ahead other,On main c'way - not in restricted lane,None,None,Front,Not known,2016-09-07,20:30:00,Wednesday,Trafford,E08000009,Urban,53.39857,-2.335425,E01006093
06M020812,2016,Slight,Male,46 - 55,Urban area,Least deprived 10%,2,1,Single carriageway,30,T or staggered junction,Daylight,Fine no high winds,Dry,None,Non-trunk,Going ahead other,On main c'way - not in restricted lane,None,None,Offside,Journey as part of work,2016-09-23,08:15:00,Friday,Trafford,E08000009,Urban,53.459939,-2.253794,E01006109
06M021632,2016,Slight,Male,21 - 25,Urban area,More deprived 30-40%,2,1,Single carriageway,30,T or staggered junction,Daylight,Fine no high winds,Dry,None,Non-trunk,Going ahead other,On main c'way - not in restricted lane,None,None,Front,Not known,2016-10-12,13:30:00,Wednesday,Trafford,E08000009,Urban,53.460173,-2.258148,E01006109
06M022386,2016,Slight,Male,46 - 55,Data missing or out of range,Data missing or out of range,2,1,Dual carriageway,30,T or staggered junction,Darkness - lights unlit,Fine no high winds,Dry,None,Non-trunk,Going ahead other,On main c'way - not in restricted lane,None,None,Front,Not known,2016-10-30,07:15:00,Sunday,Trafford,E08000009,Urban,53.421345,-2.329856,E01006163
06M022548,2016,Slight,Male,11 - 15,Urban area,More deprived 40-50%,2,1,Single carriageway,30,Not at junction or within 20 metres,Darkness - no lighting,Fine no high winds,Dry,None,Non-trunk,Going ahead other,On main c'way - not in restricted lane,None,None,Front,Not known,2016-10-31,17:39:00,Monday,Trafford,E08000009,Urban,53.455433,-2.332002,E01006159
06M023218,2016,Serious,Male,36 - 45,Small town,Least deprived 10%,2,1,Single carriageway,30,T or staggered junction,Daylight,Other,Wet or damp,None,Non-trunk,Going ahead other,Cycle lane (on main carriageway),None,None,Nearside,Not known,2016-11-14,07:45:00,Monday,Trafford,E08000009,Rural,53.414326,-2.430875,E01006104
06M023810,2016,Slight,Male,11 - 15,Urban area,More deprived 20-30%,2,1,Single carriageway,30,T or staggered junction,Daylight,Fine no high winds,Dry,None,Non-trunk,Turning right,On main c'way - not in restricted lane,None,None,Offside,Pupil riding to/from school,2016-11-16,07:50:00,Wednesday,Trafford,E08000009,Urban,53.42949,-2.354572,E01006171
06M023861,2016,Serious,Male,11 - 15,Urban area,Least deprived 10%,2,1,Single carriageway,30,T or staggered junction,Darkness - lights lit,Raining + high winds,Wet or damp,None,Non-trunk,Going ahead other,On main c'way - not in restricted lane,None,None,Front,Not known,2016-11-21,06:50:00,Monday,Trafford,E08000009,Urban,53.391924,-2.333298,E01006191
06M024314,2016,Slight,Male,46 - 55,Urban area,Less deprived 20-30%,2,1,Single carriageway,30,Not at junction or within 20 metres,Darkness - lights lit,Fine no high winds,Dry,None,Non-trunk,Going ahead other,Leaving lay-by or hard shoulder,None,None,Did not impact,Not known,2016-12-03,01:45:00,Saturday,Trafford,E08000009,Rural,53.43199,-2.397053,E01006107
06M024957,2016,Slight,Male,11 - 15,Urban area,Less deprived 10-20%,2,1,Roundabout,30,Roundabout,Daylight,Fine no high winds,Dry,None,Non-trunk,Going ahead other,On main c'way - not in restricted lane,None,None,Front,Not known,2016-12-02,13:00:00,Friday,Trafford,E08000009,Urban,53.457447,-2.356838,E01006118
06M025031,2016,Slight,Female,21 - 25,Urban area,More deprived 40-50%,2,1,Roundabout,30,Roundabout,Daylight,Other,Dry,None,Non-trunk,Going ahead other,On main c'way - not in restricted lane,None,None,Offside,Commuting to/from work,2016-12-19,14:20:00,Monday,Trafford,E08000009,Urban,53.468056,-2.324554,E01006158
06M025076,2016,Slight,Female,56 - 65,Urban area,Less deprived 10-20%,2,1,Single carriageway,30,T or staggered junction,Daylight,Fine no high winds,Wet or damp,None,Non-trunk,Going ahead other,On main c'way - not in restricted lane,None,None,Front,Not known,2016-12-22,10:20:00,Thursday,Trafford,E08000009,Urban,53.394643,-2.350357,E01006080
06N012660,2016,Slight,Male,26 - 35,Data missing or out of range,Data missing or out of range,2,1,Roundabout,30,Mini-roundabout,Daylight,Fine no high winds,Wet or damp,None,Non-trunk,Going ahead other,On main c'way - not in restricted lane,None,None,Did not impact,Not known,2016-02-17,15:00:00,Wednesday,Bury,E08000002,Urban,53.551109,-2.286428,E01004988
06N013455,2016,Serious,Male,36 - 45,Data missing or out of range,Data missing or out of range,2,1,Dual carriageway,30,T or staggered junction,Darkness - lights lit,Fine no high winds,Dry,None,Non-trunk,Turning left,On main c'way - not in restricted lane,None,None,Front,Not known,2016-03-02,19:57:00,Wednesday,Bury,E08000002,Urban,53.595113,-2.309511,E01004964
06N013959,2016,Fatal,Male,Over 75,Urban area,Less deprived 10-20%,1,1,Single carriageway,30,Not at junction or within 20 metres,Daylight,Fine no high winds,Dry,None,Non-trunk,Going ahead other,On main c'way - not in restricted lane,Kerb,None,Front,Not known,2016-03-05,12:20:00,Saturday,Bury,E08000002,Urban,53.645615,-2.307521,E01005017
06N014002,2016,Slight,Male,11 - 15,Urban area,More deprived 20-30%,2,1,Single carriageway,30,T or staggered junction,Daylight,Fine no high winds,Dry,None,Non-trunk,Going ahead other,On main c'way - not in restricted lane,None,None,Back,Not known,2016-03-15,16:40:00,Tuesday,Bury,E08000002,Urban,53.608181,-2.29218,E01004976
06N017171,2016,Serious,Male,36 - 45,Urban area,Least deprived 10%,2,1,Single carriageway,30,Private drive or entrance,Daylight,Unknown,Dry,None,Non-trunk,Going ahead other,On main c'way - not in restricted lane,None,None,Front,Not known,2016-06-10,17:38:00,Friday,Bury,E08000002,Urban,53.561323,-2.292733,E01005007
06N017215,2016,Serious,Male,36 - 45,Urban area,Less deprived 20-30%,2,1,Single carriageway,30,T or staggered junction,Daylight,Fine no high winds,Dry,None,Non-trunk,Going ahead other,On main c'way - not in restricted lane,None,None,Front,Not known,2016-06-16,08:18:00,Thursday,Bury,E08000002,Urban,53.585277,-2.299907,E01005027
06N017473,2016,Serious,Male,46 - 55,Urban area,Less deprived 30-40%,2,1,Single carriageway,30,T or staggered junction,Daylight,Fine no high winds,Dry,None,Non-trunk,Going ahead other,On main c'way - not in restricted lane,None,None,Front,Journey as part of work,2016-07-04,07:52:00,Monday,Bury,E08000002,Rural,53.598648,-2.30857,E01004964
06N017605,2016,Serious,Male,46 - 55,Urban area,More deprived 30-40%,2,1,Single carriageway,30,T or staggered junction,Daylight,Fine no high winds,Dry,None,Non-trunk,Going ahead other,On main c'way - not in restricted lane,None,None,Front,Commuting to/from work,2016-06-17,17:15:00,Friday,Bury,E08000002,Urban,53.535683,-2.287215,E01005034
06N017653,2016,Slight,Male,56 - 65,Urban area,Most deprived 10%,2,1,Single carriageway,30,T or staggered junction,Daylight,Fine no high winds,Dry,None,Non-trunk,Going ahead other,On main c'way - not in restricted lane,None,None,Front,Not known,2016-06-27,18:15:00,Monday,Bury,E08000002,Urban,53.536439,-2.27109,E01004973
06N017978,2016,Slight,Male,16 - 20,Urban area,More deprived 30-40%,2,1,Single carriageway,30,T or staggered junction,Daylight,Fine no high winds,Dry,None,Non-trunk,Going ahead other,Footway (pavement),None,None,Front,Not known,2016-07-04,19:40:00,Monday,Bury,E08000002,Urban,53.573448,-2.296305,E01005060
06N018815,2016,Slight,Male,11 - 15,Data missing or out of range,Data missing or out of range,2,1,Single carriageway,30,Crossroads,Daylight,Fine no high winds,Dry,None,Non-trunk,Going ahead other,On main c'way - not in restricted lane,None,None,Back,Not known,2016-07-25,18:11:00,Monday,Bury,E08000002,Urban,53.589403,-2.28495,E01005026
06N019340,2016,Slight,Male,6 - 10,Urban area,More deprived 30-40%,2,1,Single carriageway,20,T or staggered junction,Daylight,Fine no high winds,Dry,None,Non-trunk,Going ahead other,On main c'way - not in restricted lane,None,None,Nearside,Not known,2016-08-01,19:59:00,Monday,Bury,E08000002,Urban,53.597076,-2.314965,E01004964
06N019390,2016,Slight,Male,6 - 10,Urban area,More deprived 10-20%,2,1,Single carriageway,30,Not at junction or within 20 metres,Daylight,Fine no high winds,Dry,None,Non-trunk,Going ahead other,On main c'way - not in restricted lane,None,None,Nearside,Not known,2016-07-30,10:49:00,Saturday,Bury,E08000002,Urban,53.578529,-2.306037,E01005030
06N020059,2016,Slight,Male,26 - 35,Urban area,Less deprived 20-30%,2,1,Single carriageway,30,T or staggered junction,Daylight,Fine no high winds,Dry,None,Non-trunk,Going ahead other,On main c'way - not in restricted lane,None,None,Back,Commuting to/from work,2016-08-23,07:10:00,Tuesday,Bury,E08000002,Urban,53.520185,-2.272525,E01005044
06N020431,2016,Serious,Male,56 - 65,Urban area,Less deprived 30-40%,2,1,Single carriageway,40,Not at junction or within 20 metres,Daylight,Fine no high winds,Dry,None,Non-trunk,Going ahead other,On main c'way - not in restricted lane,None,None,Front,Journey as part of work,2016-09-01,07:30:00,Thursday,Bury,E08000002,Urban,53.626313,-2.298505,E01004981
06N020569,2016,Slight,Male,46 - 55,Urban area,Most deprived 10%,2,1,Dual carriageway,30,Not at junction or within 20 metres,Daylight,Fine no high winds,Dry,None,Non-trunk,Going ahead left-hand bend,On main c'way - not in restricted lane,None,None,Back,Journey as part of work,2016-09-12,07:40:00,Monday,Bury,E08000002,Urban,53.594862,-2.298781,E01004979
06N020842,2016,Slight,Male,26 - 35,Urban area,Less deprived 10-20%,2,1,Single carriageway,30,T or staggered junction,Daylight,Fine no high winds,Dry,None,Non-trunk,Going ahead other,On main c'way - not in restricted lane,None,None,Front,Not known,2016-09-21,19:13:00,Wednesday,Bury,E08000002,Urban,53.5769,-2.300029,E01005030
06N023152,2016,Slight,Male,56 - 65,Urban area,More deprived 10-20%,2,1,Single carriageway,30,T or staggered junction,Darkness - lights lit,Raining no high winds,Wet or damp,None,Non-trunk,Going ahead other,On main c'way - not in restricted lane,None,None,Front,Journey as part of work,2016-11-10,17:20:00,Thursday,Bury,E08000002,Urban,53.601705,-2.290261,E01004979
06N023743,2016,Slight,Male,36 - 45,Urban area,Less deprived 20-30%,2,1,Dual carriageway,30,T or staggered junction,Darkness - lights lit,Fine no high winds,Dry,None,Non-trunk,Going ahead other,On main c'way - not in restricted lane,None,None,Did not impact,Commuting to/from work,2016-11-24,17:10:00,Thursday,Bury,E08000002,Urban,53.594689,-2.306728,E01005027
06P011376,2016,Slight,Female,36 - 45,Urban area,More deprived 20-30%,2,1,Single carriageway,30,T or staggered junction,Daylight,Raining no high winds,Wet or damp,None,Non-trunk,Going ahead other,On main c'way - not in restricted lane,None,None,Front,Commuting to/from work,2016-01-07,09:00:00,Thursday,Rochdale,E08000005,Urban,53.625092,-2.15596,E01005580
06P011779,2016,Slight,Male,46 - 55,Urban area,More deprived 30-40%,2,1,Dual carriageway,30,Roundabout,Darkness - lights lit,Raining no high winds,Wet or damp,None,Non-trunk,Changing lane to left,On main c'way - not in restricted lane,None,None,Back,Commuting to/from work,2016-02-03,06:30:00,Wednesday,Rochdale,E08000005,Urban,53.598879,-2.164053,E01005471
06P012890,2016,Serious,Male,46 - 55,Urban area,Most deprived 10%,2,1,Single carriageway,30,T or staggered junction,Darkness - lights lit,Fine no high winds,Wet or damp,None,Non-trunk,Going ahead other,On main c'way - not in restricted lane,None,None,Nearside,Commuting to/from work,2016-03-07,20:35:00,Monday,Rochdale,E08000005,Urban,53.62449,-2.155806,E01005580
06P014734,2016,Slight,Male,16 - 20,Urban area,Most deprived 10%,2,1,Single carriageway,20,T or staggered junction,Daylight,Fine no high winds,Dry,None,Non-trunk,Turning right,On main c'way - not in restricted lane,None,None,Offside,Journey as part of work,2016-04-22,16:31:00,Friday,Rochdale,E08000005,Urban,53.557929,-2.209681,E01005527
06P015006,2016,Slight,Male,46 - 55,Urban area,Most deprived 10%,2,1,Dual carriageway,40,T or staggered junction,Daylight,Fine no high winds,Dry,None,Non-trunk,Moving off,On main c'way - not in restricted lane,None,None,Back,Journey as part of work,2016-04-19,06:50:00,Tuesday,Rochdale,E08000005,Urban,53.620022,-2.155986,E01005482
06P015376,2016,Slight,Male,21 - 25,Rural,More deprived 40-50%,2,1,Single carriageway,30,T or staggered junction,Daylight,Fine no high winds,Dry,None,Non-trunk,Going ahead other,On main c'way - not in restricted lane,None,None,Offside,Journey as part of work,2016-04-25,11:05:00,Monday,Rochdale,E08000005,Urban,53.635593,-2.167175,E01005491
06P017770,2016,Slight,Male,46 - 55,Urban area,Less deprived 20-30%,2,1,Single carriageway,30,T or staggered junction,Daylight,Fine no high winds,Dry,None,Non-trunk,Going ahead other,Cycle lane (on main carriageway),None,None,Nearside,Commuting to/from work,2016-06-29,18:25:00,Wednesday,Rochdale,E08000005,Rural,53.565161,-2.22628,E01005554
06P017915,2016,Serious,Male,46 - 55,Urban area,More deprived 40-50%,2,1,Single carriageway,60,Not at junction or within 20 metres,Daylight,Raining no high winds,Wet or damp,None,Non-trunk,Going ahead left-hand bend,On main c'way - not in restricted lane,None,None,Front,Not known,2016-07-07,15:50:00,Thursday,Rochdale,E08000005,Rural,53.60426,-2.079308,E01005561
06P017948,2016,Serious,Male,26 - 35,Urban area,More deprived 30-40%,2,1,Slip road,40,Roundabout,Daylight,Fine no high winds,Dry,None,Non-trunk,Going ahead other,On main c'way - not in restricted lane,None,None,Nearside,Commuting to/from work,2016-07-06,17:00:00,Wednesday,Rochdale,E08000005,Rural,53.57716,-2.206922,E01005508
06P019058,2016,Serious,Male,16 - 20,Urban area,More deprived 40-50%,2,1,Single carriageway,30,Not at junction or within 20 metres,Daylight,Fine no high winds,Dry,Roadworks,Non-trunk,Going ahead other,On main c'way - not in restricted lane,None,None,Back,Not known,2016-07-31,20:20:00,Sunday,Rochdale,E08000005,Urban,53.615665,-2.179688,E01005592
06P019094,2016,Slight,Male,46 - 55,Urban area,Most deprived 10%,2,1,Roundabout,30,Roundabout,Daylight,Fine no high winds,Dry,None,Non-trunk,Going ahead other,On main c'way - not in restricted lane,None,None,Front,Not known,2016-07-31,11:40:00,Sunday,Rochdale,E08000005,Rural,53.633567,-2.133987,E01005595
06P019284,2016,Slight,Male,46 - 55,Urban area,More deprived 30-40%,2,1,Roundabout,30,Roundabout,Daylight,Fine no high winds,Dry,None,Non-trunk,Going ahead other,On main c'way - not in restricted lane,None,None,Front,Not known,2016-08-03,13:10:00,Wednesday,Rochdale,E08000005,Urban,53.548319,-2.194405,E01005533
06P019820,2016,Slight,Male,66 - 75,Urban area,More deprived 30-40%,2,1,Single carriageway,30,T or staggered junction,Daylight,Fine no high winds,Dry,None,Non-trunk,Going ahead other,On main c'way - not in restricted lane,None,None,Offside,Not known,2016-08-16,17:08:00,Tuesday,Rochdale,E08000005,Urban,53.645664,-2.086904,E01005521
06P021367,2016,Serious,Female,66 - 75,Urban area,Most deprived 10%,2,1,Single carriageway,30,Not at junction or within 20 metres,Daylight,Other,Wet or damp,None,Non-trunk,Overtaking static vehicle - offside,On main c'way - not in restricted lane,None,None,Nearside,Not known,2016-09-27,15:30:00,Tuesday,Rochdale,E08000005,Urban,53.615449,-2.154579,E01005484
06P023603,2016,Slight,Male,56 - 65,Rural,More deprived 10-20%,2,1,Single carriageway,30,T or staggered junction,Daylight,Unknown,Dry,None,Non-trunk,Going ahead other,On main c'way - not in restricted lane,None,None,Offside,Not known,2016-11-05,14:00:00,Saturday,Rochdale,E08000005,Urban,53.623623,-2.144388,E01033258
06Q010281,2016,Slight,Male,16 - 20,Urban area,More deprived 20-30%,2,1,Single carriageway,30,T or staggered junction,Darkness - lights lit,Fine no high winds,Dry,None,Non-trunk,Going ahead other,On main c'way - not in restricted lane,None,None,Back,Not known,2016-01-01,17:00:00,Friday,Oldham,E08000004,Urban,53.539249,-2.08738,E01005431
06Q011050,2016,Serious,Male,36 - 45,Urban area,More deprived 10-20%,2,1,Single carriageway,30,T or staggered junction,Daylight,Fine no high winds,Frost or ice,None,Non-trunk,Going ahead other,On main c'way - not in restricted lane,None,None,Offside,Not known,2016-01-16,13:30:00,Saturday,Oldham,E08000004,Urban,53.580584,-2.09183,E01005444
06Q011612,2016,Serious,Male,11 - 15,Data missing or out of range,Data missing or out of range,2,1,Single carriageway,20,Not at junction or within 20 metres,Darkness - lights lit,Raining no high winds,Wet or damp,None,Non-trunk,Going ahead other,On main c'way - not in restricted lane,None,None,Did not impact,Not known,2016-01-27,17:45:00,Wednesday,Oldham,E08000004,Urban,53.527339,-2.157757,E01005341
06Q013689,2016,Slight,Male,26 - 35,Urban area,Less deprived 20-30%,2,1,Dual carriageway,30,T or staggered junction,Daylight,Fine no high winds,Dry,None,Non-trunk,Going ahead other,On main c'way - not in restricted lane,None,None,Front,Not known,2016-03-27,18:30:00,Sunday,Oldham,E08000004,Urban,53.578379,-2.095208,E01005445
06Q014153,2016,Fatal,Male,46 - 55,Urban area,More deprived 40-50%,2,1,Single carriageway,30,Crossroads,Daylight,Fine no high winds,Dry,None,Non-trunk,Going ahead other,On main c'way - not in restricted lane,None,None,Nearside,Not known,2016-04-08,10:15:00,Friday,Oldham,E08000004,Urban,53.561306,-2.119824,E01005398
06Q014957,2016,Serious,Male,56 - 65,Urban area,Less deprived 40-50%,2,1,Roundabout,30,Mini-roundabout,Daylight,Fine no high winds,Dry,None,Non-trunk,Going ahead other,On main c'way - not in restricted lane,None,None,Offside,Not known,2016-04-23,08:15:00,Saturday,Oldham,E08000004,Urban,53.548267,-2.096318,E01032920
06Q014977,2016,Slight,Male,56 - 65,Urban area,More deprived 20-30%,2,1,Single carriageway,30,T or staggered junction,Daylight,Other,Wet or damp,None,Non-trunk,Going ahead other,On main c'way - not in restricted lane,None,None,Front,Not known,2016-03-26,15:15:00,Saturday,Oldham,E08000004,Urban,53.506879,-2.166291,E01005369
06Q015493,2016,Serious,Male,36 - 45,Urban area,Less deprived 10-20%,2,1,Single carriageway,30,Crossroads,Daylight,Raining no high winds,Wet or damp,None,Non-trunk,Going ahead other,On main c'way - not in restricted lane,None,None,Front,Not known,2016-05-01,13:45:00,Sunday,Oldham,E08000004,Urban,53.544066,-2.136979,E01005328
06Q015929,2016,Slight,Male,56 - 65,Urban area,Less deprived 10-20%,2,1,Single carriageway,30,T or staggered junction,Daylight,Fine no high winds,Dry,None,Non-trunk,Going ahead other,On main c'way - not in restricted lane,None,None,Offside,Not known,2016-05-12,12:05:00,Thursday,Oldham,E08000004,Urban,53.53801,-2.072484,E01005389
06Q016258,2016,Slight,Male,11 - 15,Urban area,More deprived 10-20%,2,1,Single carriageway,30,Not at junction or within 20 metres,Daylight,Fine no high winds,Dry,None,Non-trunk,Going ahead other,On main c'way - not in restricted lane,None,None,Front,Not known,2016-05-17,17:50:00,Tuesday,Oldham,E08000004,Urban,53.573831,-2.095274,E01005447
06Q017232,2016,Serious,Male,16 - 20,Urban area,More deprived 10-20%,2,1,Single carriageway,30,T or staggered junction,Daylight,Fine no high winds,Dry,None,Non-trunk,Turning left,On main c'way - not in restricted lane,None,None,Front,Not known,2016-06-09,18:50:00,Thursday,Oldham,E08000004,Urban,53.54437,-2.091646,E01005428
06Q017630,2016,Slight,Male,11 - 15,Urban area,More deprived 30-40%,3,1,Single carriageway,30,Crossroads,Darkness - lights lit,Raining no high winds,Wet or damp,None,Non-trunk,Going ahead other,On main c'way - not in restricted lane,None,None,Front,Not known,2016-06-30,21:20:00,Thursday,Oldham,E08000004,Urban,53.579373,-2.100134,E01005361
06Q018639,2016,Slight,Male,16 - 20,Urban area,More deprived 10-20%,2,1,Single carriageway,30,Crossroads,Daylight,Fine no high winds,Dry,None,Non-trunk,Going ahead other,On main c'way - not in restricted lane,None,None,Front,Not known,2016-07-23,17:49:00,Saturday,Oldham,E08000004,Urban,53.525194,-2.133041,E01005381
06Q018723,2016,Slight,Male,11 - 15,Urban area,Most deprived 10%,2,1,Single carriageway,30,T or staggered junction,Daylight,Fine no high winds,Dry,None,Non-trunk,Turning left,On main c'way - not in restricted lane,None,None,Front,Not known,2016-07-31,12:25:00,Sunday,Oldham,E08000004,Urban,53.529734,-2.083196,E01005383
06Q018777,2016,Slight,Male,6 - 10,Urban area,More deprived 10-20%,2,1,Single carriageway,30,Not at junction or within 20 metres,Daylight,Fine no high winds,Dry,None,Non-trunk,Going ahead other,On main c'way - not in restricted lane,None,None,Front,Not known,2016-07-23,13:06:00,Saturday,Oldham,E08000004,Urban,53.510566,-2.165235,E01005369
06Q018917,2016,Serious,Male,36 - 45,Urban area,Less deprived 30-40%,2,1,Single carriageway,40,T or staggered junction,Daylight,Fine no high winds,Dry,None,Non-trunk,Going ahead other,On main c'way - not in restricted lane,None,None,Front,Commuting to/from work,2016-08-02,21:15:00,Tuesday,Oldham,E08000004,Rural,53.5392,-2.013246,E01005407
06Q018985,2016,Serious,Male,46 - 55,Urban area,Most deprived 10%,2,1,Single carriageway,30,Private drive or entrance,Daylight,Unknown,Wet or damp,None,Non-trunk,Overtaking moving vehicle - offside,On main c'way - not in restricted lane,None,None,Front,Not known,2016-07-13,16:38:00,Wednesday,Oldham,E08000004,Urban,53.533453,-2.086402,E01005431
06Q020960,2016,Slight,Male,36 - 45,Urban area,Less deprived 20-30%,2,1,Single carriageway,30,T or staggered junction,Daylight,Other,Wet or damp,None,Non-trunk,Going ahead other,On main c'way - not in restricted lane,None,None,Front,Journey as part of work,2016-09-16,07:05:00,Friday,Oldham,E08000004,Urban,53.553105,-2.104133,E01005432
06Q021464,2016,Slight,Male,11 - 15,Urban area,Most deprived 10%,2,1,Single carriageway,30,T or staggered junction,Daylight,Fine no high winds,Dry,None,Non-trunk,Going ahead other,On main c'way - not in restricted lane,None,None,Front,Not known,2016-09-22,17:40:00,Thursday,Oldham,E08000004,Urban,53.556889,-2.082057,E01005421
06Q021544,2016,Slight,Male,21 - 25,Urban area,More deprived 10-20%,2,1,Single carriageway,30,T or staggered junction,Daylight,Fine no high winds,Dry,None,Non-trunk,Going ahead other,Bus lane,None,None,Front,Not known,2016-10-05,12:51:00,Wednesday,Oldham,E08000004,Urban,53.525082,-2.110912,E01005322
06Q021561,2016,Slight,Male,11 - 15,Data missing or out of range,Data missing or out of range,3,1,Single carriageway,30,Not at junction or within 20 metres,Daylight,Fine no high winds,Dry,None,Non-trunk,Going ahead other,On main c'way - not in restricted lane,None,None,Front,Not known,2016-10-01,17:46:00,Saturday,Oldham,E08000004,Urban,53.506474,-2.152961,E01005366
06Q023806,2016,Slight,Male,36 - 45,Urban area,More deprived 10-20%,2,1,Single carriageway,30,T or staggered junction,Darkness - lights lit,Fine no high winds,Dry,None,Non-trunk,Waiting to go - held up,Cycle lane (on main carriageway),None,None,Back,Commuting to/from work,2016-10-19,07:30:00,Wednesday,Oldham,E08000004,Urban,53.513828,-2.152248,E01005368
06Q023812,2016,Slight,Male,36 - 45,Urban area,More deprived 10-20%,2,1,Single carriageway,40,Crossroads,Daylight,Fine no high winds,Frost or ice,None,Trunk (Roads managed by Highways England),Going ahead other,On main c'way - not in restricted lane,None,None,Offside,Journey as part of work,2016-11-29,07:45:00,Tuesday,Oldham,E08000004,Urban,53.546024,-2.145844,E01005327
06Q024196,2016,Serious,Male,36 - 45,Data missing or out of range,Data missing or out of range,2,1,Roundabout,30,Mini-roundabout,Darkness - lights lit,Fine no high winds,Dry,None,Non-trunk,Going ahead other,On main c'way - not in restricted lane,None,None,Front,Not known,2016-12-03,19:27:00,Saturday,Oldham,E08000004,Urban,53.540946,-2.129213,E01005353
06XJ21930,2016,Slight,Male,16 - 20,Urban area,Most deprived 10%,2,1,Single carriageway,40,T or staggered junction,Darkness - lights lit,Raining no high winds,Wet or damp,None,Non-trunk,Turning left,On main c'way - not in restricted lane,None,None,Front,Commuting to/from work,2016-10-18,07:00:00,Tuesday,Manchester,E08000003,Rural,53.371125,-2.284303,E01005316
067174363,2017,Slight,Male,46 - 55,Small town,Less deprived 40-50%,2,1,Single carriageway,60,Not at junction or within 20 metres,Daylight,Fine no high winds,Dry,Road surface defective,Non-trunk,Going ahead other,On main c'way - not in restricted lane,None,None,Nearside,Not known,2017-06-04,14:30:00,Sunday,Stockport,E08000007,Rural,53.396477,-2.447101,E01006087
067275779,2017,Slight,Male,56 - 65,Urban area,More deprived 10-20%,1,1,Single carriageway,30,Not at junction or within 20 metres,Daylight,Fine no high winds,Dry,None,Non-trunk,Going ahead other,On main c'way - not in restricted lane,None,None,Did not impact,Not known,2017-08-26,17:43:00,Saturday,Trafford,E08000009,Rural,53.402955,-2.455021,E01006087
06A025814,2017,Slight,Male,21 - 25,Urban area,More deprived 20-30%,2,1,Single carriageway,30,Not at junction or within 20 metres,Daylight,Raining no high winds,Wet or damp,None,Non-trunk,Going ahead other,On main c'way - not in restricted lane,None,None,Offside,Not known,2017-01-10,13:05:00,Tuesday,Manchester,E08000003,Urban,53.460263,-2.164984,E01005192
06A025825,2017,Slight,Male,21 - 25,Urban area,More deprived 10-20%,2,1,Single carriageway,30,T or staggered junction,Daylight,Raining no high winds,Wet or damp,None,Non-trunk,Going ahead other,Cycle lane (on main carriageway),None,None,Front,Journey as part of work,2017-01-31,09:00:00,Tuesday,Manchester,E08000003,Urban,53.460914,-2.228484,E01005209
06A026139,2017,Slight,Male,46 - 55,Urban area,More deprived 20-30%,2,1,Single carriageway,30,T or staggered junction,Darkness - lights lit,Fine no high winds,Dry,None,Non-trunk,Going ahead other,On main c'way - not in restricted lane,None,None,Nearside,Commuting to/from work,2017-01-20,06:55:00,Friday,Manchester,E08000003,Urban,53.478657,-2.175045,E01005107
06A026419,2017,Serious,Male,36 - 45,Urban area,Most deprived 10%,2,1,Single carriageway,30,T or staggered junction,Daylight,Fine no high winds,Dry,None,Non-trunk,Going ahead other,Bus lane,None,None,Offside,Journey as part of work,2017-02-03,07:20:00,Friday,Manchester,E08000003,Urban,53.490969,-2.247635,E01033674
06A026955,2017,Slight,Male,11 - 15,Urban area,Most deprived 10%,2,1,Single carriageway,30,T or staggered junction,Daylight,Fine no high winds,Dry,None,Non-trunk,Going ahead other,On main c'way - not in restricted lane,None,None,Nearside,Pupil riding to/from school,2017-02-01,16:00:00,Wednesday,Manchester,E08000003,Urban,53.485789,-2.172753,E01005093
06A026970,2017,Slight,Male,36 - 45,Urban area,Most deprived 10%,2,1,Dual carriageway,30,Not at junction or within 20 metres,Darkness - lights lit,Fine no high winds,Dry,None,Non-trunk,Going ahead other,On main c'way - not in restricted lane,Kerb,None,Offside,Not known,2017-02-01,17:19:00,Wednesday,Manchester,E08000003,Urban,53.463745,-2.187395,E01005186
06A027030,2017,Serious,Male,11 - 15,Urban area,Most deprived 10%,2,1,Dual carriageway,30,Crossroads,Darkness - lights lit,Fine no high winds,Dry,None,Non-trunk,Going ahead other,On main c'way - not in restricted lane,None,None,Front,Not known,2017-02-09,19:45:00,Thursday,Manchester,E08000003,Urban,53.481682,-2.195008,E01005106
06A027062,2017,Slight,Male,26 - 35,Urban area,More deprived 30-40%,2,1,Dual carriageway,30,Not at junction or within 20 metres,Darkness - lights lit,Fine no high winds,Wet or damp,None,Non-trunk,Overtaking - nearside,Cycle lane (on main carriageway),None,None,Front,Not known,2017-02-04,22:10:00,Saturday,Manchester,E08000003,Urban,53.474408,-2.241031,E01033662
06A027099,2017,Slight,Male,46 - 55,Data missing or out of range,Data missing or out of range,2,1,Single carriageway,30,T or staggered junction,Darkness - lights lit,Fine no high winds,Dry,None,Non-trunk,Going ahead other,On main c'way - not in restricted lane,None,None,Nearside,Not known,2017-02-08,20:00:00,Wednesday,Manchester,E08000003,Urban,53.51063,-2.202589,E01005227
06A027156,2017,Slight,Male,36 - 45,Urban area,Less deprived 40-50%,2,1,Single carriageway,30,T or staggered junction,Darkness - lights lit,Fine no high winds,Dry,None,Non-trunk,Going ahead other,On main c'way - not in restricted lane,None,None,Front,Not known,2017-01-28,18:20:00,Saturday,Manchester,E08000003,Urban,53.497981,-2.238104,E01005147
06A027234,2017,Slight,Male,21 - 25,Urban area,More deprived 10-20%,2,1,Single carriageway,30,Not at junction or within 20 metres,Daylight,Fine no high winds,Wet or damp,None,Non-trunk,Going ahead other,On main c'way - not in restricted lane,None,None,Offside,Not known,2017-02-12,14:30:00,Sunday,Manchester,E08000003,Urban,53.446185,-2.19063,E01005221
06A027264,2017,Slight,Male,21 - 25,Urban area,Most deprived 10%,2,1,Single carriageway,30,T or staggered junction,Daylight,Fine no high winds,Dry,None,Non-trunk,Going ahead other,On main c'way - not in restricted lane,None,None,Nearside,Not known,2017-02-14,11:35:00,Tuesday,Manchester,E08000003,Urban,53.460572,-2.181371,E01005201
06A027680,2017,Slight,Male,46 - 55,Urban area,More deprived 20-30%,2,1,Single carriageway,30,Private drive or entrance,Darkness - lights lit,Fine + high winds,Dry,None,Non-trunk,Going ahead other,On main c'way - not in restricted lane,None,None,Nearside,Not known,2017-02-22,20:50:00,Wednesday,Manchester,E08000003,Urban,53.473392,-2.167189,E01005108
06A027975,2017,Slight,Male,66 - 75,Urban area,More deprived 20-30%,2,1,Single carriageway,30,T or staggered junction,Daylight,Fine no high winds,Dry,None,Non-trunk,Going ahead other,On main c'way - not in restricted lane,None,None,Front,Not known,2017-03-03,12:40:00,Friday,Manchester,E08000003,Urban,53.522501,-2.224245,E01005140
06A028012,2017,Slight,Male,36 - 45,Urban area,Less deprived 20-30%,2,1,Single carriageway,30,T or staggered junction,Daylight,Fine no high winds,Wet or damp,None,Non-trunk,Going ahead other,On main c'way - not in restricted lane,None,None,Front,Not known,2017-02-23,17:15:00,Thursday,Manchester,E08000003,Urban,53.512347,-2.241352,E01005149
06A028104,2017,Slight,Male,16 - 20,Urban area,Most deprived 10%,2,1,Single carriageway,30,Crossroads,Daylight,Fine no high winds,Dry,None,Non-trunk,Going ahead other,On main c'way - not in restricted lane,None,None,Front,Not known,2017-03-11,13:40:00,Saturday,Manchester,E08000003,Urban,53.477528,-2.24016,E01033653
06A028126,2017,Slight,Male,36 - 45,Urban area,Most deprived 10%,2,1,Single carriageway,30,Not at junction or within 20 metres,Daylight,Fine no high winds,Wet or damp,None,Non-trunk,Going ahead other,On main c'way - not in restricted lane,None,None,Offside,Not known,2017-03-17,06:40:00,Friday,Manchester,E08000003,Urban,53.478164,-2.237029,E01033653
06A028246,2017,Slight,Male,56 - 65,Urban area,Most deprived 10%,2,1,Single carriageway,30,T or staggered junction,Daylight,Fine no high winds,Dry,None,Non-trunk,Going ahead other,On main c'way - not in restricted lane,None,None,Front,Not known,2017-03-24,09:20:00,Friday,Manchester,E08000003,Urban,53.503972,-2.235726,E01005143
06A028463,2017,Serious,Male,11 - 15,Urban area,More deprived 10-20%,2,1,Single carriageway,30,Crossroads,Daylight,Unknown,Dry,None,Non-trunk,Going ahead other,On main c'way - not in restricted lane,None,None,Front,Not known,2017-04-11,18:39:00,Tuesday,Manchester,E08000003,Urban,53.487838000000004,-2.240007,E01033658
06A029227,2017,Slight,Male,26 - 35,Urban area,Less deprived 30-40%,2,1,Single carriageway,30,Crossroads,Darkness - lights lit,Fine no high winds,Dry,None,Non-trunk,Going ahead other,On main c'way - not in restricted lane,None,None,Offside,Not known,2017-03-30,02:30:00,Thursday,Manchester,E08000003,Urban,53.442576,-2.27989,E01005150
06A029284,2017,Serious,Male,36 - 45,Urban area,Most deprived 10%,2,1,Single carriageway,30,T or staggered junction,Daylight,Fine no high winds,Dry,None,Non-trunk,Going ahead other,On main c'way - not in restricted lane,None,None,Front,Not known,2017-03-09,10:55:00,Thursday,Manchester,E08000003,Urban,53.482602,-2.228645,E01033659
06A029406,2017,Slight,Female,36 - 45,Urban area,Less deprived 10-20%,2,1,Single carriageway,30,T or staggered junction,Daylight,Fine no high winds,Dry,None,Non-trunk,Going ahead other,On main c'way - not in restricted lane,None,None,Offside,Commuting to/from work,2017-04-18,08:00:00,Tuesday,Manchester,E08000003,Urban,53.486468,-2.228516,E01033651
06A029435,2017,Slight,Male,56 - 65,Urban area,Most deprived 10%,2,1,Single carriageway,30,Not at junction or within 20 metres,Daylight,Fine no high winds,Dry,None,Non-trunk,Going ahead other,On main c'way - not in restricted lane,None,None,Offside,Journey as part of work,2017-04-13,13:30:00,Thursday,Manchester,E08000003,Urban,53.467835,-2.181342,E01005186
06A029575,2017,Slight,Male,16 - 20,Urban area,More deprived 20-30%,2,1,Single carriageway,30,T or staggered junction,Daylight,Fine no high winds,Dry,None,Non-trunk,Going ahead other,Cycle lane (on main carriageway),None,None,Offside,Commuting to/from work,2017-04-08,19:00:00,Saturday,Manchester,E08000003,Urban,53.484563,-2.232634,E01033659
06A029760,2017,Slight,Male,26 - 35,Urban area,More deprived 10-20%,2,1,Single carriageway,30,Not at junction or within 20 metres,Daylight,Fine no high winds,Wet or damp,None,Non-trunk,Going ahead other,On main c'way - not in restricted lane,None,None,Front,Not known,2017-04-14,13:30:00,Friday,Manchester,E08000003,Urban,53.473841,-2.236975,E01005128
06A030119,2017,Slight,Male,16 - 20,Urban area,More deprived 30-40%,2,1,Single carriageway,30,Crossroads,Darkness - lights lit,Fine no high winds,Wet or damp,None,Non-trunk,Overtaking moving vehicle - offside,On main c'way - not in restricted lane,None,None,Nearside,Journey as part of work,2017-03-16,19:20:00,Thursday,Manchester,E08000003,Urban,53.474312,-2.248232,E01033683
06A030155,2017,Serious,Male,26 - 35,Urban area,Most deprived 10%,2,1,Single carriageway,30,T or staggered junction,Daylight,Fine no high winds,Dry,None,Non-trunk,Going ahead other,On main c'way - not in restricted lane,None,None,Front,Not known,2017-05-05,09:17:00,Friday,Manchester,E08000003,Urban,53.475895,-2.225265,E01033661
06A030181,2017,Serious,Male,46 - 55,Urban area,Most deprived 10%,3,1,Single carriageway,30,Not at junction or within 20 metres,Daylight,Fine no high winds,Dry,None,Non-trunk,Going ahead other,On main c'way - not in restricted lane,Kerb,None,Offside,Journey as part of work,2017-04-30,16:45:00,Sunday,Manchester,E08000003,Urban,53.508518,-2.232268,E01005146
06A030403,2017,Slight,Female,21 - 25,Data missing or out of range,Data missing or out of range,2,1,Single carriageway,30,Crossroads,Daylight,Fine no high winds,Dry,None,Non-trunk,Going ahead other,On main c'way - not in restricted lane,None,None,Nearside,Commuting to/from work,2017-04-28,11:00:00,Friday,Manchester,E08000003,Urban,53.48443,-2.245503,E01033658
06A030508,2017,Slight,Male,21 - 25,Urban area,More deprived 20-30%,2,1,Single carriageway,30,T or staggered junction,Darkness - lights lit,Fine no high winds,Dry,None,Non-trunk,Going ahead other,On main c'way - not in restricted lane,None,None,Front,Not known,2017-04-30,21:01:00,Sunday,Manchester,E08000003,Urban,53.476714,-2.233782,E01033654
06A030611,2017,Serious,Male,26 - 35,Data missing or out of range,Data missing or out of range,2,1,Single carriageway,20,Crossroads,Daylight,Fine no high winds,Dry,None,Non-trunk,Going ahead other,Tram/Light rail track,None,None,Front,Not known,2017-05-11,14:59:00,Thursday,Manchester,E08000003,Urban,53.478711,-2.242276,E01033658
06A030629,2017,Serious,Male,11 - 15,Urban area,Most deprived 10%,2,1,Dual carriageway,30,Not at junction or within 20 metres,Daylight,Fine no high winds,Dry,None,Non-trunk,Going ahead other,Footway (pavement),None,None,Front,Pupil riding to/from school,2017-05-19,16:00:00,Friday,Manchester,E08000003,Urban,53.48588,-2.171473,E01005093
06A030767,2017,Slight,Male,36 - 45,Urban area,More deprived 10-20%,2,1,Single carriageway,30,Crossroads,Daylight,Raining no high winds,Wet or damp,None,Non-trunk,Going ahead other,Cycle lane (on main carriageway),None,None,Offside,Not known,2017-05-15,08:45:00,Monday,Manchester,E08000003,Urban,53.475077,-2.247679,E01033683
06A030916,2017,Slight,Male,26 - 35,Urban area,Less deprived 20-30%,2,1,Dual carriageway,30,T or staggered junction,Daylight,Fine no high winds,Dry,None,Non-trunk,Going ahead other,On main c'way - not in restricted lane,None,None,Nearside,Not known,2017-05-05,08:35:00,Friday,Manchester,E08000003,Urban,53.475903,-2.22534,E01033661
06A030939,2017,Slight,Male,26 - 35,Data missing or out of range,Data missing or out of range,2,1,Single carriageway,30,Crossroads,Daylight,Fine no high winds,Dry,None,Non-trunk,Going ahead other,On main c'way - not in restricted lane,None,None,Offside,Not known,2017-05-19,10:46:00,Friday,Manchester,E08000003,Urban,53.493323,-2.225055,E01005130
06A031932,2017,Slight,Male,36 - 45,Urban area,Most deprived 10%,2,1,Single carriageway,30,T or staggered junction,Daylight,Fine no high winds,Dry,None,Non-trunk,Going ahead other,On main c'way - not in restricted lane,None,None,Nearside,Commuting to/from work,2017-06-21,06:30:00,Wednesday,Manchester,E08000003,Urban,53.496385,-2.221846,E01005130
06A032083,2017,Slight,Male,36 - 45,Urban area,Most deprived 10%,2,1,Single carriageway,20,Not at junction or within 20 metres,Daylight,Raining + high winds,Wet or damp,Roadworks,Non-trunk,Overtaking - nearside,On main c'way - not in restricted lane,None,None,Front,Commuting to/from work,2017-06-07,08:23:00,Wednesday,Manchester,E08000003,Urban,53.512588,-2.223831,E01005167
06A032141,2017,Slight,Male,36 - 45,Urban area,Less deprived 40-50%,2,1,Single carriageway,30,T or staggered junction,Daylight,Fine no high winds,Dry,None,Non-trunk,Going ahead other,On main c'way - not in restricted lane,None,None,Front,Not known,2017-06-14,08:50:00,Wednesday,Manchester,E08000003,Urban,53.473802,-2.18771,E01005106
06A032154,2017,Slight,Male,21 - 25,Urban area,More deprived 30-40%,2,1,Dual carriageway,30,T or staggered junction,Daylight,Fine no high winds,Dry,None,Non-trunk,Going ahead other,On main c'way - not in restricted lane,None,None,Back,Not known,2017-06-15,07:15:00,Thursday,Manchester,E08000003,Urban,53.495524,-2.211305,E01005257
06A032179,2017,Slight,Male,46 - 55,Urban area,Less deprived 20-30%,2,1,Single carriageway,30,T or staggered junction,Daylight,Raining no high winds,Wet or damp,None,Non-trunk,Going ahead right-hand bend,On main c'way - not in restricted lane,None,None,Nearside,Journey as part of work,2017-07-01,09:54:00,Saturday,Manchester,E08000003,Urban,53.476722,-2.234294,E01033654
06A032410,2017,Slight,Male,26 - 35,Urban area,More deprived 20-30%,2,1,Single carriageway,30,T or staggered junction,Darkness - lighting unknown,Fine no high winds,Dry,None,Non-trunk,Overtaking - nearside,On main c'way - not in restricted lane,None,None,Offside,Not known,2017-06-19,00:01:00,Monday,Manchester,E08000003,Urban,53.493005,-2.249622,E01033674
06A032655,2017,Slight,Male,26 - 35,Urban area,Less deprived 30-40%,2,1,Dual carriageway,30,Crossroads,Daylight,Fine no high winds,Dry,None,Non-trunk,Going ahead other,Cycle lane (on main carriageway),None,None,Did not impact,Journey as part of work,2017-07-12,08:50:00,Wednesday,Manchester,E08000003,Urban,53.475114,-2.247408,E01033677
06A032770,2017,Slight,Male,56 - 65,Urban area,More deprived 10-20%,2,1,Dual carriageway,30,Crossroads,Daylight,Fine no high winds,Dry,None,Non-trunk,Going ahead other,On main c'way - not in restricted lane,None,None,Front,Not known,2017-07-04,17:20:00,Tuesday,Manchester,E08000003,Urban,53.481599,-2.226696,E01033659
06A032771,2017,Slight,Male,16 - 20,Urban area,Most deprived 10%,2,1,Single carriageway,30,Crossroads,Daylight,Fine no high winds,Dry,None,Non-trunk,Going ahead other,On main c'way - not in restricted lane,None,None,Nearside,Not known,2017-07-15,16:50:00,Saturday,Manchester,E08000003,Urban,53.457492,-2.179295,E01005201
06A032864,2017,Slight,Male,26 - 35,Urban area,More deprived 20-30%,2,1,Single carriageway,30,Other junction,Daylight,Raining no high winds,Wet or damp,None,Non-trunk,Going ahead other,On main c'way - not in restricted lane,None,None,Front,Not known,2017-06-28,09:30:00,Wednesday,Manchester,E08000003,Urban,53.473889,-2.189549,E01005106
06A033077,2017,Serious,Male,36 - 45,Urban area,Less deprived 30-40%,2,1,Single carriageway,30,Crossroads,Daylight,Fine no high winds,Dry,None,Non-trunk,Going ahead other,On main c'way - not in restricted lane,None,None,Back,Commuting to/from work,2017-07-13,18:20:00,Thursday,Manchester,E08000003,Urban,53.493952,-2.215714,E01005129
06A033245,2017,Slight,Male,46 - 55,Urban area,More deprived 40-50%,2,1,One way street,30,T or staggered junction,Daylight,Fine no high winds,Dry,None,Non-trunk,Going ahead other,On main c'way - not in restricted lane,None,None,Offside,Journey as part of work,2017-04-26,17:00:00,Wednesday,Manchester,E08000003,Urban,53.511899,-2.244953,E01005142
06A033325,2017,Serious,Male,26 - 35,Data missing or out of range,Data missing or out of range,2,1,Single carriageway,30,T or staggered junction,Daylight,Fine no high winds,Dry,None,Non-trunk,Going ahead other,On main c'way - not in restricted lane,None,None,Front,Commuting to/from work,2017-07-20,18:15:00,Thursday,Manchester,E08000003,Urban,53.47491,-2.208054,E01005105
06A033381,2017,Slight,Male,21 - 25,Urban area,Most deprived 10%,2,1,One way street,20,T or staggered junction,Daylight,Raining no high winds,Wet or damp,None,Non-trunk,Waiting to go - held up,On main c'way - not in restricted lane,None,None,Front,Not known,2017-07-23,20:00:00,Sunday,Manchester,E08000003,Urban,53.484627,-2.236824,E01033667
06A033709,2017,Slight,Male,66 - 75,Urban area,Less deprived 30-40%,2,1,Single carriageway,30,Crossroads,Daylight,Fine no high winds,Dry,None,Non-trunk,Going ahead other,On main c'way - not in restricted lane,None,None,Front,Not known,2017-07-23,13:45:00,Sunday,Manchester,E08000003,Urban,53.488519,-2.245737,E01033674
06A033958,2017,Serious,Male,26 - 35,Small town,Less deprived 10-20%,2,1,Single carriageway,30,Crossroads,Daylight,Unknown,Dry,None,Non-trunk,Going ahead other,On main c'way - not in restricted lane,None,None,Did not impact,Commuting to/from work,2017-08-11,08:15:00,Friday,Manchester,E08000003,Urban,53.477386,-2.243881,E01033677
06A034206,2017,Slight,Male,16 - 20,Urban area,Most deprived 10%,2,1,One way street,30,T or staggered junction,Daylight,Fine no high winds,Dry,None,Non-trunk,Going ahead other,On main c'way - not in restricted lane,None,None,Front,Not known,2017-08-25,17:25:00,Friday,Manchester,E08000003,Urban,53.482861,-2.229506,E01033659
06A034333,2017,Serious,Male,26 - 35,Urban area,Most deprived 10%,3,1,Dual carriageway,30,T or staggered junction,Daylight,Fine no high winds,Dry,None,Non-trunk,Going ahead other,Cycle lane (on main carriageway),None,None,Front,Not known,2017-08-02,15:45:00,Wednesday,Manchester,E08000003,Urban,53.490546,-2.220308,E01005129
06A034429,2017,Serious,Male,46 - 55,Urban area,Less deprived 10-20%,2,1,Single carriageway,30,T or staggered junction,Daylight,Fine no high winds,Dry,None,Non-trunk,Overtaking - nearside,On main c'way - not in restricted lane,None,None,Front,Not known,2017-08-21,18:00:00,Monday,Manchester,E08000003,Urban,53.494252,-2.250699,E01033674
06A034562,2017,Slight,Male,26 - 35,Urban area,Most deprived 10%,2,1,Single carriageway,30,Private drive or entrance,Daylight,Fine no high winds,Dry,None,Non-trunk,Going ahead other,Footway (pavement),None,None,Offside,Commuting to/from work,2017-09-04,16:15:00,Monday,Manchester,E08000003,Urban,53.481594,-2.252011,E01033658
06A035161,2017,Slight,Male,11 - 15,Urban area,Most deprived 10%,2,1,Single carriageway,30,Crossroads,Daylight,Unknown,Dry,None,Non-trunk,Going ahead other,Footway (pavement),None,None,Nearside,Not known,2017-09-02,16:48:00,Saturday,Manchester,E08000003,Urban,53.47644,-2.23152,E01033654
06A035269,2017,Slight,Male,21 - 25,Urban area,Less deprived 30-40%,2,1,Single carriageway,30,Crossroads,Daylight,Fine no high winds,Dry,None,Non-trunk,Going ahead other,On main c'way - not in restricted lane,None,None,Front,Not known,2017-09-20,17:00:00,Wednesday,Manchester,E08000003,Urban,53.480829,-2.247984,E01033658
06A035278,2017,Slight,Male,26 - 35,Urban area,Less deprived 40-50%,2,1,Single carriageway,30,Not at junction or within 20 metres,Daylight,Raining no high winds,Wet or damp,None,Non-trunk,Overtaking moving vehicle - offside,On main c'way - not in restricted lane,None,None,Offside,Commuting to/from work,2017-09-21,09:45:00,Thursday,Manchester,E08000003,Urban,53.473942,-2.248923,E01033683
06A035415,2017,Slight,Male,26 - 35,Urban area,More deprived 10-20%,2,1,Single carriageway,30,T or staggered junction,Daylight,Fine no high winds,Dry,None,Non-trunk,Going ahead other,On main c'way - not in restricted lane,None,None,Offside,Commuting to/from work,2017-09-02,20:30:00,Saturday,Manchester,E08000003,Urban,53.504576,-2.195218,E01005228
06A035429,2017,Slight,Male,11 - 15,Urban area,Most deprived 10%,2,1,Single carriageway,30,T or staggered junction,Daylight,Fine no high winds,Dry,None,Non-trunk,Turning right,On main c'way - not in restricted lane,None,None,Offside,Not known,2017-09-25,17:35:00,Monday,Manchester,E08000003,Urban,53.535314,-2.231766,E01005098
06A035510,2017,Slight,Female,26 - 35,Urban area,More deprived 30-40%,2,1,Single carriageway,30,T or staggered junction,Daylight,Fine no high winds,Dry,None,Non-trunk,Going ahead other,On main c'way - not in restricted lane,None,None,Back,Commuting to/from work,2017-09-14,07:30:00,Thursday,Manchester,E08000003,Urban,53.473762,-2.24044,E01033662
06A035517,2017,Slight,Male,36 - 45,Urban area,Less deprived 30-40%,2,1,Single carriageway,30,T or staggered junction,Daylight,Fine no high winds,Dry,None,Non-trunk,Going ahead other,Bus lane,None,None,Front,Not known,2017-09-12,08:45:00,Tuesday,Manchester,E08000003,Urban,53.497383,-2.253522,E01033674
06A035603,2017,Slight,Male,16 - 20,Urban area,Most deprived 10%,2,1,Single carriageway,30,More than 4 arms (not roundabout),Daylight,Fine no high winds,Dry,None,Non-trunk,Going ahead other,On main c'way - not in restricted lane,None,None,Offside,Not known,2017-09-23,13:30:00,Saturday,Manchester,E08000003,Urban,53.508301,-2.242067,E01005142
06A035649,2017,Slight,Male,21 - 25,Data missing or out of range,Data missing or out of range,2,1,Single carriageway,30,T or staggered junction,Daylight,Fine no high winds,Dry,None,Non-trunk,Going ahead other,On main c'way - not in restricted lane,None,None,Nearside,Not known,2017-09-19,17:20:00,Tuesday,Manchester,E08000003,Urban,53.475711,-2.222371,E01033661
06A035731,2017,Slight,Male,26 - 35,Urban area,Less deprived 30-40%,2,1,Single carriageway,30,Crossroads,Daylight,Fine no high winds,Dry,None,Non-trunk,Going ahead other,On main c'way - not in restricted lane,None,None,Front,Not known,2017-09-27,13:03:00,Wednesday,Manchester,E08000003,Urban,53.471429,-2.242837,E01033656
06A035795,2017,Slight,Male,36 - 45,Urban area,More deprived 10-20%,2,1,Single carriageway,30,T or staggered junction,Daylight,Fine no high winds,Dry,None,Non-trunk,Waiting to turn right,On main c'way - not in restricted lane,None,None,Offside,Not known,2017-09-18,19:07:00,Monday,Manchester,E08000003,Urban,53.499367,-2.246298,E01033674
06A035812,2017,Serious,Male,36 - 45,Urban area,More deprived 30-40%,2,1,Single carriageway,30,T or staggered junction,Daylight,Fine no high winds,Dry,None,Non-trunk,Going ahead other,Cycleway or shared use footway (not part of  main carriageway),None,None,Offside,Commuting to/from work,2017-09-27,16:20:00,Wednesday,Manchester,E08000003,Urban,53.473744,-2.240425,E01033662
06A035909,2017,Slight,Male,46 - 55,Urban area,More deprived 20-30%,2,1,Single carriageway,30,T or staggered junction,Darkness - lights lit,Fine + high winds,Dry,None,Non-trunk,Going ahead other,On main c'way - not in restricted lane,None,None,Front,Commuting to/from work,2017-10-02,04:35:00,Monday,Manchester,E08000003,Urban,53.519165,-2.234332,E01005163
06A036045,2017,Slight,Male,16 - 20,Urban area,More deprived 10-20%,2,1,Single carriageway,30,Crossroads,Daylight,Raining no high winds,Wet or damp,None,Non-trunk,Going ahead other,On main c'way - not in restricted lane,None,None,Nearside,Not known,2017-09-29,13:12:00,Friday,Manchester,E08000003,Urban,53.510858,-2.239715,E01005149
06A036048,2017,Slight,Female,26 - 35,Urban area,More deprived 40-50%,2,1,Roundabout,30,Roundabout,Darkness - lights lit,Fine no high winds,Wet or damp,None,Non-trunk,Turning left,On main c'way - not in restricted lane,None,None,Nearside,Not known,2017-10-07,21:15:00,Saturday,Manchester,E08000003,Urban,53.471151,-2.247114,E01033656
06A036058,2017,Slight,Male,11 - 15,Urban area,More deprived 10-20%,2,1,Single carriageway,30,T or staggered junction,Daylight,Fine no high winds,Dry,None,Non-trunk,Going ahead other,On main c'way - not in restricted lane,None,None,Front,Pupil riding to/from school,2017-10-12,15:20:00,Thursday,Manchester,E08000003,Urban,53.469182000000004,-2.193264,E01005067
06A036492,2017,Slight,Male,36 - 45,Urban area,Less deprived 10-20%,2,1,Single carriageway,30,Crossroads,Daylight,Raining + high winds,Wet or damp,None,Non-trunk,Slowing or stopping,On main c'way - not in restricted lane,None,None,Offside,Commuting to/from work,2017-10-16,16:30:00,Monday,Manchester,E08000003,Urban,53.494077,-2.215956,E01005129
06A036648,2017,Serious,Male,26 - 35,Urban area,Less deprived 30-40%,2,1,Single carriageway,30,T or staggered junction,Daylight,Fine no high winds,Dry,None,Non-trunk,Going ahead other,On main c'way - not in restricted lane,None,None,Front,Commuting to/from work,2017-10-30,09:25:00,Monday,Manchester,E08000003,Urban,53.478913,-2.253156,E01033682
06A036934,2017,Slight,Male,26 - 35,Urban area,Most deprived 10%,2,1,Single carriageway,30,T or staggered junction,Daylight,Fine no high winds,Dry,None,Non-trunk,Going ahead other,Cycle lane (on main carriageway),None,None,Offside,Journey as part of work,2017-10-17,15:20:00,Tuesday,Manchester,E08000003,Urban,53.481659,-2.203401,E01033669
06A037138,2017,Slight,Male,36 - 45,Urban area,More deprived 30-40%,2,1,Single carriageway,30,Crossroads,Daylight,Fine no high winds,Dry,None,Non-trunk,Going ahead other,On main c'way - not in restricted lane,None,None,Front,Commuting to/from work,2017-10-23,17:26:00,Monday,Manchester,E08000003,Urban,53.47569,-2.23798,E01033662
06A037140,2017,Slight,Male,26 - 35,Urban area,More deprived 20-30%,2,1,Dual carriageway,30,T or staggered junction,Daylight,Fine no high winds,Dry,None,Non-trunk,Going ahead other,Cycle lane (on main carriageway),None,None,Front,Not known,2017-11-01,09:15:00,Wednesday,Manchester,E08000003,Urban,53.473036,-2.248285,E01033656
06A037448,2017,Slight,Female,11 - 15,Urban area,More deprived 10-20%,2,1,Single carriageway,30,T or staggered junction,Darkness - lights lit,Fine no high winds,Dry,None,Non-trunk,Going ahead other,On main c'way - not in restricted lane,None,None,Nearside,Not known,2017-11-15,19:30:00,Wednesday,Manchester,E08000003,Urban,53.513935,-2.198956,E01005223
06A037557,2017,Slight,Female,26 - 35,Urban area,Less deprived 20-30%,2,1,Single carriageway,30,T or staggered junction,Daylight,Fine no high winds,Wet or damp,None,Non-trunk,Going ahead other,Cycle lane (on main carriageway),None,None,Offside,Commuting to/from work,2017-11-20,08:10:00,Monday,Manchester,E08000003,Urban,53.472533,-2.239348,E01033656
06A037600,2017,Slight,Male,46 - 55,Urban area,Most deprived 10%,2,1,Single carriageway,30,T or staggered junction,Daylight,Raining no high winds,Wet or damp,None,Non-trunk,Going ahead other,On main c'way - not in restricted lane,None,None,Front,Not known,2017-11-16,09:15:00,Thursday,Manchester,E08000003,Urban,53.479028,-2.185579,E01005107
06A037838,2017,Slight,Male,26 - 35,Urban area,More deprived 10-20%,2,1,Single carriageway,30,T or staggered junction,Darkness - lights lit,Fine no high winds,Dry,None,Non-trunk,Going ahead other,On main c'way - not in restricted lane,None,None,Back,Journey as part of work,2017-12-06,22:20:00,Wednesday,Manchester,E08000003,Urban,53.449169,-2.17941,E01005200
06A037933,2017,Slight,Female,26 - 35,Urban area,More deprived 10-20%,2,1,Single carriageway,30,T or staggered junction,Darkness - lights lit,Fine no high winds,Dry,None,Non-trunk,Going ahead other,On main c'way - not in restricted lane,None,None,Front,Commuting to/from work,2017-11-09,18:17:00,Thursday,Manchester,E08000003,Urban,53.466072,-2.163169,E01005188
06A037941,2017,Slight,Male,56 - 65,Urban area,Less deprived 40-50%,2,1,Dual carriageway,30,Crossroads,Daylight,Fine no high winds,Wet or damp,None,Non-trunk,Turning left,On main c'way - not in restricted lane,None,None,Back,Not known,2017-11-20,08:30:00,Monday,Manchester,E08000003,Urban,53.476172,-2.261231,E01033681
06A037970,2017,Slight,Female,21 - 25,Urban area,More deprived 40-50%,2,1,Single carriageway,30,Crossroads,Darkness - lighting unknown,Fine no high winds,Dry,None,Non-trunk,Going ahead other,Cycle lane (on main carriageway),None,None,Offside,Commuting to/from work,2017-11-20,16:10:00,Monday,Manchester,E08000003,Urban,53.473403,-2.239911,E01033662
06A038095,2017,Slight,Male,26 - 35,Urban area,Most deprived 10%,2,1,Single carriageway,30,T or staggered junction,Darkness - lights lit,Raining no high winds,Wet or damp,None,Non-trunk,Going ahead other,On main c'way - not in restricted lane,None,None,Front,Not known,2017-11-27,21:30:00,Monday,Manchester,E08000003,Urban,53.534301,-2.220822,E01005100
06A038186,2017,Slight,Female,21 - 25,Urban area,More deprived 30-40%,2,1,Single carriageway,30,Crossroads,Darkness - lights lit,Fine no high winds,Dry,None,Non-trunk,Going ahead other,On main c'way - not in restricted lane,None,None,Offside,Not known,2017-12-11,17:49:00,Monday,Manchester,E08000003,Urban,53.4742,-2.237203,E01005128
06A038801,2017,Slight,Male,56 - 65,Urban area,More deprived 10-20%,2,1,Dual carriageway,30,Crossroads,Darkness - lighting unknown,Fine no high winds,Dry,None,Non-trunk,Going ahead other,On main c'way - not in restricted lane,None,None,Offside,Not known,2017-12-08,07:30:00,Friday,Manchester,E08000003,Urban,53.501424,-2.193003,E01005256
06A038812,2017,Slight,Male,21 - 25,Urban area,More deprived 20-30%,2,1,Single carriageway,30,T or staggered junction,Daylight,Fine no high winds,Dry,None,Non-trunk,Going ahead other,Cycle lane (on main carriageway),None,None,Offside,Not known,2017-09-26,16:50:00,Tuesday,Manchester,E08000003,Urban,53.473744,-2.24044,E01033662
06A039090,2017,Slight,Male,16 - 20,Urban area,Most deprived 10%,2,1,Single carriageway,20,Not at junction or within 20 metres,Darkness - lights lit,Fine no high winds,Wet or damp,None,Non-trunk,Overtaking static vehicle - offside,On main c'way - not in restricted lane,None,None,Front,Journey as part of work,2017-12-16,20:30:00,Saturday,Manchester,E08000003,Urban,53.484842,-2.241708,E01033658
06E025639,2017,Slight,Male,21 - 25,Urban area,Least deprived 10%,2,1,Single carriageway,20,T or staggered junction,Daylight,Fine no high winds,Frost or ice,None,Non-trunk,Turning left,On main c'way - not in restricted lane,None,None,Back,Not known,2017-01-05,09:00:00,Thursday,Manchester,E08000003,Urban,53.449215,-2.257709,E01005297
06E025928,2017,Serious,Male,21 - 25,Urban area,More deprived 20-30%,3,1,Single carriageway,30,T or staggered junction,Daylight,Raining no high winds,Wet or damp,None,Non-trunk,Going ahead other,On main c'way - not in restricted lane,None,None,Front,Commuting to/from work,2017-01-16,08:10:00,Monday,Manchester,E08000003,Urban,53.422635,-2.239987,E01005083
06E025951,2017,Slight,Male,11 - 15,Urban area,Most deprived 10%,2,1,Single carriageway,30,T or staggered junction,Daylight,Fine no high winds,Wet or damp,None,Non-trunk,Going ahead other,On main c'way - not in restricted lane,None,None,Front,Pupil riding to/from school,2017-01-19,16:20:00,Thursday,Manchester,E08000003,Urban,53.4577,-2.226555,E01005284
06E025967,2017,Slight,Male,26 - 35,Data missing or out of range,Data missing or out of range,3,1,Single carriageway,20,T or staggered junction,Darkness - lights lit,Fine no high winds,Wet or damp,None,Non-trunk,Going ahead other,On main c'way - not in restricted lane,None,None,Did not impact,Not known,2017-01-16,18:30:00,Monday,Manchester,E08000003,Urban,53.457867,-2.233197,E01005209
06E026050,2017,Slight,Male,26 - 35,Data missing or out of range,Data missing or out of range,2,1,Single carriageway,30,T or staggered junction,Daylight,Fine no high winds,Dry,None,Non-trunk,Parked,On main c'way - not in restricted lane,None,None,Back,Journey as part of work,2017-01-25,12:02:00,Wednesday,Manchester,E08000003,Urban,53.434163,-2.263865,E01005081
06E026183,2017,Slight,Male,26 - 35,Urban area,More deprived 10-20%,2,1,Single carriageway,30,T or staggered junction,Daylight,Fine no high winds,Dry,None,Non-trunk,Going ahead right-hand bend,On main c'way - not in restricted lane,None,None,Front,Journey as part of work,2017-01-13,16:15:00,Friday,Manchester,E08000003,Urban,53.471813,-2.220694,E01005065
06E026328,2017,Serious,Female,66 - 75,Urban area,More deprived 10-20%,2,1,Single carriageway,20,T or staggered junction,Daylight,Fine no high winds,Dry,None,Non-trunk,Going ahead other,On main c'way - not in restricted lane,None,None,Back,Commuting to/from work,2017-02-03,09:15:00,Friday,Manchester,E08000003,Urban,53.459453,-2.235706,E01005209
06E027123,2017,Slight,Female,21 - 25,Urban area,More deprived 20-30%,2,1,Single carriageway,30,T or staggered junction,Daylight,Fine no high winds,Dry,None,Non-trunk,Going ahead other,On main c'way - not in restricted lane,None,None,Front,Not known,2017-02-07,08:45:00,Tuesday,Manchester,E08000003,Urban,53.45629,-2.225704,E01005288
06E027130,2017,Slight,Male,56 - 65,Urban area,Less deprived 20-30%,2,1,Single carriageway,30,T or staggered junction,Daylight,Fine no high winds,Dry,None,Non-trunk,Going ahead other,On main c'way - not in restricted lane,None,None,Front,Journey as part of work,2017-02-09,16:10:00,Thursday,Manchester,E08000003,Urban,53.455036,-2.192371,E01005233
06E027166,2017,Serious,Female,26 - 35,Data missing or out of range,Data missing or out of range,2,1,Single carriageway,30,Not at junction or within 20 metres,Daylight,Fine no high winds,Wet or damp,None,Non-trunk,Going ahead other,On main c'way - not in restricted lane,None,None,Front,Not known,2017-03-07,09:10:00,Tuesday,Manchester,E08000003,Urban,53.451192,-2.25763,E01033686
06E027318,2017,Slight,Male,46 - 55,Urban area,More deprived 30-40%,2,1,Single carriageway,30,T or staggered junction,Darkness - lights lit,Fine no high winds,Dry,None,Non-trunk,Going ahead other,On main c'way - not in restricted lane,None,None,Front,Not known,2017-02-16,21:40:00,Thursday,Manchester,E08000003,Urban,53.406515,-2.263438,E01005269
06E027323,2017,Slight,Male,26 - 35,Urban area,Most deprived 10%,2,1,Single carriageway,20,Crossroads,Darkness - lights lit,Fine no high winds,Dry,None,Non-trunk,Going ahead other,On main c'way - not in restricted lane,None,None,Back,Not known,2017-02-14,19:54:00,Tuesday,Manchester,E08000003,Urban,53.452686,-2.230052,E01005242
06E027329,2017,Slight,Male,36 - 45,Urban area,More deprived 30-40%,2,1,Single carriageway,30,T or staggered junction,Daylight,Fine no high winds,Dry,None,Non-trunk,Going ahead other,Cycle lane (on main carriageway),None,None,Front,Not known,2017-02-18,13:40:00,Saturday,Manchester,E08000003,Urban,53.452494,-2.222597,E01005284
06E027684,2017,Slight,Male,26 - 35,Urban area,Less deprived 40-50%,2,1,Single carriageway,30,T or staggered junction,Darkness - lights lit,Raining no high winds,Wet or damp,None,Non-trunk,Changing lane to left,On main c'way - not in restricted lane,None,None,Front,Not known,2017-02-24,23:08:00,Friday,Manchester,E08000003,Urban,53.438714,-2.274777,E01005154
06E028028,2017,Slight,Male,26 - 35,Urban area,More deprived 20-30%,2,1,Roundabout,30,Roundabout,Daylight,Fine no high winds,Dry,None,Non-trunk,Moving off,On main c'way - not in restricted lane,None,None,Nearside,Commuting to/from work,2017-03-02,08:03:00,Thursday,Manchester,E08000003,Urban,53.472398,-2.256914,E01033682
06E028087,2017,Slight,Female,26 - 35,Urban area,More deprived 20-30%,2,1,Single carriageway,30,T or staggered junction,Daylight,Fine no high winds,Dry,None,Non-trunk,Going ahead left-hand bend,On main c'way - not in restricted lane,None,None,Nearside,Commuting to/from work,2017-03-02,10:09:00,Thursday,Manchester,E08000003,Urban,53.463679,-2.239389,E01005209
06E028161,2017,Slight,Female,21 - 25,Urban area,More deprived 20-30%,2,1,Dual carriageway,40,T or staggered junction,Darkness - lights lit,Fine no high winds,Dry,None,Non-trunk,Going ahead other,On main c'way - not in restricted lane,None,None,Front,Not known,2017-03-14,20:59:00,Tuesday,Manchester,E08000003,Urban,53.436027,-2.245286,E01005272
06E028338,2017,Serious,Female,46 - 55,Urban area,More deprived 30-40%,2,1,Single carriageway,20,Crossroads,Daylight,Fine no high winds,Dry,None,Non-trunk,Going ahead other,On main c'way - not in restricted lane,None,None,Nearside,Not known,2017-04-03,18:15:00,Monday,Manchester,E08000003,Urban,53.455153,-2.246224,E01005246
06E028376,2017,Slight,Female,46 - 55,Urban area,Most deprived 10%,2,1,Single carriageway,30,Crossroads,Daylight,Fine no high winds,Dry,None,Non-trunk,Going ahead other,On main c'way - not in restricted lane,None,None,Nearside,Not known,2017-04-06,12:40:00,Thursday,Manchester,E08000003,Urban,53.425695,-2.264128,E01005084
06E028507,2017,Slight,Male,21 - 25,Urban area,Most deprived 10%,2,1,Single carriageway,30,T or staggered junction,Daylight,Fine no high winds,Dry,None,Non-trunk,Going ahead other,On main c'way - not in restricted lane,None,None,Front,Not known,2017-03-15,17:07:00,Wednesday,Manchester,E08000003,Urban,53.393837,-2.257074,E01005086
06E028804,2017,Slight,Male,21 - 25,Urban area,Most deprived 10%,2,1,Single carriageway,30,Crossroads,Daylight,Fine no high winds,Dry,None,Non-trunk,Going ahead other,On main c'way - not in restricted lane,None,None,Front,Not known,2017-03-28,14:50:00,Tuesday,Manchester,E08000003,Urban,53.469616,-2.232252,E01005062
06E029010,2017,Slight,Male,56 - 65,Urban area,Least deprived 10%,2,1,Single carriageway,30,Crossroads,Daylight,Fine no high winds,Dry,None,Non-trunk,Going ahead other,On main c'way - not in restricted lane,None,None,Front,Commuting to/from work,2017-03-27,09:50:00,Monday,Manchester,E08000003,Urban,53.442884,-2.267306,E01005301
06E029345,2017,Slight,Male,21 - 25,Urban area,More deprived 20-30%,2,1,Single carriageway,30,Not at junction or within 20 metres,Darkness - lights lit,Fine no high winds,Dry,None,Non-trunk,Going ahead other,On main c'way - not in restricted lane,None,None,Nearside,Not known,2017-03-11,00:55:00,Saturday,Manchester,E08000003,Urban,53.407533,-2.25842,E01005268
06E029388,2017,Slight,Male,21 - 25,Urban area,More deprived 20-30%,2,1,Single carriageway,30,T or staggered junction,Daylight,Unknown,Dry,None,Non-trunk,Going ahead other,Footway (pavement),None,None,Front,Not known,2017-04-19,07:10:00,Wednesday,Manchester,E08000003,Urban,53.380911,-2.288895,E01005075
06E029433,2017,Serious,Male,36 - 45,Urban area,Most deprived 10%,2,1,Single carriageway,30,Crossroads,Daylight,Fine no high winds,Dry,None,Non-trunk,Going ahead other,On main c'way - not in restricted lane,None,None,Offside,Commuting to/from work,2017-04-03,07:45:00,Monday,Manchester,E08000003,Urban,53.408796,-2.272584,E01005264
06E029661,2017,Slight,Male,16 - 20,Urban area,Most deprived 10%,2,1,Single carriageway,30,T or staggered junction,Daylight,Fine no high winds,Dry,None,Non-trunk,Going ahead other,Cycle lane (on main carriageway),None,None,Front,Not known,2017-03-09,16:50:00,Thursday,Manchester,E08000003,Urban,53.469016,-2.23615,E01005210
06E029842,2017,Serious,Male,36 - 45,Urban area,Less deprived 20-30%,2,1,Single carriageway,20,T or staggered junction,Daylight,Fine no high winds,Dry,None,Non-trunk,Going ahead other,On main c'way - not in restricted lane,None,None,Front,Commuting to/from work,2017-04-26,08:05:00,Wednesday,Manchester,E08000003,Urban,53.437776,-2.193633,E01005217
06E029878,2017,Slight,Male,21 - 25,Urban area,Most deprived 10%,2,1,Single carriageway,30,Crossroads,Daylight,Fine no high winds,Dry,None,Non-trunk,Turning right,On main c'way - not in restricted lane,None,None,Front,Not known,2017-04-18,14:40:00,Tuesday,Manchester,E08000003,Urban,53.4554,-2.195204,E01005234
06E029894,2017,Serious,Male,56 - 65,Urban area,Most deprived 10%,2,1,Single carriageway,30,Not at junction or within 20 metres,Daylight,Fine no high winds,Dry,None,Non-trunk,Going ahead other,On main c'way - not in restricted lane,None,None,Front,Not known,2017-04-29,17:50:00,Saturday,Manchester,E08000003,Urban,53.410791,-2.276478,E01005265
06E029925,2017,Serious,Male,Over 75,Urban area,More deprived 30-40%,2,1,Single carriageway,30,T or staggered junction,Daylight,Fine no high winds,Dry,None,Non-trunk,Going ahead other,Cycle lane (on main carriageway),None,Other permanent object,Nearside,Not known,2017-03-04,10:45:00,Saturday,Manchester,E08000003,Urban,53.431461,-2.274203,E01005082
06E030397,2017,Slight,Female,21 - 25,Urban area,Most deprived 10%,2,1,Single carriageway,30,Crossroads,Daylight,Fine no high winds,Dry,None,Non-trunk,Turning right,On main c'way - not in restricted lane,None,None,Front,Journey as part of work,2017-04-28,15:00:00,Friday,Manchester,E08000003,Urban,53.460002,-2.248511,E01005208
06E030408,2017,Slight,Male,26 - 35,Urban area,More deprived 10-20%,2,1,Single carriageway,30,Not at junction or within 20 metres,Daylight,Fine no high winds,Dry,None,Non-trunk,Going ahead other,On main c'way - not in restricted lane,None,None,Did not impact,Not known,2017-04-27,11:55:00,Thursday,Manchester,E08000003,Urban,53.451271,-2.222651,E01005286
06E030471,2017,Slight,Male,26 - 35,Urban area,Less deprived 40-50%,2,1,Single carriageway,30,Private drive or entrance,Daylight,Fine no high winds,Dry,None,Non-trunk,Going ahead other,On main c'way - not in restricted lane,None,None,Front,Not known,2017-04-28,15:19:00,Friday,Manchester,E08000003,Urban,53.436406,-2.273648,E01005158
06E030626,2017,Slight,Male,26 - 35,Urban area,Most deprived 10%,2,2,Single carriageway,20,T or staggered junction,Darkness - lights lit,Fine no high winds,Dry,None,Non-trunk,Turning right,On main c'way - not in restricted lane,None,None,Front,Not known,2017-05-01,00:16:00,Monday,Manchester,E08000003,Urban,53.371808,-2.272436,E01005315
06E030738,2017,Slight,Male,36 - 45,Urban area,More deprived 30-40%,2,1,Single carriageway,40,Crossroads,Daylight,Fine no high winds,Dry,None,Non-trunk,Going ahead other,On main c'way - not in restricted lane,None,None,Back,Journey as part of work,2017-05-09,14:31:00,Tuesday,Manchester,E08000003,Urban,53.442542,-2.218269,E01005185
06E030845,2017,Slight,Male,21 - 25,Urban area,Most deprived 10%,2,1,Single carriageway,30,T or staggered junction,Daylight,Fine no high winds,Dry,None,Non-trunk,Going ahead other,Cycle lane (on main carriageway),None,None,Front,Commuting to/from work,2017-05-23,08:40:00,Tuesday,Manchester,E08000003,Urban,53.451299,-2.23161,E01005242
06E030894,2017,Slight,Male,11 - 15,Urban area,Most deprived 10%,3,1,Single carriageway,30,T or staggered junction,Daylight,Fine no high winds,Dry,None,Non-trunk,Going ahead other,On main c'way - not in restricted lane,None,None,Offside,Not known,2017-05-22,18:00:00,Monday,Manchester,E08000003,Urban,53.374444,-2.271385,E01005315
06E030910,2017,Slight,Male,16 - 20,Urban area,More deprived 30-40%,2,1,Single carriageway,30,Private drive or entrance,Daylight,Fine no high winds,Dry,None,Non-trunk,Going ahead other,On main c'way - not in restricted lane,None,None,Front,Not known,2017-05-11,16:40:00,Thursday,Manchester,E08000003,Urban,53.440662,-2.219434,E01005271
06E031168,2017,Serious,Male,36 - 45,Urban area,Less deprived 10-20%,2,1,Single carriageway,30,Private drive or entrance,Daylight,Fine no high winds,Dry,None,Non-trunk,Going ahead other,On main c'way - not in restricted lane,None,None,Front,Not known,2017-06-01,10:12:00,Thursday,Manchester,E08000003,Urban,53.418957,-2.231931,E01005176
06E031263,2017,Serious,Male,21 - 25,Urban area,More deprived 30-40%,2,2,Single carriageway,30,T or staggered junction,Daylight,Fine no high winds,Dry,None,Non-trunk,Turning right,On main c'way - not in restricted lane,None,None,Back,Commuting to/from work,2017-06-01,17:20:00,Thursday,Manchester,E08000003,Urban,53.440563,-2.214239,E01005310
06E031309,2017,Slight,Male,36 - 45,Urban area,More deprived 20-30%,2,1,Single carriageway,30,Not at junction or within 20 metres,Daylight,Fine no high winds,Dry,None,Non-trunk,Going ahead other,On main c'way - not in restricted lane,None,None,Offside,Commuting to/from work,2017-06-07,17:30:00,Wednesday,Manchester,E08000003,Urban,53.449835,-2.274005,E01005296
06E031343,2017,Slight,Male,26 - 35,Urban area,More deprived 30-40%,2,1,Single carriageway,30,Crossroads,Daylight,Raining no high winds,Wet or damp,None,Non-trunk,Going ahead other,Cycle lane (on main carriageway),None,None,Front,Commuting to/from work,2017-06-06,15:20:00,Tuesday,Manchester,E08000003,Urban,53.442632,-2.21842,E01005185
06E031548,2017,Slight,Male,26 - 35,Urban area,Least deprived 10%,2,1,Single carriageway,30,T or staggered junction,Daylight,Fine no high winds,Dry,None,Non-trunk,Going ahead other,On main c'way - not in restricted lane,None,None,Front,Commuting to/from work,2017-06-01,08:01:00,Thursday,Manchester,E08000003,Urban,53.444997,-2.218131,E01005185
06E031679,2017,Serious,Male,56 - 65,Urban area,Most deprived 10%,2,1,Single carriageway,30,Not at junction or within 20 metres,Daylight,Fine no high winds,Dry,None,Non-trunk,Going ahead other,On main c'way - not in restricted lane,None,None,Front,Not known,2017-06-14,18:38:00,Wednesday,Manchester,E08000003,Urban,53.457147,-2.229082,E01005244
06E031730,2017,Slight,Female,26 - 35,Rural,Less deprived 30-40%,2,1,Single carriageway,30,Crossroads,Daylight,Fine no high winds,Dry,None,Non-trunk,Going ahead other,On main c'way - not in restricted lane,None,None,Front,Commuting to/from work,2017-06-01,17:25:00,Thursday,Manchester,E08000003,Urban,53.442605,-2.21845,E01005185
06E032006,2017,Slight,Male,11 - 15,Urban area,Most deprived 10%,2,1,Single carriageway,30,T or staggered junction,Daylight,Fine no high winds,Dry,None,Non-trunk,Turning left,On main c'way - not in restricted lane,None,None,Front,Not known,2017-07-01,17:30:00,Saturday,Manchester,E08000003,Urban,53.453046,-2.188883,E01005194
06E032026,2017,Slight,Male,66 - 75,Urban area,Less deprived 30-40%,3,1,Single carriageway,30,Crossroads,Daylight,Fine no high winds,Dry,None,Non-trunk,Going ahead other,On main c'way - not in restricted lane,None,None,Did not impact,Not known,2017-05-08,15:25:00,Monday,Manchester,E08000003,Urban,53.400911,-2.302869,E01005113
06E032157,2017,Serious,Male,46 - 55,Urban area,More deprived 30-40%,2,1,Single carriageway,30,Crossroads,Daylight,Fine no high winds,Dry,None,Non-trunk,Overtaking static vehicle - offside,On main c'way - not in restricted lane,None,None,Offside,Not known,2017-06-16,14:49:00,Friday,Manchester,E08000003,Urban,53.452456,-2.23767,E01005240
06E032180,2017,Slight,Female,21 - 25,Urban area,Most deprived 10%,2,1,Single carriageway,30,Crossroads,Daylight,Fine no high winds,Dry,None,Non-trunk,Going ahead other,Cycle lane (on main carriageway),None,None,Back,Not known,2017-06-22,13:50:00,Thursday,Manchester,E08000003,Urban,53.464235,-2.226122,E01005062
06E032498,2017,Slight,Male,Over 75,Urban area,More deprived 20-30%,2,1,Single carriageway,30,Not at junction or within 20 metres,Daylight,Fine no high winds,Dry,None,Non-trunk,Going ahead other,Footway (pavement),None,None,Front,Not known,2017-07-04,11:30:00,Tuesday,Manchester,E08000003,Urban,53.432912,-2.229418,E01005276
06E032502,2017,Slight,Male,36 - 45,Urban area,Most deprived 10%,2,1,Single carriageway,20,T or staggered junction,Daylight,Fine no high winds,Dry,None,Non-trunk,Going ahead other,On main c'way - not in restricted lane,None,None,Front,Not known,2017-07-07,15:00:00,Friday,Manchester,E08000003,Urban,53.401724,-2.294286,E01005117
06E032557,2017,Slight,Female,11 - 15,Urban area,Most deprived 10%,2,1,Single carriageway,30,T or staggered junction,Daylight,Fine no high winds,Dry,None,Non-trunk,Going ahead other,On main c'way - not in restricted lane,None,None,Offside,Not known,2017-07-03,21:15:00,Monday,Manchester,E08000003,Urban,53.422155,-2.209076,E01005125
06E032593,2017,Slight,Male,36 - 45,Urban area,Most deprived 10%,2,1,Roundabout,30,Roundabout,Darkness - lights lit,Fine no high winds,Dry,None,Non-trunk,Going ahead other,On main c'way - not in restricted lane,None,None,Back,Not known,2017-07-10,21:38:00,Monday,Manchester,E08000003,Urban,53.470227,-2.223036,E01005065
06E032684,2017,Slight,Female,6 - 10,Urban area,Most deprived 10%,2,1,Single carriageway,30,Private drive or entrance,Daylight,Fine no high winds,Dry,None,Non-trunk,Going ahead other,Footway (pavement),None,None,Front,Pupil riding to/from school,2017-07-11,08:40:00,Tuesday,Manchester,E08000003,Urban,53.411454,-2.269441,E01005264
06E032763,2017,Slight,Male,6 - 10,Urban area,Most deprived 10%,2,1,Single carriageway,30,Not at junction or within 20 metres,Daylight,Fine no high winds,Dry,None,Non-trunk,Going ahead other,On main c'way - not in restricted lane,None,None,Front,Other,2017-07-12,19:17:00,Wednesday,Manchester,E08000003,Urban,53.434822,-2.241049,E01005272
06E032848,2017,Serious,Male,26 - 35,Urban area,Most deprived 10%,2,1,Dual carriageway,30,Not at junction or within 20 metres,Daylight,Fine no high winds,Dry,None,Non-trunk,Going ahead other,Cycle lane (on main carriageway),None,None,Back,Not known,2017-07-04,13:45:00,Tuesday,Manchester,E08000003,Urban,53.462691,-2.229804,E01005062
06E032881,2017,Serious,Male,11 - 15,Urban area,Most deprived 10%,2,1,Single carriageway,30,Not at junction or within 20 metres,Darkness - lighting unknown,Fine no high winds,Dry,None,Non-trunk,Changing lane to left,On main c'way - not in restricted lane,None,None,Offside,Not known,2017-07-07,21:30:00,Friday,Manchester,E08000003,Urban,53.38622,-2.246097,E01005290
06E032948,2017,Slight,Male,11 - 15,Urban area,More deprived 30-40%,2,1,Single carriageway,30,Crossroads,Daylight,Fine no high winds,Dry,None,Non-trunk,Going ahead other,Footway (pavement),None,None,Front,Pupil riding to/from school,2017-07-20,15:15:00,Thursday,Manchester,E08000003,Urban,53.439918,-2.266881,E01005301
06E032959,2017,Slight,Male,26 - 35,Urban area,Less deprived 40-50%,2,1,Single carriageway,30,T or staggered junction,Daylight,Fine no high winds,Dry,None,Non-trunk,Going ahead other,On main c'way - not in restricted lane,None,None,Front,Commuting to/from work,2017-07-21,16:50:00,Friday,Manchester,E08000003,Urban,53.441202,-2.218879,E01005185
06E033014,2017,Slight,Female,26 - 35,Urban area,More deprived 30-40%,2,1,Single carriageway,30,Crossroads,Daylight,Raining no high winds,Wet or damp,None,Non-trunk,Going ahead other,On main c'way - not in restricted lane,None,None,Offside,Commuting to/from work,2017-07-10,08:45:00,Monday,Manchester,E08000003,Urban,53.4426,-2.28126,E01005150
06E033033,2017,Slight,Male,16 - 20,Urban area,Most deprived 10%,2,1,Single carriageway,30,Crossroads,Daylight,Fine no high winds,Dry,None,Non-trunk,Going ahead other,On main c'way - not in restricted lane,None,None,Nearside,Journey as part of work,2017-07-21,19:34:00,Friday,Manchester,E08000003,Urban,53.458463,-2.191046,E01005235
06E033113,2017,Slight,Male,46 - 55,Urban area,Less deprived 40-50%,3,1,Dual carriageway,30,Not at junction or within 20 metres,Daylight,Fine no high winds,Dry,None,Non-trunk,Overtaking static vehicle - offside,On main c'way - not in restricted lane,None,None,Offside,Commuting to/from work,2017-07-19,17:00:00,Wednesday,Manchester,E08000003,Urban,53.425397,-2.229935,E01005306
06E033153,2017,Slight,Female,46 - 55,Urban area,Less deprived 10-20%,2,1,Single carriageway,30,T or staggered junction,Daylight,Raining no high winds,Wet or damp,None,Non-trunk,Going ahead other,On main c'way - not in restricted lane,None,None,Offside,Commuting to/from work,2017-06-28,17:45:00,Wednesday,Manchester,E08000003,Urban,53.433017,-2.261916,E01005081
06E033229,2017,Slight,Male,36 - 45,Urban area,Less deprived 30-40%,2,1,Single carriageway,30,T or staggered junction,Daylight,Fine no high winds,Dry,None,Non-trunk,Going ahead other,On main c'way - not in restricted lane,None,None,Front,Not known,2017-05-23,17:50:00,Tuesday,Manchester,E08000003,Urban,53.401574,-2.31089,E01005114
06E033252,2017,Slight,Male,26 - 35,Urban area,More deprived 20-30%,2,1,Single carriageway,30,T or staggered junction,Daylight,Fine no high winds,Dry,None,Non-trunk,Going ahead other,On main c'way - not in restricted lane,None,None,Front,Not known,2017-07-24,18:15:00,Monday,Manchester,E08000003,Urban,53.442868,-2.19072,E01005221
06E033437,2017,Slight,Male,46 - 55,Data missing or out of range,Data missing or out of range,2,1,Single carriageway,30,Crossroads,Daylight,Raining no high winds,Wet or damp,None,Non-trunk,Going ahead other,On main c'way - not in restricted lane,None,None,Nearside,Not known,2017-07-23,19:30:00,Sunday,Manchester,E08000003,Urban,53.456094,-2.210146,E01005236
06E033465,2017,Slight,Male,11 - 15,Urban area,Most deprived 10%,2,1,Single carriageway,30,T or staggered junction,Daylight,Fine no high winds,Dry,None,Non-trunk,Going ahead other,On main c'way - not in restricted lane,None,None,Front,Not known,2017-08-04,20:00:00,Friday,Manchester,E08000003,Urban,53.432742,-2.204612,E01005118
06E033561,2017,Slight,Male,26 - 35,Urban area,Most deprived 10%,2,1,Single carriageway,30,T or staggered junction,Daylight,Fine no high winds,Dry,None,Non-trunk,Going ahead other,On main c'way - not in restricted lane,None,None,Offside,Not known,2017-07-25,13:30:00,Tuesday,Manchester,E08000003,Urban,53.456597,-2.204833,E01005236
06E033750,2017,Slight,Male,16 - 20,Urban area,More deprived 10-20%,2,1,Single carriageway,30,Not at junction or within 20 metres,Daylight,Fine no high winds,Dry,None,Non-trunk,Going ahead other,On main c'way - not in restricted lane,None,None,Nearside,Not known,2017-07-29,15:42:00,Saturday,Manchester,E08000003,Urban,53.410438,-2.22173,E01005168
06E033824,2017,Slight,Male,0 - 5,Urban area,More deprived 30-40%,2,1,Single carriageway,30,Not at junction or within 20 metres,Daylight,Fine no high winds,Dry,None,Non-trunk,Going ahead other,On main c'way - not in restricted lane,None,None,Nearside,Other,2017-08-10,14:30:00,Thursday,Manchester,E08000003,Urban,53.395316,-2.254917,E01005295
06E033946,2017,Slight,Male,26 - 35,Urban area,Most deprived 10%,2,1,Single carriageway,30,T or staggered junction,Daylight,Fine no high winds,Dry,None,Non-trunk,Going ahead other,On main c'way - not in restricted lane,None,None,Front,Commuting to/from work,2017-08-18,18:15:00,Friday,Manchester,E08000003,Urban,53.382047,-2.259873,E01005291
06E034148,2017,Slight,Male,36 - 45,Urban area,Most deprived 10%,2,1,Single carriageway,30,T or staggered junction,Daylight,Fine no high winds,Dry,None,Non-trunk,Going ahead other,On main c'way - not in restricted lane,None,None,Front,Not known,2017-08-09,15:15:00,Wednesday,Manchester,E08000003,Urban,53.460085,-2.204955,E01005239
06E034255,2017,Serious,Male,11 - 15,Urban area,Most deprived 10%,2,1,Single carriageway,40,T or staggered junction,Daylight,Fine no high winds,Dry,None,Non-trunk,Moving off,On main c'way - not in restricted lane,None,None,Offside,Not known,2017-08-21,13:51:00,Monday,Manchester,E08000003,Urban,53.430946,-2.208803,E01005121
06E034291,2017,Serious,Male,46 - 55,Urban area,Less deprived 40-50%,2,1,Single carriageway,30,T or staggered junction,Daylight,Fine no high winds,Dry,None,Non-trunk,Going ahead other,On main c'way - not in restricted lane,None,None,Front,Not known,2017-08-16,09:34:00,Wednesday,Manchester,E08000003,Urban,53.434278,-2.272671,E01005158
06E034327,2017,Slight,Male,36 - 45,Urban area,Most deprived 10%,2,1,Single carriageway,20,T or staggered junction,Daylight,Fine no high winds,Dry,None,Non-trunk,Turning right,On main c'way - not in restricted lane,None,None,Offside,Not known,2017-08-16,08:30:00,Wednesday,Manchester,E08000003,Urban,53.442128,-2.192794,E01005221
06E034528,2017,Slight,Female,26 - 35,Urban area,Less deprived 40-50%,2,1,Single carriageway,30,T or staggered junction,Daylight,Fine no high winds,Dry,None,Non-trunk,Going ahead other,Cycle lane (on main carriageway),None,None,Offside,Commuting to/from work,2017-08-23,17:08:00,Wednesday,Manchester,E08000003,Urban,53.451946,-2.222232,E01005286
06E034659,2017,Slight,Female,26 - 35,Urban area,More deprived 10-20%,3,1,Single carriageway,30,T or staggered junction,Daylight,Fine no high winds,Dry,None,Non-trunk,Going ahead other,Cycle lane (on main carriageway),None,None,Offside,Not known,2017-08-30,11:55:00,Wednesday,Manchester,E08000003,Urban,53.460959,-2.228515,E01005209
06E034840,2017,Serious,Female,26 - 35,Urban area,More deprived 10-20%,2,1,Single carriageway,30,T or staggered junction,Daylight,Fine no high winds,Dry,None,Non-trunk,Going ahead other,On main c'way - not in restricted lane,None,None,Front,Commuting to/from work,2017-09-01,17:14:00,Friday,Manchester,E08000003,Urban,53.45032,-2.244735,E01005240
06E034978,2017,Slight,Male,6 - 10,Data missing or out of range,Data missing or out of range,2,1,Single carriageway,30,Not at junction or within 20 metres,Daylight,Unknown,Dry,None,Non-trunk,Moving off,On main c'way - not in restricted lane,None,None,Front,Not known,2017-09-05,18:06:00,Tuesday,Manchester,E08000003,Urban,53.410764,-2.276553,E01005265
06E034984,2017,Serious,Female,26 - 35,Urban area,More deprived 10-20%,2,1,Dual carriageway,30,Crossroads,Daylight,Fine no high winds,Dry,None,Non-trunk,Going ahead other,On main c'way - not in restricted lane,None,None,Front,Not known,2017-09-15,15:41:00,Friday,Manchester,E08000003,Urban,53.44265,-2.21842,E01005185
06E034992,2017,Slight,Male,21 - 25,Urban area,Less deprived 20-30%,2,1,Single carriageway,30,T or staggered junction,Daylight,Fine no high winds,Wet or damp,None,Non-trunk,Going ahead other,Cycle lane (on main carriageway),None,None,Offside,Not known,2017-09-12,18:18:00,Tuesday,Manchester,E08000003,Urban,53.437978,-2.222069,E01005309
06E035115,2017,Slight,Male,26 - 35,Urban area,More deprived 10-20%,2,1,Single carriageway,30,T or staggered junction,Daylight,Fine no high winds,Dry,None,Non-trunk,Going ahead other,On main c'way - not in restricted lane,None,None,Front,Not known,2017-09-06,16:54:00,Wednesday,Manchester,E08000003,Urban,53.378915,-2.265536,E01005313
06E035188,2017,Serious,Male,46 - 55,Urban area,Least deprived 10%,2,1,Single carriageway,30,T or staggered junction,Daylight,Fine no high winds,Dry,None,Non-trunk,Slowing or stopping,On main c'way - not in restricted lane,None,None,Nearside,Commuting to/from work,2017-09-08,16:30:00,Friday,Manchester,E08000003,Urban,53.438507,-2.186275,E01005222
06E035212,2017,Slight,Male,26 - 35,Urban area,More deprived 10-20%,2,1,Single carriageway,30,Crossroads,Daylight,Fine no high winds,Dry,None,Non-trunk,Turning right,On main c'way - not in restricted lane,None,None,Back,Not known,2017-09-21,15:45:00,Thursday,Manchester,E08000003,Urban,53.465708,-2.257853,E01005213
06E035255,2017,Serious,Male,36 - 45,Urban area,More deprived 30-40%,2,1,Single carriageway,30,Crossroads,Daylight,Fine no high winds,Dry,None,Non-trunk,Going ahead other,On main c'way - not in restricted lane,None,None,Front,Commuting to/from work,2017-09-21,18:15:00,Thursday,Manchester,E08000003,Urban,53.440984,-2.188739,E01005221
06E035354,2017,Slight,Female,26 - 35,Urban area,Less deprived 30-40%,2,1,Single carriageway,30,T or staggered junction,Darkness - lights lit,Fine no high winds,Dry,None,Non-trunk,Going ahead other,On main c'way - not in restricted lane,None,None,Offside,Commuting to/from work,2017-09-14,20:10:00,Thursday,Manchester,E08000003,Urban,53.46296,-2.230062,E01005062
06E035596,2017,Serious,Male,21 - 25,Urban area,Least deprived 10%,2,1,Single carriageway,40,T or staggered junction,Darkness - lighting unknown,Unknown,Dry,None,Non-trunk,Going ahead other,On main c'way - not in restricted lane,None,None,Front,Commuting to/from work,2017-09-21,06:25:00,Thursday,Manchester,E08000003,Rural,53.405859,-2.218758,E01005171
06E035615,2017,Slight,Male,11 - 15,Urban area,More deprived 20-30%,2,1,Single carriageway,30,Crossroads,Daylight,Fine no high winds,Wet or damp,None,Non-trunk,Going ahead other,On main c'way - not in restricted lane,None,None,Front,Taking pupil to/from school,2017-09-22,15:15:00,Friday,Manchester,E08000003,Urban,53.46711,-2.249516,E01005208
06E035749,2017,Slight,Male,21 - 25,Urban area,More deprived 30-40%,2,1,Single carriageway,30,T or staggered junction,Daylight,Fine no high winds,Dry,None,Non-trunk,Going ahead other,On main c'way - not in restricted lane,None,None,Offside,Not known,2017-09-23,15:15:00,Saturday,Manchester,E08000003,Urban,53.453741,-2.223943,E01005288
06E035777,2017,Slight,Female,11 - 15,Urban area,Most deprived 10%,2,1,Single carriageway,30,Not at junction or within 20 metres,Darkness - lights lit,Fine no high winds,Dry,None,Non-trunk,Going ahead other,On main c'way - not in restricted lane,None,None,Nearside,Not known,2017-10-03,18:40:00,Tuesday,Manchester,E08000003,Urban,53.465956,-2.214337,E01005061
06E035933,2017,Slight,Female,36 - 45,Urban area,More deprived 30-40%,2,1,Single carriageway,30,Crossroads,Daylight,Fine no high winds,Dry,None,Non-trunk,Going ahead other,Cycle lane (on main carriageway),None,None,Front,Commuting to/from work,2017-09-29,08:11:00,Friday,Manchester,E08000003,Urban,53.46023,-2.209293,E01033657
06E036074,2017,Slight,Male,16 - 20,Urban area,Less deprived 40-50%,2,1,Single carriageway,30,Crossroads,Daylight,Fine no high winds,Dry,None,Non-trunk,Going ahead other,Cycle lane (on main carriageway),None,None,Front,Journey as part of work,2017-10-04,11:15:00,Wednesday,Manchester,E08000003,Urban,53.442686,-2.218405,E01005185
06E036430,2017,Slight,Male,26 - 35,Urban area,Less deprived 20-30%,2,1,Single carriageway,30,Crossroads,Daylight,Fine no high winds,Dry,None,Non-trunk,Going ahead other,On main c'way - not in restricted lane,None,None,Offside,Commuting to/from work,2017-10-13,18:18:00,Friday,Manchester,E08000003,Urban,53.44248,-2.274831,E01005150
06E036466,2017,Slight,Female,16 - 20,Urban area,More deprived 20-30%,2,1,Single carriageway,30,T or staggered junction,Daylight,Unknown,Dry,None,Non-trunk,Going ahead other,On main c'way - not in restricted lane,None,None,Front,Not known,2017-10-19,10:05:00,Thursday,Manchester,E08000003,Urban,53.45515,-2.225141,E01005288
06E036585,2017,Slight,Female,21 - 25,Urban area,Less deprived 40-50%,2,1,Single carriageway,30,T or staggered junction,Darkness - lights lit,Fine no high winds,Dry,None,Non-trunk,Going ahead other,On main c'way - not in restricted lane,None,None,Front,Commuting to/from work,2017-10-26,18:30:00,Thursday,Manchester,E08000003,Urban,53.431265,-2.23093,E01005276
06E036701,2017,Serious,Female,16 - 20,Urban area,More deprived 30-40%,2,1,Single carriageway,30,T or staggered junction,Darkness - lighting unknown,Raining no high winds,Wet or damp,None,Non-trunk,Going ahead other,On main c'way - not in restricted lane,None,None,Offside,Commuting to/from work,2017-10-19,18:25:00,Thursday,Manchester,E08000003,Urban,53.451937,-2.222232,E01005286
06E036909,2017,Slight,Female,26 - 35,Urban area,More deprived 30-40%,2,1,Dual carriageway,40,Crossroads,Darkness - lights lit,Raining no high winds,Wet or damp,None,Non-trunk,Moving off,On main c'way - not in restricted lane,None,None,Nearside,Not known,2017-10-30,20:53:00,Monday,Manchester,E08000003,Urban,53.462481,-2.245212,E01005209
06E036939,2017,Slight,Male,36 - 45,Urban area,Most deprived 10%,2,1,Single carriageway,30,Private drive or entrance,Darkness - lighting unknown,Fine no high winds,Dry,None,Non-trunk,Going ahead other,Footway (pavement),None,None,Offside,Journey as part of work,2017-10-27,18:25:00,Friday,Manchester,E08000003,Urban,53.448413,-2.207353,E01005280
06E037004,2017,Slight,Female,16 - 20,Urban area,Most deprived 10%,2,1,Single carriageway,30,T or staggered junction,Darkness - lights lit,Fine no high winds,Wet or damp,None,Non-trunk,Going ahead other,On main c'way - not in restricted lane,None,None,Nearside,Not known,2017-11-07,18:11:00,Tuesday,Manchester,E08000003,Urban,53.451636,-2.194027,E01005194
06E037066,2017,Slight,Female,46 - 55,Urban area,More deprived 30-40%,2,1,Dual carriageway,30,Crossroads,Daylight,Fine no high winds,Dry,None,Non-trunk,Turning right,On main c'way - not in restricted lane,None,None,Back,Commuting to/from work,2017-10-12,17:00:00,Thursday,Manchester,E08000003,Urban,53.434619,-2.264996,E01005081
06E037432,2017,Slight,Male,26 - 35,Urban area,More deprived 20-30%,2,1,Single carriageway,30,T or staggered junction,Darkness - lights lit,Fine no high winds,Dry,None,Non-trunk,Going ahead other,Cycle lane (on main carriageway),None,None,Back,Not known,2017-10-14,22:45:00,Saturday,Manchester,E08000003,Urban,53.455141,-2.22514,E01005288
06E037496,2017,Slight,Male,36 - 45,Urban area,More deprived 30-40%,2,1,Single carriageway,40,T or staggered junction,Darkness - lights lit,Fine no high winds,Dry,None,Non-trunk,Going ahead other,On main c'way - not in restricted lane,None,None,Nearside,Journey as part of work,2017-11-13,06:45:00,Monday,Manchester,E08000003,Urban,53.443318,-2.226584,E01005184
06E037499,2017,Slight,Male,46 - 55,Small town,Least deprived 10%,2,1,Single carriageway,20,T or staggered junction,Daylight,Raining no high winds,Wet or damp,None,Non-trunk,Waiting to turn right,On main c'way - not in restricted lane,None,None,Back,Commuting to/from work,2017-11-21,07:50:00,Tuesday,Manchester,E08000003,Urban,53.446817,-2.215671,E01005281
06E037699,2017,Slight,Male,26 - 35,Urban area,More deprived 30-40%,2,1,Single carriageway,30,Not at junction or within 20 metres,Darkness - lighting unknown,Unknown,Dry,None,Non-trunk,Going ahead other,On main c'way - not in restricted lane,None,None,Offside,Not known,2017-11-23,18:30:00,Thursday,Manchester,E08000003,Urban,53.463482,-2.239177,E01005209
06E037988,2017,Serious,Male,36 - 45,Urban area,Less deprived 40-50%,2,1,Dual carriageway,30,Crossroads,Darkness - lights lit,Fine no high winds,Dry,None,Non-trunk,Going ahead other,On main c'way - not in restricted lane,None,None,Offside,Commuting to/from work,2017-11-28,20:30:00,Tuesday,Manchester,E08000003,Urban,53.468514,-2.235515,E01005066
06E038010,2017,Slight,Male,11 - 15,Urban area,More deprived 10-20%,2,1,Single carriageway,20,Crossroads,Daylight,Fine no high winds,Frost or ice,None,Non-trunk,Going ahead other,On main c'way - not in restricted lane,None,None,Nearside,Pupil riding to/from school,2017-11-29,08:17:00,Wednesday,Manchester,E08000003,Urban,53.445796,-2.271103,E01005299
06E038039,2017,Slight,Male,26 - 35,Urban area,More deprived 10-20%,2,1,Single carriageway,30,T or staggered junction,Darkness - lights lit,Fine no high winds,Dry,None,Non-trunk,Going ahead other,Cycle lane (on main carriageway),None,None,Front,Not known,2017-12-04,18:00:00,Monday,Manchester,E08000003,Urban,53.449904,-2.208233,E01005287
06E038281,2017,Slight,Female,21 - 25,Urban area,More deprived 30-40%,2,1,Roundabout,30,Roundabout,Daylight,Fine no high winds,Dry,None,Non-trunk,Going ahead other,On main c'way - not in restricted lane,None,None,Nearside,Not known,2017-11-28,08:55:00,Tuesday,Manchester,E08000003,Urban,53.434428,-2.231489,E01005274
06E038354,2017,Serious,Male,21 - 25,Urban area,Less deprived 30-40%,2,1,Single carriageway,30,Crossroads,Daylight,Fine no high winds,Dry,None,Non-trunk,Going ahead other,Cycle lane (on main carriageway),None,None,Front,Not known,2017-11-29,08:37:00,Wednesday,Manchester,E08000003,Urban,53.437175,-2.22348,E01005271
06E038824,2017,Serious,Male,21 - 25,Urban area,More deprived 20-30%,2,1,Single carriageway,30,Not at junction or within 20 metres,Darkness - lights lit,Snowing no high winds,Wet or damp,None,Non-trunk,Going ahead other,On main c'way - not in restricted lane,None,None,Front,Commuting to/from work,2017-12-13,08:40:00,Wednesday,Manchester,E08000003,Urban,53.432173,-2.269587,E01005082
06E038881,2017,Slight,Male,26 - 35,Urban area,More deprived 10-20%,2,1,Roundabout,30,Roundabout,Daylight,Fine no high winds,Dry,None,Non-trunk,Going ahead other,On main c'way - not in restricted lane,None,None,Back,Not known,2017-11-29,15:00:00,Wednesday,Manchester,E08000003,Urban,53.396164,-2.25769,E01005086
06E038897,2017,Serious,Male,36 - 45,Urban area,More deprived 30-40%,2,1,Single carriageway,30,T or staggered junction,Daylight,Fine no high winds,Wet or damp,None,Non-trunk,Overtaking static vehicle - offside,On main c'way - not in restricted lane,None,None,Front,Commuting to/from work,2017-12-14,10:30:00,Thursday,Manchester,E08000003,Urban,53.451658,-2.196843,E01005238
06E038923,2017,Serious,Male,36 - 45,Urban area,More deprived 20-30%,2,1,Dual carriageway,30,Not at junction or within 20 metres,Darkness - lighting unknown,Unknown,Wet or damp,None,Non-trunk,Going ahead other,On main c'way - not in restricted lane,None,None,Did not impact,Not known,2017-12-19,16:10:00,Tuesday,Manchester,E08000003,Urban,53.456818,-2.24527,E01005245
06E039043,2017,Slight,Male,11 - 15,Urban area,Most deprived 10%,2,1,Single carriageway,20,T or staggered junction,Daylight,Fine no high winds,Dry,None,Non-trunk,Going ahead other,Footway (pavement),None,None,Front,Journey as part of work,2017-09-17,16:36:00,Sunday,Manchester,E08000003,Urban,53.382557,-2.27279,E01005090
06E039697,2017,Serious,Female,Over 75,Urban area,More deprived 30-40%,2,1,Single carriageway,30,Crossroads,Daylight,Fine no high winds,Dry,None,Non-trunk,Going ahead other,Cycle lane (on main carriageway),None,None,Front,Not known,2017-10-04,11:11:00,Wednesday,Manchester,E08000003,Urban,53.422497,-2.232522,E01005172
06E040020,2017,Slight,Male,56 - 65,Urban area,Most deprived 10%,2,1,Single carriageway,30,T or staggered junction,Darkness - lights lit,Raining no high winds,Wet or damp,None,Non-trunk,Going ahead other,Cycle lane (on main carriageway),None,None,Front,Not known,2017-12-07,16:00:00,Thursday,Manchester,E08000003,Urban,53.450775,-2.20875,E01005287
06E041594,2017,Slight,Female,36 - 45,Data missing or out of range,Data missing or out of range,2,1,Single carriageway,30,Crossroads,Darkness - lights lit,Raining no high winds,Wet or damp,None,Non-trunk,Going ahead other,On main c'way - not in restricted lane,None,None,Front,Not known,2017-12-07,16:20:00,Thursday,Manchester,E08000003,Urban,53.426562,-2.266301,E01005084
06EM29646,2017,Serious,Male,46 - 55,Urban area,Most deprived 10%,2,1,Single carriageway,30,More than 4 arms (not roundabout),Daylight,Fine no high winds,Dry,None,Non-trunk,Going ahead other,On main c'way - not in restricted lane,None,None,Front,Not known,2017-03-28,15:02:00,Tuesday,Manchester,E08000003,Urban,53.458768,-2.258233,E01005302
06EM36604,2017,Slight,Male,26 - 35,Urban area,Less deprived 30-40%,2,1,Single carriageway,30,Crossroads,Daylight,Fine no high winds,Dry,None,Non-trunk,Going ahead other,On main c'way - not in restricted lane,None,None,Front,Commuting to/from work,2017-10-27,17:30:00,Friday,Manchester,E08000003,Urban,53.453419,-2.267071,E01005302
06F025908,2017,Serious,Male,21 - 25,Urban area,More deprived 10-20%,2,1,Single carriageway,30,T or staggered junction,Daylight,Fine no high winds,Wet or damp,None,Non-trunk,Going ahead other,On main c'way - not in restricted lane,None,None,Front,Not known,2017-01-10,09:25:00,Tuesday,Salford,E08000006,Urban,53.495496,-2.281684,E01005683
06F027017,2017,Slight,Male,16 - 20,Urban area,Most deprived 10%,3,1,Single carriageway,30,Crossroads,Darkness - lights lit,Raining no high winds,Wet or damp,None,Non-trunk,Moving off,On main c'way - not in restricted lane,None,None,Front,Not known,2017-02-03,17:15:00,Friday,Salford,E08000006,Urban,53.512377,-2.340094,E01005672
06F027089,2017,Slight,Male,21 - 25,Urban area,Most deprived 10%,2,1,Roundabout,30,Roundabout,Daylight,Unknown,Dry,None,Non-trunk,Going ahead other,On main c'way - not in restricted lane,None,None,Front,Not known,2017-02-05,14:50:00,Sunday,Salford,E08000006,Urban,53.49213,-2.354311,E01005637
06F027222,2017,Slight,Male,26 - 35,Urban area,Most deprived 10%,2,1,Single carriageway,30,T or staggered junction,Darkness - lights lit,Fine no high winds,Wet or damp,None,Non-trunk,Going ahead other,On main c'way - not in restricted lane,None,None,Back,Not known,2017-02-13,06:15:00,Monday,Salford,E08000006,Urban,53.529696,-2.422269,E01005660
06F027227,2017,Slight,Male,26 - 35,Urban area,Most deprived 10%,2,1,Dual carriageway,50,T or staggered junction,Daylight,Fine no high winds,Dry,None,Non-trunk,Going ahead other,Cycle lane (on main carriageway),None,None,Nearside,Commuting to/from work,2017-02-13,15:45:00,Monday,Salford,E08000006,Urban,53.507176,-2.351421,E01005690
06F027285,2017,Slight,Male,26 - 35,Urban area,More deprived 30-40%,2,1,Single carriageway,30,T or staggered junction,Daylight,Fine no high winds,Dry,None,Non-trunk,Going ahead other,On main c'way - not in restricted lane,None,None,Front,Commuting to/from work,2017-02-14,11:30:00,Tuesday,Salford,E08000006,Urban,53.51773,-2.356771,E01005693
06F027320,2017,Slight,Male,21 - 25,Urban area,Most deprived 10%,2,1,Single carriageway,30,T or staggered junction,Darkness - lights lit,Fine no high winds,Dry,None,Non-trunk,Turning right,On main c'way - not in restricted lane,None,None,Back,Not known,2017-02-16,05:40:00,Thursday,Salford,E08000006,Urban,53.532016,-2.426999,E01005659
06F028031,2017,Slight,Female,36 - 45,Urban area,More deprived 20-30%,2,1,Single carriageway,30,T or staggered junction,Daylight,Raining no high winds,Wet or damp,None,Non-trunk,Waiting to go - held up,Cycle lane (on main carriageway),None,Lamp post,Did not impact,Commuting to/from work,2017-02-22,16:49:00,Wednesday,Salford,E08000006,Urban,53.496493,-2.266043,E01005611
06F028250,2017,Slight,Male,26 - 35,Urban area,Most deprived 10%,2,1,Single carriageway,30,Crossroads,Daylight,Fine no high winds,Dry,None,Non-trunk,Going ahead other,On main c'way - not in restricted lane,None,None,Front,Not known,2017-03-24,11:13:00,Friday,Salford,E08000006,Urban,53.488939,-2.294919,E01005721
06F028936,2017,Slight,Male,46 - 55,Urban area,Most deprived 10%,2,1,Single carriageway,30,T or staggered junction,Darkness - lights lit,Fine no high winds,Dry,None,Non-trunk,Going ahead other,Cycle lane (on main carriageway),None,None,Front,Commuting to/from work,2017-03-14,18:30:00,Tuesday,Salford,E08000006,Rural,53.507681,-2.263203,E01005650
06F029377,2017,Slight,Male,11 - 15,Urban area,More deprived 10-20%,2,1,Single carriageway,30,Crossroads,Daylight,Fine no high winds,Wet or damp,None,Non-trunk,Going ahead other,On main c'way - not in restricted lane,None,None,Front,Not known,2017-02-01,10:45:00,Wednesday,Salford,E08000006,Urban,53.5263,-2.409006,E01005718
06F029570,2017,Slight,Female,26 - 35,Urban area,Less deprived 10-20%,2,1,Roundabout,50,Roundabout,Daylight,Unknown,Dry,None,Non-trunk,Going ahead other,On main c'way - not in restricted lane,None,None,Back,Not known,2017-04-14,16:55:00,Friday,Salford,E08000006,Urban,53.430374,-2.424489,E01005618
06F030068,2017,Slight,Male,26 - 35,Urban area,Least deprived 10%,2,1,Single carriageway,30,Crossroads,Daylight,Fine no high winds,Dry,None,Non-trunk,Going ahead other,Cycle lane (on main carriageway),None,None,Back,Not known,2017-04-27,08:32:00,Thursday,Salford,E08000006,Urban,53.492066,-2.295333,E01005628
06F030069,2017,Slight,Male,26 - 35,Urban area,Most deprived 10%,2,1,Single carriageway,30,Not at junction or within 20 metres,Daylight,Fine no high winds,Dry,None,Non-trunk,Overtaking moving vehicle - offside,On main c'way - not in restricted lane,None,None,Front,Not known,2017-04-30,12:05:00,Sunday,Salford,E08000006,Urban,53.478621,-2.356956,E01005603
06F030435,2017,Slight,Male,26 - 35,Urban area,Most deprived 10%,2,1,Single carriageway,30,Crossroads,Daylight,Fine no high winds,Dry,None,Non-trunk,Going ahead other,On main c'way - not in restricted lane,None,None,Front,Commuting to/from work,2017-04-25,09:00:00,Tuesday,Salford,E08000006,Urban,53.483638,-2.290362,E01005654
06F030625,2017,Slight,Female,36 - 45,Urban area,More deprived 10-20%,2,1,Roundabout,40,Roundabout,Daylight,Fine no high winds,Dry,None,Non-trunk,Turning left,On main c'way - not in restricted lane,None,None,Nearside,Not known,2017-05-01,10:30:00,Monday,Salford,E08000006,Urban,53.47893,-2.281801,E01032912
06F030667,2017,Serious,Male,46 - 55,Urban area,Less deprived 10-20%,2,1,Dual carriageway,50,Not at junction or within 20 metres,Daylight,Fine no high winds,Dry,None,Non-trunk,Changing lane to right,On main c'way - not in restricted lane,None,None,Back,Not known,2017-05-16,16:03:00,Tuesday,Salford,E08000006,Urban,53.50251,-2.32316,E01005701
06F030672,2017,Slight,Male,21 - 25,Urban area,Most deprived 10%,2,1,Single carriageway,30,T or staggered junction,Daylight,Fine no high winds,Dry,None,Non-trunk,Going ahead other,On main c'way - not in restricted lane,None,None,Did not impact,Not known,2017-05-06,19:46:00,Saturday,Salford,E08000006,Urban,53.509204,-2.334082,E01005674
06F030945,2017,Serious,Male,16 - 20,Data missing or out of range,Data missing or out of range,2,1,Single carriageway,30,Private drive or entrance,Daylight,Fine no high winds,Dry,None,Non-trunk,Going ahead other,On main c'way - not in restricted lane,None,None,Nearside,Commuting to/from work,2017-05-10,18:40:00,Wednesday,Salford,E08000006,Urban,53.50752,-2.344518,E01005690
06F031318,2017,Serious,Male,11 - 15,Urban area,Least deprived 10%,2,1,Dual carriageway,30,Crossroads,Daylight,Raining no high winds,Wet or damp,None,Non-trunk,Going ahead other,On main c'way - not in restricted lane,None,None,Front,Pupil riding to/from school,2017-06-05,08:00:00,Monday,Salford,E08000006,Urban,53.507818,-2.409446,E01005717
06F031619,2017,Slight,Female,21 - 25,Urban area,More deprived 20-30%,2,1,Single carriageway,30,T or staggered junction,Daylight,Fine no high winds,Dry,None,Non-trunk,Going ahead other,Footway (pavement),None,None,Back,Not known,2017-06-14,14:10:00,Wednesday,Salford,E08000006,Urban,53.526842,-2.410746,E01005706
06F031737,2017,Slight,Male,26 - 35,Data missing or out of range,Data missing or out of range,2,1,Single carriageway,30,Not at junction or within 20 metres,Daylight,Fine no high winds,Dry,None,Non-trunk,Going ahead other,Footway (pavement),None,None,Front,Not known,2017-06-19,08:12:00,Monday,Salford,E08000006,Urban,53.483273,-2.313656,E01005720
06F031964,2017,Slight,Male,26 - 35,Urban area,Most deprived 10%,2,1,Single carriageway,30,T or staggered junction,Daylight,Raining no high winds,Wet or damp,None,Non-trunk,Going ahead left-hand bend,On main c'way - not in restricted lane,None,None,Offside,Not known,2017-06-22,10:55:00,Thursday,Salford,E08000006,Urban,53.503496,-2.25294,E01005613
06F031999,2017,Serious,Male,56 - 65,Urban area,Most deprived 10%,2,1,Single carriageway,30,Crossroads,Daylight,Raining no high winds,Wet or damp,None,Non-trunk,Going ahead other,On main c'way - not in restricted lane,None,None,Offside,Commuting to/from work,2017-06-29,08:51:00,Thursday,Salford,E08000006,Urban,53.512188,-2.333955,E01005671
06F032100,2017,Slight,Female,11 - 15,Urban area,Most deprived 10%,2,1,Single carriageway,30,T or staggered junction,Daylight,Raining no high winds,Wet or damp,None,Non-trunk,Turning right,On main c'way - not in restricted lane,None,None,Front,Pupil riding to/from school,2017-06-29,07:58:00,Thursday,Salford,E08000006,Urban,53.526254,-2.403952,E01005708
06F032281,2017,Slight,Female,26 - 35,Urban area,Most deprived 10%,2,1,Single carriageway,30,T or staggered junction,Daylight,Fine no high winds,Dry,None,Non-trunk,Going ahead other,On main c'way - not in restricted lane,None,None,Front,Not known,2017-07-02,11:40:00,Sunday,Salford,E08000006,Urban,53.475227,-2.265941,E01032917
06F032477,2017,Slight,Male,26 - 35,Urban area,Most deprived 10%,2,1,Single carriageway,30,T or staggered junction,Daylight,Fine no high winds,Dry,None,Non-trunk,Going ahead other,On main c'way - not in restricted lane,None,Near/Offside crash barrier,Back,Not known,2017-07-06,08:49:00,Thursday,Salford,E08000006,Urban,53.514887,-2.247836,E01005646
06F032565,2017,Slight,Male,46 - 55,Rural,Less deprived 30-40%,2,1,Single carriageway,30,T or staggered junction,Daylight,Fine no high winds,Wet or damp,None,Non-trunk,Going ahead other,On main c'way - not in restricted lane,None,None,Front,Not known,2017-07-11,16:20:00,Tuesday,Salford,E08000006,Urban,53.506966,-2.337186,E01005698
06F032656,2017,Serious,Female,56 - 65,Urban area,Most deprived 10%,2,1,Single carriageway,30,T or staggered junction,Daylight,Fine no high winds,Dry,None,Non-trunk,Going ahead other,On main c'way - not in restricted lane,None,None,Front,Not known,2017-05-22,16:25:00,Monday,Salford,E08000006,Urban,53.484582,-2.338048,E01005631
06F032663,2017,Slight,Male,26 - 35,Urban area,More deprived 30-40%,2,1,Single carriageway,30,T or staggered junction,Daylight,Fine no high winds,Dry,None,Non-trunk,Going ahead other,Cycle lane (on main carriageway),None,None,Front,Not known,2017-07-04,08:48:00,Tuesday,Salford,E08000006,Urban,53.516569,-2.267994,E01005647
06F032799,2017,Slight,Male,21 - 25,Urban area,Most deprived 10%,2,1,Dual carriageway,30,Crossroads,Daylight,Fine no high winds,Dry,None,Non-trunk,Going ahead other,On main c'way - not in restricted lane,None,None,Front,Not known,2017-05-17,15:21:00,Wednesday,Salford,E08000006,Urban,53.483398,-2.257312,E01032687
06F032926,2017,Slight,Male,46 - 55,Urban area,Most deprived 10%,2,1,Single carriageway,30,Not at junction or within 20 metres,Daylight,Fine no high winds,Dry,None,Non-trunk,Going ahead other,On main c'way - not in restricted lane,None,None,Nearside,Not known,2017-07-09,20:10:00,Sunday,Salford,E08000006,Urban,53.518556,-2.332331,E01005670
06F033092,2017,Slight,Male,26 - 35,Urban area,More deprived 40-50%,2,1,Dual carriageway,20,Private drive or entrance,Daylight,Fine no high winds,Dry,None,Non-trunk,Going ahead other,Bus lane,None,None,Front,Commuting to/from work,2017-07-24,07:48:00,Monday,Salford,E08000006,Urban,53.484301,-2.271769,E01032907
06F033141,2017,Slight,Male,26 - 35,Data missing or out of range,Data missing or out of range,2,1,Dual carriageway,30,Not at junction or within 20 metres,Daylight,Fine no high winds,Dry,None,Non-trunk,Changing lane to right,On main c'way - not in restricted lane,None,None,Back,Journey as part of work,2017-07-17,19:23:00,Monday,Salford,E08000006,Urban,53.488067,-2.279947,E01005682
06F033150,2017,Slight,Male,11 - 15,Urban area,Less deprived 20-30%,2,1,Single carriageway,30,T or staggered junction,Daylight,Fine no high winds,Dry,None,Non-trunk,Going ahead other,On main c'way - not in restricted lane,None,None,Front,Not known,2017-07-21,08:20:00,Friday,Salford,E08000006,Rural,53.510672,-2.383553,E01005740
06F033190,2017,Slight,Male,36 - 45,Urban area,Less deprived 20-30%,3,1,Roundabout,30,Roundabout,Daylight,Fine no high winds,Dry,None,Non-trunk,Going ahead other,On main c'way - not in restricted lane,None,None,Front,Commuting to/from work,2017-07-25,20:45:00,Tuesday,Salford,E08000006,Urban,53.502013,-2.31087,E01005624
06F033422,2017,Slight,Male,26 - 35,Urban area,More deprived 10-20%,2,1,Single carriageway,30,Crossroads,Darkness - lights lit,Raining no high winds,Wet or damp,None,Non-trunk,Going ahead other,On main c'way - not in restricted lane,None,None,Front,Not known,2017-07-19,21:04:00,Wednesday,Salford,E08000006,Urban,53.489687000000004,-2.258887,E01032687
06F033644,2017,Slight,Male,11 - 15,Urban area,More deprived 40-50%,2,1,Single carriageway,30,Crossroads,Daylight,Raining no high winds,Wet or damp,None,Non-trunk,Going ahead other,On main c'way - not in restricted lane,None,None,Front,Not known,2017-08-06,16:25:00,Sunday,Salford,E08000006,Urban,53.483789,-2.294718,E01005656
06F033778,2017,Serious,Male,36 - 45,Urban area,More deprived 20-30%,2,1,Single carriageway,30,T or staggered junction,Darkness - lights lit,Fine no high winds,Dry,None,Non-trunk,Going ahead other,On main c'way - not in restricted lane,None,None,Front,Not known,2017-07-25,21:58:00,Tuesday,Salford,E08000006,Urban,53.500268,-2.307661,E01005624
06F034466,2017,Slight,Male,26 - 35,Urban area,Less deprived 40-50%,2,1,Roundabout,40,Roundabout,Daylight,Fine no high winds,Dry,None,Non-trunk,Going ahead other,On main c'way - not in restricted lane,None,None,Front,Journey as part of work,2017-08-10,17:15:00,Thursday,Salford,E08000006,Urban,53.481535,-2.324839,E01005720
06F034673,2017,Serious,Male,26 - 35,Urban area,Most deprived 10%,2,1,Single carriageway,40,T or staggered junction,Daylight,Fine no high winds,Dry,None,Non-trunk,Going ahead other,On main c'way - not in restricted lane,None,None,Front,Not known,2017-09-04,08:35:00,Monday,Salford,E08000006,Urban,53.518607,-2.361107,E01005691
06F035171,2017,Slight,Male,11 - 15,Urban area,Most deprived 10%,2,1,Single carriageway,30,Private drive or entrance,Daylight,Fine no high winds,Dry,None,Non-trunk,Going ahead other,On main c'way - not in restricted lane,None,None,Front,Pupil riding to/from school,2017-09-19,08:09:00,Tuesday,Salford,E08000006,Urban,53.492081,-2.296373,E01005628
06F035272,2017,Slight,Male,56 - 65,Data missing or out of range,Data missing or out of range,2,1,Single carriageway,30,T or staggered junction,Daylight,Fine no high winds,Dry,None,Non-trunk,Going ahead other,Cycle lane (on main carriageway),None,None,Offside,Not known,2017-05-18,12:25:00,Thursday,Salford,E08000006,Urban,53.483335,-2.346522,E01005638
06F035421,2017,Fatal,Female,16 - 20,Urban area,More deprived 20-30%,2,1,Single carriageway,30,T or staggered junction,Daylight,Fine no high winds,Dry,None,Non-trunk,Going ahead other,On main c'way - not in restricted lane,None,None,Offside,Not known,2017-09-01,15:35:00,Friday,Salford,E08000006,Urban,53.489305,-2.320272,E01005724
06F035622,2017,Slight,Male,46 - 55,Urban area,More deprived 20-30%,2,1,Single carriageway,30,T or staggered junction,Daylight,Unknown,Dry,None,Non-trunk,Going ahead other,Cycle lane (on main carriageway),None,None,Offside,Not known,2017-09-14,15:10:00,Thursday,Salford,E08000006,Urban,53.530773,-2.422732,E01005704
06F035714,2017,Slight,Male,6 - 10,Urban area,Most deprived 10%,2,1,Single carriageway,30,T or staggered junction,Daylight,Fine no high winds,Dry,None,Non-trunk,Going ahead other,On main c'way - not in restricted lane,None,None,Nearside,Not known,2017-09-26,18:30:00,Tuesday,Salford,E08000006,Urban,53.50262,-2.279274,E01005653
06F035725,2017,Slight,Male,36 - 45,Urban area,More deprived 10-20%,2,1,Roundabout,30,Roundabout,Darkness - lights lit,Fine no high winds,Wet or damp,None,Non-trunk,Going ahead other,On main c'way - not in restricted lane,None,None,Front,Commuting to/from work,2017-10-05,06:56:00,Thursday,Salford,E08000006,Urban,53.49148,-2.284793,E01005681
06F036046,2017,Slight,Female,26 - 35,Urban area,Most deprived 10%,2,1,Single carriageway,30,T or staggered junction,Daylight,Raining no high winds,Wet or damp,None,Non-trunk,Going ahead other,On main c'way - not in restricted lane,None,None,Front,Commuting to/from work,2017-10-11,15:45:00,Wednesday,Salford,E08000006,Urban,53.483212,-2.264454,E01032906
06F036141,2017,Slight,Male,26 - 35,Urban area,More deprived 30-40%,2,1,Single carriageway,30,T or staggered junction,Daylight,Fine no high winds,Dry,None,Non-trunk,Overtaking static vehicle - offside,On main c'way - not in restricted lane,None,None,Front,Journey as part of work,2017-10-18,07:45:00,Wednesday,Salford,E08000006,Urban,53.481151,-2.358378,E01005603
06F036218,2017,Serious,Male,11 - 15,Urban area,More deprived 20-30%,2,1,Single carriageway,20,Not at junction or within 20 metres,Daylight,Fine + high winds,Dry,None,Non-trunk,Going ahead other,On main c'way - not in restricted lane,None,None,Offside,Pupil riding to/from school,2017-10-16,15:00:00,Monday,Salford,E08000006,Urban,53.491734,-2.3632,E01005727
06F036752,2017,Slight,Male,11 - 15,Urban area,More deprived 30-40%,2,1,Single carriageway,30,T or staggered junction,Daylight,Unknown,Dry,None,Non-trunk,Going ahead other,On main c'way - not in restricted lane,None,None,Front,Pupil riding to/from school,2017-10-31,07:50:00,Tuesday,Salford,E08000006,Urban,53.525896,-2.386963,E01005705
06F036874,2017,Slight,Male,36 - 45,Urban area,More deprived 20-30%,2,1,Single carriageway,30,Crossroads,Daylight,Raining no high winds,Wet or damp,None,Non-trunk,Turning right,On main c'way - not in restricted lane,None,None,Did not impact,Not known,2017-11-07,10:03:00,Tuesday,Salford,E08000006,Urban,53.496459,-2.273294,E01032919
06F036945,2017,Serious,Male,36 - 45,Urban area,Most deprived 10%,2,1,Single carriageway,30,Not at junction or within 20 metres,Daylight,Unknown,Dry,None,Non-trunk,Going ahead other,On main c'way - not in restricted lane,None,None,Back,Not known,2017-11-03,08:10:00,Friday,Salford,E08000006,Urban,53.485663,-2.277761,E01005682
06F037026,2017,Slight,Female,26 - 35,Urban area,More deprived 10-20%,2,1,Single carriageway,30,Private drive or entrance,Daylight,Fine no high winds,Wet or damp,None,Non-trunk,Going ahead other,On main c'way - not in restricted lane,None,None,Nearside,Not known,2017-10-23,13:40:00,Monday,Salford,E08000006,Urban,53.483333,-2.314922,E01005720
06F037053,2017,Serious,Male,46 - 55,Urban area,Most deprived 10%,2,1,Single carriageway,30,Crossroads,Darkness - lights lit,Fine no high winds,Dry,None,Non-trunk,Slowing or stopping,On main c'way - not in restricted lane,None,None,Nearside,Not known,2017-11-10,22:30:00,Friday,Salford,E08000006,Urban,53.47533,-2.354337,E01005602
06F037233,2017,Slight,Male,26 - 35,Urban area,More deprived 30-40%,2,1,Single carriageway,30,T or staggered junction,Darkness - lighting unknown,Fine no high winds,Dry,None,Non-trunk,Going ahead other,Cycle lane (on main carriageway),None,None,Front,Commuting to/from work,2017-11-13,18:10:00,Monday,Salford,E08000006,Urban,53.485658,-2.251041,E01032909
06F037267,2017,Serious,Male,21 - 25,Urban area,Most deprived 10%,2,1,Single carriageway,30,T or staggered junction,Darkness - lights lit,Fine no high winds,Dry,None,Non-trunk,Going ahead other,On main c'way - not in restricted lane,None,None,Front,Not known,2017-11-11,19:30:00,Saturday,Salford,E08000006,Urban,53.477609,-2.370447,E01005730
06F037527,2017,Slight,Male,11 - 15,Urban area,Most deprived 10%,2,1,Single carriageway,30,Private drive or entrance,Daylight,Unknown,Wet or damp,None,Non-trunk,Going ahead other,Cycleway or shared use footway (not part of  main carriageway),None,None,Offside,Pupil riding to/from school,2017-11-20,09:00:00,Monday,Salford,E08000006,Urban,53.491182,-2.277586,E01032919
06F037633,2017,Slight,Female,26 - 35,Urban area,Less deprived 40-50%,2,1,Roundabout,30,Roundabout,Daylight,Raining no high winds,Wet or damp,None,Non-trunk,Going ahead other,On main c'way - not in restricted lane,None,None,Nearside,Commuting to/from work,2017-11-24,15:13:00,Friday,Salford,E08000006,Urban,53.471438,-2.295054,E01032685
06F037641,2017,Serious,Male,26 - 35,Urban area,More deprived 40-50%,2,1,Single carriageway,30,T or staggered junction,Daylight,Fine no high winds,Wet or damp,None,Non-trunk,Going ahead other,Cycle lane (on main carriageway),None,None,Front,Not known,2017-11-23,08:00:00,Thursday,Salford,E08000006,Urban,53.50966,-2.262703,E01005650
06F037808,2017,Slight,Male,46 - 55,Urban area,More deprived 30-40%,2,1,Single carriageway,30,T or staggered junction,Darkness - lights lit,Raining no high winds,Wet or damp,None,Non-trunk,Turning right,On main c'way - not in restricted lane,None,None,Front,Commuting to/from work,2017-10-24,06:30:00,Tuesday,Salford,E08000006,Urban,53.524942,-2.403773,E01005718
06F037818,2017,Slight,Male,26 - 35,Urban area,More deprived 40-50%,2,1,Single carriageway,30,Crossroads,Darkness - lights lit,Raining no high winds,Wet or damp,None,Non-trunk,Going ahead other,Cycle lane (on main carriageway),None,None,Nearside,Commuting to/from work,2017-11-21,16:40:00,Tuesday,Salford,E08000006,Urban,53.489579,-2.25875,E01032687
06F037870,2017,Slight,Female,26 - 35,Urban area,More deprived 10-20%,2,1,Single carriageway,30,Not at junction or within 20 metres,Daylight,Fine no high winds,Wet or damp,None,Non-trunk,Changing lane to right,Cycle lane (on main carriageway),None,None,Offside,Commuting to/from work,2017-11-24,14:25:00,Friday,Salford,E08000006,Urban,53.481771,-2.320893,E01005720
06F037929,2017,Slight,Male,26 - 35,Urban area,More deprived 20-30%,2,1,Single carriageway,30,T or staggered junction,Darkness - lighting unknown,Unknown,Dry,None,Non-trunk,Going ahead other,On main c'way - not in restricted lane,None,None,Offside,Not known,2017-11-29,16:14:00,Wednesday,Salford,E08000006,Urban,53.525421,-2.405814,E01005718
06F038063,2017,Slight,Male,26 - 35,Data missing or out of range,Data missing or out of range,2,1,Single carriageway,30,T or staggered junction,Darkness - lights lit,Fine no high winds,Dry,None,Non-trunk,Going ahead other,Footway (pavement),None,None,Front,Not known,2017-11-30,20:00:00,Thursday,Salford,E08000006,Urban,53.488843,-2.33124,E01005635
06F038631,2017,Serious,Male,11 - 15,Urban area,More deprived 30-40%,2,1,Single carriageway,30,T or staggered junction,Darkness - lights lit,Fine no high winds,Dry,None,Non-trunk,Going ahead other,On main c'way - not in restricted lane,None,None,Front,Not known,2017-12-27,18:15:00,Wednesday,Salford,E08000006,Urban,53.502044,-2.348077,E01005696
06G025592,2017,Slight,Male,56 - 65,Urban area,More deprived 40-50%,2,1,Single carriageway,30,Crossroads,Daylight,Fine no high winds,Dry,None,Non-trunk,Going ahead other,On main c'way - not in restricted lane,None,None,Front,Not known,2017-01-04,12:00:00,Wednesday,Tameside,E08000008,Urban,53.466437,-2.078034,E01006013
06G025974,2017,Slight,Male,11 - 15,Data missing or out of range,Data missing or out of range,2,1,Single carriageway,30,T or staggered junction,Darkness - lighting unknown,Unknown,Dry,None,Non-trunk,Going ahead other,On main c'way - not in restricted lane,None,None,Front,Not known,2017-01-20,18:45:00,Friday,Tameside,E08000008,Urban,53.438352,-2.072291,E01006042
06G026938,2017,Slight,Male,36 - 45,Data missing or out of range,Data missing or out of range,2,1,Single carriageway,30,T or staggered junction,Darkness - no lighting,Fine no high winds,Dry,None,Non-trunk,Going ahead other,On main c'way - not in restricted lane,None,None,Did not impact,Not known,2017-02-02,06:30:00,Thursday,Tameside,E08000008,Urban,53.456316,-2.101929,E01005973
06G029312,2017,Serious,Female,36 - 45,Urban area,More deprived 20-30%,2,1,Single carriageway,30,T or staggered junction,Daylight,Fine no high winds,Dry,None,Non-trunk,Going ahead left-hand bend,On main c'way - not in restricted lane,None,None,Front,Not known,2017-03-21,14:25:00,Tuesday,Tameside,E08000008,Rural,53.45541,-2.099623,E01005973
06G029870,2017,Serious,Male,36 - 45,Urban area,Less deprived 40-50%,2,1,Single carriageway,30,T or staggered junction,Daylight,Fine no high winds,Dry,None,Non-trunk,Going ahead other,On main c'way - not in restricted lane,None,None,Front,Journey as part of work,2017-04-18,07:30:00,Tuesday,Tameside,E08000008,Rural,53.453764,-2.040559,E01006027
06G030370,2017,Slight,Male,11 - 15,Urban area,Less deprived 20-30%,2,1,Single carriageway,30,T or staggered junction,Daylight,Fine no high winds,Dry,None,Non-trunk,Going ahead other,On main c'way - not in restricted lane,None,None,Offside,Not known,2017-05-05,15:45:00,Friday,Tameside,E08000008,Urban,53.441169,-2.080892,E01006043
06G030542,2017,Slight,Male,36 - 45,Urban area,More deprived 10-20%,2,1,Single carriageway,30,Crossroads,Daylight,Fine no high winds,Dry,None,Non-trunk,Going ahead other,On main c'way - not in restricted lane,None,None,Front,Not known,2017-05-09,08:15:00,Tuesday,Tameside,E08000008,Urban,53.495656,-2.082458,E01005946
06G030664,2017,Slight,Male,46 - 55,Urban area,More deprived 10-20%,2,1,Dual carriageway,30,Crossroads,Daylight,Fine no high winds,Dry,None,Non-trunk,Going ahead other,On main c'way - not in restricted lane,None,None,Front,Not known,2017-05-21,08:39:00,Sunday,Tameside,E08000008,Urban,53.490376,-2.109095,E01005950
06G030690,2017,Slight,Male,21 - 25,Urban area,More deprived 30-40%,2,1,Single carriageway,30,Crossroads,Daylight,Fine no high winds,Dry,None,Non-trunk,Going ahead other,On main c'way - not in restricted lane,None,None,Front,Not known,2017-04-25,16:30:00,Tuesday,Tameside,E08000008,Urban,53.451435,-2.064123,E01006026
06G030732,2017,Slight,Male,46 - 55,Urban area,More deprived 10-20%,2,1,Dual carriageway,30,Not at junction or within 20 metres,Daylight,Unknown,Dry,None,Non-trunk,Going ahead other,On main c'way - not in restricted lane,None,None,Back,Not known,2017-05-21,09:00:00,Sunday,Tameside,E08000008,Urban,53.490559,-2.105252,E01005948
06G031483,2017,Slight,Male,26 - 35,Urban area,Most deprived 10%,2,1,Single carriageway,30,Crossroads,Daylight,Other,Wet or damp,Auto traffic signal - out,Non-trunk,Going ahead other,On main c'way - not in restricted lane,None,None,Front,Not known,2017-06-10,10:53:00,Saturday,Tameside,E08000008,Urban,53.456081,-2.123102,E01005992
06G031871,2017,Slight,Male,11 - 15,Urban area,More deprived 20-30%,2,1,Single carriageway,30,T or staggered junction,Daylight,Fine no high winds,Dry,None,Non-trunk,Going ahead other,On main c'way - not in restricted lane,None,None,Back,Not known,2017-06-21,14:25:00,Wednesday,Tameside,E08000008,Urban,53.467661,-2.11107,E01005965
06G032365,2017,Slight,Male,6 - 10,Urban area,Most deprived 10%,2,1,Single carriageway,20,T or staggered junction,Daylight,Fine no high winds,Dry,None,Non-trunk,Going ahead other,On main c'way - not in restricted lane,None,None,Front,Other,2017-07-01,14:25:00,Saturday,Tameside,E08000008,Urban,53.487299,-2.102441,E01005952
06G032374,2017,Slight,Male,66 - 75,Urban area,Least deprived 10%,2,1,Single carriageway,30,T or staggered junction,Daylight,Fine no high winds,Dry,None,Non-trunk,Going ahead other,On main c'way - not in restricted lane,None,None,Did not impact,Not known,2017-06-21,12:20:00,Wednesday,Tameside,E08000008,Urban,53.464048,-2.088934,E01006031
06G032608,2017,Serious,Male,66 - 75,Urban area,More deprived 10-20%,2,1,Unknown,20,Not at junction or within 20 metres,Daylight,Unknown,Dry,None,Non-trunk,Going ahead other,On main c'way - not in restricted lane,Kerb,None,Did not impact,Not known,2017-07-06,14:00:00,Thursday,Tameside,E08000008,Urban,53.481874,-2.055413,E01006022
06G032835,2017,Slight,Male,36 - 45,Urban area,Least deprived 10%,2,1,Single carriageway,30,T or staggered junction,Daylight,Fine no high winds,Dry,None,Non-trunk,Going ahead other,On main c'way - not in restricted lane,None,None,Front,Commuting to/from work,2017-07-12,19:44:00,Wednesday,Tameside,E08000008,Urban,53.479513,-2.066892,E01006023
06G033657,2017,Serious,Male,26 - 35,Urban area,Most deprived 10%,2,1,Single carriageway,30,T or staggered junction,Daylight,Fine no high winds,Dry,None,Non-trunk,Going ahead other,On main c'way - not in restricted lane,None,None,Front,Not known,2017-08-04,18:24:00,Friday,Tameside,E08000008,Rural,53.452343,-2.044458,E01006024
06G033676,2017,Slight,Male,21 - 25,Urban area,Most deprived 10%,2,1,One way street,30,Crossroads,Daylight,Raining no high winds,Wet or damp,None,Non-trunk,Going ahead other,On main c'way - not in restricted lane,None,None,Front,Not known,2017-08-08,13:40:00,Tuesday,Tameside,E08000008,Urban,53.487045,-2.094257,E01005948
06G033685,2017,Slight,Male,21 - 25,Urban area,More deprived 30-40%,2,1,Single carriageway,30,T or staggered junction,Daylight,Fine no high winds,Dry,None,Non-trunk,Going ahead other,On main c'way - not in restricted lane,None,None,Nearside,Journey as part of work,2017-08-06,12:23:00,Sunday,Tameside,E08000008,Urban,53.485014,-2.140094,E01005997
06G034345,2017,Slight,Male,36 - 45,Urban area,More deprived 20-30%,2,1,Dual carriageway,30,T or staggered junction,Daylight,Fine no high winds,Dry,None,Non-trunk,Turning right,On main c'way - not in restricted lane,None,None,Back,Commuting to/from work,2017-08-31,07:07:00,Thursday,Tameside,E08000008,Urban,53.457666,-2.151374,E01005991
06G035192,2017,Slight,Male,36 - 45,Urban area,More deprived 10-20%,2,1,Single carriageway,30,Crossroads,Daylight,Raining no high winds,Wet or damp,None,Non-trunk,Going ahead other,On main c'way - not in restricted lane,None,None,Front,Not known,2017-09-18,14:36:00,Monday,Tameside,E08000008,Urban,53.482401,-2.091007,E01006016
06G035455,2017,Slight,Male,11 - 15,Urban area,Most deprived 10%,2,1,Single carriageway,30,Not at junction or within 20 metres,Darkness - lights lit,Fine no high winds,Dry,None,Non-trunk,Going ahead other,On main c'way - not in restricted lane,None,None,Offside,Not known,2017-09-22,20:00:00,Friday,Tameside,E08000008,Urban,53.492721,-2.0757,E01005942
06G035579,2017,Slight,Male,36 - 45,Urban area,More deprived 30-40%,2,1,Single carriageway,30,T or staggered junction,Daylight,Raining no high winds,Wet or damp,None,Non-trunk,Going ahead other,On main c'way - not in restricted lane,None,None,Front,Commuting to/from work,2017-09-29,17:05:00,Friday,Tameside,E08000008,Urban,53.455268,-2.098162,E01005973
06G035736,2017,Serious,Male,46 - 55,Urban area,Less deprived 30-40%,2,1,Dual carriageway,30,T or staggered junction,Daylight,Raining no high winds,Wet or damp,None,Non-trunk,Going ahead other,On main c'way - not in restricted lane,None,None,Offside,Not known,2017-09-29,07:38:00,Friday,Tameside,E08000008,Urban,53.478944,-2.126242,E01005962
06G036003,2017,Serious,Male,36 - 45,Data missing or out of range,Data missing or out of range,1,1,Single carriageway,30,Crossroads,Daylight,Fine no high winds,Dry,None,Non-trunk,Turning right,On main c'way - not in restricted lane,None,None,Front,Not known,2017-10-14,16:25:00,Saturday,Tameside,E08000008,Urban,53.479689,-2.150609,E01005999
06G036033,2017,Slight,Male,56 - 65,Urban area,Less deprived 40-50%,2,1,Single carriageway,30,Crossroads,Darkness - lights lit,Fine no high winds,Dry,None,Non-trunk,Going ahead other,On main c'way - not in restricted lane,None,None,Front,Not known,2017-10-03,19:00:00,Tuesday,Tameside,E08000008,Urban,53.486383,-2.165914,E01006006
06G036283,2017,Slight,Male,66 - 75,Urban area,Less deprived 40-50%,2,1,Single carriageway,30,T or staggered junction,Daylight,Fine no high winds,Dry,None,Non-trunk,Going ahead other,On main c'way - not in restricted lane,None,None,Front,Not known,2017-09-17,08:45:00,Sunday,Tameside,E08000008,Urban,53.490287,-2.134656,E01005993
06G036358,2017,Slight,Male,46 - 55,Urban area,Most deprived 10%,2,1,Single carriageway,20,T or staggered junction,Darkness - lighting unknown,Raining no high winds,Wet or damp,None,Non-trunk,Going ahead other,On main c'way - not in restricted lane,None,None,Front,Not known,2017-03-17,20:40:00,Friday,Tameside,E08000008,Urban,53.484496,-2.061565,E01006060
06G036401,2017,Slight,Male,11 - 15,Urban area,More deprived 10-20%,2,1,Single carriageway,30,Crossroads,Daylight,Raining no high winds,Wet or damp,None,Non-trunk,Going ahead other,On main c'way - not in restricted lane,None,None,Nearside,Taking pupil to/from school,2017-10-19,15:34:00,Thursday,Tameside,E08000008,Urban,53.464815,-2.116741,E01005967
06G036940,2017,Slight,Male,6 - 10,Urban area,More deprived 30-40%,2,1,Single carriageway,20,Not at junction or within 20 metres,Daylight,Fine no high winds,Dry,None,Non-trunk,Going ahead other,On main c'way - not in restricted lane,None,None,Front,Other,2017-11-02,13:19:00,Thursday,Tameside,E08000008,Urban,53.480194,-2.162816,E01005998
06G037461,2017,Serious,Male,36 - 45,Urban area,More deprived 10-20%,2,1,Single carriageway,30,T or staggered junction,Daylight,Fine no high winds,Dry,None,Non-trunk,Slowing or stopping,On main c'way - not in restricted lane,None,None,Front,Not known,2017-11-17,13:10:00,Friday,Tameside,E08000008,Urban,53.490291,-2.093601,E01005948
06G037490,2017,Slight,Male,16 - 20,Data missing or out of range,Data missing or out of range,2,1,Single carriageway,30,T or staggered junction,Darkness - lights lit,Unknown,Dry,None,Non-trunk,Going ahead other,Footway (pavement),None,None,Offside,Not known,2017-11-18,20:45:00,Saturday,Tameside,E08000008,Urban,53.460645,-2.115947,E01005972
06G037585,2017,Serious,Male,46 - 55,Urban area,Less deprived 30-40%,1,1,Single carriageway,30,T or staggered junction,Daylight,Raining no high winds,Wet or damp,None,Non-trunk,Going ahead other,Tram/Light rail track,None,None,Did not impact,Commuting to/from work,2017-11-21,07:40:00,Tuesday,Tameside,E08000008,Urban,53.480068,-2.15608,E01005999
06G037955,2017,Slight,Male,46 - 55,Urban area,Most deprived 10%,2,1,Single carriageway,30,T or staggered junction,Darkness - lights lit,Fine no high winds,Dry,None,Non-trunk,Going ahead right-hand bend,On main c'way - not in restricted lane,None,None,Nearside,Commuting to/from work,2017-11-28,05:54:00,Tuesday,Tameside,E08000008,Urban,53.451966,-2.111781,E01005975
06G038019,2017,Serious,Male,36 - 45,Urban area,More deprived 30-40%,2,1,Single carriageway,20,Crossroads,Darkness - lights lit,Fine no high winds,Dry,None,Non-trunk,Going ahead other,On main c'way - not in restricted lane,None,None,Front,Not known,2017-12-01,23:05:00,Friday,Tameside,E08000008,Urban,53.49205,-2.085134,E01005941
06G038311,2017,Serious,Male,26 - 35,Urban area,Most deprived 10%,2,1,Single carriageway,30,T or staggered junction,Darkness - lights lit,Fine no high winds,Wet or damp,None,Non-trunk,Going ahead other,On main c'way - not in restricted lane,None,None,Offside,Commuting to/from work,2017-12-15,02:06:00,Friday,Tameside,E08000008,Urban,53.475328,-2.158157,E01005998
06G038435,2017,Slight,Male,26 - 35,Urban area,More deprived 10-20%,3,1,Single carriageway,30,T or staggered junction,Darkness - lights lit,Fine no high winds,Dry,None,Non-trunk,Going ahead other,On main c'way - not in restricted lane,None,None,Offside,Not known,2017-11-20,17:15:00,Monday,Tameside,E08000008,Urban,53.459248,-2.088322,E01006031
06G038900,2017,Serious,Male,36 - 45,Urban area,More deprived 20-30%,2,1,Single carriageway,30,T or staggered junction,Darkness - lights lit,Raining no high winds,Wet or damp,None,Non-trunk,Going ahead other,On main c'way - not in restricted lane,None,None,Nearside,Not known,2017-12-29,05:40:00,Friday,Tameside,E08000008,Urban,53.482313,-2.074597,E01006023
06G038939,2017,Slight,Male,36 - 45,Urban area,Most deprived 10%,2,1,Single carriageway,30,More than 4 arms (not roundabout),Darkness - lights lit,Raining no high winds,Wet or damp,None,Non-trunk,Waiting to turn right,On main c'way - not in restricted lane,None,None,Front,Not known,2017-12-12,18:54:00,Tuesday,Tameside,E08000008,Urban,53.490297,-2.085296,E01005941
06J025961,2017,Slight,Male,21 - 25,Data missing or out of range,Data missing or out of range,2,1,Single carriageway,30,T or staggered junction,Darkness - lights lit,Fine no high winds,Wet or damp,None,Non-trunk,Going ahead other,On main c'way - not in restricted lane,None,None,Front,Not known,2017-01-14,19:05:00,Saturday,Stockport,E08000007,Urban,53.422807,-2.184144,E01005859
06J026136,2017,Slight,Male,21 - 25,Urban area,Most deprived 10%,2,1,Single carriageway,30,T or staggered junction,Daylight,Fine no high winds,Wet or damp,None,Non-trunk,Going ahead other,On main c'way - not in restricted lane,None,None,Front,Commuting to/from work,2017-01-19,07:42:00,Thursday,Stockport,E08000007,Urban,53.454044,-2.157972,E01005896
06J026568,2017,Slight,Male,11 - 15,Urban area,More deprived 20-30%,2,1,Single carriageway,30,T or staggered junction,Daylight,Fine no high winds,Dry,None,Non-trunk,Going ahead other,On main c'way - not in restricted lane,None,None,Offside,Not known,2017-01-25,16:09:00,Wednesday,Stockport,E08000007,Urban,53.400686,-2.172363,E01005764
06J027027,2017,Slight,Male,11 - 15,Urban area,Less deprived 20-30%,2,1,Single carriageway,20,T or staggered junction,Daylight,Fine no high winds,Dry,None,Non-trunk,Going ahead right-hand bend,On main c'way - not in restricted lane,None,None,Front,Pupil riding to/from school,2017-02-02,10:15:00,Thursday,Stockport,E08000007,Urban,53.387833,-2.221117,E01005773
06J027247,2017,Slight,Male,46 - 55,Urban area,More deprived 30-40%,2,1,Roundabout,30,Roundabout,Daylight,Fine no high winds,Dry,None,Non-trunk,Going ahead other,On main c'way - not in restricted lane,None,None,Nearside,Commuting to/from work,2017-02-12,14:45:00,Sunday,Stockport,E08000007,Rural,53.379666,-2.21921,E01005844
06J027764,2017,Serious,Male,36 - 45,Urban area,More deprived 40-50%,2,1,Roundabout,30,Roundabout,Darkness - lights lit,Raining no high winds,Wet or damp,None,Non-trunk,Going ahead other,On main c'way - not in restricted lane,None,None,Back,Not known,2017-03-04,18:21:00,Saturday,Stockport,E08000007,Urban,53.373469,-2.159387,E01005808
06J028166,2017,Slight,Male,26 - 35,Data missing or out of range,Data missing or out of range,2,1,Dual carriageway,30,T or staggered junction,Daylight,Fine no high winds,Dry,None,Non-trunk,Going ahead other,On main c'way - not in restricted lane,None,None,Front,Not known,2017-03-23,17:24:00,Thursday,Stockport,E08000007,Rural,53.395623,-2.094851,E01005884
06J028205,2017,Slight,Male,36 - 45,Data missing or out of range,Data missing or out of range,2,1,Single carriageway,40,Crossroads,Daylight,Fine no high winds,Dry,Roadworks,Non-trunk,Going ahead other,On main c'way - not in restricted lane,None,None,Front,Not known,2017-04-01,06:20:00,Saturday,Stockport,E08000007,Urban,53.412577,-2.14646,E01005758
06J028433,2017,Serious,Male,46 - 55,Urban area,Less deprived 40-50%,2,2,Single carriageway,30,T or staggered junction,Daylight,Fine no high winds,Dry,None,Non-trunk,Going ahead other,On main c'way - not in restricted lane,None,None,Front,Not known,2017-04-02,11:55:00,Sunday,Stockport,E08000007,Urban,53.37238,-2.160495,E01005930
06J028988,2017,Slight,Male,16 - 20,Urban area,Most deprived 10%,2,1,Single carriageway,20,Crossroads,Daylight,Fine no high winds,Dry,None,Non-trunk,Going ahead other,On main c'way - not in restricted lane,None,None,Offside,Commuting to/from work,2017-03-28,17:12:00,Tuesday,Stockport,E08000007,Urban,53.382078,-2.196883,E01005785
06J029497,2017,Serious,Male,26 - 35,Urban area,Less deprived 30-40%,2,1,Single carriageway,30,T or staggered junction,Daylight,Fine no high winds,Dry,None,Non-trunk,Going ahead other,On main c'way - not in restricted lane,None,None,Offside,Not known,2017-04-18,19:30:00,Tuesday,Stockport,E08000007,Urban,53.415894,-2.103366,E01005899
06J029518,2017,Serious,Male,36 - 45,Urban area,Less deprived 30-40%,2,1,Single carriageway,30,T or staggered junction,Daylight,Fine no high winds,Dry,None,Non-trunk,Going ahead right-hand bend,On main c'way - not in restricted lane,None,None,Nearside,Journey as part of work,2017-03-21,06:20:00,Tuesday,Stockport,E08000007,Urban,53.411155,-2.105987,E01005902
06J030083,2017,Slight,Female,11 - 15,Urban area,More deprived 30-40%,2,1,Single carriageway,30,Crossroads,Daylight,Fine no high winds,Dry,None,Non-trunk,Going ahead other,On main c'way - not in restricted lane,None,None,Front,Not known,2017-05-06,18:50:00,Saturday,Stockport,E08000007,Urban,53.429028,-2.152205,E01005895
06J030084,2017,Slight,Male,11 - 15,Urban area,Least deprived 10%,2,1,Single carriageway,30,T or staggered junction,Daylight,Fine no high winds,Dry,None,Non-trunk,Turning right,On main c'way - not in restricted lane,None,None,Front,Not known,2017-04-18,18:45:00,Tuesday,Stockport,E08000007,Urban,53.380979,-2.156093,E01005811
06J031144,2017,Serious,Female,66 - 75,Data missing or out of range,Data missing or out of range,2,1,Single carriageway,30,T or staggered junction,Daylight,Fine no high winds,Dry,None,Non-trunk,Going ahead other,On main c'way - not in restricted lane,None,None,Nearside,Not known,2017-05-30,12:19:00,Tuesday,Stockport,E08000007,Urban,53.41635,-2.180566,E01005860
06J031532,2017,Slight,Female,26 - 35,Urban area,Less deprived 20-30%,2,1,One way street,30,T or staggered junction,Daylight,Fine no high winds,Dry,None,Non-trunk,Going ahead other,Cycle lane (on main carriageway),None,None,Offside,Journey as part of work,2017-05-31,16:45:00,Wednesday,Stockport,E08000007,Urban,53.409903,-2.176116,E01005856
06J031704,2017,Slight,Male,26 - 35,Urban area,Less deprived 30-40%,2,1,Roundabout,30,Roundabout,Daylight,Raining no high winds,Wet or damp,None,Non-trunk,Going ahead other,On main c'way - not in restricted lane,None,None,Front,Not known,2017-06-07,19:25:00,Wednesday,Stockport,E08000007,Rural,53.380351,-2.218312,E01005784
06J031775,2017,Slight,Male,36 - 45,Urban area,Most deprived 10%,2,1,Single carriageway,30,T or staggered junction,Daylight,Fine no high winds,Dry,None,Non-trunk,Going ahead other,On main c'way - not in restricted lane,None,None,Front,Commuting to/from work,2017-05-18,18:30:00,Thursday,Stockport,E08000007,Urban,53.391839,-2.227724,E01005768
06J032223,2017,Slight,Female,6 - 10,Urban area,Most deprived 10%,2,1,Single carriageway,30,T or staggered junction,Daylight,Fine no high winds,Dry,None,Non-trunk,Going ahead other,On main c'way - not in restricted lane,None,None,Front,Other,2017-06-19,16:25:00,Monday,Stockport,E08000007,Urban,53.422865,-2.134517,E01005755
06J032516,2017,Slight,Male,26 - 35,Data missing or out of range,Data missing or out of range,2,1,Single carriageway,30,Not at junction or within 20 metres,Daylight,Fine no high winds,Dry,None,Non-trunk,Going ahead left-hand bend,On main c'way - not in restricted lane,None,None,Front,Not known,2017-07-04,21:25:00,Tuesday,Stockport,E08000007,Rural,53.391811,-2.024214,E01005908
06J032566,2017,Slight,Female,46 - 55,Urban area,More deprived 30-40%,2,1,Single carriageway,30,Crossroads,Daylight,Fine no high winds,Dry,None,Non-trunk,Going ahead other,Cycle lane (on main carriageway),None,None,Front,Not known,2017-07-08,07:52:00,Saturday,Stockport,E08000007,Urban,53.37159,-2.112954,E01005841
06J032734,2017,Serious,Male,46 - 55,Urban area,More deprived 30-40%,2,1,Dual carriageway,30,T or staggered junction,Daylight,Fine no high winds,Dry,None,Non-trunk,Going ahead other,Cycle lane (on main carriageway),None,None,Did not impact,Not known,2017-07-17,15:23:00,Monday,Stockport,E08000007,Urban,53.411787,-2.166089,E01005917
06J032759,2017,Serious,Male,26 - 35,Urban area,Most deprived 10%,1,1,Single carriageway,30,Crossroads,Daylight,Fine no high winds,Dry,None,Non-trunk,Going ahead other,On main c'way - not in restricted lane,None,Bus stop or bus shelter,Nearside,Not known,2017-07-09,21:45:00,Sunday,Stockport,E08000007,Urban,53.411716,-2.183856,E01005856
06J033589,2017,Slight,Male,21 - 25,Data missing or out of range,Data missing or out of range,2,1,Roundabout,30,Roundabout,Daylight,Raining + high winds,Wet or damp,None,Non-trunk,Going ahead other,On main c'way - not in restricted lane,None,None,Front,Not known,2017-07-28,13:50:00,Friday,Stockport,E08000007,Urban,53.396821,-2.138315,E01005877
06J034231,2017,Slight,Male,26 - 35,Urban area,More deprived 20-30%,2,1,Roundabout,30,Roundabout,Darkness - lights lit,Fine no high winds,Dry,None,Non-trunk,Going ahead other,On main c'way - not in restricted lane,None,None,Front,Commuting to/from work,2017-08-16,21:20:00,Wednesday,Stockport,E08000007,Rural,53.380369,-2.218297,E01005784
06J034323,2017,Slight,Male,26 - 35,Urban area,Most deprived 10%,2,1,Single carriageway,30,Crossroads,Daylight,Fine no high winds,Dry,Roadworks,Non-trunk,Going ahead other,On main c'way - not in restricted lane,None,None,Front,Journey as part of work,2017-08-11,06:35:00,Friday,Stockport,E08000007,Urban,53.405083,-2.183797,E01005823
06J034548,2017,Slight,Female,36 - 45,Urban area,More deprived 30-40%,2,1,Single carriageway,30,Not at junction or within 20 metres,Daylight,Fine no high winds,Dry,None,Non-trunk,Going ahead other,Cycleway or shared use footway (not part of  main carriageway),None,None,Front,Not known,2017-08-24,19:00:00,Thursday,Stockport,E08000007,Urban,53.412986,-2.193339,E01005857
06J034765,2017,Slight,Male,26 - 35,Urban area,Less deprived 30-40%,3,1,Single carriageway,30,T or staggered junction,Daylight,Raining no high winds,Wet or damp,None,Non-trunk,Going ahead other,On main c'way - not in restricted lane,None,None,Front,Commuting to/from work,2017-09-05,16:20:00,Tuesday,Stockport,E08000007,Urban,53.410561,-2.181158,E01005853
06J035439,2017,Slight,Male,36 - 45,Small town,Less deprived 10-20%,2,1,Single carriageway,40,Not at junction or within 20 metres,Darkness - lights lit,Raining no high winds,Wet or damp,None,Non-trunk,Going ahead other,On main c'way - not in restricted lane,None,None,Back,Commuting to/from work,2017-09-27,19:10:00,Wednesday,Stockport,E08000007,Rural,53.3968,-2.213539,E01005769
06J035462,2017,Slight,Female,21 - 25,Urban area,Less deprived 10-20%,2,1,Roundabout,30,Roundabout,Daylight,Fine no high winds,Wet or damp,None,Non-trunk,Turning right,On main c'way - not in restricted lane,None,None,Front,Commuting to/from work,2017-09-18,17:30:00,Monday,Stockport,E08000007,Urban,53.423369,-2.198367,E01005868
06J035486,2017,Serious,Male,26 - 35,Urban area,More deprived 30-40%,2,1,Single carriageway,30,T or staggered junction,Daylight,Fine no high winds,Wet or damp,None,Non-trunk,Going ahead other,On main c'way - not in restricted lane,None,None,Front,Journey as part of work,2017-09-20,09:15:00,Wednesday,Stockport,E08000007,Urban,53.409521,-2.201868,E01005857
06J035549,2017,Slight,Male,46 - 55,Urban area,Less deprived 40-50%,2,1,Roundabout,30,Roundabout,Daylight,Fine no high winds,Dry,None,Non-trunk,Turning left,On main c'way - not in restricted lane,None,None,Nearside,Commuting to/from work,2017-09-26,17:10:00,Tuesday,Stockport,E08000007,Urban,53.344843,-2.157508,E01005926
06J035681,2017,Slight,Male,36 - 45,Urban area,Less deprived 20-30%,2,1,Single carriageway,30,T or staggered junction,Daylight,Fine no high winds,Dry,None,Non-trunk,Turning right,On main c'way - not in restricted lane,None,None,Offside,Commuting to/from work,2017-09-26,18:30:00,Tuesday,Stockport,E08000007,Urban,53.386123,-2.212718,E01005776
06J035862,2017,Slight,Male,11 - 15,Urban area,More deprived 30-40%,2,1,Single carriageway,20,Not at junction or within 20 metres,Daylight,Fine no high winds,Dry,None,Non-trunk,Going ahead right-hand bend,Footway (pavement),None,None,Front,Pupil riding to/from school,2017-09-19,15:04:00,Tuesday,Stockport,E08000007,Urban,53.444277,-2.155105,E01005889
06J036030,2017,Slight,Male,26 - 35,Data missing or out of range,Data missing or out of range,2,1,Single carriageway,30,T or staggered junction,Daylight,Raining no high winds,Wet or damp,None,Non-trunk,Going ahead other,Footway (pavement),None,None,Offside,Not known,2017-10-11,15:45:00,Wednesday,Stockport,E08000007,Urban,53.402105,-2.15411,E01005874
06J036505,2017,Serious,Male,36 - 45,Urban area,Most deprived 10%,2,1,Single carriageway,30,T or staggered junction,Daylight,Fine no high winds,Dry,None,Non-trunk,Turning right,On main c'way - not in restricted lane,None,None,Nearside,Not known,2017-10-10,09:05:00,Tuesday,Stockport,E08000007,Urban,53.405603,-2.16581,E01005822
06J037017,2017,Serious,Male,26 - 35,Urban area,Less deprived 20-30%,2,1,Roundabout,30,Roundabout,Daylight,Fine no high winds,Dry,None,Non-trunk,Going ahead other,On main c'way - not in restricted lane,None,None,Offside,Not known,2017-11-03,12:50:00,Friday,Stockport,E08000007,Rural,53.397873,-2.201167,E01005769
06J037603,2017,Slight,Male,11 - 15,Urban area,Less deprived 20-30%,2,1,Single carriageway,30,T or staggered junction,Darkness - lighting unknown,Fine no high winds,Dry,None,Non-trunk,Going ahead other,On main c'way - not in restricted lane,None,None,Back,Not known,2017-11-23,06:50:00,Thursday,Stockport,E08000007,Urban,53.357397,-2.166614,E01005924
06J037977,2017,Slight,Male,36 - 45,Urban area,More deprived 20-30%,2,1,Single carriageway,30,T or staggered junction,Daylight,Fine no high winds,Dry,None,Non-trunk,Going ahead other,On main c'way - not in restricted lane,None,None,Front,Not known,2017-11-16,13:00:00,Thursday,Stockport,E08000007,Urban,53.4128,-2.16823,E01005917
06J038015,2017,Slight,Male,26 - 35,Data missing or out of range,Data missing or out of range,2,1,Single carriageway,30,T or staggered junction,Daylight,Fine no high winds,Dry,None,Non-trunk,Going ahead other,On main c'way - not in restricted lane,None,None,Front,Not known,2017-12-28,16:00:00,Thursday,Stockport,E08000007,Urban,53.392872,-2.168437,E01005763
06J038291,2017,Serious,Male,11 - 15,Urban area,Less deprived 40-50%,2,1,Single carriageway,30,T or staggered junction,Daylight,Fine no high winds,Wet or damp,None,Non-trunk,Moving off,On main c'way - not in restricted lane,None,None,Front,Pupil riding to/from school,2017-12-07,08:13:00,Thursday,Stockport,E08000007,Urban,53.438735,-2.159556,E01005893
06J038476,2017,Serious,Female,26 - 35,Data missing or out of range,Data missing or out of range,2,1,Single carriageway,30,T or staggered junction,Daylight,Unknown,Dry,None,Non-trunk,Going ahead right-hand bend,On main c'way - not in restricted lane,None,None,Front,Not known,2017-12-15,08:33:00,Friday,Stockport,E08000007,Urban,53.419726,-2.194137,E01005867
06J038708,2017,Slight,Male,26 - 35,Urban area,Less deprived 10-20%,2,1,Single carriageway,30,T or staggered junction,Darkness - lights lit,Raining no high winds,Wet or damp,None,Non-trunk,Going ahead other,On main c'way - not in restricted lane,None,None,Front,Not known,2017-12-30,07:40:00,Saturday,Stockport,E08000007,Urban,53.418551,-2.106999,E01005905
06K025629,2017,Slight,Male,26 - 35,Urban area,More deprived 20-30%,2,1,Roundabout,40,Roundabout,Daylight,Fine no high winds,Dry,None,Non-trunk,Going ahead right-hand bend,On main c'way - not in restricted lane,None,None,Nearside,Not known,2017-01-01,13:30:00,Sunday,Bolton,E08000001,Rural,53.551334,-2.49658,E01004891
06K026031,2017,Slight,Male,66 - 75,Urban area,Less deprived 40-50%,2,1,Single carriageway,30,Crossroads,Daylight,Fine no high winds,Dry,None,Non-trunk,Waiting to turn right,On main c'way - not in restricted lane,None,None,Front,Not known,2017-01-25,13:30:00,Wednesday,Bolton,E08000001,Urban,53.563883,-2.464672,E01004839
06K027066,2017,Slight,Male,6 - 10,Urban area,Most deprived 10%,2,1,Single carriageway,30,Crossroads,Darkness - lights lit,Raining no high winds,Wet or damp,None,Non-trunk,Going ahead other,On main c'way - not in restricted lane,None,None,Back,Not known,2017-02-11,18:50:00,Saturday,Bolton,E08000001,Urban,53.576414,-2.443138,E01004871
06K027092,2017,Slight,Male,36 - 45,Small town,Less deprived 10-20%,2,1,Single carriageway,30,T or staggered junction,Darkness - lights lit,Fine no high winds,Wet or damp,None,Non-trunk,Going ahead other,On main c'way - not in restricted lane,None,None,Offside,Not known,2017-02-05,18:25:00,Sunday,Bolton,E08000001,Urban,53.589622,-2.534434,E01004883
06K027324,2017,Slight,Male,16 - 20,Urban area,More deprived 10-20%,2,1,Single carriageway,30,T or staggered junction,Daylight,Fine no high winds,Dry,None,Non-trunk,Going ahead other,On main c'way - not in restricted lane,None,None,Front,Not known,2017-02-16,12:30:00,Thursday,Bolton,E08000001,Urban,53.552305,-2.402887,E01004857
06K027349,2017,Slight,Male,66 - 75,Urban area,Less deprived 30-40%,2,1,Single carriageway,30,T or staggered junction,Daylight,Fine no high winds,Dry,None,Non-trunk,Going ahead other,On main c'way - not in restricted lane,None,None,Offside,Not known,2017-02-10,08:55:00,Friday,Bolton,E08000001,Urban,53.571509,-2.429873,E01004848
06K027749,2017,Slight,Male,36 - 45,Urban area,Most deprived 10%,2,1,Single carriageway,30,T or staggered junction,Darkness - lighting unknown,Fine + high winds,Wet or damp,None,Non-trunk,Going ahead other,On main c'way - not in restricted lane,None,None,Front,Not known,2017-02-24,19:30:00,Friday,Bolton,E08000001,Urban,53.571324,-2.450967,E01004850
06K028067,2017,Serious,Male,66 - 75,Urban area,Less deprived 10-20%,2,1,Single carriageway,30,T or staggered junction,Daylight,Fine no high winds,Dry,None,Non-trunk,Going ahead other,On main c'way - not in restricted lane,None,None,Front,Not known,2017-03-26,15:25:00,Sunday,Bolton,E08000001,Urban,53.570562,-2.438456,E01004851
06K028354,2017,Slight,Male,36 - 45,Urban area,Less deprived 40-50%,2,1,Roundabout,40,Roundabout,Daylight,Fine no high winds,Dry,None,Non-trunk,Going ahead other,On main c'way - not in restricted lane,None,None,Nearside,Not known,2017-04-08,10:30:00,Saturday,Bolton,E08000001,Urban,53.543361,-2.451213,E01004833
06K028416,2017,Serious,Male,36 - 45,Urban area,More deprived 10-20%,2,1,Single carriageway,30,T or staggered junction,Daylight,Fine no high winds,Dry,None,Non-trunk,Going ahead other,On main c'way - not in restricted lane,None,None,Front,Journey as part of work,2017-03-27,17:20:00,Monday,Bolton,E08000001,Urban,53.567296,-2.416649,E01004812
06K028684,2017,Serious,Male,36 - 45,Urban area,Less deprived 30-40%,2,1,Single carriageway,30,T or staggered junction,Daylight,Raining no high winds,Wet or damp,None,Non-trunk,Going ahead other,On main c'way - not in restricted lane,None,None,Front,Not known,2017-04-14,19:07:00,Friday,Bolton,E08000001,Urban,53.568113,-2.441828,E01004851
06K028957,2017,Slight,Male,21 - 25,Data missing or out of range,Data missing or out of range,2,1,Dual carriageway,30,T or staggered junction,Daylight,Fine no high winds,Dry,None,Non-trunk,Going ahead other,On main c'way - not in restricted lane,None,None,Front,Not known,2017-03-27,17:15:00,Monday,Bolton,E08000001,Urban,53.576437,-2.434258,E01033217
06K030099,2017,Slight,Female,16 - 20,Data missing or out of range,Data missing or out of range,2,1,Single carriageway,30,Crossroads,Daylight,Fine no high winds,Dry,None,Non-trunk,Going ahead other,On main c'way - not in restricted lane,None,None,Offside,Journey as part of work,2017-05-02,17:45:00,Tuesday,Bolton,E08000001,Urban,53.58184,-2.443814,E01004870
06K030665,2017,Slight,Male,46 - 55,Urban area,Less deprived 30-40%,2,1,Dual carriageway,40,Crossroads,Daylight,Fine no high winds,Dry,None,Non-trunk,Going ahead other,On main c'way - not in restricted lane,None,None,Front,Not known,2017-05-21,10:50:00,Sunday,Bolton,E08000001,Rural,53.59363,-2.463548,E01004919
06K030756,2017,Slight,Male,46 - 55,Urban area,Less deprived 20-30%,2,1,Single carriageway,30,T or staggered junction,Daylight,Fine no high winds,Dry,None,Non-trunk,Going ahead other,On main c'way - not in restricted lane,None,None,Front,Not known,2017-05-04,18:45:00,Thursday,Bolton,E08000001,Urban,53.61842,-2.427296,E01004807
06K030840,2017,Slight,Male,36 - 45,Urban area,More deprived 30-40%,2,1,Single carriageway,30,T or staggered junction,Daylight,Raining no high winds,Wet or damp,None,Non-trunk,Going ahead other,On main c'way - not in restricted lane,None,None,Front,Not known,2017-05-15,07:00:00,Monday,Bolton,E08000001,Urban,53.594721,-2.545784,E01004777
06K030891,2017,Slight,Male,6 - 10,Urban area,Less deprived 20-30%,2,1,Single carriageway,20,T or staggered junction,Daylight,Fine no high winds,Dry,None,Non-trunk,Turning left,On main c'way - not in restricted lane,None,None,Offside,Not known,2017-05-18,18:00:00,Thursday,Bolton,E08000001,Urban,53.603132,-2.429348,E01004773
06K030948,2017,Slight,Female,0 - 5,Data missing or out of range,Data missing or out of range,2,1,Single carriageway,30,Crossroads,Daylight,Fine no high winds,Dry,None,Non-trunk,Going ahead other,On main c'way - not in restricted lane,None,None,Offside,Other,2017-05-21,18:50:00,Sunday,Bolton,E08000001,Urban,53.585294,-2.447974,E01004869
06K031334,2017,Slight,Female,46 - 55,Urban area,Less deprived 30-40%,2,1,Single carriageway,30,T or staggered junction,Daylight,Fine no high winds,Dry,None,Non-trunk,Going ahead other,On main c'way - not in restricted lane,None,None,Nearside,Journey as part of work,2017-05-15,08:45:00,Monday,Bolton,E08000001,Urban,53.56629,-2.467492,E01004838
06K031387,2017,Slight,Male,26 - 35,Urban area,Less deprived 40-50%,2,1,Single carriageway,30,T or staggered junction,Daylight,Other,Wet or damp,None,Non-trunk,Going ahead other,On main c'way - not in restricted lane,None,None,Front,Journey as part of work,2017-06-02,16:37:00,Friday,Bolton,E08000001,Urban,53.565117,-2.447549,E01004829
06K031396,2017,Slight,Male,36 - 45,Urban area,Most deprived 10%,2,1,Dual carriageway,30,Crossroads,Daylight,Fine no high winds,Wet or damp,None,Non-trunk,Changing lane to left,On main c'way - not in restricted lane,None,None,Back,Not known,2017-05-30,08:10:00,Tuesday,Bolton,E08000001,Urban,53.588542,-2.430107,E01004822
06K031719,2017,Serious,Male,36 - 45,Urban area,More deprived 10-20%,2,1,Single carriageway,30,Crossroads,Daylight,Fine no high winds,Dry,None,Non-trunk,Going ahead other,On main c'way - not in restricted lane,None,None,Offside,Commuting to/from work,2017-06-22,20:53:00,Thursday,Bolton,E08000001,Urban,53.576432,-2.443092,E01033217
06K031984,2017,Slight,Male,11 - 15,Urban area,More deprived 20-30%,2,1,Single carriageway,30,Not at junction or within 20 metres,Daylight,Raining + high winds,Wet or damp,None,Non-trunk,Going ahead other,Footway (pavement),None,None,Offside,Not known,2017-06-06,19:15:00,Tuesday,Bolton,E08000001,Urban,53.547883,-2.408142,E01004858
06K032066,2017,Slight,Male,46 - 55,Urban area,More deprived 20-30%,2,1,Single carriageway,30,T or staggered junction,Daylight,Fine no high winds,Dry,None,Non-trunk,Going ahead other,Footway (pavement),None,None,Front,Not known,2017-06-26,14:08:00,Monday,Bolton,E08000001,Urban,53.581411,-2.430925,E01033217
06K032274,2017,Slight,Male,26 - 35,Urban area,Less deprived 30-40%,2,1,Dual carriageway,40,T or staggered junction,Daylight,Fine no high winds,Dry,None,Non-trunk,Going ahead right-hand bend,On main c'way - not in restricted lane,None,None,Front,Not known,2017-07-03,17:09:00,Monday,Bolton,E08000001,Urban,53.600932,-2.438695,E01004774
06K032345,2017,Slight,Female,36 - 45,Urban area,Less deprived 10-20%,2,1,Unknown,30,T or staggered junction,Daylight,Unknown,Dry,None,Non-trunk,Going ahead other,On main c'way - not in restricted lane,None,None,Front,Commuting to/from work,2017-06-22,11:15:00,Thursday,Bolton,E08000001,Urban,53.575691,-2.434205,E01004848
06K033371,2017,Slight,Male,26 - 35,Urban area,Most deprived 10%,2,1,Single carriageway,30,Not at junction or within 20 metres,Daylight,Fine no high winds,Dry,None,Non-trunk,Going ahead other,Cycle lane (on main carriageway),Parked vehicle,None,Front,Not known,2017-07-18,19:45:00,Tuesday,Bolton,E08000001,Urban,53.585459,-2.524789,E01004886
06K033978,2017,Slight,Male,66 - 75,Urban area,Less deprived 30-40%,2,1,Single carriageway,30,T or staggered junction,Daylight,Fine no high winds,Dry,None,Non-trunk,Overtaking static vehicle - offside,On main c'way - not in restricted lane,None,None,Nearside,Not known,2017-08-05,12:45:00,Saturday,Bolton,E08000001,Urban,53.5815,-2.433675,E01004823
06K034229,2017,Serious,Male,6 - 10,Urban area,More deprived 40-50%,2,1,Single carriageway,20,T or staggered junction,Daylight,Fine no high winds,Dry,None,Non-trunk,Going ahead other,On main c'way - not in restricted lane,None,None,Nearside,Not known,2017-08-28,18:45:00,Monday,Bolton,E08000001,Urban,53.593537,-2.480288,E01004840
06K034268,2017,Serious,Male,36 - 45,Urban area,Most deprived 10%,2,1,Single carriageway,30,T or staggered junction,Daylight,Fine no high winds,Dry,None,Non-trunk,Going ahead other,Bus lane,Open door of vehicle,None,Front,Commuting to/from work,2017-08-09,16:02:00,Wednesday,Bolton,E08000001,Urban,53.573384,-2.440946,E01004849
06K034485,2017,Slight,Male,36 - 45,Small town,Less deprived 20-30%,2,1,Single carriageway,30,Private drive or entrance,Daylight,Fine no high winds,Dry,None,Non-trunk,Going ahead other,On main c'way - not in restricted lane,None,None,Offside,Not known,2017-08-30,13:34:00,Wednesday,Bolton,E08000001,Urban,53.572171,-2.428385,E01004848
06K034649,2017,Serious,Male,26 - 35,Urban area,More deprived 10-20%,2,1,Single carriageway,40,T or staggered junction,Daylight,Fine no high winds,Dry,None,Non-trunk,Going ahead other,On main c'way - not in restricted lane,None,None,Front,Not known,2017-09-06,08:30:00,Wednesday,Bolton,E08000001,Urban,53.57893,-2.493791,E01004844
06K034742,2017,Slight,Male,56 - 65,Urban area,More deprived 30-40%,2,1,Roundabout,40,Roundabout,Daylight,Fine no high winds,Wet or damp,None,Non-trunk,Going ahead other,On main c'way - not in restricted lane,None,None,Nearside,Not known,2017-09-10,09:00:00,Sunday,Bolton,E08000001,Rural,53.551298,-2.496564,E01004891
06K034785,2017,Slight,Male,36 - 45,Urban area,More deprived 20-30%,2,1,Single carriageway,30,T or staggered junction,Daylight,Fine no high winds,Dry,None,Non-trunk,Going ahead other,On main c'way - not in restricted lane,None,None,Front,Not known,2017-09-05,16:30:00,Tuesday,Bolton,E08000001,Urban,53.598374,-2.43276,E01004766
06K034789,2017,Slight,Male,36 - 45,Urban area,Less deprived 20-30%,2,1,Single carriageway,30,T or staggered junction,Darkness - lights lit,Fine no high winds,Dry,None,Non-trunk,Going ahead other,On main c'way - not in restricted lane,None,None,Front,Not known,2017-09-05,20:28:00,Tuesday,Bolton,E08000001,Urban,53.580539,-2.452757,E01004870
06K035069,2017,Slight,Male,36 - 45,Data missing or out of range,Data missing or out of range,2,1,Single carriageway,30,T or staggered junction,Daylight,Fine no high winds,Wet or damp,None,Non-trunk,Changing lane to right,On main c'way - not in restricted lane,None,None,Nearside,Not known,2017-09-18,16:50:00,Monday,Bolton,E08000001,Urban,53.569496,-2.439909,E01004851
06K035367,2017,Serious,Male,11 - 15,Urban area,More deprived 20-30%,2,1,Single carriageway,30,T or staggered junction,Daylight,Fine no high winds,Dry,None,Non-trunk,Going ahead other,On main c'way - not in restricted lane,None,None,Offside,Not known,2017-09-13,20:00:00,Wednesday,Bolton,E08000001,Urban,53.566318,-2.462676,E01004838
06K035548,2017,Serious,Male,56 - 65,Urban area,More deprived 10-20%,2,1,Single carriageway,30,Not at junction or within 20 metres,Daylight,Fine no high winds,Wet or damp,None,Non-trunk,Going ahead left-hand bend,On main c'way - not in restricted lane,None,None,Back,Not known,2017-09-30,07:45:00,Saturday,Bolton,E08000001,Urban,53.557588,-2.395661,E01004814
06K035621,2017,Slight,Male,16 - 20,Urban area,More deprived 10-20%,2,1,Single carriageway,30,T or staggered junction,Daylight,Fine no high winds,Dry,None,Non-trunk,Going ahead other,On main c'way - not in restricted lane,None,None,Back,Not known,2017-09-25,16:00:00,Monday,Bolton,E08000001,Urban,53.581027,-2.390835,E01004796
06K035908,2017,Slight,Male,56 - 65,Urban area,More deprived 10-20%,2,1,Single carriageway,30,Not at junction or within 20 metres,Daylight,Fine no high winds,Dry,None,Non-trunk,Going ahead other,On main c'way - not in restricted lane,None,None,Offside,Not known,2017-09-13,17:15:00,Wednesday,Bolton,E08000001,Urban,53.57042,-2.420183,E01004817
06K036302,2017,Serious,Male,46 - 55,Data missing or out of range,Data missing or out of range,2,1,Single carriageway,30,Crossroads,Darkness - lighting unknown,Fine no high winds,Dry,None,Non-trunk,Going ahead other,On main c'way - not in restricted lane,None,None,Front,Not known,2017-10-18,06:50:00,Wednesday,Bolton,E08000001,Urban,53.569797,-2.423574,E01004817
06K036362,2017,Slight,Male,26 - 35,Urban area,Most deprived 10%,2,1,Single carriageway,30,T or staggered junction,Daylight,Raining no high winds,Wet or damp,None,Non-trunk,Going ahead other,On main c'way - not in restricted lane,None,None,Front,Journey as part of work,2017-10-20,08:00:00,Friday,Bolton,E08000001,Urban,53.599686,-2.433,E01004766
06K036402,2017,Slight,Female,16 - 20,Urban area,Most deprived 10%,2,1,Single carriageway,30,T or staggered junction,Daylight,Fine no high winds,Dry,None,Non-trunk,Going ahead other,On main c'way - not in restricted lane,None,None,Offside,Not known,2017-10-24,16:45:00,Tuesday,Bolton,E08000001,Urban,53.539836,-2.409091,E01004863
06K036881,2017,Slight,Male,26 - 35,Data missing or out of range,Data missing or out of range,2,1,Single carriageway,30,Crossroads,Daylight,Unknown,Dry,None,Non-trunk,Going ahead other,On main c'way - not in restricted lane,None,None,Front,Not known,2017-10-29,13:05:00,Sunday,Bolton,E08000001,Urban,53.569507,-2.426772,E01004848
06K037501,2017,Slight,Male,36 - 45,Urban area,Most deprived 10%,2,1,Single carriageway,30,Crossroads,Daylight,Raining no high winds,Wet or damp,None,Non-trunk,Going ahead other,Cycleway or shared use footway (not part of  main carriageway),None,None,Front,Not known,2017-11-20,15:25:00,Monday,Bolton,E08000001,Urban,53.591263,-2.445453,E01004867
06K038439,2017,Slight,Male,21 - 25,Urban area,More deprived 10-20%,2,1,Single carriageway,40,Crossroads,Darkness - lights lit,Raining + high winds,Wet or damp,None,Non-trunk,Turning right,On main c'way - not in restricted lane,None,None,Nearside,Not known,2017-12-14,05:30:00,Thursday,Bolton,E08000001,Urban,53.547894,-2.469176,E01004892
06L027001,2017,Slight,Male,46 - 55,Data missing or out of range,Data missing or out of range,2,1,Dual carriageway,30,T or staggered junction,Daylight,Fine no high winds,Dry,None,Non-trunk,Going ahead other,On main c'way - not in restricted lane,None,None,Back,Not known,2017-02-03,14:00:00,Friday,Wigan,E08000010,Urban,53.501001,-2.525177,E01006283
06L027233,2017,Slight,Male,46 - 55,Urban area,Less deprived 20-30%,2,1,Single carriageway,30,T or staggered junction,Daylight,Fine no high winds,Dry,None,Non-trunk,Turning right,On main c'way - not in restricted lane,None,None,Nearside,Not known,2017-02-08,16:00:00,Wednesday,Wigan,E08000010,Urban,53.530053,-2.54886,E01006285
06L027239,2017,Serious,Male,36 - 45,Urban area,Most deprived 10%,2,1,Single carriageway,30,T or staggered junction,Daylight,Fine no high winds,Dry,None,Non-trunk,Going ahead other,On main c'way - not in restricted lane,None,None,Nearside,Commuting to/from work,2017-02-14,17:30:00,Tuesday,Wigan,E08000010,Urban,53.501327,-2.518487,E01006334
06L028100,2017,Slight,Male,16 - 20,Urban area,More deprived 40-50%,2,1,Single carriageway,30,T or staggered junction,Darkness - lights lit,Fine no high winds,Dry,None,Non-trunk,Going ahead other,On main c'way - not in restricted lane,None,None,Front,Not known,2017-03-10,22:00:00,Friday,Wigan,E08000010,Urban,53.491725,-2.64103,E01006265
06L028203,2017,Slight,Male,26 - 35,Data missing or out of range,Data missing or out of range,2,1,Dual carriageway,30,Crossroads,Darkness - lights lit,Fine no high winds,Dry,None,Non-trunk,Going ahead other,On main c'way - not in restricted lane,None,None,Front,Not known,2017-04-02,23:00:00,Sunday,Wigan,E08000010,Urban,53.542777,-2.624477,E01006310
06L028409,2017,Slight,Male,11 - 15,Urban area,More deprived 20-30%,2,1,Single carriageway,30,T or staggered junction,Daylight,Other,Wet or damp,None,Non-trunk,Going ahead other,On main c'way - not in restricted lane,None,None,Front,Pupil riding to/from school,2017-02-13,08:01:00,Monday,Wigan,E08000010,Urban,53.493681,-2.626454,E01006221
06L029064,2017,Serious,Male,6 - 10,Urban area,Less deprived 10-20%,2,1,Single carriageway,30,Not at junction or within 20 metres,Daylight,Fine no high winds,Dry,None,Non-trunk,Going ahead other,Footway (pavement),None,None,Offside,Not known,2017-04-15,09:50:00,Saturday,Wigan,E08000010,Urban,53.515987,-2.710695,E01006368
06L029373,2017,Slight,Male,16 - 20,Urban area,More deprived 30-40%,2,1,Single carriageway,30,T or staggered junction,Daylight,Fine no high winds,Dry,None,Non-trunk,Going ahead right-hand bend,On main c'way - not in restricted lane,None,None,Front,Not known,2017-04-04,19:00:00,Tuesday,Wigan,E08000010,Urban,53.532322,-2.551861,E01006285
06L029530,2017,Slight,Male,11 - 15,Urban area,More deprived 10-20%,2,1,Single carriageway,30,Not at junction or within 20 metres,Daylight,Fine no high winds,Wet or damp,None,Non-trunk,Going ahead other,On main c'way - not in restricted lane,None,None,Nearside,Pupil riding to/from school,2017-03-29,08:15:00,Wednesday,Wigan,E08000010,Urban,53.493516,-2.520532,E01006298
06L029576,2017,Serious,Male,56 - 65,Urban area,More deprived 30-40%,2,1,Dual carriageway,30,Crossroads,Daylight,Fine no high winds,Dry,None,Non-trunk,Going ahead other,On main c'way - not in restricted lane,None,None,Front,Commuting to/from work,2017-04-20,14:00:00,Thursday,Wigan,E08000010,Rural,53.483215,-2.534692,E01006299
06L029845,2017,Slight,Male,46 - 55,Urban area,More deprived 30-40%,2,1,Single carriageway,30,T or staggered junction,Daylight,Fine no high winds,Dry,None,Non-trunk,Going ahead other,Bus lane,None,None,Front,Not known,2017-03-18,12:39:00,Saturday,Wigan,E08000010,Urban,53.503783,-2.517959,E01006338
06L030093,2017,Slight,Male,11 - 15,Urban area,Less deprived 20-30%,2,1,Single carriageway,30,Not at junction or within 20 metres,Darkness - lights lit,Fine no high winds,Dry,None,Non-trunk,Going ahead other,On main c'way - not in restricted lane,None,None,Front,Commuting to/from work,2017-04-22,20:00:00,Saturday,Wigan,E08000010,Urban,53.507996,-2.4523,E01006382
06L030096,2017,Slight,Male,21 - 25,Urban area,More deprived 40-50%,3,1,Single carriageway,30,T or staggered junction,Daylight,Unknown,Dry,None,Non-trunk,Turning left,On main c'way - not in restricted lane,None,None,Front,Not known,2017-05-07,15:30:00,Sunday,Wigan,E08000010,Urban,53.51895,-2.480681,E01006292
06L030465,2017,Slight,Male,11 - 15,Urban area,More deprived 20-30%,2,1,Single carriageway,30,Crossroads,Daylight,Fine no high winds,Dry,None,Non-trunk,Waiting to go - held up,On main c'way - not in restricted lane,None,None,Back,Pupil riding to/from school,2017-04-20,08:30:00,Thursday,Wigan,E08000010,Urban,53.560317,-2.64575,E01006255
06L030519,2017,Slight,Male,11 - 15,Rural,Less deprived 20-30%,2,1,Single carriageway,30,T or staggered junction,Daylight,Unknown,Dry,None,Non-trunk,Going ahead other,On main c'way - not in restricted lane,None,None,Front,Not known,2017-03-29,16:20:00,Wednesday,Wigan,E08000010,Rural,53.577057,-2.710524,E01006321
06L030609,2017,Serious,Male,16 - 20,Data missing or out of range,Data missing or out of range,2,1,Single carriageway,30,Not at junction or within 20 metres,Daylight,Fine no high winds,Dry,None,Non-trunk,Going ahead other,On main c'way - not in restricted lane,None,None,Front,Not known,2017-05-27,17:25:00,Saturday,Wigan,E08000010,Urban,53.529681,-2.551586,E01006285
06L030864,2017,Slight,Male,11 - 15,Urban area,More deprived 10-20%,2,1,Single carriageway,30,T or staggered junction,Daylight,Fine no high winds,Dry,None,Non-trunk,Going ahead other,On main c'way - not in restricted lane,None,None,Nearside,Not known,2017-05-26,18:55:00,Friday,Wigan,E08000010,Urban,53.531242,-2.651946,E01006404
06L030976,2017,Slight,Male,56 - 65,Urban area,More deprived 10-20%,2,1,Dual carriageway,30,Not at junction or within 20 metres,Daylight,Fine no high winds,Dry,None,Non-trunk,Going ahead other,Footway (pavement),None,None,Did not impact,Not known,2017-06-04,16:45:00,Sunday,Wigan,E08000010,Urban,53.544943,-2.608949,E01006307
06L031101,2017,Slight,Male,46 - 55,Urban area,Less deprived 10-20%,2,1,Single carriageway,30,Private drive or entrance,Daylight,Fine no high winds,Dry,None,Non-trunk,Overtaking - nearside,On main c'way - not in restricted lane,None,None,Front,Not known,2017-05-24,19:00:00,Wednesday,Wigan,E08000010,Urban,53.54002,-2.705001,E01006364
06L031169,2017,Slight,Male,11 - 15,Urban area,Least deprived 10%,2,1,Dual carriageway,30,T or staggered junction,Daylight,Fine no high winds,Dry,None,Non-trunk,Going ahead other,On main c'way - not in restricted lane,None,None,Nearside,Not known,2017-06-01,16:55:00,Thursday,Wigan,E08000010,Urban,53.540511,-2.631566,E01006349
06L031272,2017,Slight,Male,6 - 10,Urban area,More deprived 10-20%,2,1,Dual carriageway,30,Crossroads,Daylight,Fine no high winds,Dry,None,Non-trunk,Going ahead other,On main c'way - not in restricted lane,None,None,Offside,Journey as part of work,2017-06-02,20:40:00,Friday,Wigan,E08000010,Urban,53.495093,-2.519466,E01006333
06L031451,2017,Slight,Male,11 - 15,Urban area,Most deprived 10%,2,1,Single carriageway,30,Crossroads,Daylight,Fine no high winds,Dry,None,Non-trunk,Going ahead other,On main c'way - not in restricted lane,None,None,Front,Not known,2017-05-23,19:45:00,Tuesday,Wigan,E08000010,Urban,53.542895,-2.624418,E01006306
06L031890,2017,Slight,Female,46 - 55,Small town,More deprived 10-20%,2,1,Single carriageway,30,Mini-roundabout,Daylight,Fine no high winds,Dry,None,Non-trunk,Turning right,On main c'way - not in restricted lane,None,None,Back,Journey as part of work,2017-06-22,16:00:00,Thursday,Wigan,E08000010,Urban,53.570542,-2.694831,E01006314
06L031937,2017,Slight,Male,11 - 15,Data missing or out of range,Data missing or out of range,2,1,Single carriageway,30,T or staggered junction,Daylight,Fine no high winds,Dry,None,Non-trunk,Going ahead other,Footway (pavement),None,None,Front,Pupil riding to/from school,2017-06-22,08:40:00,Thursday,Wigan,E08000010,Urban,53.525092,-2.552612,E01006280
06L032225,2017,Slight,Female,36 - 45,Urban area,Less deprived 10-20%,2,1,Single carriageway,30,T or staggered junction,Daylight,Fine no high winds,Dry,None,Non-trunk,Going ahead other,Cycle lane (on main carriageway),None,None,Front,Not known,2017-06-24,18:00:00,Saturday,Wigan,E08000010,Urban,53.521358,-2.662805,E01006400
06L032228,2017,Slight,Male,6 - 10,Urban area,More deprived 20-30%,2,1,Single carriageway,30,T or staggered junction,Daylight,Fine no high winds,Dry,None,Non-trunk,Going ahead other,Footway (pavement),None,None,Front,Other,2017-06-19,19:30:00,Monday,Wigan,E08000010,Urban,53.507754,-2.522441,E01006336
06L032422,2017,Slight,Male,36 - 45,Urban area,Less deprived 40-50%,2,1,Roundabout,30,Mini-roundabout,Daylight,Fine no high winds,Dry,None,Non-trunk,Turning right,On main c'way - not in restricted lane,None,None,Nearside,Journey as part of work,2017-07-07,17:34:00,Friday,Wigan,E08000010,Urban,53.512188,-2.542084,E01006284
06L032578,2017,Slight,Male,11 - 15,Urban area,Less deprived 10-20%,2,1,Single carriageway,30,T or staggered junction,Daylight,Raining no high winds,Wet or damp,None,Non-trunk,Going ahead other,On main c'way - not in restricted lane,None,None,Front,Pupil riding to/from school,2017-07-10,07:45:00,Monday,Wigan,E08000010,Urban,53.531954,-2.666335,E01006355
06L032791,2017,Slight,Male,56 - 65,Urban area,Most deprived 10%,2,1,Single carriageway,30,Not at junction or within 20 metres,Daylight,Raining no high winds,Wet or damp,None,Non-trunk,Going ahead other,On main c'way - not in restricted lane,None,None,Front,Not known,2017-07-14,20:30:00,Friday,Wigan,E08000010,Urban,53.534806,-2.654355,E01006404
06L032880,2017,Serious,Male,11 - 15,Data missing or out of range,Data missing or out of range,2,1,Single carriageway,30,Not at junction or within 20 metres,Daylight,Fine no high winds,Dry,None,Non-trunk,Going ahead other,Footway (pavement),None,None,Nearside,Not known,2017-07-13,18:20:00,Thursday,Wigan,E08000010,Urban,53.513156,-2.510172,E01006245
06L033107,2017,Serious,Male,21 - 25,Urban area,More deprived 40-50%,2,1,Single carriageway,20,T or staggered junction,Daylight,Fine no high winds,Dry,None,Non-trunk,Going ahead other,On main c'way - not in restricted lane,None,None,Front,Not known,2017-07-17,17:21:00,Monday,Wigan,E08000010,Urban,53.547184,-2.60302,E01006311
06L033861,2017,Slight,Male,11 - 15,Data missing or out of range,Data missing or out of range,2,1,Single carriageway,30,T or staggered junction,Daylight,Fine no high winds,Dry,None,Non-trunk,Going ahead other,On main c'way - not in restricted lane,None,None,Front,Not known,2017-08-11,19:38:00,Friday,Wigan,E08000010,Urban,53.536774,-2.656135,E01006352
06L034216,2017,Slight,Female,21 - 25,Urban area,Most deprived 10%,2,1,Single carriageway,30,T or staggered junction,Daylight,Fine no high winds,Dry,None,Non-trunk,Going ahead other,On main c'way - not in restricted lane,None,None,Front,Not known,2017-08-30,13:00:00,Wednesday,Wigan,E08000010,Urban,53.544905,-2.625006,E01006386
06L034399,2017,Slight,Male,26 - 35,Urban area,Most deprived 10%,2,1,Single carriageway,30,Not at junction or within 20 metres,Daylight,Fine no high winds,Dry,None,Non-trunk,Going ahead other,On main c'way - not in restricted lane,None,None,Offside,Commuting to/from work,2017-08-26,13:45:00,Saturday,Wigan,E08000010,Urban,53.553249,-2.669311,E01006361
06L034703,2017,Slight,Male,11 - 15,Urban area,Least deprived 10%,2,1,Single carriageway,30,T or staggered junction,Daylight,Fine no high winds,Dry,None,Non-trunk,Going ahead right-hand bend,On main c'way - not in restricted lane,None,None,Front,Not known,2017-09-06,18:25:00,Wednesday,Wigan,E08000010,Urban,53.58378,-2.655306,E01006230
06L034750,2017,Slight,Male,16 - 20,Urban area,More deprived 20-30%,2,1,Single carriageway,30,T or staggered junction,Daylight,Fine no high winds,Dry,None,Non-trunk,Going ahead other,On main c'way - not in restricted lane,None,None,Front,Not known,2017-09-11,15:33:00,Monday,Wigan,E08000010,Urban,53.476653,-2.599217,E01006346
06L034810,2017,Slight,Male,26 - 35,Data missing or out of range,Data missing or out of range,2,1,Single carriageway,30,Private drive or entrance,Daylight,Fine no high winds,Dry,None,Non-trunk,Going ahead other,On main c'way - not in restricted lane,None,None,Front,Not known,2017-09-10,10:23:00,Sunday,Wigan,E08000010,Urban,53.493392,-2.524058,E01006298
06L035020,2017,Slight,Female,26 - 35,Urban area,More deprived 10-20%,2,1,Single carriageway,20,T or staggered junction,Daylight,Fine no high winds,Dry,None,Non-trunk,Going ahead other,On main c'way - not in restricted lane,None,None,Front,Not known,2017-09-14,17:30:00,Thursday,Wigan,E08000010,Urban,53.544361,-2.603206,E01006308
06L035113,2017,Serious,Male,46 - 55,Urban area,Less deprived 20-30%,2,1,Single carriageway,30,T or staggered junction,Daylight,Fine no high winds,Dry,None,Non-trunk,Going ahead other,On main c'way - not in restricted lane,None,None,Did not impact,Not known,2017-09-16,15:00:00,Saturday,Wigan,E08000010,Urban,53.554089,-2.615058,E01006390
06L036004,2017,Slight,Male,16 - 20,Urban area,Less deprived 20-30%,2,1,Single carriageway,30,Private drive or entrance,Daylight,Fine no high winds,Wet or damp,None,Non-trunk,Going ahead other,Footway (pavement),None,None,Front,Pupil riding to/from school,2017-10-13,08:12:00,Friday,Wigan,E08000010,Urban,53.528042,-2.481825,E01006290
06L036079,2017,Serious,Male,46 - 55,Urban area,Less deprived 40-50%,2,1,Single carriageway,60,Not at junction or within 20 metres,Darkness - lights lit,Fine no high winds,Wet or damp,None,Non-trunk,Going ahead other,On main c'way - not in restricted lane,None,Other permanent object,Back,Not known,2017-10-18,22:30:00,Wednesday,Wigan,E08000010,Rural,53.464437,-2.601154,E01006348
06L036115,2017,Slight,Female,11 - 15,Data missing or out of range,Data missing or out of range,2,1,Single carriageway,30,T or staggered junction,Daylight,Fine + high winds,Dry,None,Non-trunk,Going ahead other,On main c'way - not in restricted lane,None,None,Front,Pupil riding to/from school,2017-10-16,15:05:00,Monday,Wigan,E08000010,Urban,53.499731,-2.511156,E01006330
06L036205,2017,Slight,Male,26 - 35,Urban area,Most deprived 10%,2,1,Single carriageway,30,T or staggered junction,Daylight,Unknown,Dry,None,Non-trunk,Going ahead other,On main c'way - not in restricted lane,None,None,Front,Journey as part of work,2017-10-14,11:20:00,Saturday,Wigan,E08000010,Urban,53.54419,-2.606735,E01006307
06L036818,2017,Slight,Male,26 - 35,Urban area,Most deprived 10%,2,1,Single carriageway,30,Not at junction or within 20 metres,Daylight,Fine no high winds,Wet or damp,None,Non-trunk,Going ahead other,On main c'way - not in restricted lane,None,None,Front,Commuting to/from work,2017-11-03,07:45:00,Friday,Wigan,E08000010,Urban,53.54241,-2.656132,E01006352
06L037048,2017,Slight,Female,36 - 45,Urban area,More deprived 30-40%,2,1,Single carriageway,30,T or staggered junction,Daylight,Fine no high winds,Dry,None,Non-trunk,Going ahead other,On main c'way - not in restricted lane,None,None,Front,Not known,2017-11-12,12:28:00,Sunday,Wigan,E08000010,Urban,53.516743,-2.477579,E01006293
06L037078,2017,Serious,Male,26 - 35,Urban area,More deprived 20-30%,2,1,Single carriageway,30,Crossroads,Darkness - lights lit,Fine no high winds,Wet or damp,None,Non-trunk,Slowing or stopping,On main c'way - not in restricted lane,None,None,Back,Not known,2017-10-29,01:59:00,Sunday,Wigan,E08000010,Urban,53.558962,-2.655255,E01006253
06L037165,2017,Slight,Male,16 - 20,Urban area,Less deprived 30-40%,2,1,Single carriageway,30,Crossroads,Darkness - lights lit,Unknown,Dry,None,Non-trunk,Turning left,On main c'way - not in restricted lane,None,Road sign or traffic signal,Offside,Not known,2017-11-09,16:41:00,Thursday,Wigan,E08000010,Urban,53.540026,-2.70402,E01006364
06L037343,2017,Slight,Male,21 - 25,Urban area,Most deprived 10%,2,1,Dual carriageway,30,More than 4 arms (not roundabout),Darkness - lights lit,Fine no high winds,Wet or damp,None,Non-trunk,Going ahead other,On main c'way - not in restricted lane,None,None,Offside,Journey as part of work,2017-11-17,17:00:00,Friday,Wigan,E08000010,Urban,53.540047,-2.65104,E01006349
06L037831,2017,Slight,Male,11 - 15,Urban area,More deprived 20-30%,2,1,Single carriageway,30,Not at junction or within 20 metres,Darkness - lights lit,Raining no high winds,Wet or damp,None,Non-trunk,Going ahead other,On main c'way - not in restricted lane,None,None,Back,Not known,2017-11-25,17:00:00,Saturday,Wigan,E08000010,Urban,53.514043,-2.440889,E01006380
06M025613,2017,Slight,Male,26 - 35,Urban area,More deprived 30-40%,2,1,Single carriageway,30,Not at junction or within 20 metres,Daylight,Unknown,Dry,None,Non-trunk,Going ahead other,On main c'way - not in restricted lane,None,None,Did not impact,Not known,2017-01-03,13:30:00,Tuesday,Trafford,E08000009,Urban,53.464446,-2.322389,E01006158
06M025645,2017,Slight,Male,26 - 35,Data missing or out of range,Data missing or out of range,2,1,Dual carriageway,30,Crossroads,Darkness - lights lit,Fine no high winds,Wet or damp,None,Non-trunk,Going ahead other,On main c'way - not in restricted lane,None,None,Nearside,Not known,2017-01-06,18:05:00,Friday,Trafford,E08000009,Urban,53.462797,-2.317256,E01006157
06M025783,2017,Slight,Male,16 - 20,Urban area,Less deprived 20-30%,2,1,Single carriageway,30,Not at junction or within 20 metres,Darkness - lights lit,Fine no high winds,Wet or damp,None,Non-trunk,Going ahead other,On main c'way - not in restricted lane,None,None,Front,Not known,2017-01-06,23:29:00,Friday,Trafford,E08000009,Urban,53.414864,-2.332501,E01006101
06M025865,2017,Slight,Male,36 - 45,Urban area,More deprived 40-50%,2,1,Roundabout,30,Roundabout,Darkness - lights lit,Fine no high winds,Dry,None,Non-trunk,Going ahead other,On main c'way - not in restricted lane,None,None,Nearside,Commuting to/from work,2017-01-10,22:10:00,Tuesday,Trafford,E08000009,Urban,53.471701,-2.315063,E01006121
06M026057,2017,Slight,Male,46 - 55,Urban area,More deprived 20-30%,2,1,Roundabout,30,Mini-roundabout,Darkness - lights lit,Fine no high winds,Dry,None,Non-trunk,Going ahead other,On main c'way - not in restricted lane,None,None,Front,Not known,2017-01-24,17:07:00,Tuesday,Trafford,E08000009,Urban,53.417602,-2.310451,E01006099
06M026566,2017,Slight,Male,36 - 45,Urban area,Most deprived 10%,2,1,Single carriageway,30,T or staggered junction,Daylight,Fine no high winds,Dry,None,Non-trunk,Moving off,On main c'way - not in restricted lane,None,None,Front,Commuting to/from work,2017-02-14,09:17:00,Tuesday,Trafford,E08000009,Urban,53.464109,-2.265948,E01006185
06M026968,2017,Slight,Male,46 - 55,Urban area,Least deprived 10%,2,1,Roundabout,30,Roundabout,Daylight,Fine no high winds,Dry,None,Non-trunk,Going ahead other,On main c'way - not in restricted lane,None,None,Front,Commuting to/from work,2017-02-02,09:30:00,Thursday,Trafford,E08000009,Urban,53.388767,-2.317216,E01006209
06M027248,2017,Slight,Male,26 - 35,Urban area,More deprived 40-50%,2,1,Single carriageway,30,T or staggered junction,Daylight,Fine no high winds,Dry,None,Non-trunk,Slowing or stopping,On main c'way - not in restricted lane,None,None,Front,Not known,2017-02-12,13:55:00,Sunday,Trafford,E08000009,Urban,53.393891000000004,-2.372953,E01006074
06M027276,2017,Slight,Female,56 - 65,Urban area,Less deprived 20-30%,2,1,Single carriageway,30,T or staggered junction,Darkness - lights lit,Unknown,Wet or damp,None,Non-trunk,Going ahead right-hand bend,On main c'way - not in restricted lane,None,None,Offside,Not known,2017-02-15,18:16:00,Wednesday,Trafford,E08000009,Urban,53.381569,-2.348612,E01006077
06M027277,2017,Slight,Female,26 - 35,Urban area,More deprived 40-50%,2,1,Single carriageway,30,Crossroads,Darkness - lights lit,Fine no high winds,Dry,None,Non-trunk,Going ahead other,On main c'way - not in restricted lane,None,None,Nearside,Journey as part of work,2017-02-14,05:55:00,Tuesday,Trafford,E08000009,Urban,53.465466,-2.32422,E01006158
06M027289,2017,Slight,Male,36 - 45,Urban area,More deprived 20-30%,2,1,Single carriageway,30,T or staggered junction,Darkness - lights lit,Fine no high winds,Dry,None,Non-trunk,Going ahead other,On main c'way - not in restricted lane,None,None,Offside,Journey as part of work,2017-02-16,19:28:00,Thursday,Trafford,E08000009,Urban,53.455625,-2.269223,E01006113
06M027629,2017,Slight,Male,36 - 45,Urban area,Less deprived 10-20%,2,1,Single carriageway,60,Not at junction or within 20 metres,Daylight,Fine no high winds,Dry,None,Non-trunk,Going ahead other,On main c'way - not in restricted lane,None,None,Offside,Not known,2017-02-16,08:10:00,Thursday,Trafford,E08000009,Urban,53.386032,-2.311257,E01006209
06M027655,2017,Slight,Male,21 - 25,Urban area,Most deprived 10%,2,1,Single carriageway,30,Not at junction or within 20 metres,Darkness - lights lit,Fine no high winds,Dry,None,Non-trunk,Going ahead other,Cycle lane (on main carriageway),None,None,Front,Not known,2017-02-16,18:30:00,Thursday,Trafford,E08000009,Urban,53.393989,-2.352368,E01006075
06M028001,2017,Slight,Male,36 - 45,Urban area,Least deprived 10%,2,1,Single carriageway,30,Not at junction or within 20 metres,Daylight,Fine no high winds,Dry,None,Non-trunk,Going ahead other,On main c'way - not in restricted lane,None,None,Nearside,Journey as part of work,2017-03-07,08:22:00,Tuesday,Trafford,E08000009,Urban,53.450933,-2.292338,E01006142
06M028023,2017,Slight,Male,21 - 25,Urban area,Most deprived 10%,2,1,Single carriageway,30,T or staggered junction,Darkness - lights lit,Fine no high winds,Dry,None,Non-trunk,Going ahead other,On main c'way - not in restricted lane,None,None,Offside,Not known,2017-03-08,21:50:00,Wednesday,Trafford,E08000009,Urban,53.462498,-2.26657,E01006111
06M028127,2017,Slight,Male,36 - 45,Urban area,Less deprived 30-40%,2,1,Roundabout,30,Roundabout,Daylight,Raining no high winds,Wet or damp,None,Non-trunk,Going ahead left-hand bend,On main c'way - not in restricted lane,None,None,Front,Not known,2017-03-17,17:05:00,Friday,Trafford,E08000009,Urban,53.462803,-2.282764,E01006186
06M028202,2017,Slight,Female,46 - 55,Data missing or out of range,Data missing or out of range,2,1,Single carriageway,30,T or staggered junction,Daylight,Unknown,Dry,None,Non-trunk,Going ahead other,On main c'way - not in restricted lane,None,None,Front,Not known,2017-03-28,14:20:00,Tuesday,Trafford,E08000009,Urban,53.452322,-2.362352,E01006120
06M028308,2017,Slight,Male,11 - 15,Urban area,More deprived 40-50%,2,1,Single carriageway,30,Crossroads,Daylight,Fine no high winds,Dry,None,Non-trunk,Going ahead other,On main c'way - not in restricted lane,None,None,Offside,Not known,2017-03-26,14:30:00,Sunday,Trafford,E08000009,Urban,53.417276,-2.324922,E01006097
06M028418,2017,Slight,Male,46 - 55,Urban area,More deprived 10-20%,2,1,Roundabout,30,Mini-roundabout,Daylight,Fine no high winds,Dry,None,Non-trunk,Going ahead other,On main c'way - not in restricted lane,None,None,Nearside,Not known,2017-03-23,15:45:00,Thursday,Trafford,E08000009,Urban,53.41762,-2.310375,E01006099
06M028939,2017,Slight,Male,56 - 65,Urban area,More deprived 30-40%,2,1,Single carriageway,30,Not at junction or within 20 metres,Daylight,Fine no high winds,Dry,None,Non-trunk,Going ahead other,On main c'way - not in restricted lane,None,None,Front,Not known,2017-04-23,09:45:00,Sunday,Trafford,E08000009,Urban,53.386747,-2.348564,E01006075
06M029393,2017,Slight,Female,36 - 45,Urban area,Most deprived 10%,2,1,Dual carriageway,30,Crossroads,Daylight,Fine no high winds,Dry,None,Non-trunk,Going ahead other,On main c'way - not in restricted lane,None,None,Front,Not known,2017-04-16,07:13:00,Sunday,Trafford,E08000009,Urban,53.464606,-2.284162,E01006188
06M029415,2017,Slight,Male,46 - 55,Urban area,Less deprived 40-50%,2,1,Single carriageway,30,Not at junction or within 20 metres,Darkness - lights lit,Fine no high winds,Dry,None,Non-trunk,Going ahead other,On main c'way - not in restricted lane,None,None,Front,Not known,2017-04-19,21:01:00,Wednesday,Trafford,E08000009,Urban,53.452471,-2.313189,E01006189
06M029658,2017,Slight,Male,21 - 25,Urban area,More deprived 20-30%,2,1,Single carriageway,30,Not at junction or within 20 metres,Daylight,Fine no high winds,Dry,None,Non-trunk,Going ahead other,On main c'way - not in restricted lane,None,None,Front,Commuting to/from work,2017-03-15,17:05:00,Wednesday,Trafford,E08000009,Urban,53.471867,-2.316902,E01006121
06M029879,2017,Slight,Female,6 - 10,Urban area,Less deprived 20-30%,2,1,Single carriageway,30,Private drive or entrance,Daylight,Fine no high winds,Dry,None,Non-trunk,Going ahead other,Footway (pavement),None,None,Offside,Not known,2017-04-05,19:30:00,Wednesday,Trafford,E08000009,Urban,53.450193,-2.327702,E01006182
06M030225,2017,Slight,Male,36 - 45,Urban area,Less deprived 20-30%,2,1,Single carriageway,30,Private drive or entrance,Daylight,Fine no high winds,Dry,None,Non-trunk,Going ahead other,On main c'way - not in restricted lane,None,None,Front,Journey as part of work,2017-05-09,09:07:00,Tuesday,Trafford,E08000009,Urban,53.457458,-2.288663,E01006186
06M030468,2017,Serious,Male,26 - 35,Urban area,More deprived 20-30%,2,1,Single carriageway,30,T or staggered junction,Daylight,Fine no high winds,Dry,None,Non-trunk,Going ahead other,On main c'way - not in restricted lane,None,None,Front,Journey as part of work,2017-04-07,18:45:00,Friday,Trafford,E08000009,Urban,53.460814,-2.276139,E01006188
06M031115,2017,Serious,Male,56 - 65,Urban area,More deprived 40-50%,2,1,Single carriageway,30,Not at junction or within 20 metres,Daylight,Fine no high winds,Dry,None,Non-trunk,Going ahead other,On main c'way - not in restricted lane,None,None,Front,Not known,2017-05-22,13:35:00,Monday,Trafford,E08000009,Urban,53.424199,-2.317391,E01006161
06M031234,2017,Slight,Male,36 - 45,Data missing or out of range,Data missing or out of range,2,1,Dual carriageway,30,Crossroads,Darkness - lights lit,Fine no high winds,Dry,None,Non-trunk,Going ahead other,On main c'way - not in restricted lane,None,None,Offside,Not known,2017-05-30,23:55:00,Tuesday,Trafford,E08000009,Urban,53.399481,-2.352368,E01006089
06M031259,2017,Serious,Male,46 - 55,Urban area,Less deprived 10-20%,2,1,Roundabout,30,Roundabout,Daylight,Fine no high winds,Dry,None,Non-trunk,Going ahead other,On main c'way - not in restricted lane,None,None,Nearside,Commuting to/from work,2017-05-31,17:40:00,Wednesday,Trafford,E08000009,Urban,53.468826,-2.324848,E01006121
06M031302,2017,Slight,Male,21 - 25,Urban area,Least deprived 10%,2,1,Roundabout,40,Roundabout,Daylight,Fine no high winds,Dry,None,Non-trunk,Going ahead other,On main c'way - not in restricted lane,None,None,Front,Not known,2017-06-13,15:27:00,Tuesday,Trafford,E08000009,Urban,53.467259,-2.34484,E01006121
06M031489,2017,Slight,Male,46 - 55,Urban area,Less deprived 10-20%,2,1,Single carriageway,30,T or staggered junction,Daylight,Fine no high winds,Dry,None,Non-trunk,Going ahead other,On main c'way - not in restricted lane,None,None,Back,Not known,2017-06-15,12:50:00,Thursday,Trafford,E08000009,Urban,53.421382,-2.308582,E01006174
06M032056,2017,Slight,Male,11 - 15,Data missing or out of range,Data missing or out of range,2,1,Roundabout,30,Roundabout,Daylight,Fine no high winds,Dry,None,Non-trunk,Going ahead other,On main c'way - not in restricted lane,None,None,Nearside,Not known,2017-04-10,13:47:00,Monday,Trafford,E08000009,Urban,53.462107,-2.357435,E01006121
06M032194,2017,Serious,Male,46 - 55,Urban area,Less deprived 20-30%,2,1,Single carriageway,40,Private drive or entrance,Daylight,Raining no high winds,Wet or damp,None,Non-trunk,Overtaking static vehicle - offside,On main c'way - not in restricted lane,None,None,Front,Commuting to/from work,2017-06-28,18:35:00,Wednesday,Trafford,E08000009,Rural,53.432696,-2.369576,E01006107
06M032251,2017,Slight,Male,46 - 55,Data missing or out of range,Data missing or out of range,2,1,Dual carriageway,30,T or staggered junction,Daylight,Fine no high winds,Dry,None,Non-trunk,Going ahead other,On main c'way - not in restricted lane,None,None,Nearside,Journey as part of work,2017-06-23,15:18:00,Friday,Trafford,E08000009,Urban,53.452378,-2.300223,E01006187
06M032259,2017,Slight,Male,26 - 35,Urban area,Less deprived 10-20%,2,1,Single carriageway,30,Not at junction or within 20 metres,Daylight,Fine no high winds,Dry,None,Non-trunk,Overtaking - nearside,On main c'way - not in restricted lane,None,None,Front,Commuting to/from work,2017-07-06,18:02:00,Thursday,Trafford,E08000009,Urban,53.456802,-2.296038,E01006187
06M032525,2017,Slight,Male,26 - 35,Urban area,Less deprived 10-20%,2,1,Single carriageway,30,Private drive or entrance,Daylight,Fine no high winds,Dry,None,Non-trunk,Going ahead other,On main c'way - not in restricted lane,None,None,Front,Not known,2017-07-06,18:00:00,Thursday,Trafford,E08000009,Urban,53.421397,-2.299208,E01006178
06M032625,2017,Serious,Male,46 - 55,Urban area,Less deprived 20-30%,2,1,Roundabout,30,Roundabout,Daylight,Fine no high winds,Dry,None,Non-trunk,Going ahead right-hand bend,On main c'way - not in restricted lane,None,None,Front,Not known,2017-07-09,13:34:00,Sunday,Trafford,E08000009,Urban,53.457352,-2.357516,E01006118
06M032720,2017,Slight,Male,6 - 10,Urban area,More deprived 20-30%,2,1,Single carriageway,30,Not at junction or within 20 metres,Daylight,Fine no high winds,Dry,None,Non-trunk,Going ahead other,Footway (pavement),None,None,Front,Other,2017-07-13,16:55:00,Thursday,Trafford,E08000009,Urban,53.410637,-2.299388,E01006177
06M032962,2017,Slight,Male,16 - 20,Urban area,More deprived 30-40%,2,1,Single carriageway,30,Not at junction or within 20 metres,Darkness - lights lit,Raining no high winds,Wet or damp,None,Non-trunk,Going ahead other,On main c'way - not in restricted lane,None,None,Front,Not known,2017-07-13,22:19:00,Thursday,Trafford,E08000009,Urban,53.454105,-2.317056,E01006157
06M032965,2017,Slight,Male,11 - 15,Urban area,Less deprived 20-30%,2,1,Single carriageway,30,T or staggered junction,Daylight,Fine no high winds,Dry,None,Non-trunk,Turning right,On main c'way - not in restricted lane,None,None,Offside,Journey as part of work,2017-07-07,08:40:00,Friday,Trafford,E08000009,Urban,53.391395,-2.305266,E01006207
06M033057,2017,Slight,Male,11 - 15,Urban area,Less deprived 30-40%,2,1,Single carriageway,30,T or staggered junction,Daylight,Fine no high winds,Dry,None,Non-trunk,Turning right,On main c'way - not in restricted lane,None,None,Back,Pupil riding to/from school,2017-07-18,15:30:00,Tuesday,Trafford,E08000009,Urban,53.402583,-2.333277,E01006093
06M033151,2017,Slight,Male,26 - 35,Urban area,More deprived 40-50%,2,1,Single carriageway,30,T or staggered junction,Daylight,Fine no high winds,Dry,None,Non-trunk,Moving off,On main c'way - not in restricted lane,None,None,Front,Not known,2017-07-25,13:45:00,Tuesday,Trafford,E08000009,Urban,53.451331,-2.305501,E01006189
06M033340,2017,Slight,Male,46 - 55,Urban area,More deprived 40-50%,3,1,Dual carriageway,30,T or staggered junction,Daylight,Fine no high winds,Dry,None,Non-trunk,Going ahead other,On main c'way - not in restricted lane,None,None,Offside,Commuting to/from work,2017-06-21,07:30:00,Wednesday,Trafford,E08000009,Urban,53.462505,-2.275412,E01006188
06M033533,2017,Slight,Female,16 - 20,Urban area,More deprived 10-20%,2,1,Single carriageway,40,T or staggered junction,Daylight,Fine no high winds,Dry,None,Non-trunk,Going ahead other,On main c'way - not in restricted lane,None,None,Front,Not known,2017-07-24,17:30:00,Monday,Trafford,E08000009,Urban,53.460137,-2.327041,E01006157
06M033768,2017,Slight,Male,16 - 20,Urban area,More deprived 40-50%,2,1,Dual carriageway,40,Private drive or entrance,Daylight,Fine no high winds,Dry,None,Non-trunk,Going ahead other,Cycle lane (on main carriageway),Kerb,None,Back,Not known,2017-08-10,13:21:00,Thursday,Trafford,E08000009,Urban,53.444158,-2.308973,E01006144
06M034016,2017,Fatal,Female,21 - 25,Urban area,Less deprived 10-20%,2,2,Single carriageway,30,T or staggered junction,Daylight,Fine no high winds,Dry,None,Non-trunk,Turning left,On main c'way - not in restricted lane,None,None,Back,Not known,2017-08-27,07:45:00,Sunday,Trafford,E08000009,Urban,53.391924,-2.332998,E01006191
06M034244,2017,Serious,Male,56 - 65,Urban area,More deprived 20-30%,2,1,Dual carriageway,30,Roundabout,Daylight,Fine no high winds,Dry,None,Non-trunk,Going ahead other,On main c'way - not in restricted lane,None,None,Offside,Not known,2017-08-09,18:17:00,Wednesday,Trafford,E08000009,Urban,53.462437,-2.307027,E01006157
06M034332,2017,Serious,Male,46 - 55,Data missing or out of range,Data missing or out of range,2,1,Dual carriageway,30,More than 4 arms (not roundabout),Daylight,Fine no high winds,Dry,None,Non-trunk,Going ahead other,On main c'way - not in restricted lane,None,None,Nearside,Not known,2017-08-12,15:00:00,Saturday,Trafford,E08000009,Urban,53.463388,-2.282135,E01006188
06M034499,2017,Slight,Male,56 - 65,Urban area,More deprived 20-30%,2,1,Single carriageway,30,Crossroads,Daylight,Unknown,Dry,None,Non-trunk,Going ahead other,On main c'way - not in restricted lane,None,None,Front,Not known,2017-08-29,18:35:00,Tuesday,Trafford,E08000009,Urban,53.423049,-2.339999,E01006148
06M034685,2017,Slight,Male,11 - 15,Urban area,More deprived 30-40%,2,1,Single carriageway,20,Not at junction or within 20 metres,Daylight,Raining no high winds,Wet or damp,None,Non-trunk,Moving off,On main c'way - not in restricted lane,None,None,Front,Not known,2017-09-04,19:16:00,Monday,Trafford,E08000009,Urban,53.4584,-2.300311,E01006186
06M034956,2017,Slight,Male,46 - 55,Urban area,More deprived 30-40%,2,1,Dual carriageway,30,T or staggered junction,Daylight,Fine no high winds,Wet or damp,None,Non-trunk,Going ahead other,On main c'way - not in restricted lane,None,None,Offside,Commuting to/from work,2017-09-07,17:24:00,Thursday,Trafford,E08000009,Urban,53.463824,-2.280286,E01006188
06M035416,2017,Slight,Male,11 - 15,Urban area,More deprived 20-30%,2,1,Single carriageway,30,T or staggered junction,Daylight,Fine no high winds,Wet or damp,None,Non-trunk,Going ahead other,On main c'way - not in restricted lane,None,None,Front,Pupil riding to/from school,2017-09-27,08:30:00,Wednesday,Trafford,E08000009,Urban,53.413936,-2.302886,E01006177
06M035655,2017,Slight,Male,21 - 25,Urban area,More deprived 10-20%,2,1,Single carriageway,30,T or staggered junction,Daylight,Raining no high winds,Wet or damp,None,Non-trunk,Going ahead other,On main c'way - not in restricted lane,None,None,Back,Not known,2017-10-01,18:20:00,Sunday,Trafford,E08000009,Urban,53.463335,-2.266259,E01006185
06M035936,2017,Serious,Male,66 - 75,Urban area,Less deprived 40-50%,2,1,Dual carriageway,30,Crossroads,Daylight,Raining no high winds,Wet or damp,None,Non-trunk,Going ahead other,On main c'way - not in restricted lane,None,None,Front,Not known,2017-10-07,15:05:00,Saturday,Trafford,E08000009,Urban,53.445406,-2.302493,E01006143
06M036139,2017,Slight,Female,11 - 15,Urban area,More deprived 20-30%,2,1,Single carriageway,30,Not at junction or within 20 metres,Darkness - lights lit,Fine no high winds,Dry,None,Non-trunk,Going ahead other,On main c'way - not in restricted lane,None,None,Front,Not known,2017-10-18,18:46:00,Wednesday,Trafford,E08000009,Urban,53.457245,-2.345045,E01006121
06M036209,2017,Slight,Male,26 - 35,Urban area,Less deprived 30-40%,2,1,Dual carriageway,30,T or staggered junction,Daylight,Raining no high winds,Wet or damp,None,Non-trunk,Going ahead other,Cycle lane (on main carriageway),None,None,Front,Journey as part of work,2017-10-20,08:30:00,Friday,Trafford,E08000009,Urban,53.457009,-2.26137,E01006115
06M036444,2017,Serious,Male,26 - 35,Urban area,More deprived 10-20%,2,1,Single carriageway,30,T or staggered junction,Darkness - lights lit,Unknown,Wet or damp,None,Non-trunk,Going ahead other,On main c'way - not in restricted lane,None,None,Offside,Commuting to/from work,2017-10-24,07:40:00,Tuesday,Trafford,E08000009,Urban,53.426058,-2.300971,E01006164
06M036495,2017,Serious,Male,36 - 45,Urban area,Most deprived 10%,2,1,Dual carriageway,40,Not at junction or within 20 metres,Darkness - lights lit,Fine no high winds,Dry,None,Non-trunk,Going ahead other,On main c'way - not in restricted lane,None,None,Offside,Not known,2017-10-25,22:21:00,Wednesday,Trafford,E08000009,Urban,53.466717,-2.329848,E01006121
06M037045,2017,Serious,Male,26 - 35,Data missing or out of range,Data missing or out of range,2,1,Single carriageway,40,Crossroads,Daylight,Fine no high winds,Dry,Roadworks,Non-trunk,Going ahead other,On main c'way - not in restricted lane,None,None,Nearside,Commuting to/from work,2017-11-10,12:30:00,Friday,Trafford,E08000009,Urban,53.467299,-2.317621,E01006158
06M037076,2017,Slight,Male,46 - 55,Urban area,Least deprived 10%,2,1,Single carriageway,30,T or staggered junction,Daylight,Fine no high winds,Dry,None,Non-trunk,Going ahead other,On main c'way - not in restricted lane,None,None,Front,Commuting to/from work,2017-11-10,14:00:00,Friday,Trafford,E08000009,Urban,53.417626,-2.430035,E01006104
06M037206,2017,Serious,Female,21 - 25,Urban area,More deprived 10-20%,2,1,One way street,30,More than 4 arms (not roundabout),Darkness - lights lit,Fine no high winds,Dry,Auto traffic signal - out,Non-trunk,Going ahead other,On main c'way - not in restricted lane,None,None,Front,Not known,2017-11-13,16:48:00,Monday,Trafford,E08000009,Urban,53.467334,-2.304411,E01006157
06M037222,2017,Slight,Male,26 - 35,Urban area,Less deprived 10-20%,2,1,Single carriageway,30,T or staggered junction,Darkness - lights lit,Fine no high winds,Dry,None,Non-trunk,Going ahead other,On main c'way - not in restricted lane,None,None,Nearside,Journey as part of work,2017-10-15,19:45:00,Sunday,Trafford,E08000009,Urban,53.377987,-2.347154,E01006082
06M037260,2017,Slight,Female,46 - 55,Urban area,More deprived 20-30%,2,1,Dual carriageway,30,T or staggered junction,Daylight,Fine no high winds,Wet or damp,None,Non-trunk,Going ahead other,On main c'way - not in restricted lane,None,None,Offside,Journey as part of work,2017-11-17,07:29:00,Friday,Trafford,E08000009,Urban,53.462631,-2.308429,E01006157
06M037403,2017,Slight,Male,46 - 55,Urban area,Less deprived 20-30%,2,1,Single carriageway,30,T or staggered junction,Daylight,Fine no high winds,Wet or damp,None,Non-trunk,Going ahead other,Cycle lane (on main carriageway),None,None,Front,Not known,2017-11-15,07:50:00,Wednesday,Trafford,E08000009,Urban,53.463981,-2.289821,E01006186
06M037447,2017,Slight,Female,26 - 35,Urban area,More deprived 10-20%,2,1,Single carriageway,30,T or staggered junction,Darkness - lights unlit,Raining no high winds,Wet or damp,None,Non-trunk,Waiting to turn left,On main c'way - not in restricted lane,None,None,Offside,Commuting to/from work,2017-11-20,07:45:00,Monday,Trafford,E08000009,Urban,53.453144,-2.273273,E01006114
06M037579,2017,Slight,Male,36 - 45,Urban area,More deprived 30-40%,2,1,Dual carriageway,30,More than 4 arms (not roundabout),Darkness - lights lit,Raining no high winds,Wet or damp,Roadworks,Non-trunk,Going ahead other,On main c'way - not in restricted lane,None,None,Nearside,Commuting to/from work,2017-11-20,18:44:00,Monday,Trafford,E08000009,Urban,53.467396,-2.304682,E01006157
06M038593,2017,Slight,Male,36 - 45,Urban area,Less deprived 20-30%,2,1,Single carriageway,30,T or staggered junction,Darkness - lights lit,Raining no high winds,Wet or damp,None,Non-trunk,Going ahead other,On main c'way - not in restricted lane,None,None,Nearside,Not known,2017-12-13,18:40:00,Wednesday,Trafford,E08000009,Urban,53.463126,-2.271078,E01006185
06M038711,2017,Serious,Male,26 - 35,Urban area,More deprived 30-40%,2,1,Single carriageway,30,T or staggered junction,Darkness - lights lit,Fine no high winds,Wet or damp,None,Non-trunk,Turning right,On main c'way - not in restricted lane,None,None,Front,Not known,2017-11-04,19:21:00,Saturday,Trafford,E08000009,Urban,53.450645,-2.273182,E01006115
06M039306,2017,Serious,Female,46 - 55,Urban area,Least deprived 10%,2,1,Single carriageway,30,Not at junction or within 20 metres,Darkness - lights lit,Other,Wet or damp,None,Non-trunk,Going ahead other,On main c'way - not in restricted lane,None,None,Nearside,Journey as part of work,2017-11-10,16:40:00,Friday,Trafford,E08000009,Urban,53.431305,-2.332163,E01006154
06ME27315,2017,Slight,Female,26 - 35,Urban area,More deprived 40-50%,2,1,Single carriageway,30,T or staggered junction,Daylight,Fine no high winds,Dry,None,Non-trunk,Turning right,On main c'way - not in restricted lane,None,None,Nearside,Not known,2017-02-15,08:30:00,Wednesday,Trafford,E08000009,Urban,53.459973,-2.253782,E01006109
06N025460,2017,Serious,Male,56 - 65,Urban area,More deprived 10-20%,2,1,Single carriageway,30,Crossroads,Darkness - lights lit,Raining no high winds,Wet or damp,None,Non-trunk,Going ahead other,On main c'way - not in restricted lane,None,None,Offside,Commuting to/from work,2017-01-12,06:01:00,Thursday,Bury,E08000002,Urban,53.547861,-2.293411,E01004986
06N025834,2017,Slight,Male,46 - 55,Rural,More deprived 40-50%,2,1,Single carriageway,30,T or staggered junction,Daylight,Fine no high winds,Wet or damp,None,Non-trunk,Going ahead other,On main c'way - not in restricted lane,None,None,Offside,Not known,2017-01-29,09:35:00,Sunday,Bury,E08000002,Urban,53.573463,-2.2954310000000002,E01005060
06N025871,2017,Slight,Male,26 - 35,Urban area,Most deprived 10%,2,1,Single carriageway,30,Not at junction or within 20 metres,Darkness - lighting unknown,Raining no high winds,Wet or damp,None,Non-trunk,Going ahead other,On main c'way - not in restricted lane,None,None,Offside,Not known,2017-01-11,06:19:00,Wednesday,Bury,E08000002,Urban,53.597997,-2.27481,E01004960
06N027048,2017,Slight,Male,26 - 35,Small town,Less deprived 10-20%,2,1,Single carriageway,30,Crossroads,Darkness - lights lit,Fine + high winds,Dry,Auto traffic signal - out,Non-trunk,Going ahead other,On main c'way - not in restricted lane,None,None,Front,Not known,2017-02-08,22:05:00,Wednesday,Bury,E08000002,Urban,53.518798,-2.271944,E01005033
06N028192,2017,Slight,Male,11 - 15,Urban area,More deprived 40-50%,2,1,Dual carriageway,30,T or staggered junction,Daylight,Fine no high winds,Dry,None,Non-trunk,Going ahead other,On main c'way - not in restricted lane,None,None,Front,Not known,2017-03-21,15:20:00,Tuesday,Bury,E08000002,Urban,53.596849,-2.31016,E01004964
06N028232,2017,Slight,Male,36 - 45,Urban area,Less deprived 40-50%,2,1,Roundabout,30,Mini-roundabout,Daylight,Unknown,Dry,None,Non-trunk,Going ahead other,On main c'way - not in restricted lane,None,None,Front,Not known,2017-03-19,13:05:00,Sunday,Bury,E08000002,Urban,53.554568,-2.303224,E01005011
06N028236,2017,Slight,Male,36 - 45,Urban area,Less deprived 10-20%,2,1,Single carriageway,30,Crossroads,Daylight,Other,Dry,None,Non-trunk,Turning right,On main c'way - not in restricted lane,None,None,Nearside,Not known,2017-04-04,17:55:00,Tuesday,Bury,E08000002,Urban,53.597978,-2.275203,E01004960
06N028859,2017,Slight,Male,36 - 45,Urban area,More deprived 30-40%,2,1,Single carriageway,20,T or staggered junction,Daylight,Raining no high winds,Wet or damp,None,Non-trunk,Turning right,On main c'way - not in restricted lane,None,None,Nearside,Journey as part of work,2017-03-10,08:50:00,Friday,Bury,E08000002,Urban,53.583235,-2.291164,E01005028
06N029111,2017,Slight,Male,11 - 15,Urban area,Less deprived 10-20%,2,1,Single carriageway,30,Private drive or entrance,Daylight,Fine no high winds,Dry,None,Non-trunk,Going ahead other,On main c'way - not in restricted lane,None,None,Offside,Not known,2017-03-21,07:54:00,Tuesday,Bury,E08000002,Urban,53.587795,-2.321635,E01004953
06N029531,2017,Serious,Male,36 - 45,Urban area,Less deprived 20-30%,2,1,Single carriageway,30,T or staggered junction,Daylight,Fine no high winds,Dry,None,Non-trunk,Going ahead other,On main c'way - not in restricted lane,None,Other permanent object,Back,Commuting to/from work,2017-03-29,08:25:00,Wednesday,Bury,E08000002,Urban,53.527588,-2.280207,E01005045
06N030005,2017,Slight,Male,16 - 20,Urban area,Less deprived 10-20%,2,1,Dual carriageway,30,Not at junction or within 20 metres,Daylight,Fine no high winds,Dry,None,Non-trunk,Going ahead other,On main c'way - not in restricted lane,None,None,Back,Journey as part of work,2017-04-26,19:00:00,Wednesday,Bury,E08000002,Rural,53.631807,-2.316208,E01005022
06N030190,2017,Serious,Male,36 - 45,Small town,Less deprived 10-20%,2,1,Single carriageway,30,T or staggered junction,Daylight,Fine no high winds,Dry,None,Non-trunk,Going ahead other,On main c'way - not in restricted lane,None,None,Back,Commuting to/from work,2017-05-05,16:25:00,Friday,Bury,E08000002,Urban,53.562948,-2.291326,E01005055
06N030193,2017,Slight,Male,66 - 75,Urban area,More deprived 10-20%,2,1,Dual carriageway,30,T or staggered junction,Daylight,Fine no high winds,Dry,None,Non-trunk,Going ahead other,On main c'way - not in restricted lane,None,None,Back,Commuting to/from work,2017-03-13,08:05:00,Monday,Bury,E08000002,Urban,53.601413,-2.285803,E01004956
06N030419,2017,Serious,Male,11 - 15,Urban area,Least deprived 10%,2,1,Single carriageway,30,Not at junction or within 20 metres,Daylight,Fine no high winds,Dry,None,Non-trunk,Going ahead other,On main c'way - not in restricted lane,None,None,Nearside,Not known,2017-05-03,17:28:00,Wednesday,Bury,E08000002,Urban,53.592372,-2.32099,E01004948
06N030662,2017,Slight,Male,36 - 45,Urban area,More deprived 40-50%,2,1,Single carriageway,30,Not at junction or within 20 metres,Daylight,Fine no high winds,Dry,None,Non-trunk,Going ahead other,On main c'way - not in restricted lane,None,None,Did not impact,Commuting to/from work,2017-05-23,20:10:00,Tuesday,Bury,E08000002,Rural,53.574128,-2.361127,E01005000
06N030669,2017,Serious,Male,66 - 75,Urban area,More deprived 10-20%,2,1,Roundabout,30,Mini-roundabout,Daylight,Fine no high winds,Dry,None,Non-trunk,Going ahead other,On main c'way - not in restricted lane,None,None,Front,Not known,2017-05-18,10:15:00,Thursday,Bury,E08000002,Urban,53.539526,-2.27173,E01004973
06N031146,2017,Serious,Male,36 - 45,Urban area,More deprived 30-40%,2,1,Single carriageway,30,Not at junction or within 20 metres,Daylight,Fine no high winds,Dry,None,Non-trunk,Going ahead other,On main c'way - not in restricted lane,None,None,Front,Not known,2017-06-01,20:15:00,Thursday,Bury,E08000002,Urban,53.600599,-2.339548,E01005053
06N031342,2017,Slight,Male,36 - 45,Urban area,More deprived 20-30%,2,1,Dual carriageway,30,T or staggered junction,Daylight,Fine no high winds,Dry,None,Non-trunk,Going ahead other,On main c'way - not in restricted lane,None,None,Offside,Commuting to/from work,2017-06-09,17:50:00,Friday,Bury,E08000002,Urban,53.526117,-2.278855,E01005036
06N031772,2017,Slight,Male,36 - 45,Urban area,More deprived 10-20%,2,1,Dual carriageway,30,More than 4 arms (not roundabout),Daylight,Fine no high winds,Dry,None,Non-trunk,Going ahead other,On main c'way - not in restricted lane,None,None,Nearside,Not known,2017-05-19,15:55:00,Friday,Bury,E08000002,Urban,53.5969,-2.289837,E01004980
06N031969,2017,Slight,Female,11 - 15,Data missing or out of range,Data missing or out of range,2,1,Single carriageway,30,T or staggered junction,Daylight,Raining no high winds,Wet or damp,None,Non-trunk,Turning left,On main c'way - not in restricted lane,None,None,Front,Not known,2017-06-23,20:35:00,Friday,Bury,E08000002,Urban,53.601365,-2.275935,E01004960
06N032715,2017,Slight,Male,46 - 55,Urban area,More deprived 40-50%,2,1,Dual carriageway,30,Crossroads,Daylight,Fine no high winds,Dry,None,Non-trunk,Going ahead other,On main c'way - not in restricted lane,None,None,Offside,Journey as part of work,2017-07-05,11:30:00,Wednesday,Bury,E08000002,Urban,53.590434,-2.295096,E01005024
06N033187,2017,Serious,Male,46 - 55,Urban area,Less deprived 40-50%,2,1,Roundabout,30,Mini-roundabout,Daylight,Unknown,Dry,None,Non-trunk,Going ahead other,On main c'way - not in restricted lane,None,None,Offside,Not known,2017-07-17,13:35:00,Monday,Bury,E08000002,Urban,53.564369,-2.351291,E01004995
06N033540,2017,Slight,Male,16 - 20,Urban area,More deprived 30-40%,2,1,Dual carriageway,30,T or staggered junction,Daylight,Raining no high winds,Wet or damp,None,Non-trunk,Going ahead other,On main c'way - not in restricted lane,None,None,Offside,Not known,2017-07-28,13:22:00,Friday,Bury,E08000002,Urban,53.594101,-2.309309,E01004948
06N033704,2017,Slight,Female,36 - 45,Rural,Less deprived 30-40%,2,1,Single carriageway,30,T or staggered junction,Daylight,Fine no high winds,Dry,None,Non-trunk,Waiting to turn right,On main c'way - not in restricted lane,None,None,Nearside,Not known,2017-08-04,16:20:00,Friday,Bury,E08000002,Urban,53.619043,-2.2954310000000002,E01004982
06N033865,2017,Slight,Male,11 - 15,Urban area,Less deprived 20-30%,2,1,Single carriageway,30,Crossroads,Daylight,Fine no high winds,Dry,None,Non-trunk,Turning right,On main c'way - not in restricted lane,None,None,Nearside,Not known,2017-08-12,16:25:00,Saturday,Bury,E08000002,Urban,53.551458,-2.296062,E01004989
06N034168,2017,Serious,Male,46 - 55,Data missing or out of range,Data missing or out of range,2,1,Dual carriageway,30,T or staggered junction,Darkness - lighting unknown,Unknown,Dry,None,Non-trunk,Going ahead other,On main c'way - not in restricted lane,None,None,Front,Not known,2017-08-27,23:10:00,Sunday,Bury,E08000002,Urban,53.540485,-2.284729,E01004971
06N034287,2017,Slight,Male,16 - 20,Urban area,Less deprived 40-50%,2,1,Single carriageway,30,T or staggered junction,Daylight,Fine no high winds,Dry,None,Non-trunk,Going ahead other,Footway (pavement),None,None,Offside,Not known,2017-08-22,14:45:00,Tuesday,Bury,E08000002,Urban,53.592431,-2.312122,E01004948
06N034890,2017,Slight,Male,16 - 20,Urban area,Most deprived 10%,2,1,Single carriageway,20,Private drive or entrance,Daylight,Raining no high winds,Wet or damp,Road sign or marking defective or obscured,Non-trunk,Going ahead other,Footway (pavement),None,None,Front,Not known,2017-09-07,15:10:00,Thursday,Bury,E08000002,Rural,53.545558,-2.263408,E01004969
06N035427,2017,Serious,Male,36 - 45,Urban area,Most deprived 10%,2,1,Single carriageway,30,T or staggered junction,Darkness - lights lit,Raining + high winds,Wet or damp,None,Non-trunk,Going ahead other,On main c'way - not in restricted lane,None,None,Front,Not known,2017-09-12,20:20:00,Tuesday,Bury,E08000002,Urban,53.596743,-2.309675,E01004964
06N037505,2017,Serious,Male,16 - 20,Urban area,Less deprived 20-30%,2,1,Dual carriageway,30,T or staggered junction,Darkness - lights lit,Fine no high winds,Dry,None,Non-trunk,Going ahead other,On main c'way - not in restricted lane,None,None,Front,Not known,2017-11-15,16:17:00,Wednesday,Bury,E08000002,Urban,53.591754,-2.302901,E01005027
06N037973,2017,Slight,Female,46 - 55,Urban area,More deprived 40-50%,2,1,Single carriageway,30,T or staggered junction,Daylight,Other,Frost or ice,None,Non-trunk,Going ahead other,On main c'way - not in restricted lane,None,None,Did not impact,Journey as part of work,2017-11-28,08:15:00,Tuesday,Bury,E08000002,Urban,53.604951,-2.294608,E01004978
06N038454,2017,Serious,Male,66 - 75,Urban area,Less deprived 30-40%,3,1,Single carriageway,30,Private drive or entrance,Daylight,Fine no high winds,Dry,None,Non-trunk,Going ahead other,Cycle lane (on main carriageway),None,None,Front,Not known,2017-12-19,13:30:00,Tuesday,Bury,E08000002,Urban,53.570626,-2.294203,E01005060
06N038485,2017,Slight,Male,16 - 20,Urban area,More deprived 40-50%,2,1,Single carriageway,30,Crossroads,Daylight,Fine no high winds,Wet or damp,None,Non-trunk,Moving off,Cycle lane (on main carriageway),Kerb,None,Front,Not known,2017-12-23,14:33:00,Saturday,Bury,E08000002,Urban,53.581084,-2.342971,E01005006
06N038803,2017,Slight,Male,16 - 20,Urban area,More deprived 40-50%,2,1,Single carriageway,30,Not at junction or within 20 metres,Daylight,Raining no high winds,Wet or damp,None,Non-trunk,Going ahead other,Cycle lane (on main carriageway),None,None,Nearside,Not known,2017-11-16,08:40:00,Thursday,Bury,E08000002,Urban,53.58103,-2.30296,E01005025
06N309881,2017,Slight,Male,36 - 45,Urban area,More deprived 20-30%,2,1,Single carriageway,30,T or staggered junction,Daylight,Raining no high winds,Wet or damp,None,Non-trunk,Going ahead other,On main c'way - not in restricted lane,None,None,Front,Not known,2017-06-05,16:55:00,Monday,Bury,E08000002,Urban,53.570904,-2.294296,E01005060
06P026618,2017,Slight,Male,46 - 55,Urban area,Less deprived 30-40%,2,1,Single carriageway,30,Private drive or entrance,Daylight,Fine no high winds,Dry,None,Non-trunk,Going ahead other,On main c'way - not in restricted lane,None,None,Nearside,Not known,2017-01-17,08:30:00,Tuesday,Rochdale,E08000005,Urban,53.539844,-2.201899,E01005549
06P026729,2017,Slight,Male,46 - 55,Rural,Less deprived 30-40%,2,1,Single carriageway,30,T or staggered junction,Daylight,Fine no high winds,Dry,None,Non-trunk,Going ahead other,On main c'way - not in restricted lane,None,None,Offside,Not known,2017-02-09,14:25:00,Thursday,Rochdale,E08000005,Urban,53.608304,-2.107947,E01005556
06P027229,2017,Slight,Male,36 - 45,Urban area,Most deprived 10%,2,1,Single carriageway,30,T or staggered junction,Daylight,Fine no high winds,Dry,None,Non-trunk,Waiting to go - held up,On main c'way - not in restricted lane,None,None,Offside,Not known,2017-02-08,17:10:00,Wednesday,Rochdale,E08000005,Urban,53.623465,-2.144469,E01033258
06P028346,2017,Serious,Male,11 - 15,Urban area,More deprived 20-30%,2,1,Single carriageway,30,T or staggered junction,Daylight,Fine no high winds,Dry,None,Non-trunk,Going ahead other,On main c'way - not in restricted lane,None,None,Front,Not known,2017-04-03,11:45:00,Monday,Rochdale,E08000005,Rural,53.565975,-2.225789,E01005554
06P028669,2017,Slight,Female,46 - 55,Urban area,Less deprived 30-40%,2,1,Roundabout,30,Roundabout,Daylight,Fine no high winds,Wet or damp,None,Non-trunk,Going ahead other,On main c'way - not in restricted lane,None,None,Did not impact,Not known,2017-03-29,12:20:00,Wednesday,Rochdale,E08000005,Urban,53.571732,-2.175308,E01005479
06P029357,2017,Slight,Male,36 - 45,Data missing or out of range,Data missing or out of range,2,1,Roundabout,30,Roundabout,Daylight,Fine no high winds,Dry,None,Non-trunk,Going ahead other,On main c'way - not in restricted lane,None,None,Offside,Not known,2017-03-11,15:57:00,Saturday,Rochdale,E08000005,Rural,53.539447,-2.236768,E01005547
06P029384,2017,Slight,Female,11 - 15,Urban area,Most deprived 10%,2,1,Single carriageway,20,Not at junction or within 20 metres,Daylight,Unknown,Dry,None,Non-trunk,Going ahead other,On main c'way - not in restricted lane,None,None,Front,Not known,2017-04-22,19:05:00,Saturday,Rochdale,E08000005,Urban,53.556774,-2.204018,E01005529
06P029412,2017,Serious,Male,36 - 45,Data missing or out of range,Data missing or out of range,2,1,Single carriageway,30,Not at junction or within 20 metres,Daylight,Fine no high winds,Dry,None,Non-trunk,Going ahead other,On main c'way - not in restricted lane,None,None,Front,Not known,2017-03-29,13:22:00,Wednesday,Rochdale,E08000005,Urban,53.614087,-2.13898,E01005569
06P031112,2017,Slight,Male,46 - 55,Urban area,More deprived 20-30%,2,1,Single carriageway,30,Not at junction or within 20 metres,Daylight,Fine no high winds,Dry,None,Non-trunk,Going ahead other,On main c'way - not in restricted lane,Parked vehicle,None,Nearside,Not known,2017-05-19,13:50:00,Friday,Rochdale,E08000005,Urban,53.636159,-2.126092,E01005595
06P031724,2017,Slight,Male,46 - 55,Urban area,More deprived 10-20%,3,1,Single carriageway,30,Not at junction or within 20 metres,Daylight,Fine no high winds,Dry,None,Non-trunk,Going ahead other,Cycleway or shared use footway (not part of  main carriageway),None,None,Offside,Commuting to/from work,2017-06-14,07:45:00,Wednesday,Rochdale,E08000005,Rural,53.565104,-2.183132,E01005543
06P033480,2017,Slight,Male,11 - 15,Urban area,More deprived 20-30%,2,1,Single carriageway,30,Private drive or entrance,Daylight,Raining no high winds,Wet or damp,None,Non-trunk,Going ahead other,On main c'way - not in restricted lane,None,None,Offside,Not known,2017-07-28,15:30:00,Friday,Rochdale,E08000005,Urban,53.554832,-2.209639,E01005553
06P033559,2017,Serious,Male,16 - 20,Urban area,More deprived 10-20%,3,1,Single carriageway,30,Private drive or entrance,Daylight,Raining no high winds,Wet or damp,None,Non-trunk,Going ahead other,On main c'way - not in restricted lane,None,None,Front,Not known,2017-07-28,16:25:00,Friday,Rochdale,E08000005,Urban,53.652649,-2.100285,E01005518
06P033697,2017,Slight,Male,11 - 15,Data missing or out of range,Data missing or out of range,2,1,Single carriageway,30,Not at junction or within 20 metres,Daylight,Raining no high winds,Wet or damp,None,Non-trunk,Going ahead other,On main c'way - not in restricted lane,None,None,Offside,Not known,2017-08-08,17:40:00,Tuesday,Rochdale,E08000005,Urban,53.606425,-2.214957,E01005575
06P033845,2017,Slight,Male,16 - 20,Urban area,Less deprived 20-30%,2,1,Single carriageway,30,T or staggered junction,Daylight,Fine no high winds,Dry,None,Non-trunk,Turning left,On main c'way - not in restricted lane,None,None,Front,Not known,2017-08-10,16:10:00,Thursday,Rochdale,E08000005,Urban,53.608288,-2.147847,E01005564
06P033866,2017,Slight,Male,6 - 10,Data missing or out of range,Data missing or out of range,2,1,Single carriageway,30,Not at junction or within 20 metres,Daylight,Fine no high winds,Dry,None,Non-trunk,Going ahead other,On main c'way - not in restricted lane,None,None,Nearside,Other,2017-08-09,20:15:00,Wednesday,Rochdale,E08000005,Urban,53.600961,-2.141566,E01005469
06P033878,2017,Slight,Male,26 - 35,Urban area,More deprived 30-40%,2,1,Roundabout,30,Mini-roundabout,Daylight,Fine no high winds,Dry,None,Non-trunk,Going ahead other,On main c'way - not in restricted lane,None,None,Nearside,Commuting to/from work,2017-08-02,08:20:00,Wednesday,Rochdale,E08000005,Urban,53.633588,-2.133948,E01005595
06P034286,2017,Slight,Male,26 - 35,Data missing or out of range,Data missing or out of range,2,1,Single carriageway,30,T or staggered junction,Daylight,Unknown,Dry,None,Non-trunk,Going ahead other,On main c'way - not in restricted lane,None,None,Front,Not known,2017-08-20,17:20:00,Sunday,Rochdale,E08000005,Urban,53.612894,-2.110876,E01005555
06P034572,2017,Slight,Female,11 - 15,Data missing or out of range,Data missing or out of range,2,1,Single carriageway,20,Private drive or entrance,Daylight,Unknown,Dry,None,Non-trunk,Going ahead other,Footway (pavement),None,None,Front,Not known,2017-08-31,18:30:00,Thursday,Rochdale,E08000005,Urban,53.599724,-2.15365,E01005464
06P034952,2017,Serious,Male,46 - 55,Urban area,Most deprived 10%,2,1,Single carriageway,30,T or staggered junction,Daylight,Fine no high winds,Dry,None,Non-trunk,Going ahead other,On main c'way - not in restricted lane,None,None,Back,Not known,2017-09-10,08:30:00,Sunday,Rochdale,E08000005,Urban,53.596053,-2.170076,E01005478
06P035780,2017,Serious,Male,Over 75,Urban area,More deprived 10-20%,2,1,Single carriageway,30,T or staggered junction,Daylight,Fine no high winds,Dry,None,Non-trunk,Going ahead other,On main c'way - not in restricted lane,None,None,Nearside,Not known,2017-10-02,10:00:00,Monday,Rochdale,E08000005,Urban,53.598884,-2.142329,E01005469
06P036873,2017,Slight,Male,26 - 35,Urban area,Less deprived 30-40%,2,1,Dual carriageway,30,Not at junction or within 20 metres,Darkness - lights lit,Fine no high winds,Dry,None,Non-trunk,Going ahead other,On main c'way - not in restricted lane,None,None,Front,Not known,2017-10-30,17:30:00,Monday,Rochdale,E08000005,Urban,53.626388,-2.142664,E01005581
06P037348,2017,Slight,Male,11 - 15,Urban area,More deprived 10-20%,2,1,Single carriageway,30,T or staggered junction,Darkness - lights lit,Fine no high winds,Dry,None,Non-trunk,Slowing or stopping,On main c'way - not in restricted lane,None,None,Back,Not known,2017-11-06,20:00:00,Monday,Rochdale,E08000005,Urban,53.645326,-2.098286,E01005522
06P037492,2017,Slight,Male,36 - 45,Urban area,Less deprived 10-20%,2,1,Single carriageway,30,T or staggered junction,Daylight,Fine no high winds,Dry,None,Non-trunk,Going ahead other,On main c'way - not in restricted lane,None,None,Front,Not known,2017-10-08,08:10:00,Sunday,Rochdale,E08000005,Urban,53.553839,-2.196698,E01005539
06P037498,2017,Slight,Male,26 - 35,Urban area,Less deprived 30-40%,2,1,Single carriageway,30,Crossroads,Darkness - lights lit,Fine no high winds,Dry,None,Non-trunk,Going ahead other,On main c'way - not in restricted lane,None,None,Nearside,Commuting to/from work,2017-11-07,16:40:00,Tuesday,Rochdale,E08000005,Urban,53.590776,-2.176611,E01005477
06Q026120,2017,Slight,Male,16 - 20,Urban area,Less deprived 20-30%,2,1,Single carriageway,50,T or staggered junction,Daylight,Fine no high winds,Dry,None,Non-trunk,Going ahead other,On main c'way - not in restricted lane,None,None,Back,Not known,2017-01-21,15:20:00,Saturday,Oldham,E08000004,Rural,53.582672,-1.983587,E01005414
06Q027365,2017,Slight,Male,46 - 55,Small town,Less deprived 40-50%,2,1,Single carriageway,30,T or staggered junction,Daylight,Raining + high winds,Wet or damp,None,Non-trunk,Going ahead other,On main c'way - not in restricted lane,None,None,Front,Not known,2017-02-02,09:20:00,Thursday,Oldham,E08000004,Urban,53.543133,-2.131684,E01005352
06Q029351,2017,Slight,Male,36 - 45,Urban area,More deprived 10-20%,2,1,Single carriageway,30,T or staggered junction,Daylight,Fine no high winds,Dry,None,Non-trunk,Going ahead other,On main c'way - not in restricted lane,None,None,Offside,Not known,2017-03-06,07:50:00,Monday,Oldham,E08000004,Urban,53.547655,-2.15334,E01005327
06Q029409,2017,Slight,Female,11 - 15,Urban area,Less deprived 20-30%,2,1,Single carriageway,40,T or staggered junction,Daylight,Fine no high winds,Dry,None,Non-trunk,Going ahead other,On main c'way - not in restricted lane,None,None,Offside,Not known,2017-04-01,15:15:00,Saturday,Oldham,E08000004,Urban,53.554592,-2.140021,E01005340
06Q029478,2017,Slight,Male,11 - 15,Urban area,More deprived 20-30%,2,1,Single carriageway,30,Not at junction or within 20 metres,Darkness - lights lit,Fine no high winds,Wet or damp,None,Non-trunk,Overtaking moving vehicle - offside,On main c'way - not in restricted lane,None,None,Front,Not known,2017-03-30,21:00:00,Thursday,Oldham,E08000004,Urban,53.516057000000004,-2.142232,E01005376
06Q030990,2017,Slight,Male,46 - 55,Urban area,More deprived 30-40%,2,1,Single carriageway,30,Crossroads,Daylight,Fine no high winds,Dry,None,Non-trunk,Overtaking moving vehicle - offside,On main c'way - not in restricted lane,None,None,Front,Not known,2017-05-06,12:00:00,Saturday,Oldham,E08000004,Urban,53.509877,-2.159929,E01005371
06Q031108,2017,Slight,Male,26 - 35,Urban area,More deprived 40-50%,2,1,Single carriageway,30,T or staggered junction,Daylight,Fine no high winds,Dry,None,Non-trunk,Going ahead other,On main c'way - not in restricted lane,None,None,Front,Journey as part of work,2017-05-25,08:50:00,Thursday,Oldham,E08000004,Urban,53.555063,-2.120415,E01005402
06Q031183,2017,Slight,Male,46 - 55,Urban area,More deprived 40-50%,2,1,Single carriageway,30,T or staggered junction,Daylight,Fine no high winds,Dry,None,Non-trunk,Going ahead other,On main c'way - not in restricted lane,None,None,Front,Not known,2017-05-20,09:12:00,Saturday,Oldham,E08000004,Urban,53.554458,-2.104473,E01005397
06Q031691,2017,Serious,Male,Over 75,Urban area,Most deprived 10%,2,1,Single carriageway,30,T or staggered junction,Daylight,Fine no high winds,Dry,None,Non-trunk,Going ahead right-hand bend,On main c'way - not in restricted lane,None,None,Front,Not known,2017-05-14,17:20:00,Sunday,Oldham,E08000004,Urban,53.563834,-2.102972,E01005397
06Q032007,2017,Slight,Male,36 - 45,Urban area,Less deprived 40-50%,2,1,Single carriageway,30,T or staggered junction,Daylight,Raining no high winds,Wet or damp,None,Non-trunk,Going ahead other,On main c'way - not in restricted lane,None,None,Did not impact,Not known,2017-06-22,08:53:00,Thursday,Oldham,E08000004,Urban,53.561793,-2.103827,E01005397
06Q032701,2017,Slight,Male,11 - 15,Urban area,More deprived 20-30%,2,1,Dual carriageway,30,Crossroads,Daylight,Fine no high winds,Dry,None,Non-trunk,Going ahead other,On main c'way - not in restricted lane,None,None,Nearside,Pupil riding to/from school,2017-07-13,08:15:00,Thursday,Oldham,E08000004,Urban,53.52649,-2.136626,E01005342
06Q032733,2017,Serious,Male,11 - 15,Urban area,Less deprived 10-20%,2,1,Single carriageway,30,Not at junction or within 20 metres,Daylight,Fine no high winds,Dry,None,Non-trunk,Going ahead other,On main c'way - not in restricted lane,None,None,Nearside,Not known,2017-07-05,14:43:00,Wednesday,Oldham,E08000004,Urban,53.554906,-2.155072,E01005336
06Q033268,2017,Serious,Female,36 - 45,Urban area,Less deprived 20-30%,2,1,Single carriageway,40,Crossroads,Daylight,Other,Dry,None,Trunk (Roads managed by Highways England),Going ahead other,On main c'way - not in restricted lane,None,None,Front,Not known,2017-07-22,16:30:00,Saturday,Oldham,E08000004,Urban,53.522382,-2.165165,E01005345
06Q034010,2017,Slight,Male,36 - 45,Urban area,Most deprived 10%,2,1,Single carriageway,30,T or staggered junction,Daylight,Fine no high winds,Dry,None,Non-trunk,Going ahead other,On main c'way - not in restricted lane,None,None,Front,Not known,2017-08-11,07:39:00,Friday,Oldham,E08000004,Urban,53.519763,-2.140163,E01005376
06Q034575,2017,Slight,Male,6 - 10,Urban area,Less deprived 10-20%,2,1,Single carriageway,20,Not at junction or within 20 metres,Daylight,Fine no high winds,Dry,None,Non-trunk,Going ahead other,On main c'way - not in restricted lane,None,None,Front,Other,2017-09-01,16:35:00,Friday,Oldham,E08000004,Urban,53.585321,-2.097632,E01005357
06Q035680,2017,Slight,Female,66 - 75,Urban area,More deprived 20-30%,2,1,Roundabout,30,Roundabout,Darkness - lights unlit,Fine + high winds,Dry,None,Non-trunk,Going ahead other,On main c'way - not in restricted lane,None,None,Front,Not known,2017-10-02,07:30:00,Monday,Oldham,E08000004,Urban,53.508569,-2.156924,E01005371
06Q035870,2017,Slight,Male,36 - 45,Urban area,More deprived 20-30%,2,1,Single carriageway,30,T or staggered junction,Daylight,Fine no high winds,Dry,None,Non-trunk,Going ahead other,On main c'way - not in restricted lane,None,None,Front,Commuting to/from work,2017-09-28,16:50:00,Thursday,Oldham,E08000004,Urban,53.543409,-2.134099,E01005352
06Q035884,2017,Serious,Female,6 - 10,Data missing or out of range,Data missing or out of range,2,1,Single carriageway,30,Not at junction or within 20 metres,Daylight,Fine no high winds,Dry,None,Non-trunk,Going ahead other,On main c'way - not in restricted lane,None,None,Front,Other,2017-10-08,17:20:00,Sunday,Oldham,E08000004,Urban,53.516388,-2.127469,E01005377
06Q035897,2017,Serious,Male,56 - 65,Urban area,Less deprived 10-20%,2,1,Single carriageway,30,Not at junction or within 20 metres,Darkness - lights lit,Raining + high winds,Wet or damp,None,Non-trunk,Going ahead other,On main c'way - not in restricted lane,None,None,Back,Not known,2017-10-11,18:36:00,Wednesday,Oldham,E08000004,Urban,53.545204,-2.119738,E01005349
06Q036669,2017,Slight,Male,56 - 65,Urban area,Most deprived 10%,2,1,Single carriageway,30,T or staggered junction,Daylight,Fine no high winds,Dry,None,Non-trunk,Overtaking moving vehicle - offside,On main c'way - not in restricted lane,None,None,Front,Not known,2017-10-29,11:38:00,Sunday,Oldham,E08000004,Urban,53.537848,-2.081709,E01005451
06Q037467,2017,Serious,Male,26 - 35,Urban area,Most deprived 10%,2,1,Dual carriageway,30,More than 4 arms (not roundabout),Darkness - lights lit,Fine no high winds,Wet or damp,None,Non-trunk,Going ahead other,On main c'way - not in restricted lane,None,None,Offside,Not known,2017-11-16,17:10:00,Thursday,Oldham,E08000004,Urban,53.525707,-2.137226,E01005381
06Q038187,2017,Slight,Male,26 - 35,Urban area,More deprived 10-20%,2,1,Single carriageway,30,Crossroads,Daylight,Raining no high winds,Wet or damp,None,Non-trunk,Going ahead other,On main c'way - not in restricted lane,None,None,Did not impact,Not known,2017-12-04,08:40:00,Monday,Oldham,E08000004,Urban,53.54211,-2.13823,E01005328
06Q038290,2017,Serious,Male,56 - 65,Urban area,More deprived 10-20%,2,1,Single carriageway,30,Crossroads,Darkness - lights lit,Fine no high winds,Dry,None,Non-trunk,Turning right,On main c'way - not in restricted lane,None,None,Offside,Not known,2017-12-08,18:00:00,Friday,Oldham,E08000004,Urban,53.510164,-2.153838,E01005363
06Q038592,2017,Serious,Male,56 - 65,Urban area,Less deprived 20-30%,1,2,Single carriageway,40,T or staggered junction,Daylight,Fine no high winds,Dry,None,Non-trunk,Going ahead left-hand bend,On main c'way - not in restricted lane,None,None,Front,Not known,2017-12-24,11:20:00,Sunday,Oldham,E08000004,Urban,53.537964,-2.026847,E01005407
06XC34108,2017,Slight,Female,26 - 35,Rural,More deprived 20-30%,2,1,Single carriageway,60,Private drive or entrance,Daylight,Fine no high winds,Dry,None,Non-trunk,Going ahead other,On main c'way - not in restricted lane,None,None,Front,Journey as part of work,2017-08-14,07:36:00,Monday,Manchester,E08000003,Urban,53.359765,-2.290509,E01005316
06A140219,2018,Slight,Male,36 - 45,Urban area,More deprived 30-40%,2,1,Single carriageway,30,T or staggered junction,Darkness - lights lit,Fine no high winds,Dry,None,Non-trunk,Going ahead other,Cycle lane (on main carriageway),None,None,Front,Not known,2018-02-01,19:10:00,Thursday,Manchester,E08000003,Urban,53.47371,-2.248199,E01033656
06A140536,2018,Slight,Male,46 - 55,Urban area,More deprived 20-30%,2,1,Single carriageway,30,Crossroads,Daylight,Fine no high winds,Dry,None,Non-trunk,Going ahead other,Cycle lane (on main carriageway),None,None,Front,Not known,2018-01-19,14:25:00,Friday,Manchester,E08000003,Urban,53.474713,-2.241214,E01033662
06A141766,2018,Serious,Male,36 - 45,Urban area,Less deprived 10-20%,2,1,Single carriageway,30,Not at junction or within 20 metres,Daylight,Fine no high winds,Dry,None,Non-trunk,Going ahead other,On main c'way - not in restricted lane,None,None,Front,Not known,2018-03-21,09:15:00,Wednesday,Manchester,E08000003,Urban,53.476762,-2.236811,E01033653
06A142701,2018,Slight,Male,36 - 45,Data missing or out of range,Data missing or out of range,2,2,Dual carriageway,30,Not at junction or within 20 metres,Daylight,Unknown,Dry,None,Non-trunk,Going ahead other,Cycle lane (on main carriageway),None,None,Front,Not known,2018-04-09,10:40:00,Monday,Manchester,E08000003,Urban,53.4712,-2.257841,E01033672
06A142730,2018,Slight,Male,26 - 35,Urban area,More deprived 10-20%,2,1,Single carriageway,30,Crossroads,Daylight,Fine no high winds,Dry,None,Non-trunk,Going ahead other,On main c'way - not in restricted lane,None,None,Did not impact,Not known,2018-04-03,16:00:00,Tuesday,Manchester,E08000003,Urban,53.481491,-2.226801,E01033659
06A142798,2018,Slight,Male,21 - 25,Urban area,Most deprived 10%,2,1,Single carriageway,30,Not at junction or within 20 metres,Darkness - lights unlit,Fine no high winds,Dry,None,Non-trunk,Overtaking - nearside,On main c'way - not in restricted lane,None,None,Nearside,Journey as part of work,2018-04-21,20:11:00,Saturday,Manchester,E08000003,Urban,53.4828,-2.246714,E01033658
06A143310,2018,Slight,Male,46 - 55,Urban area,More deprived 40-50%,2,1,Single carriageway,30,T or staggered junction,Daylight,Fine no high winds,Dry,None,Non-trunk,Going ahead other,On main c'way - not in restricted lane,None,None,Front,Not known,2018-03-14,07:40:00,Wednesday,Manchester,E08000003,Urban,53.475875,-2.230915,E01033654
06A143366,2018,Slight,Female,46 - 55,Small town,More deprived 40-50%,2,1,Single carriageway,30,Not at junction or within 20 metres,Daylight,Fine no high winds,Dry,None,Non-trunk,Going ahead other,On main c'way - not in restricted lane,None,None,Nearside,Not known,2018-05-05,17:30:00,Saturday,Manchester,E08000003,Urban,53.475457,-2.251192,E01033683
06A143649,2018,Slight,Male,21 - 25,Urban area,More deprived 30-40%,2,1,Single carriageway,30,T or staggered junction,Daylight,Fine no high winds,Wet or damp,None,Non-trunk,Going ahead other,On main c'way - not in restricted lane,Open door of vehicle,None,Front,Journey as part of work,2018-05-09,19:25:00,Wednesday,Manchester,E08000003,Urban,53.474287,-2.242839,E01033677
06A143831,2018,Slight,Male,36 - 45,Urban area,Less deprived 30-40%,2,1,Single carriageway,20,T or staggered junction,Daylight,Fine no high winds,Dry,None,Non-trunk,Overtaking - nearside,On main c'way - not in restricted lane,None,None,Nearside,Commuting to/from work,2018-05-17,07:57:00,Thursday,Manchester,E08000003,Urban,53.480375,-2.245932,E01033658
06A143943,2018,Slight,Male,36 - 45,Urban area,Less deprived 40-50%,2,1,Single carriageway,20,T or staggered junction,Daylight,Fine no high winds,Dry,None,Non-trunk,Going ahead other,On main c'way - not in restricted lane,None,None,Offside,Journey as part of work,2018-05-09,09:45:00,Wednesday,Manchester,E08000003,Urban,53.482918,-2.237493,E01033667
06A144553,2018,Slight,Female,26 - 35,Urban area,More deprived 20-30%,2,1,Single carriageway,20,Crossroads,Daylight,Fine no high winds,Dry,None,Non-trunk,Slowing or stopping,On main c'way - not in restricted lane,None,None,Nearside,Commuting to/from work,2018-05-25,09:18:00,Friday,Manchester,E08000003,Urban,53.477976,-2.241006,E01033653
06A145612,2018,Slight,Male,56 - 65,Urban area,Least deprived 10%,2,1,Single carriageway,30,Not at junction or within 20 metres,Daylight,Fine no high winds,Dry,None,Non-trunk,Going ahead other,On main c'way - not in restricted lane,None,None,Offside,Not known,2018-06-26,06:50:00,Tuesday,Manchester,E08000003,Urban,53.477721,-2.228966,E01033661
06A145721,2018,Serious,Male,46 - 55,Urban area,More deprived 40-50%,2,1,Single carriageway,30,T or staggered junction,Daylight,Fine no high winds,Dry,None,Non-trunk,Overtaking static vehicle - offside,Cycle lane (on main carriageway),None,None,Offside,Commuting to/from work,2018-07-04,17:10:00,Wednesday,Manchester,E08000003,Urban,53.475576,-2.249897,E01033683
06A145966,2018,Serious,Male,21 - 25,Urban area,Most deprived 10%,2,1,Single carriageway,30,Crossroads,Daylight,Fine no high winds,Dry,None,Non-trunk,Going ahead other,On main c'way - not in restricted lane,None,None,Nearside,Commuting to/from work,2018-07-11,08:16:00,Wednesday,Manchester,E08000003,Urban,53.476503,-2.231506,E01033654
06A146528,2018,Slight,Male,26 - 35,Urban area,More deprived 20-30%,2,1,Single carriageway,30,Crossroads,Daylight,Fine no high winds,Dry,None,Non-trunk,Going ahead other,On main c'way - not in restricted lane,None,None,Nearside,Not known,2018-07-27,10:02:00,Friday,Manchester,E08000003,Urban,53.474713,-2.241214,E01033662
06A146799,2018,Slight,Male,26 - 35,Urban area,Most deprived 10%,2,1,Single carriageway,30,T or staggered junction,Daylight,Fine no high winds,Dry,None,Non-trunk,Going ahead right-hand bend,Cycle lane (on main carriageway),None,None,Front,Journey as part of work,2018-07-16,11:39:00,Monday,Manchester,E08000003,Urban,53.477292,-2.259113,E01033681
06A147742,2018,Serious,Male,56 - 65,Urban area,More deprived 30-40%,2,1,Single carriageway,30,Crossroads,Daylight,Fine no high winds,Dry,None,Non-trunk,Going ahead other,On main c'way - not in restricted lane,None,None,Front,Commuting to/from work,2018-08-30,17:10:00,Thursday,Manchester,E08000003,Urban,53.475699,-2.23798,E01033662
06A147849,2018,Serious,Female,46 - 55,Urban area,More deprived 30-40%,2,1,Dual carriageway,30,T or staggered junction,Daylight,Fine no high winds,Dry,None,Non-trunk,Going ahead other,Cycle lane (on main carriageway),None,None,Front,Journey as part of work,2018-08-24,17:29:00,Friday,Manchester,E08000003,Urban,53.47287,-2.254612,E01033683
06A148084,2018,Slight,Male,26 - 35,Urban area,Least deprived 10%,2,1,Single carriageway,30,Crossroads,Daylight,Fine no high winds,Dry,None,Non-trunk,Going ahead other,On main c'way - not in restricted lane,None,None,Front,Commuting to/from work,2018-08-31,18:07:00,Friday,Manchester,E08000003,Urban,53.480847,-2.247924,E01033658
06A148493,2018,Slight,Male,36 - 45,Urban area,More deprived 40-50%,2,1,Dual carriageway,30,Crossroads,Daylight,Fine + high winds,Dry,None,Non-trunk,Going ahead other,On main c'way - not in restricted lane,None,None,Offside,Not known,2018-09-18,08:25:00,Tuesday,Manchester,E08000003,Urban,53.468532,-2.235439,E01005066
06A149228,2018,Slight,Male,46 - 55,Urban area,More deprived 30-40%,2,1,Single carriageway,30,T or staggered junction,Daylight,Unknown,Dry,None,Non-trunk,Going ahead other,On main c'way - not in restricted lane,None,None,Front,Not known,2018-09-15,17:10:00,Saturday,Manchester,E08000003,Urban,53.476882,-2.225752,E01033661
06A150053,2018,Slight,Male,21 - 25,Urban area,More deprived 30-40%,2,1,Single carriageway,30,Crossroads,Daylight,Fine no high winds,Dry,None,Non-trunk,Going ahead other,On main c'way - not in restricted lane,None,None,Front,Not known,2018-10-22,17:15:00,Monday,Manchester,E08000003,Urban,53.477017,-2.239524,E01033653
06A150122,2018,Slight,Male,36 - 45,Urban area,More deprived 40-50%,2,1,Single carriageway,30,Crossroads,Darkness - lights lit,Fine no high winds,Dry,None,Non-trunk,Going ahead other,Cycle lane (on main carriageway),None,None,Offside,Commuting to/from work,2018-10-31,19:35:00,Wednesday,Manchester,E08000003,Urban,53.474749,-2.24135,E01033662
06A151032,2018,Serious,Female,16 - 20,Urban area,More deprived 20-30%,2,1,Single carriageway,30,Crossroads,Daylight,Fine no high winds,Wet or damp,None,Non-trunk,Turning left,On main c'way - not in restricted lane,None,None,Front,Not known,2018-11-28,12:45:00,Wednesday,Manchester,E08000003,Urban,53.476257,-2.242202,E01033662
06A151445,2018,Slight,Male,56 - 65,Data missing or out of range,Data missing or out of range,2,1,Single carriageway,30,T or staggered junction,Daylight,Unknown,Dry,None,Non-trunk,Going ahead other,On main c'way - not in restricted lane,None,None,Back,Not known,2018-11-02,10:20:00,Friday,Manchester,E08000003,Urban,53.477796,-2.232085,E01033654
06A151503,2018,Slight,Male,16 - 20,Urban area,More deprived 10-20%,2,1,Single carriageway,30,T or staggered junction,Darkness - lighting unknown,Other,Dry,None,Non-trunk,Going ahead other,On main c'way - not in restricted lane,None,None,Front,Commuting to/from work,2018-12-14,19:45:00,Friday,Manchester,E08000003,Urban,53.47227,-2.249049,E01033656
06A151888,2018,Slight,Female,21 - 25,Urban area,More deprived 40-50%,2,1,Roundabout,30,Mini-roundabout,Daylight,Fine no high winds,Dry,None,Non-trunk,Going ahead right-hand bend,On main c'way - not in restricted lane,None,None,Back,Commuting to/from work,2018-12-14,11:52:00,Friday,Manchester,E08000003,Urban,53.471071,-2.246798,E01033656
06A239652,2018,Slight,Male,26 - 35,Urban area,More deprived 30-40%,2,1,Single carriageway,30,T or staggered junction,Darkness - lights lit,Unknown,Wet or damp,None,Non-trunk,Going ahead other,On main c'way - not in restricted lane,None,None,Did not impact,Not known,2018-01-19,18:30:00,Friday,Manchester,E08000003,Urban,53.489538,-2.239428,E01033655
06A239742,2018,Serious,Male,36 - 45,Urban area,Most deprived 10%,2,1,Single carriageway,30,Not at junction or within 20 metres,Daylight,Fine no high winds,Wet or damp,None,Non-trunk,Turning right,Footway (pavement),None,Other permanent object,Offside,Not known,2018-01-15,11:30:00,Monday,Manchester,E08000003,Urban,53.508096,-2.241312,E01005145
06A240733,2018,Slight,Male,11 - 15,Urban area,Most deprived 10%,2,1,Single carriageway,30,T or staggered junction,Darkness - lighting unknown,Unknown,Dry,None,Non-trunk,Going ahead other,On main c'way - not in restricted lane,None,None,Back,Not known,2018-02-14,16:56:00,Wednesday,Manchester,E08000003,Urban,53.510136,-2.213112,E01005205
06A242077,2018,Serious,Male,16 - 20,Urban area,Most deprived 10%,2,1,Single carriageway,30,Not at junction or within 20 metres,Daylight,Fine no high winds,Dry,None,Non-trunk,Overtaking static vehicle - offside,On main c'way - not in restricted lane,None,None,Front,Not known,2018-03-30,14:30:00,Friday,Manchester,E08000003,Urban,53.513461,-2.246108,E01005165
06A242821,2018,Slight,Male,36 - 45,Urban area,Most deprived 10%,2,1,Single carriageway,30,T or staggered junction,Daylight,Fine no high winds,Dry,None,Non-trunk,Going ahead other,On main c'way - not in restricted lane,None,None,Front,Commuting to/from work,2018-04-24,08:55:00,Tuesday,Manchester,E08000003,Urban,53.506174,-2.216952,E01005203
06A242982,2018,Slight,Male,16 - 20,Urban area,More deprived 10-20%,2,1,Single carriageway,30,Private drive or entrance,Darkness - lights lit,Fine no high winds,Dry,None,Non-trunk,Going ahead other,On main c'way - not in restricted lane,None,None,Front,Not known,2018-04-16,21:30:00,Monday,Manchester,E08000003,Urban,53.518041,-2.239378,E01005166
06A243512,2018,Slight,Male,36 - 45,Data missing or out of range,Data missing or out of range,2,1,Single carriageway,30,T or staggered junction,Daylight,Unknown,Dry,None,Non-trunk,Going ahead other,On main c'way - not in restricted lane,None,None,Nearside,Not known,2018-05-07,08:50:00,Monday,Manchester,E08000003,Urban,53.494432,-2.25067,E01033674
06A243762,2018,Slight,Male,26 - 35,Data missing or out of range,Data missing or out of range,2,1,Single carriageway,30,Private drive or entrance,Daylight,Fine no high winds,Dry,Road surface defective,Non-trunk,Going ahead other,Footway (pavement),None,None,Nearside,Pupil riding to/from school,2018-05-10,08:10:00,Thursday,Manchester,E08000003,Urban,53.517288,-2.188143,E01005229
06A244189,2018,Slight,Male,46 - 55,Urban area,Most deprived 10%,2,1,Single carriageway,30,T or staggered junction,Daylight,Fine no high winds,Dry,None,Non-trunk,Going ahead other,On main c'way - not in restricted lane,None,None,Did not impact,Journey as part of work,2018-05-23,07:35:00,Wednesday,Manchester,E08000003,Urban,53.502273,-2.221726,E01033676
06A244274,2018,Slight,Male,16 - 20,Urban area,Most deprived 10%,2,1,Single carriageway,30,T or staggered junction,Daylight,Fine no high winds,Dry,None,Non-trunk,Going ahead other,On main c'way - not in restricted lane,None,None,Nearside,Not known,2018-05-19,17:25:00,Saturday,Manchester,E08000003,Urban,53.509602,-2.204952,E01005227
06A244281,2018,Serious,Male,11 - 15,Urban area,Most deprived 10%,2,1,Single carriageway,30,Not at junction or within 20 metres,Daylight,Fine no high winds,Dry,None,Non-trunk,Parked,On main c'way - not in restricted lane,None,None,Back,Not known,2018-05-29,20:15:00,Tuesday,Manchester,E08000003,Urban,53.532127,-2.214867,E01005101
06A244529,2018,Slight,Male,6 - 10,Urban area,Most deprived 10%,2,1,One way street,30,T or staggered junction,Daylight,Fine no high winds,Dry,None,Non-trunk,Going ahead other,On main c'way - not in restricted lane,None,None,Front,Not known,2018-05-20,13:00:00,Sunday,Manchester,E08000003,Urban,53.511594,-2.196291,E01005226
06A244878,2018,Slight,Male,6 - 10,Data missing or out of range,Data missing or out of range,2,1,Single carriageway,30,T or staggered junction,Daylight,Fine no high winds,Dry,None,Non-trunk,Going ahead other,On main c'way - not in restricted lane,None,None,Front,Pupil riding to/from school,2018-06-11,10:00:00,Monday,Manchester,E08000003,Urban,53.524489,-2.19258,E01005141
06A244964,2018,Slight,Male,11 - 15,Urban area,Most deprived 10%,2,1,Dual carriageway,30,Private drive or entrance,Daylight,Fine no high winds,Dry,None,Non-trunk,Going ahead other,Footway (pavement),None,None,Front,Not known,2018-06-14,16:14:00,Thursday,Manchester,E08000003,Urban,53.49648,-2.237855,E01005147
06A245093,2018,Slight,Male,26 - 35,Urban area,More deprived 20-30%,2,1,Single carriageway,30,T or staggered junction,Daylight,Fine no high winds,Dry,None,Non-trunk,Going ahead other,On main c'way - not in restricted lane,None,None,Front,Not known,2018-06-11,08:30:00,Monday,Manchester,E08000003,Urban,53.483617,-2.247201,E01033658
06A245301,2018,Slight,Male,36 - 45,Urban area,More deprived 20-30%,2,1,Single carriageway,30,Crossroads,Daylight,Fine no high winds,Dry,None,Non-trunk,Going ahead other,On main c'way - not in restricted lane,None,Road sign or traffic signal,Nearside,Commuting to/from work,2018-06-19,17:30:00,Tuesday,Manchester,E08000003,Urban,53.508223,-2.217309,E01005203
06A245427,2018,Serious,Male,36 - 45,Urban area,Most deprived 10%,2,1,Single carriageway,20,T or staggered junction,Daylight,Fine no high winds,Dry,None,Non-trunk,Going ahead other,On main c'way - not in restricted lane,None,None,Front,Journey as part of work,2018-06-19,07:40:00,Tuesday,Manchester,E08000003,Urban,53.499016,-2.208383,E01033678
06A245889,2018,Slight,Male,11 - 15,Urban area,Most deprived 10%,3,1,Single carriageway,30,Not at junction or within 20 metres,Daylight,Fine no high winds,Dry,None,Non-trunk,Parked,On main c'way - not in restricted lane,None,None,Offside,Not known,2018-07-07,13:40:00,Saturday,Manchester,E08000003,Urban,53.506562,-2.215959,E01005203
06A246482,2018,Slight,Male,16 - 20,Urban area,More deprived 10-20%,2,1,Single carriageway,30,Not at junction or within 20 metres,Darkness - lights lit,Fine no high winds,Dry,None,Non-trunk,Going ahead other,On main c'way - not in restricted lane,None,None,Front,Not known,2018-07-24,23:00:00,Tuesday,Manchester,E08000003,Urban,53.506143,-2.237939,E01005143
06A248406,2018,Serious,Female,21 - 25,Urban area,More deprived 30-40%,2,1,Single carriageway,40,Crossroads,Daylight,Fine no high winds,Dry,None,Non-trunk,Moving off,Cycle lane (on main carriageway),None,None,Front,Not known,2018-08-23,07:20:00,Thursday,Manchester,E08000003,Urban,53.521042,-2.16614,E01005251
06A248587,2018,Slight,Male,21 - 25,Urban area,Most deprived 10%,2,1,One way street,30,Crossroads,Daylight,Fine no high winds,Dry,None,Non-trunk,Going ahead other,On main c'way - not in restricted lane,None,None,Front,Journey as part of work,2018-09-26,08:18:00,Wednesday,Manchester,E08000003,Urban,53.509867,-2.191141,E01005225
06A249026,2018,Slight,Male,46 - 55,Urban area,Less deprived 10-20%,2,1,Single carriageway,30,T or staggered junction,Daylight,Fine no high winds,Dry,None,Non-trunk,Going ahead other,On main c'way - not in restricted lane,None,None,Front,Not known,2018-10-07,17:15:00,Sunday,Manchester,E08000003,Urban,53.495305,-2.250057,E01033674
06A249061,2018,Slight,Male,11 - 15,Urban area,Most deprived 10%,2,1,Single carriageway,30,T or staggered junction,Darkness - lights lit,Fine no high winds,Dry,None,Non-trunk,Going ahead other,On main c'way - not in restricted lane,None,None,Back,Not known,2018-10-10,19:05:00,Wednesday,Manchester,E08000003,Urban,53.50771,-2.217442,E01005203
06A249072,2018,Slight,Female,36 - 45,Data missing or out of range,Data missing or out of range,2,1,Single carriageway,30,Private drive or entrance,Darkness - lights lit,Unknown,Wet or damp,None,Non-trunk,Turning right,Bus lane,None,None,Front,Journey as part of work,2018-10-11,19:05:00,Thursday,Manchester,E08000003,Urban,53.506913,-2.239285,E01005145
06A249259,2018,Slight,Male,26 - 35,Urban area,Most deprived 10%,2,1,Single carriageway,30,T or staggered junction,Daylight,Fine no high winds,Dry,None,Non-trunk,Waiting to turn right,On main c'way - not in restricted lane,None,None,Back,Not known,2018-09-12,17:37:00,Wednesday,Manchester,E08000003,Urban,53.508875,-2.242508,E01005142
06A252083,2018,Slight,Male,36 - 45,Urban area,Less deprived 20-30%,2,1,Single carriageway,30,T or staggered junction,Daylight,Fine no high winds,Dry,None,Non-trunk,Going ahead other,Cycleway or shared use footway (not part of  main carriageway),None,None,Offside,Journey as part of work,2018-12-28,08:05:00,Friday,Manchester,E08000003,Urban,53.497374,-2.253522,E01033674
06A252864,2018,Slight,Male,26 - 35,Data missing or out of range,Data missing or out of range,2,1,Single carriageway,30,Crossroads,Daylight,Fine no high winds,Dry,None,Non-trunk,Going ahead other,On main c'way - not in restricted lane,None,None,Back,Not known,2018-10-21,16:05:00,Sunday,Manchester,E08000003,Urban,53.505036,-2.243164,E01005145
06A339949,2018,Serious,Male,36 - 45,Urban area,Less deprived 40-50%,2,1,Dual carriageway,30,Crossroads,Darkness - lights unlit,Fine no high winds,Wet or damp,None,Non-trunk,Going ahead other,Cycle lane (on main carriageway),None,None,Nearside,Commuting to/from work,2018-01-25,06:45:00,Thursday,Manchester,E08000003,Urban,53.483095,-2.18305,E01005092
06A341111,2018,Slight,Male,56 - 65,Urban area,Most deprived 10%,2,1,Dual carriageway,30,Crossroads,Daylight,Fine no high winds,Dry,None,Non-trunk,Going ahead other,On main c'way - not in restricted lane,None,None,Nearside,Not known,2018-02-25,10:00:00,Sunday,Manchester,E08000003,Urban,53.474133,-2.194552,E01005106
06A341400,2018,Slight,Male,6 - 10,Urban area,More deprived 10-20%,2,1,Dual carriageway,30,Crossroads,Daylight,Fine no high winds,Dry,None,Non-trunk,Going ahead other,On main c'way - not in restricted lane,None,None,Front,Not known,2018-03-08,16:15:00,Thursday,Manchester,E08000003,Urban,53.495974,-2.210674,E01005257
06A341476,2018,Slight,Female,21 - 25,Urban area,More deprived 10-20%,2,1,Dual carriageway,30,Crossroads,Darkness - lights lit,Raining no high winds,Wet or damp,None,Non-trunk,Going ahead other,On main c'way - not in restricted lane,None,None,Offside,Journey as part of work,2018-03-09,22:30:00,Friday,Manchester,E08000003,Urban,53.480885,-2.224372,E01033663
06A342070,2018,Serious,Female,26 - 35,Urban area,More deprived 10-20%,2,1,Single carriageway,30,T or staggered junction,Daylight,Fine no high winds,Dry,None,Non-trunk,Going ahead other,Cycle lane (on main carriageway),None,None,Offside,Commuting to/from work,2018-03-26,18:30:00,Monday,Manchester,E08000003,Urban,53.475075,-2.211324,E01033688
06A343878,2018,Slight,Male,36 - 45,Urban area,More deprived 10-20%,2,1,Single carriageway,30,Crossroads,Daylight,Fine no high winds,Dry,None,Non-trunk,Going ahead other,On main c'way - not in restricted lane,None,None,Nearside,Not known,2018-05-05,17:50:00,Saturday,Manchester,E08000003,Urban,53.451777,-2.190022,E01005194
06A343901,2018,Slight,Male,21 - 25,Urban area,Most deprived 10%,2,1,Dual carriageway,30,Crossroads,Daylight,Fine no high winds,Dry,None,Non-trunk,Turning right,On main c'way - not in restricted lane,None,None,Front,Not known,2018-05-09,07:50:00,Wednesday,Manchester,E08000003,Urban,53.476309,-2.193718,E01005106
06A344203,2018,Slight,Male,21 - 25,Urban area,More deprived 20-30%,2,1,Dual carriageway,30,T or staggered junction,Daylight,Fine no high winds,Dry,None,Non-trunk,Going ahead other,On main c'way - not in restricted lane,None,None,Back,Commuting to/from work,2018-05-14,08:11:00,Monday,Manchester,E08000003,Urban,53.458013,-2.160743,E01005193
06A344343,2018,Slight,Male,16 - 20,Urban area,Most deprived 10%,2,1,Single carriageway,30,T or staggered junction,Daylight,Unknown,Dry,None,Non-trunk,Going ahead other,On main c'way - not in restricted lane,None,None,Front,Not known,2018-05-17,07:10:00,Thursday,Manchester,E08000003,Urban,53.459599,-2.1648,E01005192
06A344348,2018,Slight,Male,16 - 20,Urban area,More deprived 10-20%,2,1,Dual carriageway,30,Crossroads,Daylight,Fine no high winds,Dry,None,Non-trunk,Going ahead other,On main c'way - not in restricted lane,None,None,Front,Pupil riding to/from school,2018-05-17,09:40:00,Thursday,Manchester,E08000003,Urban,53.465214,-2.196168,E01005232
06A345521,2018,Slight,Male,46 - 55,Urban area,Most deprived 10%,2,1,Single carriageway,30,T or staggered junction,Daylight,Fine no high winds,Dry,None,Non-trunk,Going ahead right-hand bend,On main c'way - not in restricted lane,Open door of vehicle,None,Front,Commuting to/from work,2018-06-13,13:35:00,Wednesday,Manchester,E08000003,Urban,53.483107,-2.213549,E01033688
06A345938,2018,Slight,Male,11 - 15,Urban area,Most deprived 10%,2,1,Single carriageway,30,T or staggered junction,Daylight,Fine no high winds,Dry,None,Non-trunk,Turning left,On main c'way - not in restricted lane,None,None,Front,Pupil riding to/from school,2018-07-10,15:30:00,Tuesday,Manchester,E08000003,Urban,53.473046,-2.170969,E01005108
06A345988,2018,Slight,Female,26 - 35,Urban area,Most deprived 10%,2,1,Dual carriageway,30,T or staggered junction,Daylight,Fine no high winds,Dry,None,Non-trunk,Going ahead other,Cycle lane (on main carriageway),None,None,Front,Not known,2018-07-10,07:40:00,Tuesday,Manchester,E08000003,Urban,53.490433,-2.203111,E01033669
06A346543,2018,Slight,Male,6 - 10,Urban area,Most deprived 10%,2,1,Single carriageway,30,Crossroads,Darkness - lights unlit,Fine no high winds,Dry,None,Non-trunk,Going ahead other,On main c'way - not in restricted lane,None,None,Front,Not known,2018-07-21,20:30:00,Saturday,Manchester,E08000003,Urban,53.486991,-2.174115,E01005097
06A347019,2018,Slight,Male,46 - 55,Urban area,Most deprived 10%,2,1,Single carriageway,20,Crossroads,Darkness - lights unlit,Fine no high winds,Dry,None,Non-trunk,Going ahead other,On main c'way - not in restricted lane,None,None,Front,Commuting to/from work,2018-07-27,23:40:00,Friday,Manchester,E08000003,Urban,53.468766,-2.15863,E01005187
06A347288,2018,Slight,Male,16 - 20,Urban area,Most deprived 10%,2,1,Single carriageway,20,T or staggered junction,Daylight,Fine no high winds,Dry,None,Non-trunk,Waiting to go - held up,On main c'way - not in restricted lane,None,None,Front,Not known,2018-08-13,20:05:00,Monday,Manchester,E08000003,Urban,53.472349,-2.161415,E01033666
06A350054,2018,Slight,Male,26 - 35,Urban area,Most deprived 10%,2,1,Single carriageway,30,Not at junction or within 20 metres,Daylight,Fine no high winds,Dry,None,Non-trunk,Going ahead other,On main c'way - not in restricted lane,None,None,Front,Not known,2018-11-05,15:55:00,Monday,Manchester,E08000003,Urban,53.495264,-2.210791,E01005129
06A350457,2018,Serious,Male,11 - 15,Data missing or out of range,Data missing or out of range,2,1,Dual carriageway,30,Crossroads,Daylight,Fine no high winds,Dry,None,Non-trunk,Going ahead other,On main c'way - not in restricted lane,None,None,Nearside,Not known,2018-08-25,11:43:00,Saturday,Manchester,E08000003,Urban,53.461712,-2.176632,E01005201
06A350596,2018,Slight,Male,26 - 35,Urban area,Most deprived 10%,2,1,Single carriageway,30,T or staggered junction,Darkness - no lighting,Other,Wet or damp,None,Non-trunk,Going ahead other,On main c'way - not in restricted lane,None,None,Offside,Pupil riding to/from school,2018-11-15,19:48:00,Thursday,Manchester,E08000003,Urban,53.487875,-2.178142,E01005097
06A350902,2018,Slight,Male,16 - 20,Urban area,Most deprived 10%,3,1,Single carriageway,30,T or staggered junction,Darkness - lights lit,Fine no high winds,Dry,None,Non-trunk,Going ahead other,On main c'way - not in restricted lane,None,None,Front,Not known,2018-11-24,23:25:00,Saturday,Manchester,E08000003,Urban,53.481639,-2.204832,E01033669
06A351362,2018,Slight,Male,26 - 35,Urban area,Most deprived 10%,2,1,Single carriageway,30,T or staggered junction,Daylight,Fine no high winds,Dry,None,Non-trunk,Going ahead other,On main c'way - not in restricted lane,None,None,Front,Not known,2018-12-02,12:05:00,Sunday,Manchester,E08000003,Urban,53.487932,-2.224364,E01005130
06E139106,2018,Serious,Male,16 - 20,Urban area,More deprived 30-40%,2,1,Single carriageway,30,Not at junction or within 20 metres,Darkness - lighting unknown,Unknown,Dry,None,Non-trunk,Going ahead other,On main c'way - not in restricted lane,None,None,Offside,Not known,2018-10-06,01:30:00,Saturday,Manchester,E08000003,Urban,53.45826,-2.215142,E01005231
06E139399,2018,Slight,Male,26 - 35,Urban area,More deprived 30-40%,2,1,Single carriageway,30,Crossroads,Daylight,Fine no high winds,Dry,None,Non-trunk,Waiting to turn right,On main c'way - not in restricted lane,None,None,Back,Not known,2018-01-12,13:30:00,Friday,Manchester,E08000003,Urban,53.456407,-2.200178,E01005232
06E139481,2018,Slight,Male,26 - 35,Urban area,More deprived 30-40%,2,1,Single carriageway,30,Crossroads,Darkness - lights lit,Fine no high winds,Dry,None,Non-trunk,Going ahead other,On main c'way - not in restricted lane,None,None,Front,Not known,2018-01-12,16:45:00,Friday,Manchester,E08000003,Urban,53.465699,-2.257793,E01005214
06E140198,2018,Serious,Female,16 - 20,Urban area,More deprived 20-30%,2,1,Single carriageway,30,T or staggered junction,Daylight,Fine no high winds,Dry,None,Non-trunk,Going ahead other,Cycle lane (on main carriageway),None,None,Front,Not known,2018-02-05,10:34:00,Monday,Manchester,E08000003,Urban,53.468451,-2.240034,E01005212
06E140277,2018,Serious,Male,26 - 35,Urban area,Less deprived 30-40%,2,1,Single carriageway,30,Not at junction or within 20 metres,Daylight,Unknown,Dry,None,Non-trunk,Going ahead other,On main c'way - not in restricted lane,None,None,Front,Not known,2018-01-25,08:45:00,Thursday,Manchester,E08000003,Urban,53.458085,-2.236451,E01005209
06E140456,2018,Slight,Male,36 - 45,Urban area,Less deprived 30-40%,2,1,Single carriageway,30,T or staggered junction,Darkness - lights lit,Fine no high winds,Dry,None,Non-trunk,Going ahead other,Cycle lane (on main carriageway),None,None,Front,Commuting to/from work,2018-01-23,17:55:00,Tuesday,Manchester,E08000003,Urban,53.455976,-2.225386,E01005284
06E140560,2018,Slight,Female,36 - 45,Urban area,More deprived 20-30%,2,1,Single carriageway,20,Crossroads,Daylight,Fine no high winds,Dry,None,Non-trunk,Going ahead other,On main c'way - not in restricted lane,None,None,Back,Journey as part of work,2018-02-05,10:20:00,Monday,Manchester,E08000003,Urban,53.456331,-2.246246,E01005245
06E140731,2018,Slight,Male,21 - 25,Urban area,Most deprived 10%,2,1,Single carriageway,20,Not at junction or within 20 metres,Darkness - lights lit,Raining no high winds,Wet or damp,None,Non-trunk,Going ahead other,On main c'way - not in restricted lane,None,None,Nearside,Not known,2018-01-15,19:30:00,Monday,Manchester,E08000003,Urban,53.452661,-2.229284,E01005285
06E140813,2018,Slight,Male,26 - 35,Urban area,More deprived 20-30%,2,1,Dual carriageway,30,Crossroads,Darkness - lighting unknown,Fine no high winds,Dry,None,Non-trunk,Going ahead other,On main c'way - not in restricted lane,None,None,Offside,Commuting to/from work,2018-02-05,17:20:00,Monday,Manchester,E08000003,Urban,53.467159,-2.229376,E01005062
06E141108,2018,Slight,Female,16 - 20,Urban area,More deprived 30-40%,2,1,Single carriageway,30,T or staggered junction,Daylight,Other,Dry,None,Non-trunk,Going ahead other,On main c'way - not in restricted lane,None,None,Offside,Not known,2018-02-09,13:55:00,Friday,Manchester,E08000003,Urban,53.457789,-2.226826,E01005244
06E141220,2018,Slight,Male,26 - 35,Urban area,Less deprived 40-50%,2,1,Single carriageway,30,T or staggered junction,Darkness - lights lit,Fine no high winds,Dry,None,Non-trunk,Going ahead other,On main c'way - not in restricted lane,None,None,Offside,Not known,2018-02-06,17:15:00,Tuesday,Manchester,E08000003,Urban,53.46685,-2.257755,E01005213
06E141767,2018,Slight,Male,21 - 25,Urban area,More deprived 10-20%,2,1,Single carriageway,30,T or staggered junction,Daylight,Fine no high winds,Dry,None,Non-trunk,Waiting to go - held up,On main c'way - not in restricted lane,None,None,Front,Not known,2018-03-20,09:00:00,Tuesday,Manchester,E08000003,Urban,53.46325,-2.219249,E01033652
06E142111,2018,Slight,Male,16 - 20,Data missing or out of range,Data missing or out of range,2,1,Single carriageway,30,T or staggered junction,Darkness - lights lit,Fine no high winds,Dry,None,Non-trunk,Going ahead other,On main c'way - not in restricted lane,None,None,Nearside,Not known,2018-03-29,18:40:00,Thursday,Manchester,E08000003,Urban,53.454603,-2.233947,E01005242
06E142191,2018,Serious,Male,26 - 35,Urban area,More deprived 20-30%,2,1,Dual carriageway,30,Crossroads,Daylight,Fine no high winds,Dry,None,Non-trunk,Overtaking - nearside,On main c'way - not in restricted lane,None,None,Front,Commuting to/from work,2018-03-21,08:35:00,Wednesday,Manchester,E08000003,Urban,53.469599,-2.232222,E01005062
06E142960,2018,Slight,Male,26 - 35,Data missing or out of range,Data missing or out of range,2,1,Single carriageway,30,T or staggered junction,Daylight,Unknown,Wet or damp,None,Non-trunk,Going ahead other,On main c'way - not in restricted lane,None,None,Offside,Not known,2018-04-24,16:45:00,Tuesday,Manchester,E08000003,Urban,53.45515,-2.225141,E01005288
06E143274,2018,Slight,Female,46 - 55,Urban area,Less deprived 40-50%,2,1,Single carriageway,30,T or staggered junction,Daylight,Fine no high winds,Dry,None,Non-trunk,Going ahead other,On main c'way - not in restricted lane,None,None,Front,Commuting to/from work,2018-05-01,18:00:00,Tuesday,Manchester,E08000003,Urban,53.459975,-2.248586,E01005245
06E143464,2018,Slight,Male,26 - 35,Urban area,More deprived 10-20%,2,1,Single carriageway,30,T or staggered junction,Daylight,Fine no high winds,Dry,None,Non-trunk,Going ahead other,On main c'way - not in restricted lane,None,None,Offside,Not known,2018-04-15,12:00:00,Sunday,Manchester,E08000003,Urban,53.45253,-2.222612,E01005284
06E144025,2018,Slight,Female,26 - 35,Urban area,More deprived 10-20%,2,1,Single carriageway,30,T or staggered junction,Daylight,Fine no high winds,Dry,None,Non-trunk,Going ahead other,Cycle lane (on main carriageway),None,None,Nearside,Journey as part of work,2018-05-22,18:00:00,Tuesday,Manchester,E08000003,Urban,53.464376,-2.223065,E01005062
06E144065,2018,Serious,Male,26 - 35,Urban area,More deprived 30-40%,2,1,Single carriageway,20,Crossroads,Darkness - lights lit,Fine no high winds,Dry,None,Non-trunk,Going ahead other,On main c'way - not in restricted lane,None,None,Offside,Commuting to/from work,2018-05-19,23:20:00,Saturday,Manchester,E08000003,Urban,53.449043,-2.231417,E01005241
06E144089,2018,Slight,Female,26 - 35,Urban area,More deprived 10-20%,2,1,Single carriageway,30,T or staggered junction,Daylight,Fine no high winds,Dry,None,Non-trunk,Going ahead other,Cycle lane (on main carriageway),None,None,Offside,Not known,2018-05-11,15:10:00,Friday,Manchester,E08000003,Urban,53.453732,-2.223958,E01005288
06E144094,2018,Slight,Female,26 - 35,Urban area,Less deprived 20-30%,2,1,Single carriageway,30,T or staggered junction,Daylight,Raining no high winds,Wet or damp,None,Non-trunk,Going ahead other,On main c'way - not in restricted lane,None,None,Offside,Not known,2018-05-21,16:40:00,Monday,Manchester,E08000003,Urban,53.456344,-2.225629,E01005284
06E144100,2018,Slight,Male,21 - 25,Urban area,Less deprived 40-50%,2,1,Single carriageway,30,Not at junction or within 20 metres,Daylight,Fine no high winds,Dry,None,Non-trunk,Going ahead other,Cycle lane (on main carriageway),Kerb,None,Front,Commuting to/from work,2018-05-21,17:30:00,Monday,Manchester,E08000003,Urban,53.450218,-2.208446,E01005287
06E144347,2018,Serious,Male,36 - 45,Urban area,More deprived 10-20%,2,1,Single carriageway,30,T or staggered junction,Daylight,Fine no high winds,Dry,None,Non-trunk,Going ahead other,On main c'way - not in restricted lane,None,None,Offside,Commuting to/from work,2018-05-16,08:42:00,Wednesday,Manchester,E08000003,Urban,53.455665,-2.203473,E01005237
06E144538,2018,Slight,Male,46 - 55,Urban area,More deprived 30-40%,2,1,Single carriageway,30,Crossroads,Daylight,Fine no high winds,Dry,None,Non-trunk,Slowing or stopping,On main c'way - not in restricted lane,None,None,Front,Commuting to/from work,2018-06-06,18:10:00,Wednesday,Manchester,E08000003,Urban,53.454475,-2.220634,E01005284
06E144560,2018,Serious,Male,21 - 25,Urban area,More deprived 30-40%,2,1,Dual carriageway,30,T or staggered junction,Daylight,Fine no high winds,Dry,None,Non-trunk,Going ahead other,On main c'way - not in restricted lane,None,None,Front,Journey as part of work,2018-06-01,16:15:00,Friday,Manchester,E08000003,Urban,53.47284,-2.229106,E01005065
06E144561,2018,Serious,Male,26 - 35,Urban area,Most deprived 10%,2,1,Single carriageway,30,T or staggered junction,Daylight,Fine no high winds,Dry,Road surface defective,Non-trunk,Going ahead other,On main c'way - not in restricted lane,None,None,Nearside,Commuting to/from work,2018-05-18,08:20:00,Friday,Manchester,E08000003,Urban,53.461598,-2.208019,E01033657
06E145006,2018,Slight,Male,26 - 35,Urban area,More deprived 20-30%,2,1,Single carriageway,30,Crossroads,Daylight,Fine no high winds,Dry,None,Non-trunk,Going ahead other,On main c'way - not in restricted lane,None,None,Front,Commuting to/from work,2018-06-19,09:00:00,Tuesday,Manchester,E08000003,Urban,53.467347,-2.239063,E01005210
06E145255,2018,Serious,Male,36 - 45,Urban area,More deprived 10-20%,2,1,Single carriageway,30,T or staggered junction,Daylight,Fine no high winds,Dry,None,Non-trunk,Going ahead other,Cycle lane (on main carriageway),Open door of vehicle,None,Offside,Not known,2018-06-05,20:15:00,Tuesday,Manchester,E08000003,Urban,53.456299,-2.225945,E01005244
06E145316,2018,Serious,Male,16 - 20,Urban area,More deprived 10-20%,2,1,Single carriageway,20,Crossroads,Daylight,Fine no high winds,Dry,None,Non-trunk,Going ahead other,On main c'way - not in restricted lane,None,None,Front,Not known,2018-06-22,12:30:00,Friday,Manchester,E08000003,Urban,53.453369,-2.200149,E01005237
06E145534,2018,Slight,Male,16 - 20,Data missing or out of range,Data missing or out of range,2,1,Single carriageway,30,Not at junction or within 20 metres,Darkness - lights lit,Fine no high winds,Dry,None,Non-trunk,Going ahead other,On main c'way - not in restricted lane,None,None,Back,Not known,2018-06-17,23:05:00,Sunday,Manchester,E08000003,Urban,53.456211,-2.238805,E01005245
06E145668,2018,Slight,Male,36 - 45,Urban area,Least deprived 10%,2,1,Single carriageway,30,T or staggered junction,Daylight,Fine no high winds,Dry,None,Non-trunk,Going ahead other,Cycle lane (on main carriageway),None,None,Front,Commuting to/from work,2018-07-02,15:45:00,Monday,Manchester,E08000003,Urban,53.451789,-2.209598,E01005287
06E146192,2018,Slight,Male,26 - 35,Data missing or out of range,Data missing or out of range,2,1,Single carriageway,30,T or staggered junction,Daylight,Fine no high winds,Dry,None,Non-trunk,Going ahead other,Cycle lane (on main carriageway),None,None,Front,Commuting to/from work,2018-07-17,16:20:00,Tuesday,Manchester,E08000003,Urban,53.472734,-2.259297,E01033672
06E146605,2018,Slight,Male,46 - 55,Urban area,Most deprived 10%,2,1,Single carriageway,30,T or staggered junction,Daylight,Fine no high winds,Dry,None,Non-trunk,Going ahead other,On main c'way - not in restricted lane,None,None,Back,Journey as part of work,2018-07-19,09:38:00,Thursday,Manchester,E08000003,Urban,53.46818,-2.211787,E01005061
06E146754,2018,Slight,Male,21 - 25,Urban area,More deprived 10-20%,3,1,Single carriageway,30,Crossroads,Darkness - no lighting,Fine no high winds,Dry,None,Non-trunk,Going ahead other,On main c'way - not in restricted lane,None,None,Front,Not known,2018-08-05,22:37:00,Sunday,Manchester,E08000003,Urban,53.454129,-2.191614,E01005194
06E147219,2018,Slight,Female,26 - 35,Urban area,Less deprived 40-50%,2,1,Roundabout,30,Roundabout,Darkness - lights lit,Fine no high winds,Dry,None,Non-trunk,Going ahead other,On main c'way - not in restricted lane,None,None,Back,Not known,2018-08-09,03:00:00,Thursday,Manchester,E08000003,Urban,53.470255,-2.222493,E01005065
06E147537,2018,Slight,Male,56 - 65,Urban area,Less deprived 30-40%,2,1,Single carriageway,30,Not at junction or within 20 metres,Daylight,Raining no high winds,Wet or damp,Road surface defective,Non-trunk,Overtaking - nearside,On main c'way - not in restricted lane,None,None,Back,Not known,2018-08-16,07:45:00,Thursday,Manchester,E08000003,Urban,53.45612,-2.215583,E01005284
06E147760,2018,Slight,Male,26 - 35,Urban area,Most deprived 10%,2,1,Single carriageway,30,T or staggered junction,Daylight,Fine no high winds,Dry,None,Non-trunk,Going ahead other,On main c'way - not in restricted lane,None,None,Front,Not known,2018-08-30,14:57:00,Thursday,Manchester,E08000003,Urban,53.453329,-2.241319,E01005240
06E148442,2018,Slight,Female,26 - 35,Urban area,More deprived 30-40%,2,1,Single carriageway,30,Not at junction or within 20 metres,Daylight,Raining no high winds,Wet or damp,None,Non-trunk,Going ahead other,Cycle lane (on main carriageway),None,None,Front,Not known,2018-09-21,09:00:00,Friday,Manchester,E08000003,Urban,53.457598,-2.218226,E01005284
06E149509,2018,Slight,Male,21 - 25,Urban area,More deprived 30-40%,2,2,Single carriageway,30,Crossroads,Darkness - lights lit,Fine no high winds,Dry,None,Non-trunk,Going ahead other,Cycle lane (on main carriageway),None,None,Back,Not known,2018-10-20,04:37:00,Saturday,Manchester,E08000003,Urban,53.470281,-2.237031,E01005066
06E149819,2018,Slight,Male,26 - 35,Data missing or out of range,Data missing or out of range,2,1,Single carriageway,30,Not at junction or within 20 metres,Daylight,Fine no high winds,Dry,None,Non-trunk,Going ahead other,On main c'way - not in restricted lane,None,None,Front,Not known,2018-10-31,15:25:00,Wednesday,Manchester,E08000003,Urban,53.463475,-2.228634,E01005062
06E150032,2018,Slight,Male,36 - 45,Urban area,Most deprived 10%,2,1,Single carriageway,20,Crossroads,Darkness - lights lit,Fine no high winds,Dry,None,Non-trunk,Going ahead other,Leaving lay-by or hard shoulder,None,Road sign or traffic signal,Did not impact,Not known,2018-10-27,18:10:00,Saturday,Manchester,E08000003,Urban,53.452292,-2.199556,E01005237
06E150228,2018,Serious,Male,21 - 25,Urban area,More deprived 20-30%,2,1,Single carriageway,30,T or staggered junction,Daylight,Fine no high winds,Dry,None,Non-trunk,Going ahead other,On main c'way - not in restricted lane,None,None,Offside,Not known,2018-11-06,09:00:00,Tuesday,Manchester,E08000003,Urban,53.457771,-2.226841,E01005244
06E150238,2018,Slight,Male,21 - 25,Urban area,More deprived 20-30%,2,1,Single carriageway,30,T or staggered junction,Darkness - lights lit,Fine no high winds,Dry,None,Non-trunk,Going ahead other,On main c'way - not in restricted lane,None,None,Front,Not known,2018-10-29,23:20:00,Monday,Manchester,E08000003,Urban,53.46014,-2.214293,E01033657
06E150379,2018,Slight,Male,36 - 45,Urban area,More deprived 30-40%,4,2,Single carriageway,30,Not at junction or within 20 metres,Darkness - lights lit,Fine no high winds,Dry,None,Non-trunk,Going ahead other,On main c'way - not in restricted lane,None,None,Front,Journey as part of work,2018-11-13,18:10:00,Tuesday,Manchester,E08000003,Urban,53.466472,-2.253956,E01005214
06E150657,2018,Slight,Male,26 - 35,Urban area,More deprived 10-20%,2,1,Single carriageway,30,T or staggered junction,Darkness - lighting unknown,Fine + high winds,Dry,None,Non-trunk,Going ahead other,On main c'way - not in restricted lane,None,None,Offside,Not known,2018-11-09,20:25:00,Friday,Manchester,E08000003,Urban,53.452813,-2.225128,E01005288
06E239784,2018,Slight,Female,16 - 20,Data missing or out of range,Data missing or out of range,2,1,Single carriageway,30,Not at junction or within 20 metres,Darkness - lights lit,Fine no high winds,Dry,None,Non-trunk,Overtaking static vehicle - offside,On main c'way - not in restricted lane,Parked vehicle,None,Front,Commuting to/from work,2018-01-22,18:55:00,Monday,Manchester,E08000003,Urban,53.432482,-2.233465,E01005276
06E240453,2018,Slight,Female,46 - 55,Urban area,Less deprived 10-20%,3,1,Single carriageway,30,Not at junction or within 20 metres,Darkness - lights lit,Raining no high winds,Wet or damp,None,Non-trunk,Going ahead other,On main c'way - not in restricted lane,None,None,Offside,Not known,2018-01-31,16:45:00,Wednesday,Manchester,E08000003,Urban,53.420827,-2.212816,E01005126
06E240479,2018,Slight,Male,36 - 45,Urban area,More deprived 10-20%,2,1,Single carriageway,30,T or staggered junction,Darkness - lights unlit,Raining no high winds,Wet or damp,None,Non-trunk,Going ahead other,On main c'way - not in restricted lane,None,None,Front,Not known,2018-02-08,18:48:00,Thursday,Manchester,E08000003,Urban,53.43974,-2.231578,E01005278
06E241760,2018,Slight,Female,26 - 35,Data missing or out of range,Data missing or out of range,2,1,Roundabout,30,Roundabout,Daylight,Fine no high winds,Dry,None,Non-trunk,Going ahead other,On main c'way - not in restricted lane,None,None,Front,Not known,2018-03-09,07:50:00,Friday,Manchester,E08000003,Urban,53.434383,-2.231488,E01005274
06E241979,2018,Slight,Male,26 - 35,Urban area,More deprived 40-50%,2,1,Single carriageway,30,Crossroads,Daylight,Fine no high winds,Dry,None,Non-trunk,Going ahead other,Cycle lane (on main carriageway),None,None,Front,Commuting to/from work,2018-03-12,16:00:00,Monday,Manchester,E08000003,Urban,53.443262,-2.250281,E01005181
06E242116,2018,Slight,Male,21 - 25,Urban area,More deprived 20-30%,2,1,Single carriageway,30,T or staggered junction,Daylight,Raining no high winds,Wet or damp,None,Non-trunk,Going ahead other,On main c'way - not in restricted lane,None,None,Did not impact,Not known,2018-03-27,11:50:00,Tuesday,Manchester,E08000003,Urban,53.447918,-2.191767,E01005219
06E242117,2018,Slight,Male,21 - 25,Urban area,More deprived 30-40%,2,1,Single carriageway,20,Crossroads,Darkness - lights lit,Fine no high winds,Wet or damp,None,Non-trunk,Going ahead other,On main c'way - not in restricted lane,None,None,Nearside,Not known,2018-01-02,17:20:00,Tuesday,Manchester,E08000003,Urban,53.447344,-2.236512,E01005180
06E242966,2018,Slight,Male,46 - 55,Urban area,Most deprived 10%,2,1,Roundabout,30,Roundabout,Daylight,Fine no high winds,Dry,None,Non-trunk,Going ahead other,On main c'way - not in restricted lane,None,None,Front,Not known,2018-03-29,10:20:00,Thursday,Manchester,E08000003,Urban,53.44265,-2.203049,E01005218
06E243317,2018,Slight,Male,36 - 45,Urban area,More deprived 30-40%,2,1,Single carriageway,30,T or staggered junction,Daylight,Fine no high winds,Dry,None,Non-trunk,Moving off,On main c'way - not in restricted lane,None,None,Offside,Not known,2018-05-04,09:15:00,Friday,Manchester,E08000003,Urban,53.44426,-2.191584,E01005221
06E243670,2018,Slight,Female,26 - 35,Urban area,Less deprived 30-40%,2,1,Single carriageway,30,T or staggered junction,Daylight,Fine no high winds,Dry,None,Non-trunk,Going ahead other,On main c'way - not in restricted lane,None,None,Offside,Not known,2018-05-11,16:25:00,Friday,Manchester,E08000003,Urban,53.441355,-2.218805,E01005185
06E243899,2018,Slight,Female,21 - 25,Urban area,More deprived 20-30%,2,1,Single carriageway,30,T or staggered junction,Daylight,Fine no high winds,Dry,None,Non-trunk,Going ahead other,On main c'way - not in restricted lane,None,None,Back,Journey as part of work,2018-05-11,17:00:00,Friday,Manchester,E08000003,Urban,53.437931,-2.213594,E01005310
06E243927,2018,Slight,Male,26 - 35,Urban area,More deprived 20-30%,2,1,Single carriageway,30,Crossroads,Daylight,Fine no high winds,Dry,None,Non-trunk,Going ahead other,Cycle lane (on main carriageway),None,None,Did not impact,Commuting to/from work,2018-05-18,12:00:00,Friday,Manchester,E08000003,Urban,53.442578,-2.218616,E01005185
06E244512,2018,Slight,Male,26 - 35,Data missing or out of range,Data missing or out of range,2,1,Single carriageway,30,T or staggered junction,Daylight,Fine no high winds,Dry,None,Non-trunk,Overtaking - nearside,On main c'way - not in restricted lane,None,Road sign or traffic signal,Front,Not known,2018-05-29,10:45:00,Tuesday,Manchester,E08000003,Urban,53.441409,-2.218775,E01005185
06E244603,2018,Slight,Male,26 - 35,Urban area,Less deprived 20-30%,2,1,Single carriageway,30,T or staggered junction,Daylight,Fine no high winds,Dry,None,Non-trunk,Going ahead right-hand bend,On main c'way - not in restricted lane,None,None,Front,Commuting to/from work,2018-06-04,17:08:00,Monday,Manchester,E08000003,Urban,53.439704,-2.217321,E01005309
06E244623,2018,Slight,Male,46 - 55,Urban area,Most deprived 10%,2,1,Single carriageway,30,Not at junction or within 20 metres,Daylight,Fine no high winds,Dry,None,Non-trunk,Going ahead other,Bus lane,None,None,Back,Commuting to/from work,2018-06-06,08:15:00,Wednesday,Manchester,E08000003,Urban,53.439419,-2.220586,E01005271
06E244724,2018,Serious,Female,46 - 55,Urban area,Less deprived 40-50%,2,1,Single carriageway,30,Crossroads,Daylight,Fine no high winds,Dry,None,Non-trunk,Going ahead other,On main c'way - not in restricted lane,None,None,Offside,Journey as part of work,2018-05-23,08:25:00,Wednesday,Manchester,E08000003,Urban,53.441256,-2.21903,E01005185
06E244906,2018,Serious,Male,46 - 55,Urban area,Less deprived 20-30%,2,1,Single carriageway,30,Crossroads,Daylight,Fine no high winds,Dry,None,Non-trunk,Waiting to turn right,On main c'way - not in restricted lane,None,None,Back,Not known,2018-05-23,08:20:00,Wednesday,Manchester,E08000003,Urban,53.447487,-2.191524,E01005219
06E245551,2018,Slight,Male,21 - 25,Urban area,More deprived 30-40%,2,1,Single carriageway,30,Crossroads,Darkness - lights lit,Fine no high winds,Dry,None,Non-trunk,Going ahead other,On main c'way - not in restricted lane,None,None,Front,Not known,2018-06-27,00:35:00,Wednesday,Manchester,E08000003,Urban,53.442551,-2.21845,E01005185
06E246096,2018,Serious,Female,21 - 25,Urban area,More deprived 30-40%,2,1,Single carriageway,30,T or staggered junction,Darkness - lights lit,Fine no high winds,Dry,None,Non-trunk,Going ahead other,Cycle lane (on main carriageway),None,None,Front,Not known,2018-07-11,22:15:00,Wednesday,Manchester,E08000003,Urban,53.443256,-2.24885,E01005181
06E246213,2018,Slight,Male,26 - 35,Urban area,More deprived 10-20%,2,1,Single carriageway,30,Crossroads,Daylight,Fine no high winds,Dry,None,Non-trunk,Going ahead other,On main c'way - not in restricted lane,None,None,Nearside,Commuting to/from work,2018-07-02,08:20:00,Monday,Manchester,E08000003,Urban,53.441905,-2.250273,E01005181
06E246302,2018,Slight,Female,26 - 35,Urban area,More deprived 10-20%,2,1,Single carriageway,30,T or staggered junction,Daylight,Fine no high winds,Dry,None,Non-trunk,Going ahead other,Cycle lane (on main carriageway),None,None,Offside,Commuting to/from work,2018-07-05,14:30:00,Thursday,Manchester,E08000003,Urban,53.439932,-2.220077,E01005271
06E246459,2018,Slight,Male,26 - 35,Urban area,Most deprived 10%,2,1,Single carriageway,30,Not at junction or within 20 metres,Daylight,Fine no high winds,Dry,None,Non-trunk,Going ahead other,On main c'way - not in restricted lane,None,None,Offside,Not known,2018-07-02,10:10:00,Monday,Manchester,E08000003,Urban,53.437619,-2.231476,E01005273
06E246902,2018,Slight,Male,26 - 35,Urban area,Most deprived 10%,2,1,Single carriageway,30,T or staggered junction,Daylight,Fine no high winds,Dry,None,Non-trunk,Going ahead other,On main c'way - not in restricted lane,None,None,Back,Not known,2018-08-05,07:55:00,Sunday,Manchester,E08000003,Urban,53.439826,-2.18753,E01005222
06E246951,2018,Slight,Female,26 - 35,Urban area,More deprived 10-20%,2,1,Single carriageway,30,Crossroads,Daylight,Fine no high winds,Dry,None,Non-trunk,Going ahead other,On main c'way - not in restricted lane,None,None,Front,Commuting to/from work,2018-08-03,08:20:00,Friday,Manchester,E08000003,Urban,53.442623,-2.21848,E01005185
06E247277,2018,Slight,Female,21 - 25,Urban area,More deprived 20-30%,2,1,Single carriageway,30,T or staggered junction,Darkness - lights lit,Raining no high winds,Wet or damp,None,Non-trunk,Going ahead other,On main c'way - not in restricted lane,None,None,Offside,Not known,2018-08-11,21:00:00,Saturday,Manchester,E08000003,Urban,53.443211,-2.248865,E01005181
06E248689,2018,Slight,Female,46 - 55,Urban area,Least deprived 10%,2,1,Single carriageway,40,Mini-roundabout,Daylight,Fine no high winds,Dry,None,Non-trunk,Slowing or stopping,On main c'way - not in restricted lane,None,None,Offside,Journey as part of work,2018-08-31,17:30:00,Friday,Manchester,E08000003,Urban,53.442026,-2.20544,E01005282
06E248792,2018,Slight,Male,26 - 35,Urban area,More deprived 10-20%,2,1,Single carriageway,30,T or staggered junction,Daylight,Fine no high winds,Dry,None,Non-trunk,Going ahead other,Cycle lane (on main carriageway),None,None,Front,Not known,2018-09-29,18:34:00,Saturday,Manchester,E08000003,Urban,53.463465,-2.219762,E01005062
06E249028,2018,Slight,Male,56 - 65,Data missing or out of range,Data missing or out of range,2,1,Single carriageway,30,T or staggered junction,Darkness - lights lit,Fine no high winds,Dry,None,Non-trunk,Changing lane to right,On main c'way - not in restricted lane,None,None,Back,Commuting to/from work,2018-10-08,19:15:00,Monday,Manchester,E08000003,Urban,53.43831,-2.186138,E01005215
06E249167,2018,Serious,Male,36 - 45,Urban area,Less deprived 30-40%,2,1,Single carriageway,30,Crossroads,Daylight,Fine no high winds,Dry,None,Non-trunk,Going ahead other,On main c'way - not in restricted lane,None,None,Front,Not known,2018-10-07,11:07:00,Sunday,Manchester,E08000003,Urban,53.441794,-2.251552,E01005181
06E249213,2018,Slight,Female,36 - 45,Urban area,More deprived 10-20%,2,1,Single carriageway,30,T or staggered junction,Daylight,Fine no high winds,Dry,None,Non-trunk,Going ahead other,On main c'way - not in restricted lane,None,None,Nearside,Not known,2018-10-11,10:16:00,Thursday,Manchester,E08000003,Urban,53.432807,-2.232759,E01005274
06E249336,2018,Slight,Male,46 - 55,Urban area,Least deprived 10%,2,1,Unknown,30,T or staggered junction,Daylight,Unknown,Dry,None,Non-trunk,Going ahead other,On main c'way - not in restricted lane,None,None,Front,Not known,2018-09-05,17:10:00,Wednesday,Manchester,E08000003,Urban,53.43714,-2.223329,E01005309
06E250964,2018,Slight,Male,46 - 55,Rural,Least deprived 10%,2,1,Single carriageway,30,T or staggered junction,Darkness - lighting unknown,Unknown,Dry,None,Non-trunk,Going ahead other,Cycle lane (on main carriageway),None,None,Offside,Commuting to/from work,2018-11-16,16:45:00,Friday,Manchester,E08000003,Urban,53.43511,-2.227338,E01005304
06E251626,2018,Slight,Male,36 - 45,Urban area,More deprived 20-30%,2,1,Single carriageway,30,Crossroads,Daylight,Fine no high winds,Wet or damp,None,Non-trunk,Turning left,On main c'way - not in restricted lane,None,None,Front,Not known,2018-12-17,15:30:00,Monday,Manchester,E08000003,Urban,53.425946,-2.215219,E01005123
06E339476,2018,Serious,Female,36 - 45,Urban area,Less deprived 30-40%,2,1,Single carriageway,30,T or staggered junction,Darkness - lights lit,Raining no high winds,Wet or damp,None,Non-trunk,Waiting to turn right,On main c'way - not in restricted lane,None,None,Offside,Not known,2018-01-04,15:10:00,Thursday,Manchester,E08000003,Urban,53.419833,-2.243312,E01005078
06E339553,2018,Serious,Male,36 - 45,Urban area,Less deprived 30-40%,2,1,Single carriageway,30,T or staggered junction,Darkness - lights lit,Raining + high winds,Wet or damp,None,Non-trunk,Going ahead other,On main c'way - not in restricted lane,None,None,Nearside,Commuting to/from work,2018-01-16,16:45:00,Tuesday,Manchester,E08000003,Urban,53.426327,-2.258654,E01005084
06E340024,2018,Serious,Male,26 - 35,Urban area,Most deprived 10%,2,1,Dual carriageway,40,Not at junction or within 20 metres,Daylight,Other,Wet or damp,None,Non-trunk,Going ahead other,Cycle lane (on main carriageway),None,Near/Offside crash barrier,Front,Journey as part of work,2018-01-16,08:15:00,Tuesday,Manchester,E08000003,Urban,53.410235,-2.219503,E01005171
06E342410,2018,Serious,Male,46 - 55,Urban area,More deprived 30-40%,3,1,One way street,30,Not at junction or within 20 metres,Daylight,Fine no high winds,Wet or damp,None,Non-trunk,Going ahead other,On main c'way - not in restricted lane,None,None,Front,Commuting to/from work,2018-04-04,11:15:00,Wednesday,Manchester,E08000003,Urban,53.41814,-2.244852,E01005173
06E343088,2018,Slight,Male,26 - 35,Urban area,More deprived 30-40%,2,1,Single carriageway,30,Crossroads,Daylight,Raining no high winds,Wet or damp,None,Non-trunk,Going ahead other,On main c'way - not in restricted lane,None,None,Did not impact,Not known,2018-04-28,17:59:00,Saturday,Manchester,E08000003,Urban,53.44263,-2.279966,E01005150
06E343929,2018,Serious,Male,26 - 35,Urban area,More deprived 30-40%,2,1,Single carriageway,30,T or staggered junction,Daylight,Fine no high winds,Dry,None,Non-trunk,Going ahead other,Cycle lane (on main carriageway),None,None,Back,Journey as part of work,2018-05-09,13:05:00,Wednesday,Manchester,E08000003,Urban,53.415263,-2.231986,E01005177
06E344811,2018,Slight,Female,36 - 45,Urban area,Most deprived 10%,2,1,Single carriageway,30,T or staggered junction,Daylight,Fine no high winds,Dry,None,Non-trunk,Going ahead other,On main c'way - not in restricted lane,None,None,Back,Not known,2018-06-11,08:33:00,Monday,Manchester,E08000003,Urban,53.410208,-2.228785,E01005169
06E345471,2018,Slight,Male,46 - 55,Urban area,More deprived 10-20%,2,1,Dual carriageway,30,Not at junction or within 20 metres,Daylight,Fine no high winds,Dry,None,Non-trunk,Going ahead other,On main c'way - not in restricted lane,None,None,Back,Commuting to/from work,2018-06-22,07:55:00,Friday,Manchester,E08000003,Urban,53.438475,-2.257057,E01005279
06E345971,2018,Slight,Male,11 - 15,Urban area,Most deprived 10%,2,1,Single carriageway,30,Crossroads,Daylight,Fine no high winds,Dry,None,Non-trunk,Going ahead other,On main c'way - not in restricted lane,None,None,Offside,Pupil riding to/from school,2018-07-09,08:47:00,Monday,Manchester,E08000003,Urban,53.425704,-2.264083,E01005084
06E346660,2018,Slight,Male,46 - 55,Urban area,Most deprived 10%,2,1,Single carriageway,30,Private drive or entrance,Daylight,Fine no high winds,Dry,None,Non-trunk,Going ahead other,Cycle lane (on main carriageway),None,None,Front,Not known,2018-07-24,09:30:00,Tuesday,Manchester,E08000003,Urban,53.442446,-2.274093,E01005154
06E348325,2018,Slight,Male,26 - 35,Urban area,More deprived 20-30%,2,1,Single carriageway,30,Crossroads,Darkness - lights unlit,Fine no high winds,Dry,None,Non-trunk,Waiting to turn left,On main c'way - not in restricted lane,None,None,Back,Not known,2018-09-17,01:10:00,Monday,Manchester,E08000003,Urban,53.421166,-2.24192,E01005083
06E348744,2018,Slight,Male,46 - 55,Urban area,Least deprived 10%,2,1,Single carriageway,30,T or staggered junction,Darkness - lights lit,Fine no high winds,Dry,None,Non-trunk,Going ahead other,On main c'way - not in restricted lane,None,None,Front,Not known,2018-09-28,19:36:00,Friday,Manchester,E08000003,Urban,53.427857,-2.261914,E01005084
06E348753,2018,Slight,Male,56 - 65,Urban area,Less deprived 40-50%,2,1,Single carriageway,30,T or staggered junction,Daylight,Fine no high winds,Dry,None,Non-trunk,Going ahead other,On main c'way - not in restricted lane,None,None,Nearside,Not known,2018-10-01,10:34:00,Monday,Manchester,E08000003,Urban,53.431862,-2.259636,E01005081
06E349231,2018,Slight,Female,26 - 35,Urban area,More deprived 20-30%,2,1,Single carriageway,30,Private drive or entrance,Daylight,Fine no high winds,Dry,None,Non-trunk,Going ahead other,Cycle lane (on main carriageway),None,None,Front,Not known,2018-10-03,19:15:00,Wednesday,Manchester,E08000003,Urban,53.442539,-2.272498,E01005296
06E349533,2018,Slight,Male,56 - 65,Urban area,Less deprived 30-40%,2,2,Single carriageway,30,T or staggered junction,Daylight,Fine no high winds,Dry,None,Non-trunk,Going ahead right-hand bend,On main c'way - not in restricted lane,None,None,Nearside,Journey as part of work,2018-10-22,09:05:00,Monday,Manchester,E08000003,Urban,53.445006,-2.278672,E01005150
06E350164,2018,Slight,Male,36 - 45,Urban area,Less deprived 30-40%,2,1,Single carriageway,30,Private drive or entrance,Daylight,Fine no high winds,Dry,None,Non-trunk,Turning right,On main c'way - not in restricted lane,None,None,Back,Commuting to/from work,2018-10-30,14:25:00,Tuesday,Manchester,E08000003,Urban,53.41273,-2.23101,E01005169
06E350296,2018,Serious,Male,36 - 45,Urban area,Less deprived 20-30%,2,1,Single carriageway,30,Not at junction or within 20 metres,Daylight,Fine no high winds,Dry,None,Non-trunk,Going ahead other,On main c'way - not in restricted lane,None,None,Front,Commuting to/from work,2018-11-07,09:23:00,Wednesday,Manchester,E08000003,Urban,53.412350000000004,-2.222899,E01005168
06E353919,2018,Slight,Male,26 - 35,Urban area,More deprived 40-50%,2,1,Single carriageway,30,T or staggered junction,Darkness - lights lit,Fine no high winds,Dry,None,Non-trunk,Going ahead other,On main c'way - not in restricted lane,None,None,Offside,Not known,2018-06-20,21:50:00,Wednesday,Manchester,E08000003,Urban,53.455115,-2.26428,E01005302
06E439927,2018,Slight,Male,26 - 35,Urban area,Less deprived 40-50%,2,1,Single carriageway,30,T or staggered junction,Darkness - lights lit,Raining no high winds,Wet or damp,None,Non-trunk,Going ahead other,On main c'way - not in restricted lane,None,None,Front,Not known,2018-01-15,18:30:00,Monday,Manchester,E08000003,Urban,53.409379,-2.256596,E01005268
06E439974,2018,Slight,Male,56 - 65,Urban area,More deprived 40-50%,2,1,Single carriageway,60,Private drive or entrance,Daylight,Fine no high winds,Wet or damp,None,Non-trunk,Going ahead other,On main c'way - not in restricted lane,None,None,Did not impact,Journey as part of work,2018-01-28,11:30:00,Sunday,Manchester,E08000003,Rural,53.349952,-2.296797,E01005316
06E440207,2018,Serious,Male,36 - 45,Urban area,Most deprived 10%,2,1,Single carriageway,30,T or staggered junction,Darkness - lighting unknown,Fine no high winds,Wet or damp,None,Non-trunk,Waiting to turn right,On main c'way - not in restricted lane,None,None,Front,Commuting to/from work,2018-02-02,07:10:00,Friday,Manchester,E08000003,Urban,53.397504,-2.257051,E01005295
06E440402,2018,Serious,Male,56 - 65,Urban area,Less deprived 10-20%,2,1,Single carriageway,30,T or staggered junction,Darkness - lights lit,Raining no high winds,Wet or damp,None,Non-trunk,Going ahead other,On main c'way - not in restricted lane,None,None,Back,Commuting to/from work,2018-02-08,18:45:00,Thursday,Manchester,E08000003,Urban,53.408731,-2.256983,E01005268
06E441015,2018,Slight,Female,26 - 35,Urban area,More deprived 10-20%,2,1,Single carriageway,30,T or staggered junction,Darkness - lighting unknown,Fine no high winds,Dry,None,Non-trunk,Going ahead other,On main c'way - not in restricted lane,None,None,Back,Not known,2018-02-26,06:45:00,Monday,Manchester,E08000003,Urban,53.392262,-2.285529,E01005070
06E442444,2018,Slight,Male,11 - 15,Urban area,Less deprived 30-40%,2,1,Single carriageway,30,T or staggered junction,Daylight,Fine no high winds,Dry,None,Non-trunk,Going ahead other,Footway (pavement),None,None,Front,Not known,2018-04-05,11:55:00,Thursday,Manchester,E08000003,Urban,53.406398,-2.312008,E01005114
06E444330,2018,Slight,Male,26 - 35,Urban area,Most deprived 10%,2,1,Single carriageway,30,T or staggered junction,Daylight,Fine no high winds,Wet or damp,None,Non-trunk,Going ahead other,Footway (pavement),None,None,Front,Not known,2018-05-30,09:00:00,Wednesday,Manchester,E08000003,Urban,53.406465,-2.261588,E01005268
06E444657,2018,Slight,Male,11 - 15,Data missing or out of range,Data missing or out of range,2,1,Single carriageway,20,Not at junction or within 20 metres,Daylight,Fine no high winds,Dry,None,Non-trunk,Going ahead other,On main c'way - not in restricted lane,None,None,Front,Not known,2018-06-09,14:45:00,Saturday,Manchester,E08000003,Urban,53.396561,-2.280716,E01005072
06E445244,2018,Slight,Male,26 - 35,Urban area,Less deprived 40-50%,2,1,Single carriageway,30,Private drive or entrance,Daylight,Fine no high winds,Dry,None,Non-trunk,Going ahead other,On main c'way - not in restricted lane,None,None,Front,Not known,2018-06-25,15:00:00,Monday,Manchester,E08000003,Urban,53.407451,-2.278938,E01005112
06E445446,2018,Slight,Male,11 - 15,Urban area,Most deprived 10%,2,1,Single carriageway,30,Private drive or entrance,Daylight,Fine no high winds,Dry,None,Non-trunk,Going ahead other,Footway (pavement),None,None,Offside,Not known,2018-05-14,15:30:00,Monday,Manchester,E08000003,Urban,53.39119,-2.271463,E01005088
06E445483,2018,Serious,Male,36 - 45,Urban area,Least deprived 10%,3,1,Single carriageway,30,T or staggered junction,Daylight,Fine no high winds,Dry,None,Non-trunk,Going ahead other,On main c'way - not in restricted lane,None,None,Back,Not known,2018-06-29,18:03:00,Friday,Manchester,E08000003,Urban,53.408909,-2.317457,E01005114
06E445523,2018,Slight,Female,46 - 55,Urban area,Most deprived 10%,2,1,Single carriageway,40,T or staggered junction,Daylight,Fine no high winds,Dry,None,Non-trunk,Going ahead other,On main c'way - not in restricted lane,None,None,Front,Not known,2018-06-27,17:50:00,Wednesday,Manchester,E08000003,Urban,53.370795,-2.278817,E01005316
06E446502,2018,Slight,Male,56 - 65,Urban area,Less deprived 10-20%,3,1,Single carriageway,30,T or staggered junction,Daylight,Fine no high winds,Dry,None,Non-trunk,Going ahead other,On main c'way - not in restricted lane,None,None,Back,Journey as part of work,2018-07-27,11:45:00,Friday,Manchester,E08000003,Urban,53.392391,-2.256479,E01005086
06E446934,2018,Slight,Male,66 - 75,Urban area,Less deprived 10-20%,2,1,Single carriageway,30,Crossroads,Daylight,Unknown,Dry,None,Non-trunk,Going ahead other,On main c'way - not in restricted lane,None,None,Front,Not known,2018-08-09,20:30:00,Thursday,Manchester,E08000003,Urban,53.406891,-2.268014,E01005264
06E447149,2018,Slight,Male,46 - 55,Urban area,Most deprived 10%,2,1,Dual carriageway,30,T or staggered junction,Darkness - lights lit,Fine no high winds,Dry,None,Non-trunk,Moving off,Cycleway or shared use footway (not part of  main carriageway),None,None,Offside,Not known,2018-08-03,22:30:00,Friday,Manchester,E08000003,Urban,53.380792,-2.274463,E01005319
06E448112,2018,Serious,Male,26 - 35,Urban area,More deprived 20-30%,2,1,Single carriageway,20,Not at junction or within 20 metres,Darkness - lights lit,Fine no high winds,Dry,None,Non-trunk,Going ahead other,On main c'way - not in restricted lane,None,None,Front,Not known,2018-09-12,03:00:00,Wednesday,Manchester,E08000003,Urban,53.398925,-2.306404,E01005113
06E448245,2018,Slight,Male,11 - 15,Data missing or out of range,Data missing or out of range,2,1,Single carriageway,30,Not at junction or within 20 metres,Daylight,Fine no high winds,Dry,None,Non-trunk,Going ahead other,On main c'way - not in restricted lane,None,None,Front,Pupil riding to/from school,2018-09-14,15:30:00,Friday,Manchester,E08000003,Urban,53.379052,-2.260516,E01005291
06E448779,2018,Slight,Male,46 - 55,Rural,Less deprived 20-30%,2,1,Single carriageway,30,T or staggered junction,Daylight,Fine no high winds,Dry,None,Non-trunk,Going ahead other,On main c'way - not in restricted lane,None,None,Front,Commuting to/from work,2018-09-26,09:00:00,Wednesday,Manchester,E08000003,Urban,53.392245,-2.285409,E01005070
06E448956,2018,Slight,Female,46 - 55,Urban area,Less deprived 40-50%,2,1,Single carriageway,40,T or staggered junction,Daylight,Fine no high winds,Dry,None,Non-trunk,Waiting to go - held up,On main c'way - not in restricted lane,None,None,Front,Commuting to/from work,2018-09-28,09:35:00,Friday,Manchester,E08000003,Urban,53.364744,-2.247385,E01005317
06E451753,2018,Serious,Male,36 - 45,Urban area,Less deprived 30-40%,2,1,Dual carriageway,40,T or staggered junction,Darkness - lights lit,Fine no high winds,Dry,None,Non-trunk,Waiting to turn right,Footway (pavement),None,None,Nearside,Journey as part of work,2018-12-22,07:40:00,Saturday,Manchester,E08000003,Urban,53.365218,-2.25672,E01005317
06F139355,2018,Slight,Male,21 - 25,Data missing or out of range,Data missing or out of range,2,2,Roundabout,30,Roundabout,Darkness - lights lit,Fine no high winds,Dry,None,Non-trunk,Going ahead other,On main c'way - not in restricted lane,None,None,Back,Not known,2018-01-10,20:06:00,Wednesday,Salford,E08000006,Urban,53.485627,-2.330898,E01005635
06F139559,2018,Slight,Male,11 - 15,Urban area,More deprived 30-40%,2,1,Dual carriageway,50,Not at junction or within 20 metres,Daylight,Fine no high winds,Dry,None,Non-trunk,Overtaking - nearside,On main c'way - not in restricted lane,None,None,Front,Pupil riding to/from school,2018-01-15,08:21:00,Monday,Salford,E08000006,Urban,53.50253,-2.329085,E01005694
06F140272,2018,Serious,Male,66 - 75,Urban area,More deprived 20-30%,2,1,Roundabout,30,Mini-roundabout,Darkness - lights lit,Snowing no high winds,Snow,None,Non-trunk,Going ahead other,On main c'way - not in restricted lane,None,None,Nearside,Commuting to/from work,2018-01-19,05:40:00,Friday,Salford,E08000006,Urban,53.519429,-2.396783,E01005712
06F141297,2018,Slight,Male,56 - 65,Urban area,Less deprived 40-50%,2,1,Single carriageway,30,T or staggered junction,Daylight,Fine no high winds,Wet or damp,None,Non-trunk,Going ahead other,On main c'way - not in restricted lane,None,None,Front,Journey as part of work,2018-03-08,17:00:00,Thursday,Salford,E08000006,Urban,53.510089,-2.335688,E01005672
06F141809,2018,Slight,Male,26 - 35,Urban area,Most deprived 10%,2,1,Single carriageway,30,Crossroads,Darkness - lights lit,Raining no high winds,Wet or damp,None,Non-trunk,Going ahead other,On main c'way - not in restricted lane,None,None,Offside,Commuting to/from work,2018-03-22,21:21:00,Thursday,Salford,E08000006,Urban,53.477393,-2.367583,E01005605
06F141810,2018,Slight,Male,46 - 55,Urban area,Less deprived 40-50%,2,1,Single carriageway,30,T or staggered junction,Daylight,Fine no high winds,Dry,None,Non-trunk,Going ahead left-hand bend,On main c'way - not in restricted lane,None,None,Front,Not known,2018-03-16,16:55:00,Friday,Salford,E08000006,Urban,53.510841,-2.389706,E01005737
06F142194,2018,Slight,Male,16 - 20,Data missing or out of range,Data missing or out of range,2,1,Roundabout,30,Roundabout,Darkness - lights lit,Fine no high winds,Dry,None,Non-trunk,Going ahead other,On main c'way - not in restricted lane,None,None,Front,Journey as part of work,2018-03-26,20:45:00,Monday,Salford,E08000006,Urban,53.492095,-2.353813,E01005637
06F142568,2018,Slight,Male,36 - 45,Urban area,Most deprived 10%,2,1,Single carriageway,30,Not at junction or within 20 metres,Daylight,Raining no high winds,Wet or damp,None,Non-trunk,Going ahead other,On main c'way - not in restricted lane,None,None,Nearside,Commuting to/from work,2018-04-13,19:00:00,Friday,Salford,E08000006,Urban,53.482893,-2.337779,E01005631
06F142696,2018,Slight,Male,56 - 65,Urban area,Less deprived 20-30%,2,1,Single carriageway,30,T or staggered junction,Daylight,Fine no high winds,Dry,None,Non-trunk,Going ahead other,On main c'way - not in restricted lane,None,None,Front,Not known,2018-04-16,08:34:00,Monday,Salford,E08000006,Urban,53.522497,-2.390145,E01005711
06F143047,2018,Slight,Male,26 - 35,Urban area,More deprived 40-50%,2,1,Single carriageway,30,Crossroads,Daylight,Fine no high winds,Wet or damp,None,Non-trunk,Going ahead other,On main c'way - not in restricted lane,None,None,Front,Journey as part of work,2018-04-23,17:30:00,Monday,Salford,E08000006,Urban,53.507832,-2.329669,E01005701
06F143143,2018,Serious,Male,46 - 55,Urban area,More deprived 10-20%,3,1,Single carriageway,30,T or staggered junction,Daylight,Fine no high winds,Dry,None,Non-trunk,Going ahead other,On main c'way - not in restricted lane,None,None,Front,Not known,2018-04-19,17:36:00,Thursday,Salford,E08000006,Urban,53.481244,-2.276391,E01032907
06F144344,2018,Serious,Male,26 - 35,Urban area,More deprived 20-30%,2,1,Single carriageway,30,T or staggered junction,Darkness - lights lit,Fine no high winds,Dry,None,Non-trunk,Going ahead other,On main c'way - not in restricted lane,None,None,Front,Commuting to/from work,2018-04-30,22:30:00,Monday,Salford,E08000006,Urban,53.485595000000004,-2.366041,E01005728
06F144916,2018,Slight,Male,21 - 25,Urban area,Less deprived 10-20%,2,1,Single carriageway,30,T or staggered junction,Daylight,Fine no high winds,Dry,None,Non-trunk,Going ahead other,Cycleway or shared use footway (not part of  main carriageway),None,None,Offside,Commuting to/from work,2018-06-05,17:40:00,Tuesday,Salford,E08000006,Rural,53.466722,-2.393595,E01005732
06F144966,2018,Slight,Male,26 - 35,Urban area,More deprived 40-50%,2,1,Single carriageway,30,Crossroads,Daylight,Fine no high winds,Dry,None,Non-trunk,Going ahead other,On main c'way - not in restricted lane,None,None,Front,Commuting to/from work,2018-06-15,08:20:00,Friday,Salford,E08000006,Urban,53.483206,-2.344577,E01005638
06F145197,2018,Slight,Male,56 - 65,Urban area,Less deprived 30-40%,2,1,Single carriageway,30,T or staggered junction,Daylight,Fine no high winds,Dry,None,Non-trunk,Going ahead other,On main c'way - not in restricted lane,None,None,Front,Not known,2018-06-06,17:45:00,Wednesday,Salford,E08000006,Urban,53.491971,-2.359253,E01005727
06F145269,2018,Serious,Female,36 - 45,Urban area,Least deprived 10%,2,1,Roundabout,30,Roundabout,Daylight,Fine no high winds,Dry,None,Non-trunk,Going ahead other,On main c'way - not in restricted lane,None,None,Front,Journey as part of work,2018-06-26,06:50:00,Tuesday,Salford,E08000006,Rural,53.502098,-2.386114,E01005738
06F145507,2018,Slight,Male,6 - 10,Urban area,More deprived 20-30%,2,2,Single carriageway,30,Crossroads,Daylight,Fine no high winds,Dry,None,Non-trunk,Turning right,Footway (pavement),None,None,Nearside,Not known,2018-06-25,20:06:00,Monday,Salford,E08000006,Urban,53.420427,-2.448195,E01005619
06F145794,2018,Slight,Male,46 - 55,Urban area,More deprived 10-20%,2,1,Single carriageway,30,Not at junction or within 20 metres,Daylight,Unknown,Dry,None,Non-trunk,Going ahead other,On main c'way - not in restricted lane,None,None,Back,Journey as part of work,2018-07-03,10:45:00,Tuesday,Salford,E08000006,Urban,53.500495,-2.381622,E01005738
06F145910,2018,Slight,Male,11 - 15,Urban area,Less deprived 30-40%,2,1,Dual carriageway,50,Slip road,Daylight,Fine no high winds,Dry,None,Non-trunk,Going ahead other,Footway (pavement),None,None,Front,Not known,2018-06-23,15:45:00,Saturday,Salford,E08000006,Urban,53.506159,-2.42389,E01005736
06F146963,2018,Slight,Male,46 - 55,Data missing or out of range,Data missing or out of range,2,1,Single carriageway,30,Not at junction or within 20 metres,Daylight,Fine no high winds,Dry,None,Non-trunk,Going ahead other,On main c'way - not in restricted lane,None,None,Offside,Not known,2018-08-12,11:30:00,Sunday,Salford,E08000006,Urban,53.484612,-2.358242,E01005638
06F147374,2018,Slight,Female,36 - 45,Urban area,Less deprived 40-50%,2,1,Dual carriageway,30,T or staggered junction,Daylight,Unknown,Dry,None,Non-trunk,Going ahead other,On main c'way - not in restricted lane,None,None,Offside,Not known,2018-07-27,18:15:00,Friday,Salford,E08000006,Urban,53.482246,-2.355916,E01005638
06F148109,2018,Serious,Male,46 - 55,Urban area,Less deprived 30-40%,2,1,Single carriageway,30,T or staggered junction,Daylight,Raining no high winds,Wet or damp,None,Non-trunk,Going ahead other,On main c'way - not in restricted lane,None,None,Offside,Commuting to/from work,2018-09-11,07:55:00,Tuesday,Salford,E08000006,Urban,53.454161,-2.405481,E01005640
06F148520,2018,Slight,Female,21 - 25,Data missing or out of range,Data missing or out of range,2,1,Single carriageway,30,Private drive or entrance,Daylight,Raining no high winds,Wet or damp,None,Non-trunk,Going ahead other,On main c'way - not in restricted lane,None,None,Offside,Not known,2018-09-21,15:48:00,Friday,Salford,E08000006,Urban,53.526228,-2.408809,E01005718
06F149623,2018,Slight,Male,11 - 15,Urban area,More deprived 20-30%,2,1,Single carriageway,30,Private drive or entrance,Daylight,Fine no high winds,Dry,None,Non-trunk,Going ahead other,Cycleway or shared use footway (not part of  main carriageway),None,None,Front,Not known,2018-10-18,16:15:00,Thursday,Salford,E08000006,Urban,53.433303,-2.43233,E01005621
06F151201,2018,Slight,Male,11 - 15,Urban area,Least deprived 10%,2,1,Single carriageway,30,T or staggered junction,Daylight,Fine no high winds,Wet or damp,None,Non-trunk,Going ahead other,On main c'way - not in restricted lane,None,None,Nearside,Taking pupil to/from school,2018-12-03,15:05:00,Monday,Salford,E08000006,Urban,53.50963,-2.402693,E01005717
06F151418,2018,Serious,Male,26 - 35,Data missing or out of range,Data missing or out of range,3,1,Single carriageway,30,T or staggered junction,Daylight,Fine no high winds,Dry,None,Non-trunk,Going ahead other,On main c'way - not in restricted lane,None,None,Offside,Not known,2018-12-13,08:10:00,Thursday,Salford,E08000006,Urban,53.529651,-2.419749,E01005660
06F239131,2018,Serious,Male,11 - 15,Urban area,More deprived 10-20%,2,1,Single carriageway,30,Private drive or entrance,Darkness - lights lit,Fine no high winds,Dry,None,Non-trunk,Going ahead other,On main c'way - not in restricted lane,None,None,Front,Not known,2018-01-05,07:50:00,Friday,Salford,E08000006,Urban,53.488592,-2.321261,E01005719
06F239630,2018,Slight,Male,46 - 55,Urban area,More deprived 40-50%,2,1,Single carriageway,30,Crossroads,Darkness - lights lit,Raining no high winds,Wet or damp,None,Non-trunk,Going ahead other,On main c'way - not in restricted lane,None,None,Front,Commuting to/from work,2018-01-18,00:30:00,Thursday,Salford,E08000006,Urban,53.480634,-2.294817,E01032914
06F240090,2018,Slight,Male,46 - 55,Urban area,More deprived 20-30%,2,1,Single carriageway,20,Not at junction or within 20 metres,Darkness - lights lit,Fine no high winds,Dry,None,Non-trunk,Going ahead right-hand bend,On main c'way - not in restricted lane,None,None,Front,Commuting to/from work,2018-01-23,07:33:00,Tuesday,Salford,E08000006,Urban,53.487525,-2.316958,E01005719
06F240241,2018,Slight,Male,26 - 35,Urban area,More deprived 20-30%,2,1,Single carriageway,30,Crossroads,Darkness - lights lit,Fine no high winds,Dry,None,Non-trunk,Turning right,On main c'way - not in restricted lane,None,None,Nearside,Not known,2018-01-30,18:05:00,Tuesday,Salford,E08000006,Urban,53.480606,-2.295073,E01005723
06F240971,2018,Slight,Male,36 - 45,Urban area,More deprived 20-30%,2,1,Single carriageway,30,T or staggered junction,Darkness - lights lit,Fine no high winds,Dry,None,Non-trunk,Going ahead other,On main c'way - not in restricted lane,None,None,Front,Not known,2018-02-17,17:45:00,Saturday,Salford,E08000006,Urban,53.508088,-2.25348,E01005614
06F241623,2018,Slight,Male,46 - 55,Urban area,More deprived 30-40%,3,1,Dual carriageway,30,T or staggered junction,Daylight,Fine + high winds,Wet or damp,None,Non-trunk,Waiting to go - held up,On main c'way - not in restricted lane,None,None,Offside,Not known,2018-03-18,15:45:00,Sunday,Salford,E08000006,Urban,53.470038,-2.282948,E01032686
06F241868,2018,Slight,Male,16 - 20,Urban area,Most deprived 10%,2,1,Single carriageway,30,T or staggered junction,Daylight,Fine no high winds,Dry,None,Non-trunk,Going ahead other,On main c'way - not in restricted lane,None,None,Front,Commuting to/from work,2018-03-14,16:30:00,Wednesday,Salford,E08000006,Urban,53.509561,-2.262657,E01005650
06F242477,2018,Slight,Female,26 - 35,Urban area,More deprived 30-40%,2,1,Dual carriageway,40,Crossroads,Daylight,Fine no high winds,Dry,None,Non-trunk,Going ahead other,On main c'way - not in restricted lane,None,None,Offside,Not known,2018-04-05,17:00:00,Thursday,Salford,E08000006,Urban,53.481643,-2.278594,E01032907
06F242693,2018,Slight,Male,36 - 45,Urban area,More deprived 30-40%,2,1,Single carriageway,20,T or staggered junction,Daylight,Fine no high winds,Dry,None,Non-trunk,Going ahead other,On main c'way - not in restricted lane,None,None,Nearside,Not known,2018-04-16,19:01:00,Monday,Salford,E08000006,Urban,53.483245,-2.261907,E01032906
06F242718,2018,Serious,Male,21 - 25,Urban area,More deprived 10-20%,2,1,Single carriageway,30,T or staggered junction,Daylight,Fine no high winds,Dry,None,Non-trunk,Going ahead other,Cycle lane (on main carriageway),None,None,Offside,Commuting to/from work,2018-04-19,07:55:00,Thursday,Salford,E08000006,Urban,53.480739,-2.273329,E01032907
06F243083,2018,Slight,Male,36 - 45,Urban area,Most deprived 10%,2,1,Single carriageway,30,Not at junction or within 20 metres,Daylight,Fine no high winds,Dry,None,Non-trunk,Going ahead other,Cycle lane (on main carriageway),None,None,Front,Journey as part of work,2018-04-26,07:20:00,Thursday,Salford,E08000006,Urban,53.478836,-2.26414,E01032907
06F243385,2018,Slight,Male,36 - 45,Urban area,Less deprived 30-40%,2,1,Single carriageway,30,T or staggered junction,Daylight,Fine no high winds,Dry,None,Non-trunk,Going ahead other,On main c'way - not in restricted lane,None,None,Front,Not known,2018-05-03,13:56:00,Thursday,Salford,E08000006,Urban,53.515873,-2.261399,E01005649
06F243452,2018,Slight,Male,36 - 45,Urban area,Most deprived 10%,2,1,Single carriageway,30,Private drive or entrance,Daylight,Fine no high winds,Dry,None,Non-trunk,Going ahead other,On main c'way - not in restricted lane,None,None,Back,Not known,2018-04-20,09:30:00,Friday,Salford,E08000006,Urban,53.490151,-2.2881,E01005680
06F243977,2018,Slight,Female,26 - 35,Urban area,More deprived 10-20%,2,1,Dual carriageway,30,Roundabout,Daylight,Raining no high winds,Wet or damp,None,Non-trunk,Going ahead left-hand bend,On main c'way - not in restricted lane,None,None,Did not impact,Not known,2018-05-21,17:05:00,Monday,Salford,E08000006,Urban,53.48968,-2.285956,E01005680
06F244020,2018,Slight,Male,21 - 25,Urban area,More deprived 40-50%,2,1,Single carriageway,30,T or staggered junction,Daylight,Fine no high winds,Dry,None,Non-trunk,Going ahead other,On main c'way - not in restricted lane,None,None,Front,Commuting to/from work,2018-05-10,09:42:00,Thursday,Salford,E08000006,Urban,53.484449,-2.261824,E01032906
06F244106,2018,Slight,Male,26 - 35,Urban area,More deprived 10-20%,2,1,Dual carriageway,40,T or staggered junction,Daylight,Fine no high winds,Dry,None,Non-trunk,Going ahead left-hand bend,On main c'way - not in restricted lane,None,None,Front,Not known,2018-05-25,18:35:00,Friday,Salford,E08000006,Urban,53.486222,-2.276921,E01005610
06F244605,2018,Serious,Male,26 - 35,Small town,More deprived 30-40%,2,1,Single carriageway,30,Private drive or entrance,Daylight,Fine no high winds,Dry,None,Non-trunk,Going ahead other,Cycle lane (on main carriageway),None,None,Front,Not known,2018-05-31,09:40:00,Thursday,Salford,E08000006,Urban,53.510189,-2.262917,E01005650
06F244802,2018,Slight,Male,26 - 35,Data missing or out of range,Data missing or out of range,2,1,Single carriageway,20,T or staggered junction,Daylight,Fine no high winds,Dry,None,Non-trunk,Going ahead left-hand bend,On main c'way - not in restricted lane,None,None,Front,Pupil riding to/from school,2018-06-11,07:55:00,Monday,Salford,E08000006,Urban,53.487324,-2.314982,E01005722
06F244872,2018,Slight,Male,36 - 45,Urban area,Most deprived 10%,2,1,Dual carriageway,40,Private drive or entrance,Daylight,Unknown,Dry,None,Non-trunk,Going ahead other,Footway (pavement),None,None,Offside,Commuting to/from work,2018-06-07,09:39:00,Thursday,Salford,E08000006,Urban,53.476266,-2.267575,E01032917
06F245216,2018,Serious,Male,36 - 45,Urban area,More deprived 30-40%,2,1,Single carriageway,30,Crossroads,Daylight,Fine no high winds,Dry,None,Non-trunk,Going ahead other,On main c'way - not in restricted lane,None,Tree,Front,Not known,2018-06-21,20:40:00,Thursday,Salford,E08000006,Urban,53.489128,-2.294951,E01005721
06F245391,2018,Slight,Male,26 - 35,Data missing or out of range,Data missing or out of range,2,1,Single carriageway,30,Crossroads,Daylight,Fine no high winds,Dry,None,Non-trunk,Turning left,On main c'way - not in restricted lane,None,None,Front,Not known,2018-06-21,18:30:00,Thursday,Salford,E08000006,Urban,53.488836,-2.296682,E01005657
06F245408,2018,Serious,Male,46 - 55,Rural,Less deprived 10-20%,2,1,Dual carriageway,20,T or staggered junction,Daylight,Fine no high winds,Dry,None,Non-trunk,Going ahead other,Bus lane,None,None,Front,Not known,2018-06-20,18:20:00,Wednesday,Salford,E08000006,Urban,53.483359,-2.263098,E01032906
06F246802,2018,Slight,Male,36 - 45,Urban area,Most deprived 10%,2,1,Dual carriageway,40,T or staggered junction,Darkness - lighting unknown,Fine no high winds,Dry,None,Non-trunk,Going ahead other,Footway (pavement),None,None,Front,Not known,2018-08-02,21:52:00,Thursday,Salford,E08000006,Urban,53.478183,-2.278556,E01005667
06F247462,2018,Slight,Male,11 - 15,Urban area,Less deprived 40-50%,2,1,Single carriageway,30,T or staggered junction,Daylight,Fine no high winds,Dry,None,Non-trunk,Going ahead other,On main c'way - not in restricted lane,None,None,Offside,Not known,2018-08-21,20:00:00,Tuesday,Salford,E08000006,Urban,53.513749,-2.267056,E01005648
06F248096,2018,Serious,Male,16 - 20,Urban area,Most deprived 10%,2,1,Dual carriageway,30,T or staggered junction,Darkness - lights lit,Fine no high winds,Dry,None,Non-trunk,Going ahead other,On main c'way - not in restricted lane,None,None,Nearside,Not known,2018-09-11,19:05:00,Tuesday,Salford,E08000006,Urban,53.477004,-2.283175,E01032912
06F248102,2018,Slight,Male,36 - 45,Urban area,More deprived 40-50%,2,1,Single carriageway,30,T or staggered junction,Daylight,Fine no high winds,Dry,None,Non-trunk,Going ahead other,On main c'way - not in restricted lane,None,None,Front,Not known,2018-09-12,17:46:00,Wednesday,Salford,E08000006,Urban,53.484155,-2.252268,E01032687
06F248408,2018,Serious,Female,21 - 25,Data missing or out of range,Data missing or out of range,2,1,Dual carriageway,30,Private drive or entrance,Daylight,Raining no high winds,Wet or damp,None,Non-trunk,Going ahead other,Footway (pavement),None,None,Front,Not known,2018-09-21,12:04:00,Friday,Salford,E08000006,Urban,53.473617,-2.282489,E01032686
06F248410,2018,Slight,Male,26 - 35,Urban area,More deprived 20-30%,2,1,Single carriageway,30,T or staggered junction,Daylight,Fine no high winds,Dry,None,Non-trunk,Going ahead other,On main c'way - not in restricted lane,None,None,Front,Not known,2018-09-14,08:00:00,Friday,Salford,E08000006,Urban,53.476384,-2.290403,E01032685
06F248478,2018,Slight,Male,36 - 45,Urban area,Less deprived 30-40%,2,1,Single carriageway,30,T or staggered junction,Daylight,Fine no high winds,Dry,None,Non-trunk,Going ahead other,On main c'way - not in restricted lane,None,None,Front,Commuting to/from work,2018-09-24,08:30:00,Monday,Salford,E08000006,Urban,53.484152,-2.300492,E01005656
06F248810,2018,Slight,Female,46 - 55,Urban area,More deprived 10-20%,2,1,Single carriageway,30,T or staggered junction,Darkness - lights lit,Other,Wet or damp,None,Non-trunk,Going ahead other,On main c'way - not in restricted lane,None,None,Front,Not known,2018-10-01,03:50:00,Monday,Salford,E08000006,Urban,53.503315,-2.253617,E01005612
06F248879,2018,Slight,Male,36 - 45,Urban area,More deprived 30-40%,2,1,Roundabout,30,Roundabout,Darkness - lighting unknown,Fine no high winds,Dry,None,Non-trunk,Going ahead other,On main c'way - not in restricted lane,None,None,Back,Commuting to/from work,2018-09-29,04:10:00,Saturday,Salford,E08000006,Urban,53.491435,-2.284808,E01005681
06F249096,2018,Fatal,Male,36 - 45,Data missing or out of range,Data missing or out of range,2,1,Dual carriageway,30,Crossroads,Darkness - lights lit,Raining no high winds,Wet or damp,None,Non-trunk,Going ahead other,On main c'way - not in restricted lane,None,None,Nearside,Not known,2018-10-14,03:00:00,Sunday,Salford,E08000006,Urban,53.48683,-2.253685,E01032687
06F249614,2018,Serious,Male,46 - 55,Urban area,Most deprived 10%,2,1,Single carriageway,30,T or staggered junction,Daylight,Fine no high winds,Dry,None,Non-trunk,Going ahead other,On main c'way - not in restricted lane,None,None,Front,Not known,2018-10-24,14:35:00,Wednesday,Salford,E08000006,Urban,53.509006,-2.285317,E01005652
06F249841,2018,Serious,Male,46 - 55,Urban area,More deprived 20-30%,2,1,Roundabout,30,Roundabout,Daylight,Fine no high winds,Dry,None,Non-trunk,Turning right,On main c'way - not in restricted lane,None,None,Nearside,Journey as part of work,2018-10-16,16:20:00,Tuesday,Salford,E08000006,Urban,53.471348,-2.295189,E01032685
06F250437,2018,Slight,Male,26 - 35,Urban area,More deprived 10-20%,2,1,Roundabout,30,Roundabout,Daylight,Fine no high winds,Wet or damp,None,Non-trunk,Turning right,On main c'way - not in restricted lane,None,None,Nearside,Commuting to/from work,2018-11-20,08:05:00,Tuesday,Salford,E08000006,Urban,53.475935,-2.286512,E01032912
06F250728,2018,Slight,Male,46 - 55,Data missing or out of range,Data missing or out of range,2,1,Single carriageway,30,Private drive or entrance,Daylight,Fine no high winds,Dry,None,Non-trunk,Going ahead other,On main c'way - not in restricted lane,None,None,Nearside,Not known,2018-07-12,06:57:00,Thursday,Salford,E08000006,Urban,53.498395,-2.259528,E01005609
06F251271,2018,Slight,Male,56 - 65,Urban area,More deprived 20-30%,2,1,Single carriageway,30,T or staggered junction,Daylight,Fine no high winds,Dry,None,Non-trunk,Going ahead other,On main c'way - not in restricted lane,None,None,Offside,Journey as part of work,2018-11-27,09:00:00,Tuesday,Salford,E08000006,Urban,53.492964,-2.295444,E01005628
06G139850,2018,Slight,Male,11 - 15,Urban area,Most deprived 10%,2,1,Dual carriageway,30,Not at junction or within 20 metres,Daylight,Fine no high winds,Wet or damp,None,Non-trunk,Going ahead other,On main c'way - not in restricted lane,None,None,Front,Pupil riding to/from school,2018-01-15,15:05:00,Monday,Tameside,E08000008,Urban,53.485418,-2.068167,E01006066
06G139955,2018,Slight,Male,56 - 65,Urban area,Most deprived 10%,2,1,Single carriageway,30,Crossroads,Daylight,Raining + high winds,Wet or damp,None,Non-trunk,Going ahead other,On main c'way - not in restricted lane,None,None,Front,Not known,2018-01-24,08:12:00,Wednesday,Tameside,E08000008,Urban,53.491568,-2.092066,E01005949
06G140983,2018,Slight,Male,21 - 25,Urban area,More deprived 30-40%,2,1,Single carriageway,30,T or staggered junction,Darkness - lights lit,Fine no high winds,Dry,None,Non-trunk,Going ahead other,On main c'way - not in restricted lane,None,None,Offside,Commuting to/from work,2018-02-24,18:45:00,Saturday,Tameside,E08000008,Urban,53.480344,-2.075076,E01006023
06G144652,2018,Slight,Male,21 - 25,Data missing or out of range,Data missing or out of range,2,1,Single carriageway,20,T or staggered junction,Daylight,Fine no high winds,Dry,None,Non-trunk,Going ahead other,On main c'way - not in restricted lane,None,None,Front,Not known,2018-05-31,15:07:00,Thursday,Tameside,E08000008,Urban,53.499661,-2.099094,E01005955
06G145635,2018,Slight,Male,26 - 35,Urban area,More deprived 20-30%,2,1,Single carriageway,30,T or staggered junction,Daylight,Fine no high winds,Dry,None,Non-trunk,Going ahead other,On main c'way - not in restricted lane,None,None,Nearside,Not known,2018-07-02,16:10:00,Monday,Tameside,E08000008,Urban,53.468592,-2.104761,E01006008
06G145792,2018,Slight,Male,11 - 15,Urban area,Most deprived 10%,2,1,Single carriageway,20,Crossroads,Daylight,Fine no high winds,Dry,None,Non-trunk,Going ahead other,On main c'way - not in restricted lane,None,None,Front,Not known,2018-07-06,08:30:00,Friday,Tameside,E08000008,Urban,53.486424,-2.105815,E01005950
06G146485,2018,Slight,Male,11 - 15,Urban area,More deprived 20-30%,2,1,Single carriageway,30,Not at junction or within 20 metres,Daylight,Fine no high winds,Dry,None,Non-trunk,Overtaking static vehicle - offside,On main c'way - not in restricted lane,None,None,Front,Not known,2018-07-06,18:15:00,Friday,Tameside,E08000008,Urban,53.492858,-2.032984,E01006073
06G147925,2018,Fatal,Male,21 - 25,Urban area,More deprived 10-20%,2,1,Dual carriageway,30,More than 4 arms (not roundabout),Daylight,Raining no high winds,Wet or damp,None,Non-trunk,Turning right,On main c'way - not in restricted lane,None,None,Front,Not known,2018-09-11,06:45:00,Tuesday,Tameside,E08000008,Urban,53.487256,-2.088727,E01005948
06G148280,2018,Slight,Male,26 - 35,Urban area,Less deprived 30-40%,2,1,Single carriageway,30,Crossroads,Daylight,Fine no high winds,Dry,None,Non-trunk,Going ahead other,On main c'way - not in restricted lane,None,None,Offside,Not known,2018-09-13,11:00:00,Thursday,Tameside,E08000008,Urban,53.503341,-2.105389,E01005954
06G150392,2018,Slight,Male,21 - 25,Urban area,Most deprived 10%,2,1,Dual carriageway,30,Crossroads,Darkness - lighting unknown,Fine no high winds,Wet or damp,None,Non-trunk,Going ahead other,On main c'way - not in restricted lane,None,None,Back,Not known,2018-11-15,20:24:00,Thursday,Tameside,E08000008,Urban,53.498731,-2.103478,E01005954
06G239880,2018,Slight,Male,11 - 15,Urban area,More deprived 20-30%,2,1,Dual carriageway,30,T or staggered junction,Darkness - lights lit,Raining no high winds,Wet or damp,None,Non-trunk,Going ahead other,On main c'way - not in restricted lane,None,None,Nearside,Not known,2018-01-17,17:59:00,Wednesday,Tameside,E08000008,Urban,53.458848,-2.115174,E01005971
06G241087,2018,Slight,Male,26 - 35,Urban area,More deprived 40-50%,2,1,Single carriageway,30,Crossroads,Daylight,Fine no high winds,Dry,Road surface defective,Non-trunk,Going ahead other,On main c'way - not in restricted lane,None,None,Front,Commuting to/from work,2018-02-22,08:30:00,Thursday,Tameside,E08000008,Urban,53.452086,-2.071728,E01006028
06G241119,2018,Serious,Male,11 - 15,Urban area,Most deprived 10%,3,1,Single carriageway,20,Not at junction or within 20 metres,Darkness - lighting unknown,Fine no high winds,Dry,None,Non-trunk,Going ahead other,On main c'way - not in restricted lane,None,None,Front,Not known,2018-01-30,17:15:00,Tuesday,Tameside,E08000008,Urban,53.483357,-2.056349,E01006022
06G242887,2018,Slight,Male,36 - 45,Urban area,More deprived 10-20%,3,2,Single carriageway,30,T or staggered junction,Daylight,Fine no high winds,Dry,None,Non-trunk,Waiting to go - held up,On main c'way - not in restricted lane,None,None,Back,Not known,2018-04-19,13:45:00,Thursday,Tameside,E08000008,Urban,53.454895,-2.113175,E01005974
06G243202,2018,Serious,Male,46 - 55,Urban area,Most deprived 10%,2,1,Single carriageway,30,T or staggered junction,Daylight,Fine no high winds,Dry,None,Non-trunk,Going ahead other,On main c'way - not in restricted lane,None,None,Front,Not known,2018-04-29,20:50:00,Sunday,Tameside,E08000008,Urban,53.448632,-2.077067,E01006040
06G245174,2018,Slight,Male,6 - 10,Urban area,Most deprived 10%,2,1,Single carriageway,20,Not at junction or within 20 metres,Daylight,Fine no high winds,Dry,None,Non-trunk,Going ahead right-hand bend,On main c'way - not in restricted lane,None,None,Front,Not known,2018-06-11,16:50:00,Monday,Tameside,E08000008,Urban,53.461129,-2.085088,E01006036
06G245438,2018,Slight,Male,26 - 35,Data missing or out of range,Data missing or out of range,2,1,Single carriageway,30,T or staggered junction,Daylight,Fine no high winds,Dry,None,Non-trunk,Going ahead right-hand bend,On main c'way - not in restricted lane,None,None,Front,Not known,2018-06-21,17:55:00,Thursday,Tameside,E08000008,Urban,53.488375,-2.132585,E01005993
06G245875,2018,Slight,Male,26 - 35,Rural,Less deprived 30-40%,2,1,Single carriageway,30,T or staggered junction,Daylight,Fine no high winds,Dry,None,Non-trunk,Going ahead other,On main c'way - not in restricted lane,None,None,Nearside,Not known,2018-06-25,16:40:00,Monday,Tameside,E08000008,Urban,53.44584,-2.070573,E01006041
06G246044,2018,Slight,Male,21 - 25,Urban area,More deprived 40-50%,2,1,Single carriageway,30,Private drive or entrance,Daylight,Fine no high winds,Dry,None,Non-trunk,Overtaking moving vehicle - offside,Tram/Light rail track,None,None,Offside,Not known,2018-07-02,08:00:00,Monday,Tameside,E08000008,Urban,53.48028,-2.158552,E01005998
06G246539,2018,Slight,Male,36 - 45,Small town,Least deprived 10%,2,1,Dual carriageway,40,Crossroads,Daylight,Fine no high winds,Dry,None,Non-trunk,Going ahead other,On main c'way - not in restricted lane,None,None,Back,Not known,2018-07-25,07:21:00,Wednesday,Tameside,E08000008,Urban,53.447234,-2.025315,E01006050
06G249138,2018,Slight,Male,26 - 35,Data missing or out of range,Data missing or out of range,2,1,Single carriageway,30,T or staggered junction,Daylight,Fine no high winds,Dry,None,Non-trunk,Turning left,On main c'way - not in restricted lane,None,None,Front,Pupil riding to/from school,2018-10-10,08:15:00,Wednesday,Tameside,E08000008,Urban,53.478539,-2.134423,E01005969
06G250883,2018,Slight,Male,46 - 55,Urban area,More deprived 10-20%,2,1,Dual carriageway,40,Roundabout,Daylight,Fine no high winds,Dry,None,Trunk (Roads managed by Highways England),Going ahead other,On main c'way - not in restricted lane,None,None,Nearside,Not known,2018-11-25,09:35:00,Sunday,Tameside,E08000008,Rural,53.454182,-2.024898,E01006052
06J139723,2018,Slight,Male,16 - 20,Data missing or out of range,Data missing or out of range,2,1,Single carriageway,30,T or staggered junction,Darkness - lights lit,Fine no high winds,Wet or damp,None,Non-trunk,Waiting to turn right,On main c'way - not in restricted lane,None,None,Nearside,Commuting to/from work,2018-01-14,17:35:00,Sunday,Stockport,E08000007,Urban,53.431875,-2.139166,E01005754
06J139881,2018,Serious,Male,26 - 35,Small town,Less deprived 20-30%,2,1,Dual carriageway,30,T or staggered junction,Darkness - lights lit,Fine no high winds,Dry,None,Non-trunk,Going ahead other,Cycle lane (on main carriageway),None,None,Front,Not known,2018-01-22,18:12:00,Monday,Stockport,E08000007,Urban,53.410909,-2.164446,E01005917
06J140534,2018,Slight,Male,Over 75,Urban area,Less deprived 10-20%,2,1,Single carriageway,30,T or staggered junction,Darkness - lights lit,Raining no high winds,Wet or damp,None,Non-trunk,Going ahead other,On main c'way - not in restricted lane,None,None,Front,Not known,2018-02-08,17:00:00,Thursday,Stockport,E08000007,Urban,53.424274,-2.164558,E01005916
06J140651,2018,Serious,Female,6 - 10,Urban area,More deprived 40-50%,2,1,Single carriageway,30,T or staggered junction,Darkness - lights lit,Fine no high winds,Wet or damp,None,Non-trunk,Going ahead other,On main c'way - not in restricted lane,None,None,Offside,Not known,2018-01-24,19:00:00,Wednesday,Stockport,E08000007,Urban,53.397944,-2.138439,E01005876
06J141291,2018,Serious,Male,36 - 45,Urban area,More deprived 40-50%,2,1,Single carriageway,30,Crossroads,Darkness - lights lit,Fine no high winds,Dry,None,Non-trunk,Going ahead other,On main c'way - not in restricted lane,None,None,Front,Not known,2018-02-26,19:22:00,Monday,Stockport,E08000007,Urban,53.397265,-2.134617,E01005824
06J141921,2018,Slight,Female,26 - 35,Urban area,Most deprived 10%,2,1,Single carriageway,30,T or staggered junction,Daylight,Other,Dry,None,Non-trunk,Going ahead right-hand bend,On main c'way - not in restricted lane,None,None,Front,Journey as part of work,2018-03-21,07:00:00,Wednesday,Stockport,E08000007,Urban,53.401284,-2.169478,E01005822
06J142178,2018,Slight,Female,36 - 45,Urban area,Less deprived 20-30%,2,1,Single carriageway,30,Not at junction or within 20 metres,Daylight,Raining no high winds,Wet or damp,None,Non-trunk,Going ahead other,On main c'way - not in restricted lane,None,None,Did not impact,Not known,2018-03-28,18:10:00,Wednesday,Stockport,E08000007,Urban,53.41572,-2.169084,E01005917
06J142502,2018,Serious,Male,56 - 65,Urban area,More deprived 30-40%,2,1,Single carriageway,30,Not at junction or within 20 metres,Daylight,Fine no high winds,Dry,None,Non-trunk,Going ahead other,On main c'way - not in restricted lane,None,None,Nearside,Commuting to/from work,2018-04-04,07:50:00,Wednesday,Stockport,E08000007,Urban,53.434481,-2.154272,E01005892
06J143142,2018,Slight,Male,56 - 65,Urban area,Least deprived 10%,2,1,Roundabout,30,Roundabout,Daylight,Fine no high winds,Wet or damp,None,Non-trunk,Going ahead other,On main c'way - not in restricted lane,None,None,Nearside,Not known,2018-04-25,18:25:00,Wednesday,Stockport,E08000007,Urban,53.418697,-2.161106,E01005915
06J143460,2018,Slight,Female,46 - 55,Urban area,Less deprived 30-40%,2,1,Single carriageway,30,T or staggered junction,Daylight,Fine no high winds,Dry,None,Non-trunk,Going ahead other,On main c'way - not in restricted lane,None,None,Front,Commuting to/from work,2018-04-25,19:45:00,Wednesday,Stockport,E08000007,Urban,53.434,-2.183019,E01005869
06J143891,2018,Slight,Male,11 - 15,Urban area,More deprived 40-50%,2,1,Single carriageway,30,Not at junction or within 20 metres,Daylight,Raining no high winds,Wet or damp,None,Non-trunk,Overtaking - nearside,On main c'way - not in restricted lane,Kerb,None,Nearside,Pupil riding to/from school,2018-05-02,07:45:00,Wednesday,Stockport,E08000007,Urban,53.400415,-2.173776,E01005816
06J144213,2018,Slight,Male,16 - 20,Urban area,More deprived 10-20%,2,1,Single carriageway,30,Crossroads,Daylight,Raining no high winds,Wet or damp,None,Non-trunk,Going ahead other,On main c'way - not in restricted lane,None,None,Front,Pupil riding to/from school,2018-05-25,08:40:00,Friday,Stockport,E08000007,Urban,53.438207,-2.15719,E01005892
06J144215,2018,Slight,Male,56 - 65,Urban area,More deprived 30-40%,2,1,Single carriageway,30,T or staggered junction,Daylight,Fine no high winds,Dry,None,Non-trunk,Going ahead other,On main c'way - not in restricted lane,None,None,Offside,Commuting to/from work,2018-05-22,14:40:00,Tuesday,Stockport,E08000007,Urban,53.387985,-2.153457,E01005798
06J144685,2018,Slight,Female,11 - 15,Urban area,Most deprived 10%,2,1,Single carriageway,30,T or staggered junction,Daylight,Fine no high winds,Dry,None,Non-trunk,Changing lane to right,On main c'way - not in restricted lane,None,None,Offside,Not known,2018-05-22,18:20:00,Tuesday,Stockport,E08000007,Urban,53.401234,-2.130433,E01005873
06J146405,2018,Slight,Male,46 - 55,Urban area,Less deprived 10-20%,2,1,Single carriageway,30,T or staggered junction,Daylight,Fine no high winds,Dry,None,Non-trunk,Slowing or stopping,On main c'way - not in restricted lane,None,None,Nearside,Not known,2018-07-15,13:45:00,Sunday,Stockport,E08000007,Urban,53.424265,-2.164633,E01005916
06J147617,2018,Slight,Male,11 - 15,Data missing or out of range,Data missing or out of range,2,1,Single carriageway,30,T or staggered junction,Daylight,Fine no high winds,Wet or damp,None,Non-trunk,Going ahead other,Footway (pavement),None,None,Front,Not known,2018-08-24,16:40:00,Friday,Stockport,E08000007,Urban,53.425972,-2.171562,E01005863
06J147750,2018,Slight,Male,11 - 15,Urban area,Less deprived 20-30%,2,1,Single carriageway,30,T or staggered junction,Daylight,Fine no high winds,Dry,None,Non-trunk,Turning right,On main c'way - not in restricted lane,None,None,Nearside,Not known,2018-09-02,18:30:00,Sunday,Stockport,E08000007,Urban,53.385871,-2.154848,E01005800
06J147797,2018,Slight,Male,16 - 20,Urban area,More deprived 30-40%,2,1,Single carriageway,30,T or staggered junction,Daylight,Fine no high winds,Dry,None,Non-trunk,Going ahead other,Footway (pavement),None,None,Nearside,Not known,2018-08-30,14:20:00,Thursday,Stockport,E08000007,Urban,53.417629,-2.160244,E01005915
06J147806,2018,Slight,Male,26 - 35,Urban area,Most deprived 10%,2,1,Single carriageway,30,Not at junction or within 20 metres,Daylight,Fine no high winds,Dry,None,Non-trunk,Turning right,On main c'way - not in restricted lane,None,None,Front,Not known,2018-08-17,18:46:00,Friday,Stockport,E08000007,Urban,53.402993,-2.162009,E01005766
06J147834,2018,Slight,Male,6 - 10,Data missing or out of range,Data missing or out of range,2,1,Single carriageway,30,Not at junction or within 20 metres,Daylight,Fine no high winds,Dry,None,Non-trunk,Reversing,On main c'way - not in restricted lane,None,None,Back,Not known,2018-08-31,07:10:00,Friday,Stockport,E08000007,Urban,53.403532,-2.192379,E01005821
06J147905,2018,Slight,Female,46 - 55,Urban area,Less deprived 30-40%,2,1,Single carriageway,30,T or staggered junction,Daylight,Fine no high winds,Dry,None,Non-trunk,Going ahead other,On main c'way - not in restricted lane,None,None,Front,Not known,2018-08-28,17:40:00,Tuesday,Stockport,E08000007,Urban,53.416393,-2.169553,E01005917
06J148013,2018,Slight,Male,66 - 75,Urban area,More deprived 40-50%,2,1,Unknown,30,T or staggered junction,Daylight,Fine no high winds,Dry,None,Non-trunk,Going ahead other,On main c'way - not in restricted lane,None,None,Did not impact,Not known,2018-09-10,15:30:00,Monday,Stockport,E08000007,Urban,53.426693,-2.164086,E01005915
06J148464,2018,Slight,Male,26 - 35,Data missing or out of range,Data missing or out of range,2,1,Roundabout,30,Roundabout,Daylight,Raining no high winds,Wet or damp,None,Non-trunk,Waiting to turn left,On main c'way - not in restricted lane,None,None,Nearside,Commuting to/from work,2018-09-21,06:45:00,Friday,Stockport,E08000007,Urban,53.399774,-2.187595,E01005821
06J148985,2018,Slight,Female,26 - 35,Data missing or out of range,Data missing or out of range,2,1,Single carriageway,30,Crossroads,Darkness - lights lit,Fine no high winds,Dry,None,Non-trunk,Going ahead other,On main c'way - not in restricted lane,None,None,Back,Not known,2018-09-27,19:41:00,Thursday,Stockport,E08000007,Urban,53.445478,-2.164986,E01005890
06J149416,2018,Slight,Male,16 - 20,Data missing or out of range,Data missing or out of range,2,1,Single carriageway,20,T or staggered junction,Daylight,Fine + high winds,Dry,None,Non-trunk,Going ahead other,On main c'way - not in restricted lane,None,None,Front,Not known,2018-10-13,14:00:00,Saturday,Stockport,E08000007,Urban,53.410508,-2.154426,E01005758
06J149930,2018,Slight,Male,26 - 35,Urban area,Most deprived 10%,2,1,Single carriageway,30,Private drive or entrance,Darkness - lights lit,Fine no high winds,Dry,None,Non-trunk,Going ahead other,On main c'way - not in restricted lane,None,None,Front,Commuting to/from work,2018-10-30,17:40:00,Tuesday,Stockport,E08000007,Urban,53.426228,-2.161857,E01005915
06J151532,2018,Slight,Male,46 - 55,Urban area,More deprived 40-50%,2,1,Roundabout,30,Mini-roundabout,Darkness - lights lit,Fine no high winds,Wet or damp,None,Non-trunk,Going ahead other,On main c'way - not in restricted lane,None,None,Front,Not known,2018-12-06,16:50:00,Thursday,Stockport,E08000007,Urban,53.396722,-2.1383,E01005824
06J239394,2018,Slight,Male,56 - 65,Small town,Less deprived 30-40%,2,1,Single carriageway,30,T or staggered junction,Daylight,Fine no high winds,Dry,None,Non-trunk,Going ahead other,On main c'way - not in restricted lane,None,None,Nearside,Not known,2018-01-12,09:15:00,Friday,Stockport,E08000007,Urban,53.364099,-2.06946,E01005907
06J242695,2018,Serious,Male,26 - 35,Data missing or out of range,Data missing or out of range,2,1,Single carriageway,30,T or staggered junction,Daylight,Fine no high winds,Dry,None,Non-trunk,Going ahead right-hand bend,On main c'way - not in restricted lane,None,None,Front,Journey as part of work,2018-04-05,17:30:00,Thursday,Stockport,E08000007,Rural,53.395668,-2.094746,E01005884
06J242699,2018,Slight,Male,36 - 45,Urban area,More deprived 40-50%,2,1,Single carriageway,30,T or staggered junction,Daylight,Fine no high winds,Dry,None,Non-trunk,Going ahead other,On main c'way - not in restricted lane,None,None,Front,Not known,2018-04-09,14:45:00,Monday,Stockport,E08000007,Urban,53.394502,-2.062111,E01005910
06J243662,2018,Serious,Male,36 - 45,Urban area,Least deprived 10%,2,1,Single carriageway,30,Crossroads,Daylight,Fine no high winds,Dry,None,Non-trunk,Going ahead other,On main c'way - not in restricted lane,None,None,Front,Not known,2018-05-08,20:25:00,Tuesday,Stockport,E08000007,Urban,53.42192,-2.118127,E01005751
06J244152,2018,Serious,Male,11 - 15,Data missing or out of range,Data missing or out of range,2,1,Single carriageway,30,Not at junction or within 20 metres,Daylight,Fine no high winds,Dry,None,Non-trunk,Going ahead other,On main c'way - not in restricted lane,None,None,Offside,Pupil riding to/from school,2018-05-22,16:07:00,Tuesday,Stockport,E08000007,Urban,53.378246,-2.134527,E01005801
06J244247,2018,Slight,Male,56 - 65,Rural,Less deprived 40-50%,2,1,Single carriageway,30,T or staggered junction,Daylight,Fine no high winds,Dry,None,Non-trunk,Going ahead other,On main c'way - not in restricted lane,None,None,Front,Commuting to/from work,2018-05-22,08:30:00,Tuesday,Stockport,E08000007,Urban,53.413338,-2.09674,E01005899
06J245430,2018,Serious,Male,11 - 15,Urban area,Less deprived 30-40%,2,1,Single carriageway,30,Not at junction or within 20 metres,Daylight,Unknown,Dry,None,Non-trunk,Going ahead other,On main c'way - not in restricted lane,None,None,Front,Not known,2018-06-22,15:35:00,Friday,Stockport,E08000007,Urban,53.375437,-2.121877,E01005815
06J245667,2018,Slight,Male,21 - 25,Urban area,Less deprived 10-20%,2,1,Single carriageway,30,T or staggered junction,Daylight,Unknown,Dry,None,Non-trunk,Going ahead other,On main c'way - not in restricted lane,None,None,Front,Not known,2018-07-07,10:40:00,Saturday,Stockport,E08000007,Urban,53.428571,-2.08773,E01005747
06J246292,2018,Slight,Male,66 - 75,Urban area,Less deprived 30-40%,2,1,Single carriageway,30,T or staggered junction,Daylight,Fine no high winds,Dry,None,Non-trunk,Going ahead right-hand bend,Cycle lane (on main carriageway),None,None,Front,Not known,2018-06-22,09:30:00,Friday,Stockport,E08000007,Urban,53.41332,-2.096665,E01005899
06J246623,2018,Serious,Male,26 - 35,Urban area,Less deprived 10-20%,2,1,Single carriageway,20,Not at junction or within 20 metres,Darkness - lights lit,Fine no high winds,Dry,None,Non-trunk,Going ahead right-hand bend,On main c'way - not in restricted lane,None,None,Front,Not known,2018-08-01,21:30:00,Wednesday,Stockport,E08000007,Urban,53.423923,-2.089376,E01005748
06J247757,2018,Slight,Male,26 - 35,Data missing or out of range,Data missing or out of range,2,1,Single carriageway,30,T or staggered junction,Daylight,Fine no high winds,Dry,None,Non-trunk,Going ahead other,On main c'way - not in restricted lane,None,None,Back,Not known,2018-08-29,06:45:00,Wednesday,Stockport,E08000007,Urban,53.401249,-2.132825,E01005824
06J249068,2018,Slight,Male,26 - 35,Urban area,Less deprived 40-50%,2,1,Single carriageway,30,T or staggered junction,Daylight,Fine no high winds,Dry,None,Non-trunk,Going ahead other,On main c'way - not in restricted lane,None,None,Front,Not known,2018-10-07,12:20:00,Sunday,Stockport,E08000007,Urban,53.382609,-2.103902,E01005837
06J250483,2018,Slight,Female,56 - 65,Urban area,Less deprived 30-40%,2,1,Single carriageway,30,T or staggered junction,Daylight,Fine no high winds,Dry,None,Non-trunk,Going ahead other,On main c'way - not in restricted lane,None,None,Front,Not known,2018-11-19,10:00:00,Monday,Stockport,E08000007,Urban,53.396527,-2.087845,E01005884
06J340986,2018,Slight,Female,26 - 35,Urban area,Less deprived 40-50%,2,1,Single carriageway,30,T or staggered junction,Daylight,Fine no high winds,Dry,None,Non-trunk,Turning right,On main c'way - not in restricted lane,None,None,Offside,Not known,2018-02-21,08:38:00,Wednesday,Stockport,E08000007,Urban,53.395095,-2.21144,E01005774
06J341051,2018,Serious,Male,46 - 55,Urban area,Less deprived 10-20%,2,1,Roundabout,30,Roundabout,Daylight,Fine no high winds,Dry,None,Non-trunk,Going ahead other,On main c'way - not in restricted lane,None,None,Front,Not known,2018-02-23,11:35:00,Friday,Stockport,E08000007,Rural,53.380351,-2.218372,E01005784
06J341568,2018,Slight,Male,36 - 45,Urban area,Less deprived 20-30%,2,1,Single carriageway,30,T or staggered junction,Daylight,Fine no high winds,Wet or damp,None,Non-trunk,Going ahead other,On main c'way - not in restricted lane,None,None,Front,Not known,2018-03-06,07:40:00,Tuesday,Stockport,E08000007,Urban,53.373545,-2.156261,E01005808
06J342177,2018,Slight,Male,56 - 65,Urban area,Least deprived 10%,2,1,Roundabout,30,Mini-roundabout,Daylight,Fine no high winds,Dry,None,Non-trunk,Turning right,On main c'way - not in restricted lane,None,None,Front,Not known,2018-03-30,18:25:00,Friday,Stockport,E08000007,Urban,53.367303,-2.184131,E01005792
06J343734,2018,Slight,Male,56 - 65,Urban area,Less deprived 20-30%,2,1,Unknown,30,T or staggered junction,Daylight,Fine no high winds,Dry,None,Non-trunk,Going ahead other,On main c'way - not in restricted lane,None,None,Offside,Not known,2018-05-08,12:55:00,Tuesday,Stockport,E08000007,Urban,53.39048,-2.193102,E01005780
06J344508,2018,Slight,Female,21 - 25,Data missing or out of range,Data missing or out of range,2,1,Single carriageway,30,Crossroads,Daylight,Fine no high winds,Dry,None,Non-trunk,Going ahead other,On main c'way - not in restricted lane,None,None,Nearside,Commuting to/from work,2018-05-29,17:25:00,Tuesday,Stockport,E08000007,Urban,53.392074,-2.23162,E01005771
06J345637,2018,Slight,Male,11 - 15,Data missing or out of range,Data missing or out of range,2,1,Single carriageway,30,Not at junction or within 20 metres,Daylight,Fine no high winds,Dry,None,Non-trunk,Going ahead other,On main c'way - not in restricted lane,None,None,Front,Pupil riding to/from school,2018-07-03,15:31:00,Tuesday,Stockport,E08000007,Urban,53.371404,-2.164565,E01005930
06J345942,2018,Serious,Male,56 - 65,Urban area,More deprived 30-40%,2,1,Single carriageway,30,T or staggered junction,Daylight,Fine no high winds,Dry,None,Non-trunk,Going ahead right-hand bend,On main c'way - not in restricted lane,None,None,Front,Not known,2018-07-06,19:12:00,Friday,Stockport,E08000007,Urban,53.395272,-2.213351,E01005769
06J346503,2018,Slight,Male,11 - 15,Urban area,Less deprived 20-30%,2,1,Single carriageway,30,Not at junction or within 20 metres,Daylight,Fine no high winds,Dry,None,Non-trunk,Going ahead other,On main c'way - not in restricted lane,None,None,Front,Not known,2018-07-23,07:06:00,Monday,Stockport,E08000007,Urban,53.354199,-2.164739,E01005925
06J346504,2018,Slight,Male,11 - 15,Urban area,Less deprived 20-30%,2,1,Single carriageway,30,Not at junction or within 20 metres,Daylight,Fine no high winds,Dry,None,Non-trunk,Going ahead other,On main c'way - not in restricted lane,None,None,Back,Journey as part of work,2018-07-02,10:30:00,Monday,Stockport,E08000007,Urban,53.378312,-2.19676,E01005785
06J348229,2018,Slight,Male,46 - 55,Urban area,Less deprived 20-30%,2,1,Single carriageway,30,Crossroads,Daylight,Fine no high winds,Dry,None,Non-trunk,Going ahead other,On main c'way - not in restricted lane,None,None,Front,Not known,2018-09-13,11:45:00,Thursday,Stockport,E08000007,Urban,53.392527,-2.243006,E01005775
06J348284,2018,Serious,Male,56 - 65,Data missing or out of range,Data missing or out of range,2,1,Single carriageway,30,Mini-roundabout,Darkness - lighting unknown,Unknown,Dry,None,Non-trunk,Going ahead other,Cycle lane (on main carriageway),None,None,Front,Not known,2018-09-16,20:26:00,Sunday,Stockport,E08000007,Urban,53.36742,-2.184026,E01005792
06J348758,2018,Serious,Male,26 - 35,Urban area,More deprived 20-30%,2,1,Single carriageway,30,T or staggered junction,Darkness - lights lit,Fine no high winds,Dry,None,Non-trunk,Turning left,On main c'way - not in restricted lane,None,None,Front,Commuting to/from work,2018-09-24,06:00:00,Monday,Stockport,E08000007,Urban,53.389246,-2.21535,E01005773
06K142771,2018,Slight,Male,21 - 25,Urban area,Most deprived 10%,2,1,Single carriageway,30,T or staggered junction,Daylight,Fine no high winds,Dry,None,Non-trunk,Going ahead other,On main c'way - not in restricted lane,None,None,Front,Not known,2018-04-19,08:03:00,Thursday,Bolton,E08000001,Urban,53.566876,-2.431034,E01004848
06K144736,2018,Slight,Male,21 - 25,Urban area,More deprived 20-30%,3,1,Single carriageway,30,Mini-roundabout,Daylight,Fine no high winds,Dry,None,Non-trunk,Going ahead other,Cycle lane (on main carriageway),None,None,Nearside,Not known,2018-06-08,12:50:00,Friday,Bolton,E08000001,Urban,53.572482,-2.426802,E01004848
06K144895,2018,Serious,Male,36 - 45,Data missing or out of range,Data missing or out of range,2,1,Single carriageway,30,Not at junction or within 20 metres,Daylight,Fine no high winds,Dry,None,Non-trunk,Going ahead other,On main c'way - not in restricted lane,None,None,Front,Journey as part of work,2018-06-12,09:25:00,Tuesday,Bolton,E08000001,Urban,53.578106,-2.456808,E01004845
06K145937,2018,Slight,Male,21 - 25,Urban area,More deprived 20-30%,2,1,Single carriageway,30,T or staggered junction,Daylight,Fine no high winds,Dry,None,Non-trunk,Going ahead other,On main c'way - not in restricted lane,None,None,Front,Not known,2018-07-11,17:35:00,Wednesday,Bolton,E08000001,Urban,53.567342,-2.421466,E01004817
06K146352,2018,Slight,Male,16 - 20,Urban area,Most deprived 10%,2,1,Single carriageway,30,T or staggered junction,Daylight,Fine no high winds,Dry,None,Non-trunk,Turning left,On main c'way - not in restricted lane,None,None,Back,Not known,2018-06-22,05:40:00,Friday,Bolton,E08000001,Urban,53.56885,-2.458732,E01004834
06K146848,2018,Serious,Male,16 - 20,Urban area,More deprived 20-30%,2,1,Single carriageway,30,T or staggered junction,Daylight,Fine no high winds,Dry,None,Non-trunk,Going ahead other,On main c'way - not in restricted lane,None,None,Front,Not known,2018-08-04,13:45:00,Saturday,Bolton,E08000001,Urban,53.566676,-2.4368,E01004852
06K146898,2018,Slight,Male,11 - 15,Data missing or out of range,Data missing or out of range,2,1,Single carriageway,30,T or staggered junction,Daylight,Fine no high winds,Dry,None,Non-trunk,Going ahead other,On main c'way - not in restricted lane,None,None,Front,Not known,2018-08-06,14:43:00,Monday,Bolton,E08000001,Urban,53.571088,-2.451644,E01004827
06K146903,2018,Slight,Male,66 - 75,Urban area,Less deprived 20-30%,2,1,Single carriageway,30,T or staggered junction,Daylight,Fine no high winds,Dry,None,Non-trunk,Going ahead other,On main c'way - not in restricted lane,None,None,Front,Not known,2018-08-09,13:05:00,Thursday,Bolton,E08000001,Urban,53.568611,-2.441048,E01004851
06K149967,2018,Slight,Male,26 - 35,Data missing or out of range,Data missing or out of range,2,1,Single carriageway,30,T or staggered junction,Daylight,Unknown,Dry,None,Non-trunk,Going ahead other,On main c'way - not in restricted lane,None,None,Front,Not known,2018-09-27,17:45:00,Thursday,Bolton,E08000001,Urban,53.576259,-2.428894,E01004848
06K150036,2018,Slight,Male,46 - 55,Data missing or out of range,Data missing or out of range,2,1,Single carriageway,30,Crossroads,Daylight,Fine no high winds,Wet or damp,None,Non-trunk,Going ahead other,On main c'way - not in restricted lane,None,None,Front,Not known,2018-11-06,06:30:00,Tuesday,Bolton,E08000001,Urban,53.568105,-2.441707,E01004851
06K150092,2018,Slight,Male,26 - 35,Urban area,Most deprived 10%,2,1,Single carriageway,30,T or staggered junction,Daylight,Fine no high winds,Wet or damp,None,Non-trunk,Going ahead other,Cycle lane (on main carriageway),None,None,Did not impact,Commuting to/from work,2018-11-02,08:44:00,Friday,Bolton,E08000001,Urban,53.565398,-2.446978,E01004829
06K239661,2018,Slight,Male,16 - 20,Urban area,More deprived 40-50%,2,1,Dual carriageway,40,T or staggered junction,Darkness - lights lit,Fine no high winds,Dry,None,Non-trunk,Going ahead other,Cycle lane (on main carriageway),None,None,Front,Not known,2018-01-14,16:50:00,Sunday,Bolton,E08000001,Urban,53.60083,-2.434825,E01004766
06K239767,2018,Slight,Male,56 - 65,Urban area,Most deprived 10%,2,1,Dual carriageway,30,T or staggered junction,Darkness - lighting unknown,Raining no high winds,Wet or damp,None,Non-trunk,Turning right,On main c'way - not in restricted lane,None,None,Front,Not known,2018-01-15,08:02:00,Monday,Bolton,E08000001,Urban,53.596677,-2.451826,E01004864
06K239846,2018,Serious,Male,46 - 55,Rural,Less deprived 10-20%,2,1,Single carriageway,40,T or staggered junction,Darkness - lights lit,Fine no high winds,Wet or damp,None,Non-trunk,Going ahead other,On main c'way - not in restricted lane,None,None,Front,Not known,2018-01-22,05:35:00,Monday,Bolton,E08000001,Rural,53.566093,-2.541853,E01004776
06K242803,2018,Slight,Male,26 - 35,Urban area,Most deprived 10%,1,2,Single carriageway,30,T or staggered junction,Daylight,Fine no high winds,Dry,None,Non-trunk,Going ahead other,On main c'way - not in restricted lane,None,None,Front,Not known,2018-04-16,10:50:00,Monday,Bolton,E08000001,Urban,53.587684,-2.394779,E01004793
06K243328,2018,Serious,Male,11 - 15,Urban area,Most deprived 10%,2,1,Single carriageway,30,Mini-roundabout,Daylight,Raining no high winds,Wet or damp,None,Non-trunk,Turning left,Footway (pavement),None,None,Front,Not known,2018-05-09,16:40:00,Wednesday,Bolton,E08000001,Urban,53.592456,-2.462614,E01004919
06K243644,2018,Serious,Male,36 - 45,Urban area,Most deprived 10%,2,1,Single carriageway,30,T or staggered junction,Daylight,Fine no high winds,Dry,None,Non-trunk,Going ahead other,Cycle lane (on main carriageway),None,None,Offside,Not known,2018-05-10,18:22:00,Thursday,Bolton,E08000001,Urban,53.580705,-2.395862,E01004796
06K243767,2018,Serious,Male,46 - 55,Urban area,More deprived 10-20%,2,1,Single carriageway,30,T or staggered junction,Daylight,Fine no high winds,Dry,None,Non-trunk,Going ahead other,On main c'way - not in restricted lane,None,None,Front,Not known,2018-05-16,15:08:00,Wednesday,Bolton,E08000001,Urban,53.580306,-2.407639,E01004932
06K244475,2018,Serious,Male,46 - 55,Urban area,Less deprived 20-30%,2,1,Single carriageway,30,T or staggered junction,Daylight,Fine no high winds,Dry,None,Non-trunk,Going ahead other,On main c'way - not in restricted lane,None,None,Front,Not known,2018-06-03,15:40:00,Sunday,Bolton,E08000001,Urban,53.580326,-2.454521,E01004923
06K244861,2018,Slight,Male,26 - 35,Urban area,Less deprived 30-40%,2,1,Single carriageway,30,Crossroads,Daylight,Fine no high winds,Dry,None,Non-trunk,Going ahead other,On main c'way - not in restricted lane,None,None,Front,Not known,2018-06-16,17:05:00,Saturday,Bolton,E08000001,Urban,53.598554,-2.550805,E01004890
06K244863,2018,Slight,Male,46 - 55,Data missing or out of range,Data missing or out of range,2,1,Single carriageway,40,T or staggered junction,Daylight,Fine no high winds,Dry,None,Non-trunk,Going ahead other,On main c'way - not in restricted lane,None,None,Front,Commuting to/from work,2018-06-13,06:47:00,Wednesday,Bolton,E08000001,Urban,53.579378,-2.487709,E01004844
06K245063,2018,Serious,Male,56 - 65,Urban area,Least deprived 10%,2,1,Single carriageway,30,T or staggered junction,Daylight,Fine no high winds,Dry,None,Non-trunk,Going ahead other,On main c'way - not in restricted lane,None,Lamp post,Front,Not known,2018-06-10,12:55:00,Sunday,Bolton,E08000001,Urban,53.604216,-2.552934,E01004889
06K245238,2018,Slight,Male,46 - 55,Urban area,More deprived 20-30%,2,1,Single carriageway,30,T or staggered junction,Daylight,Fine no high winds,Dry,None,Non-trunk,Going ahead right-hand bend,On main c'way - not in restricted lane,None,None,Front,Not known,2018-06-24,10:25:00,Sunday,Bolton,E08000001,Urban,53.623173,-2.435357,E01004804
06K246102,2018,Slight,Male,6 - 10,Data missing or out of range,Data missing or out of range,2,1,Single carriageway,30,T or staggered junction,Daylight,Fine no high winds,Dry,None,Non-trunk,Going ahead other,On main c'way - not in restricted lane,None,None,Front,Journey as part of work,2018-07-11,08:50:00,Wednesday,Bolton,E08000001,Urban,53.574304,-2.379538,E01004800
06K246429,2018,Slight,Male,46 - 55,Urban area,Less deprived 10-20%,2,1,Single carriageway,30,Crossroads,Daylight,Fine no high winds,Dry,None,Non-trunk,Going ahead other,On main c'way - not in restricted lane,None,None,Nearside,Not known,2018-07-23,17:51:00,Monday,Bolton,E08000001,Urban,53.586582,-2.41495,E01004927
06K246935,2018,Slight,Male,6 - 10,Data missing or out of range,Data missing or out of range,2,1,Single carriageway,30,Not at junction or within 20 metres,Daylight,Fine no high winds,Dry,None,Non-trunk,Going ahead other,On main c'way - not in restricted lane,None,None,Front,Not known,2018-07-26,19:55:00,Thursday,Bolton,E08000001,Urban,53.586843,-2.57162,E01004783
06K247443,2018,Serious,Male,6 - 10,Urban area,More deprived 10-20%,2,1,Single carriageway,30,T or staggered junction,Daylight,Fine no high winds,Dry,None,Non-trunk,Turning left,On main c'way - not in restricted lane,None,None,Front,Not known,2018-08-21,17:40:00,Tuesday,Bolton,E08000001,Urban,53.584818,-2.391474,E01004793
06K248282,2018,Slight,Male,26 - 35,Data missing or out of range,Data missing or out of range,2,1,Dual carriageway,30,Crossroads,Daylight,Fine no high winds,Dry,None,Non-trunk,Going ahead other,On main c'way - not in restricted lane,None,Central crash barrier,Back,Not known,2018-09-15,14:00:00,Saturday,Bolton,E08000001,Urban,53.596593,-2.452641,E01004924
06K248380,2018,Slight,Male,36 - 45,Urban area,Most deprived 10%,2,1,Single carriageway,30,T or staggered junction,Daylight,Other,Wet or damp,None,Non-trunk,Going ahead other,On main c'way - not in restricted lane,None,None,Front,Not known,2018-09-16,11:00:00,Sunday,Bolton,E08000001,Urban,53.60265,-2.55515,E01004889
06K248475,2018,Slight,Male,56 - 65,Rural,Less deprived 10-20%,2,1,Single carriageway,30,Not at junction or within 20 metres,Daylight,Fine no high winds,Dry,None,Non-trunk,Going ahead other,On main c'way - not in restricted lane,None,None,Front,Not known,2018-09-19,17:36:00,Wednesday,Bolton,E08000001,Urban,53.582513,-2.530311,E01004781
06K249447,2018,Slight,Female,46 - 55,Urban area,Less deprived 30-40%,2,1,Roundabout,30,Roundabout,Daylight,Fine no high winds,Dry,None,Non-trunk,Going ahead other,On main c'way - not in restricted lane,None,None,Front,Not known,2018-10-21,11:30:00,Sunday,Bolton,E08000001,Urban,53.582605,-2.529814,E01004781
06K250425,2018,Slight,Male,16 - 20,Urban area,Most deprived 10%,2,1,Single carriageway,30,T or staggered junction,Darkness - lights lit,Fine no high winds,Dry,None,Non-trunk,Overtaking - nearside,On main c'way - not in restricted lane,None,None,Offside,Commuting to/from work,2018-11-15,18:06:00,Thursday,Bolton,E08000001,Urban,53.580615,-2.401238,E01004931
06K343593,2018,Slight,Male,21 - 25,Urban area,More deprived 30-40%,2,1,Single carriageway,30,T or staggered junction,Daylight,Unknown,Dry,None,Non-trunk,Going ahead other,On main c'way - not in restricted lane,None,None,Front,Not known,2018-05-04,20:49:00,Friday,Bolton,E08000001,Urban,53.561919,-2.370655,E01004911
06K344699,2018,Slight,Male,26 - 35,Data missing or out of range,Data missing or out of range,2,1,Single carriageway,30,T or staggered junction,Daylight,Unknown,Dry,None,Non-trunk,Going ahead other,On main c'way - not in restricted lane,None,None,Front,Not known,2018-06-09,18:15:00,Saturday,Bolton,E08000001,Urban,53.547551,-2.40005,E01004860
06K344820,2018,Slight,Female,56 - 65,Urban area,More deprived 30-40%,2,1,Single carriageway,30,T or staggered junction,Daylight,Fine no high winds,Dry,None,Non-trunk,Turning right,On main c'way - not in restricted lane,None,Near/Offside crash barrier,Back,Not known,2018-06-09,11:45:00,Saturday,Bolton,E08000001,Urban,53.546742,-2.521534,E01004938
06K344999,2018,Slight,Male,21 - 25,Urban area,Most deprived 10%,2,1,Single carriageway,30,Not at junction or within 20 metres,Darkness - lights lit,Raining no high winds,Wet or damp,None,Non-trunk,Going ahead other,On main c'way - not in restricted lane,None,None,Front,Not known,2018-06-13,21:30:00,Wednesday,Bolton,E08000001,Rural,53.557925,-2.394366,E01004855
06K345033,2018,Slight,Male,26 - 35,Data missing or out of range,Data missing or out of range,2,1,Single carriageway,30,Not at junction or within 20 metres,Daylight,Fine no high winds,Dry,None,Non-trunk,Going ahead other,Cycleway or shared use footway (not part of  main carriageway),None,None,Offside,Not known,2018-06-10,08:50:00,Sunday,Bolton,E08000001,Urban,53.554856,-2.421689,E01004880
06K345207,2018,Serious,Male,6 - 10,Urban area,More deprived 10-20%,2,1,Single carriageway,30,T or staggered junction,Daylight,Fine no high winds,Dry,None,Non-trunk,Going ahead other,On main c'way - not in restricted lane,None,None,Front,Not known,2018-06-19,17:30:00,Tuesday,Bolton,E08000001,Urban,53.558941,-2.450201,E01004878
06K345911,2018,Slight,Male,46 - 55,Rural,More deprived 40-50%,2,1,Single carriageway,40,Not at junction or within 20 metres,Daylight,Fine no high winds,Dry,None,Non-trunk,Going ahead other,On main c'way - not in restricted lane,None,None,Offside,Not known,2018-07-02,17:15:00,Monday,Bolton,E08000001,Urban,53.547846,-2.4675,E01004833
06K346381,2018,Slight,Male,46 - 55,Urban area,Less deprived 40-50%,2,1,Single carriageway,30,Not at junction or within 20 metres,Daylight,Fine no high winds,Dry,None,Non-trunk,Going ahead left-hand bend,On main c'way - not in restricted lane,None,None,Nearside,Not known,2018-07-20,10:49:00,Friday,Bolton,E08000001,Rural,53.544427,-2.356256,E01004904
06K346564,2018,Slight,Male,46 - 55,Urban area,More deprived 20-30%,2,1,Single carriageway,30,Not at junction or within 20 metres,Daylight,Fine no high winds,Dry,None,Non-trunk,Going ahead other,On main c'way - not in restricted lane,None,None,Back,Commuting to/from work,2018-07-27,07:00:00,Friday,Bolton,E08000001,Rural,53.560445,-2.387656,E01004917
06K347271,2018,Slight,Male,26 - 35,Urban area,More deprived 40-50%,2,1,Single carriageway,30,T or staggered junction,Daylight,Fine no high winds,Dry,None,Non-trunk,Going ahead other,On main c'way - not in restricted lane,None,None,Back,Not known,2018-08-11,13:50:00,Saturday,Bolton,E08000001,Urban,53.554266,-2.399887,E01004857
06K347384,2018,Slight,Male,11 - 15,Data missing or out of range,Data missing or out of range,2,1,Single carriageway,30,Crossroads,Daylight,Fine no high winds,Dry,None,Non-trunk,Going ahead other,On main c'way - not in restricted lane,None,None,Front,Not known,2018-08-22,14:00:00,Wednesday,Bolton,E08000001,Urban,53.549578,-2.417259,E01004872
06K347689,2018,Slight,Male,36 - 45,Urban area,Most deprived 10%,2,1,Single carriageway,30,Private drive or entrance,Daylight,Fine no high winds,Dry,None,Non-trunk,Overtaking static vehicle - offside,On main c'way - not in restricted lane,None,None,Front,Not known,2018-08-30,13:45:00,Thursday,Bolton,E08000001,Urban,53.53698,-2.366846,E01004904
06L140222,2018,Slight,Male,11 - 15,Urban area,Less deprived 40-50%,2,1,Single carriageway,30,T or staggered junction,Daylight,Fine no high winds,Dry,None,Non-trunk,Turning left,On main c'way - not in restricted lane,None,None,Front,Not known,2018-02-04,12:50:00,Sunday,Wigan,E08000010,Urban,53.553077,-2.643255,E01006371
06L141504,2018,Slight,Male,36 - 45,Urban area,Less deprived 20-30%,2,2,Single carriageway,30,T or staggered junction,Daylight,Fine no high winds,Dry,None,Non-trunk,Going ahead other,On main c'way - not in restricted lane,None,None,Nearside,Commuting to/from work,2018-03-13,08:20:00,Tuesday,Wigan,E08000010,Urban,53.508063,-2.651621,E01006262
06L143100,2018,Slight,Male,46 - 55,Urban area,Most deprived 10%,2,1,Single carriageway,30,Not at junction or within 20 metres,Daylight,Fine no high winds,Dry,None,Non-trunk,Going ahead other,On main c'way - not in restricted lane,Open door of vehicle,None,Front,Not known,2018-04-28,10:50:00,Saturday,Wigan,E08000010,Urban,53.550126,-2.647044,E01006258
06L145073,2018,Slight,Male,46 - 55,Urban area,More deprived 20-30%,2,1,Roundabout,30,Roundabout,Daylight,Fine no high winds,Dry,None,Non-trunk,Going ahead other,On main c'way - not in restricted lane,None,None,Front,Not known,2018-06-20,12:05:00,Wednesday,Wigan,E08000010,Urban,53.527598,-2.560745,E01006286
06L145213,2018,Serious,Male,46 - 55,Urban area,Less deprived 30-40%,2,1,Single carriageway,30,T or staggered junction,Daylight,Fine no high winds,Dry,None,Non-trunk,Going ahead other,On main c'way - not in restricted lane,None,None,Front,Not known,2018-06-26,16:30:00,Tuesday,Wigan,E08000010,Urban,53.537606,-2.633515,E01006349
06L145405,2018,Serious,Male,16 - 20,Data missing or out of range,Data missing or out of range,2,1,Single carriageway,20,Not at junction or within 20 metres,Darkness - lights lit,Fine no high winds,Dry,None,Non-trunk,Going ahead other,On main c'way - not in restricted lane,None,None,Back,Not known,2018-06-30,20:50:00,Saturday,Wigan,E08000010,Urban,53.560552,-2.660428,E01006253
06L145903,2018,Slight,Male,11 - 15,Urban area,More deprived 20-30%,2,1,Single carriageway,30,Crossroads,Daylight,Fine no high winds,Dry,None,Non-trunk,Overtaking - nearside,On main c'way - not in restricted lane,None,None,Offside,Pupil riding to/from school,2018-07-09,08:15:00,Monday,Wigan,E08000010,Urban,53.475223,-2.581072,E01006348
06L146042,2018,Slight,Male,26 - 35,Small town,Least deprived 10%,3,1,Single carriageway,30,T or staggered junction,Daylight,Fine no high winds,Dry,None,Non-trunk,Turning left,On main c'way - not in restricted lane,Parked vehicle,None,Front,Not known,2018-07-15,08:20:00,Sunday,Wigan,E08000010,Urban,53.577305,-2.712597,E01006321
06L146057,2018,Slight,Male,16 - 20,Urban area,Most deprived 10%,2,1,Dual carriageway,30,T or staggered junction,Daylight,Fine no high winds,Dry,None,Non-trunk,Going ahead other,On main c'way - not in restricted lane,None,None,Front,Not known,2018-07-15,13:00:00,Sunday,Wigan,E08000010,Urban,53.541996,-2.649622,E01006349
06L146242,2018,Slight,Male,46 - 55,Urban area,More deprived 10-20%,2,1,One way street,30,T or staggered junction,Daylight,Fine no high winds,Dry,None,Non-trunk,Going ahead other,On main c'way - not in restricted lane,None,None,Offside,Not known,2018-07-11,15:08:00,Wednesday,Wigan,E08000010,Urban,53.542323,-2.645597,E01006349
06L146373,2018,Slight,Male,46 - 55,Urban area,Less deprived 20-30%,2,1,Single carriageway,30,T or staggered junction,Daylight,Fine no high winds,Dry,None,Non-trunk,Going ahead other,On main c'way - not in restricted lane,None,None,Front,Journey as part of work,2018-07-11,18:30:00,Wednesday,Wigan,E08000010,Urban,53.531944,-2.666486,E01006355
06L147256,2018,Slight,Male,36 - 45,Urban area,More deprived 20-30%,2,1,Single carriageway,30,Roundabout,Daylight,Fine no high winds,Dry,None,Non-trunk,Going ahead other,On main c'way - not in restricted lane,None,None,Nearside,Not known,2018-08-17,17:05:00,Friday,Wigan,E08000010,Urban,53.535691,-2.636941,E01006349
06L149188,2018,Slight,Male,46 - 55,Urban area,Less deprived 30-40%,2,1,Single carriageway,30,Crossroads,Darkness - lights lit,Fine no high winds,Wet or damp,None,Non-trunk,Going ahead other,On main c'way - not in restricted lane,None,None,Nearside,Commuting to/from work,2018-10-12,06:15:00,Friday,Wigan,E08000010,Urban,53.538104,-2.637913,E01006349
06L149842,2018,Slight,Male,6 - 10,Urban area,Less deprived 20-30%,2,1,Single carriageway,20,Private drive or entrance,Darkness - lights lit,Fine no high winds,Dry,None,Non-trunk,Overtaking static vehicle - offside,On main c'way - not in restricted lane,None,None,Nearside,Not known,2018-11-02,16:50:00,Friday,Wigan,E08000010,Urban,53.52833,-2.668224,E01006400
06L150502,2018,Slight,Male,46 - 55,Data missing or out of range,Data missing or out of range,2,1,Single carriageway,30,T or staggered junction,Daylight,Fine no high winds,Dry,None,Non-trunk,Going ahead other,On main c'way - not in restricted lane,None,None,Nearside,Not known,2018-11-06,11:10:00,Tuesday,Wigan,E08000010,Urban,53.50041,-2.642292,E01006268
06L151118,2018,Serious,Male,46 - 55,Urban area,Most deprived 10%,1,2,Single carriageway,20,Not at junction or within 20 metres,Daylight,Raining no high winds,Wet or damp,None,Non-trunk,Going ahead other,On main c'way - not in restricted lane,None,None,Front,Not known,2018-12-08,12:10:00,Saturday,Wigan,E08000010,Urban,53.543143,-2.676184,E01006357
06L152292,2018,Slight,Male,36 - 45,Urban area,Less deprived 30-40%,2,1,Single carriageway,30,T or staggered junction,Darkness - lights lit,Raining + high winds,Wet or damp,None,Non-trunk,Overtaking static vehicle - offside,On main c'way - not in restricted lane,None,None,Front,Not known,2018-12-21,15:40:00,Friday,Wigan,E08000010,Urban,53.544235,-2.606721,E01006307
06L152342,2018,Slight,Male,66 - 75,Urban area,Less deprived 20-30%,2,1,Single carriageway,30,T or staggered junction,Darkness - lights lit,Raining no high winds,Wet or damp,None,Non-trunk,Going ahead other,On main c'way - not in restricted lane,None,None,Nearside,Journey as part of work,2018-12-07,05:18:00,Friday,Wigan,E08000010,Urban,53.545081,-2.610189,E01006307
06L242206,2018,Serious,Male,11 - 15,Urban area,Most deprived 10%,2,1,Single carriageway,30,T or staggered junction,Darkness - lighting unknown,Unknown,Dry,None,Non-trunk,Going ahead other,On main c'way - not in restricted lane,None,None,Front,Not known,2018-03-27,18:30:00,Tuesday,Wigan,E08000010,Urban,53.510131,-2.525667,E01006283
06L243420,2018,Slight,Male,46 - 55,Urban area,More deprived 10-20%,2,1,Single carriageway,30,T or staggered junction,Daylight,Fine no high winds,Dry,None,Non-trunk,Going ahead other,On main c'way - not in restricted lane,None,None,Front,Not known,2018-05-06,15:20:00,Sunday,Wigan,E08000010,Urban,53.507957,-2.592421,E01006214
06L243790,2018,Slight,Male,11 - 15,Data missing or out of range,Data missing or out of range,2,1,Single carriageway,30,T or staggered junction,Daylight,Fine no high winds,Dry,None,Non-trunk,Going ahead other,Footway (pavement),None,None,Front,Pupil riding to/from school,2018-05-10,08:10:00,Thursday,Wigan,E08000010,Urban,53.511321,-2.53304,E01006282
06L243820,2018,Serious,Male,36 - 45,Urban area,More deprived 20-30%,2,1,Single carriageway,30,T or staggered junction,Daylight,Fine no high winds,Dry,None,Non-trunk,Slowing or stopping,On main c'way - not in restricted lane,None,None,Offside,Not known,2018-05-07,14:00:00,Monday,Wigan,E08000010,Urban,53.502264,-2.524137,E01006283
06L244091,2018,Slight,Male,56 - 65,Urban area,More deprived 10-20%,2,1,Single carriageway,30,T or staggered junction,Daylight,Fine no high winds,Dry,None,Non-trunk,Going ahead other,On main c'way - not in restricted lane,None,None,Front,Not known,2018-05-26,15:00:00,Saturday,Wigan,E08000010,Urban,53.50986,-2.539988,E01006283
06L244199,2018,Serious,Male,6 - 10,Urban area,Less deprived 40-50%,2,1,Single carriageway,20,Not at junction or within 20 metres,Daylight,Fine no high winds,Dry,None,Non-trunk,Going ahead other,On main c'way - not in restricted lane,None,None,Front,Not known,2018-05-29,15:05:00,Tuesday,Wigan,E08000010,Urban,53.50535,-2.590756,E01006216
06L244434,2018,Slight,Male,11 - 15,Urban area,Most deprived 10%,2,1,Single carriageway,30,T or staggered junction,Daylight,Fine no high winds,Dry,None,Non-trunk,Going ahead other,On main c'way - not in restricted lane,None,None,Front,Not known,2018-05-24,15:15:00,Thursday,Wigan,E08000010,Urban,53.530021,-2.569225,E01006286
06L244527,2018,Slight,Male,11 - 15,Urban area,More deprived 10-20%,2,1,Single carriageway,20,T or staggered junction,Daylight,Fine no high winds,Dry,None,Non-trunk,Going ahead other,Footway (pavement),None,None,Back,Not known,2018-05-26,14:00:00,Saturday,Wigan,E08000010,Urban,53.507995,-2.59218,E01006214
06L244675,2018,Slight,Male,6 - 10,Urban area,More deprived 10-20%,2,1,Single carriageway,30,Not at junction or within 20 metres,Daylight,Fine no high winds,Dry,None,Non-trunk,Going ahead other,On main c'way - not in restricted lane,None,None,Back,Not known,2018-06-11,19:15:00,Monday,Wigan,E08000010,Urban,53.53002,-2.488455,E01006289
06L244700,2018,Slight,Male,11 - 15,Urban area,More deprived 20-30%,2,1,Single carriageway,30,Not at junction or within 20 metres,Daylight,Fine no high winds,Dry,None,Non-trunk,Going ahead other,On main c'way - not in restricted lane,None,None,Back,Not known,2018-06-06,16:40:00,Wednesday,Wigan,E08000010,Urban,53.522585,-2.52472,E01006281
06L244841,2018,Serious,Male,11 - 15,Urban area,More deprived 20-30%,2,1,Unknown,30,Not at junction or within 20 metres,Daylight,Fine no high winds,Dry,None,Non-trunk,Going ahead other,On main c'way - not in restricted lane,None,None,Front,Not known,2018-06-18,07:50:00,Monday,Wigan,E08000010,Rural,53.512125,-2.472506,E01006381
06L245386,2018,Slight,Male,26 - 35,Small town,More deprived 10-20%,2,1,Single carriageway,30,Crossroads,Daylight,Unknown,Dry,None,Non-trunk,Going ahead other,On main c'way - not in restricted lane,None,None,Front,Not known,2018-06-21,16:45:00,Thursday,Wigan,E08000010,Urban,53.494966,-2.519811,E01006328
06L245730,2018,Slight,Male,46 - 55,Urban area,Less deprived 20-30%,2,1,Single carriageway,30,T or staggered junction,Daylight,Fine no high winds,Dry,None,Non-trunk,Going ahead other,On main c'way - not in restricted lane,None,None,Front,Not known,2018-07-01,20:10:00,Sunday,Wigan,E08000010,Urban,53.528985,-2.548544,E01006285
06L246299,2018,Serious,Male,36 - 45,Urban area,More deprived 30-40%,2,1,Single carriageway,30,Mini-roundabout,Daylight,Fine no high winds,Dry,None,Non-trunk,Going ahead left-hand bend,On main c'way - not in restricted lane,None,None,Offside,Not known,2018-07-11,17:44:00,Wednesday,Wigan,E08000010,Urban,53.512161,-2.542189,E01006322
06L246949,2018,Slight,Male,36 - 45,Urban area,More deprived 30-40%,2,1,Single carriageway,30,More than 4 arms (not roundabout),Daylight,Fine no high winds,Dry,None,Non-trunk,Going ahead other,On main c'way - not in restricted lane,None,None,Offside,Not known,2018-08-08,13:50:00,Wednesday,Wigan,E08000010,Urban,53.532348,-2.578746,E01006272
06L247168,2018,Slight,Male,36 - 45,Urban area,More deprived 20-30%,3,1,Single carriageway,30,Crossroads,Daylight,Fine no high winds,Dry,None,Non-trunk,Going ahead other,On main c'way - not in restricted lane,None,None,Back,Not known,2018-08-18,11:40:00,Saturday,Wigan,E08000010,Urban,53.526867,-2.490048,E01006291
06L248348,2018,Serious,Male,36 - 45,Urban area,More deprived 10-20%,2,1,Single carriageway,30,T or staggered junction,Darkness - lights lit,Fine no high winds,Dry,None,Non-trunk,Turning right,On main c'way - not in restricted lane,None,None,Did not impact,Not known,2018-09-19,20:57:00,Wednesday,Wigan,E08000010,Urban,53.495789,-2.524841,E01006328
06L248695,2018,Slight,Male,11 - 15,Urban area,Most deprived 10%,2,1,Single carriageway,30,T or staggered junction,Daylight,Fine no high winds,Dry,None,Non-trunk,Going ahead other,On main c'way - not in restricted lane,None,None,Front,Not known,2018-09-26,16:00:00,Wednesday,Wigan,E08000010,Urban,53.505393,-2.523829,E01006336
06L249378,2018,Serious,Male,11 - 15,Urban area,Less deprived 20-30%,2,1,Single carriageway,30,T or staggered junction,Daylight,Fine no high winds,Dry,None,Non-trunk,Turning right,On main c'way - not in restricted lane,None,None,Offside,Not known,2018-10-13,12:45:00,Saturday,Wigan,E08000010,Urban,53.530198,-2.505897,E01006241
06L249834,2018,Slight,Male,11 - 15,Data missing or out of range,Data missing or out of range,2,1,Single carriageway,30,Not at junction or within 20 metres,Daylight,Fine no high winds,Dry,None,Non-trunk,Going ahead other,On main c'way - not in restricted lane,None,None,Front,Not known,2018-10-30,14:55:00,Tuesday,Wigan,E08000010,Urban,53.513758,-2.528637,E01006282
06L250685,2018,Slight,Male,26 - 35,Urban area,Most deprived 10%,2,1,Single carriageway,50,Not at junction or within 20 metres,Daylight,Fine no high winds,Dry,None,Non-trunk,Going ahead other,On main c'way - not in restricted lane,None,None,Front,Commuting to/from work,2018-11-26,15:15:00,Monday,Wigan,E08000010,Urban,53.50039,-2.445767,E01006251
06L251529,2018,Slight,Male,11 - 15,Urban area,Less deprived 20-30%,2,1,Single carriageway,20,Crossroads,Darkness - lights lit,Raining no high winds,Wet or damp,None,Non-trunk,Going ahead other,On main c'way - not in restricted lane,None,None,Back,Not known,2018-12-06,19:45:00,Thursday,Wigan,E08000010,Urban,53.524446,-2.493037,E01006244
06M105008,2018,Serious,Male,36 - 45,Urban area,More deprived 20-30%,2,1,Single carriageway,30,T or staggered junction,Darkness - lights lit,Fine no high winds,Dry,None,Non-trunk,Going ahead other,Cycle lane (on main carriageway),None,None,Offside,Commuting to/from work,2018-11-06,16:30:00,Tuesday,Trafford,E08000009,Urban,53.464226,-2.265722,E01006185
06M139555,2018,Slight,Male,36 - 45,Urban area,More deprived 40-50%,2,1,Roundabout,30,Roundabout,Darkness - lights lit,Fine + high winds,Wet or damp,None,Non-trunk,Going ahead other,On main c'way - not in restricted lane,None,None,Nearside,Commuting to/from work,2018-01-16,18:12:00,Tuesday,Trafford,E08000009,Urban,53.457317,-2.35735,E01006118
06M139704,2018,Slight,Male,46 - 55,Urban area,Less deprived 20-30%,2,1,Single carriageway,30,T or staggered junction,Darkness - lights lit,Fine no high winds,Dry,None,Non-trunk,Going ahead right-hand bend,On main c'way - not in restricted lane,None,None,Did not impact,Not known,2018-01-12,17:29:00,Friday,Trafford,E08000009,Urban,53.452181,-2.333801,E01006156
06M140159,2018,Slight,Male,36 - 45,Urban area,Less deprived 30-40%,2,1,Single carriageway,30,T or staggered junction,Darkness - lights lit,Raining no high winds,Wet or damp,None,Non-trunk,Going ahead other,On main c'way - not in restricted lane,None,None,Front,Commuting to/from work,2018-01-29,07:39:00,Monday,Trafford,E08000009,Urban,53.450262,-2.396575,E01006126
06M140189,2018,Slight,Male,26 - 35,Urban area,More deprived 20-30%,2,1,Single carriageway,30,T or staggered junction,Darkness - lights lit,Fine no high winds,Dry,None,Non-trunk,Going ahead other,On main c'way - not in restricted lane,None,None,Offside,Commuting to/from work,2018-02-01,17:13:00,Thursday,Trafford,E08000009,Urban,53.451958,-2.320217,E01006157
06M140842,2018,Serious,Male,56 - 65,Urban area,Most deprived 10%,2,1,Roundabout,30,Roundabout,Darkness - lights unlit,Fine no high winds,Dry,Roadworks,Non-trunk,Going ahead other,On main c'way - not in restricted lane,None,None,Nearside,Commuting to/from work,2018-02-15,20:35:00,Thursday,Trafford,E08000009,Urban,53.466709,-2.306108,E01006157
06M141064,2018,Serious,Female,26 - 35,Urban area,Less deprived 30-40%,2,1,Single carriageway,30,Roundabout,Darkness - lights lit,Fine no high winds,Dry,None,Non-trunk,Going ahead other,On main c'way - not in restricted lane,None,None,Front,Not known,2018-02-23,22:18:00,Friday,Trafford,E08000009,Rural,53.470465,-2.349099,E01006121
06M141182,2018,Slight,Male,46 - 55,Data missing or out of range,Data missing or out of range,1,1,Dual carriageway,30,Not at junction or within 20 metres,Daylight,Fine no high winds,Dry,None,Non-trunk,Going ahead other,On main c'way - not in restricted lane,None,None,Did not impact,Not known,2018-02-18,15:30:00,Sunday,Trafford,E08000009,Rural,53.46875,-2.354312,E01006121
06M141419,2018,Slight,Male,16 - 20,Urban area,More deprived 30-40%,2,1,Single carriageway,30,Crossroads,Daylight,Fine no high winds,Dry,None,Non-trunk,Moving off,On main c'way - not in restricted lane,None,None,Front,Not known,2018-03-09,16:00:00,Friday,Trafford,E08000009,Urban,53.464635,-2.283394,E01006188
06M141676,2018,Slight,Male,26 - 35,Urban area,More deprived 30-40%,2,1,Single carriageway,30,Private drive or entrance,Daylight,Other,Dry,None,Non-trunk,Going ahead other,On main c'way - not in restricted lane,None,None,Offside,Commuting to/from work,2018-03-11,12:30:00,Sunday,Trafford,E08000009,Urban,53.453787,-2.283006,E01006145
06M142768,2018,Slight,Male,11 - 15,Urban area,More deprived 20-30%,2,1,Single carriageway,30,More than 4 arms (not roundabout),Daylight,Fine no high winds,Dry,None,Non-trunk,Going ahead other,On main c'way - not in restricted lane,None,None,Nearside,Not known,2018-04-16,15:20:00,Monday,Trafford,E08000009,Urban,53.453223,-2.364438,E01006120
06M143300,2018,Slight,Male,26 - 35,Data missing or out of range,Data missing or out of range,3,1,Single carriageway,30,Crossroads,Daylight,Fine no high winds,Dry,None,Non-trunk,Going ahead other,On main c'way - not in restricted lane,None,None,Nearside,Not known,2018-05-01,15:37:00,Tuesday,Trafford,E08000009,Urban,53.453355,-2.267266,E01006115
06M143873,2018,Slight,Female,26 - 35,Urban area,More deprived 10-20%,2,1,Single carriageway,30,T or staggered junction,Daylight,Fine no high winds,Dry,None,Non-trunk,Going ahead other,On main c'way - not in restricted lane,None,None,Offside,Commuting to/from work,2018-05-16,16:30:00,Wednesday,Trafford,E08000009,Urban,53.456846,-2.261625,E01006115
06M143888,2018,Slight,Male,36 - 45,Urban area,More deprived 40-50%,2,1,Single carriageway,30,Crossroads,Daylight,Fine no high winds,Dry,None,Non-trunk,Going ahead other,On main c'way - not in restricted lane,None,None,Offside,Commuting to/from work,2018-04-30,17:30:00,Monday,Trafford,E08000009,Urban,53.458245,-2.293984,E01006186
06M143973,2018,Slight,Male,6 - 10,Urban area,More deprived 20-30%,2,1,Roundabout,30,Roundabout,Daylight,Fine no high winds,Dry,None,Non-trunk,Going ahead other,On main c'way - not in restricted lane,None,None,Offside,Not known,2018-05-22,12:10:00,Tuesday,Trafford,E08000009,Urban,53.452932,-2.287126,E01006141
06M144417,2018,Slight,Male,46 - 55,Urban area,More deprived 40-50%,2,1,Single carriageway,40,Crossroads,Daylight,Raining no high winds,Dry,None,Non-trunk,Going ahead other,On main c'way - not in restricted lane,None,None,Front,Not known,2018-06-03,09:35:00,Sunday,Trafford,E08000009,Urban,53.433375,-2.385099,E01006107
06M144426,2018,Slight,Male,11 - 15,Urban area,Most deprived 10%,2,1,Single carriageway,30,Not at junction or within 20 metres,Daylight,Fine no high winds,Dry,None,Non-trunk,Going ahead other,On main c'way - not in restricted lane,None,None,Front,Not known,2018-05-27,15:31:00,Sunday,Trafford,E08000009,Urban,53.462237,-2.262728,E01006112
06M144625,2018,Slight,Female,46 - 55,Urban area,More deprived 10-20%,2,1,Single carriageway,30,Not at junction or within 20 metres,Daylight,Fine no high winds,Dry,None,Non-trunk,Going ahead other,On main c'way - not in restricted lane,None,None,Front,Not known,2018-06-08,09:10:00,Friday,Trafford,E08000009,Urban,53.457295,-2.285695,E01006145
06M144651,2018,Slight,Male,26 - 35,Urban area,Most deprived 10%,2,1,Single carriageway,30,T or staggered junction,Daylight,Fine no high winds,Dry,None,Non-trunk,Going ahead other,Cycle lane (on main carriageway),None,None,Front,Commuting to/from work,2018-06-07,09:15:00,Thursday,Trafford,E08000009,Urban,53.453916,-2.273564,E01006113
06M144817,2018,Serious,Male,6 - 10,Urban area,Less deprived 40-50%,2,1,Single carriageway,20,Not at junction or within 20 metres,Daylight,Fine no high winds,Dry,None,Non-trunk,Going ahead other,On main c'way - not in restricted lane,None,None,Front,Not known,2018-06-10,12:54:00,Sunday,Trafford,E08000009,Urban,53.453329,-2.290276,E01006145
06M145893,2018,Slight,Male,46 - 55,Data missing or out of range,Data missing or out of range,2,1,Single carriageway,30,T or staggered junction,Daylight,Fine no high winds,Dry,None,Non-trunk,Going ahead other,On main c'way - not in restricted lane,None,None,Front,Not known,2018-07-09,17:05:00,Monday,Trafford,E08000009,Urban,53.459829,-2.258074,E01006109
06M147342,2018,Slight,Male,26 - 35,Data missing or out of range,Data missing or out of range,2,1,Roundabout,40,Mini-roundabout,Daylight,Other,Dry,None,Non-trunk,Going ahead other,On main c'way - not in restricted lane,None,None,Offside,Not known,2018-08-22,18:20:00,Wednesday,Trafford,E08000009,Urban,53.475266,-2.322999,E01006121
06M147444,2018,Serious,Female,26 - 35,Urban area,More deprived 30-40%,2,1,Dual carriageway,30,Crossroads,Darkness - lights lit,Fine no high winds,Wet or damp,None,Non-trunk,Turning right,On main c'way - not in restricted lane,None,None,Front,Not known,2018-08-25,20:20:00,Saturday,Trafford,E08000009,Urban,53.462032,-2.28553,E01006186
06M147618,2018,Serious,Male,26 - 35,Urban area,Most deprived 10%,2,1,Roundabout,40,Roundabout,Daylight,Fine no high winds,Dry,None,Non-trunk,Going ahead other,On main c'way - not in restricted lane,None,None,Front,Not known,2018-08-30,11:20:00,Thursday,Trafford,E08000009,Urban,53.474736,-2.323175,E01006121
06M147685,2018,Slight,Male,46 - 55,Urban area,Less deprived 40-50%,2,1,Single carriageway,20,Private drive or entrance,Daylight,Fine no high winds,Dry,None,Non-trunk,Going ahead other,On main c'way - not in restricted lane,None,None,Front,Not known,2018-09-04,09:01:00,Tuesday,Trafford,E08000009,Urban,53.450424,-2.283269,E01006146
06M148097,2018,Slight,Female,6 - 10,Urban area,More deprived 30-40%,2,1,Single carriageway,30,T or staggered junction,Daylight,Fine no high winds,Dry,None,Non-trunk,Going ahead other,On main c'way - not in restricted lane,None,None,Front,Taking pupil to/from school,2018-09-13,08:30:00,Thursday,Trafford,E08000009,Urban,53.442207,-2.372097,E01006129
06M148585,2018,Slight,Male,11 - 15,Urban area,Less deprived 30-40%,2,1,Single carriageway,20,T or staggered junction,Daylight,Fine no high winds,Dry,None,Non-trunk,Going ahead other,On main c'way - not in restricted lane,None,None,Front,Pupil riding to/from school,2018-09-25,08:00:00,Tuesday,Trafford,E08000009,Urban,53.44902,-2.339122,E01006156
06M149365,2018,Slight,Male,36 - 45,Urban area,Less deprived 20-30%,3,1,Dual carriageway,40,Crossroads,Daylight,Fine no high winds,Wet or damp,None,Non-trunk,Going ahead other,Cycle lane (on main carriageway),None,None,Front,Not known,2018-10-18,10:13:00,Thursday,Trafford,E08000009,Urban,53.445952,-2.306923,E01006144
06M149458,2018,Slight,Male,36 - 45,Urban area,More deprived 30-40%,2,1,Single carriageway,30,Not at junction or within 20 metres,Daylight,Fine no high winds,Dry,None,Non-trunk,Going ahead other,On main c'way - not in restricted lane,None,None,Front,Commuting to/from work,2018-09-25,07:10:00,Tuesday,Trafford,E08000009,Urban,53.450666,-2.272158,E01006115
06M150180,2018,Serious,Male,16 - 20,Urban area,More deprived 40-50%,2,1,Roundabout,30,Roundabout,Daylight,Fine no high winds,Dry,None,Non-trunk,Going ahead other,Cycle lane (on main carriageway),None,None,Nearside,Not known,2018-11-07,12:10:00,Wednesday,Trafford,E08000009,Urban,53.457741,-2.356811,E01006118
06M150350,2018,Slight,Male,26 - 35,Urban area,Less deprived 30-40%,2,1,Dual carriageway,40,T or staggered junction,Darkness - lights lit,Fine no high winds,Dry,None,Non-trunk,Going ahead other,On main c'way - not in restricted lane,None,None,Front,Commuting to/from work,2018-11-13,17:50:00,Tuesday,Trafford,E08000009,Urban,53.447079,-2.305546,E01006144
06M151799,2018,Slight,Female,16 - 20,Urban area,Less deprived 40-50%,2,1,Single carriageway,30,T or staggered junction,Darkness - lights lit,Raining no high winds,Wet or damp,None,Non-trunk,Waiting to turn right,On main c'way - not in restricted lane,None,None,Back,Not known,2018-12-08,18:40:00,Saturday,Trafford,E08000009,Urban,53.444834,-2.297731,E01006142
06M151917,2018,Serious,Male,11 - 15,Urban area,More deprived 30-40%,2,1,Single carriageway,40,Crossroads,Darkness - lights lit,Fine no high winds,Wet or damp,None,Non-trunk,Going ahead other,On main c'way - not in restricted lane,None,None,Nearside,Not known,2018-12-29,16:53:00,Saturday,Trafford,E08000009,Urban,53.464988,-2.289873,E01006157
06M239428,2018,Slight,Male,36 - 45,Urban area,Less deprived 20-30%,2,1,Single carriageway,30,Not at junction or within 20 metres,Daylight,Fine no high winds,Dry,None,Non-trunk,Going ahead other,On main c'way - not in restricted lane,None,None,Front,Not known,2018-01-14,10:20:00,Sunday,Trafford,E08000009,Urban,53.374775,-2.341987,E01006083
06M240130,2018,Serious,Male,11 - 15,Urban area,More deprived 20-30%,2,1,Single carriageway,30,T or staggered junction,Daylight,Fine no high winds,Dry,None,Non-trunk,Going ahead other,Cycle lane (on main carriageway),None,None,Front,Not known,2018-02-02,16:15:00,Friday,Trafford,E08000009,Urban,53.427268,-2.345149,E01006170
06M240188,2018,Slight,Female,36 - 45,Urban area,More deprived 10-20%,2,1,Single carriageway,30,T or staggered junction,Darkness - lighting unknown,Fine + high winds,Wet or damp,None,Non-trunk,Going ahead other,On main c'way - not in restricted lane,None,None,Back,Not known,2018-02-01,07:52:00,Thursday,Trafford,E08000009,Urban,53.391706,-2.303254,E01006208
06M240210,2018,Slight,Male,56 - 65,Urban area,Least deprived 10%,2,1,Single carriageway,30,Private drive or entrance,Daylight,Fine no high winds,Wet or damp,None,Non-trunk,Going ahead right-hand bend,On main c'way - not in restricted lane,None,None,Nearside,Not known,2018-01-14,09:00:00,Sunday,Trafford,E08000009,Urban,53.367494,-2.322497,E01006134
06M240229,2018,Serious,Female,56 - 65,Urban area,Less deprived 20-30%,2,1,Single carriageway,30,Crossroads,Daylight,Fine no high winds,Dry,None,Non-trunk,Going ahead other,On main c'way - not in restricted lane,None,None,Front,Not known,2018-01-26,16:30:00,Friday,Trafford,E08000009,Urban,53.380246,-2.323752,E01006140
06M240338,2018,Slight,Male,26 - 35,Urban area,Less deprived 30-40%,2,1,Single carriageway,30,T or staggered junction,Darkness - lights lit,Fine no high winds,Dry,None,Non-trunk,Going ahead other,On main c'way - not in restricted lane,None,None,Front,Not known,2018-02-07,17:46:00,Wednesday,Trafford,E08000009,Urban,53.416676,-2.289019,E01006176
06M241683,2018,Slight,Male,26 - 35,Urban area,Less deprived 20-30%,2,1,Single carriageway,30,Not at junction or within 20 metres,Daylight,Raining no high winds,Wet or damp,None,Non-trunk,Going ahead other,On main c'way - not in restricted lane,None,None,Front,Not known,2018-03-13,09:45:00,Tuesday,Trafford,E08000009,Urban,53.446655,-2.339539,E01006184
06M241915,2018,Serious,Male,Over 75,Urban area,Least deprived 10%,2,1,Single carriageway,40,Crossroads,Daylight,Fine no high winds,Dry,None,Non-trunk,Going ahead other,On main c'way - not in restricted lane,None,None,Front,Not known,2018-03-25,11:56:00,Sunday,Trafford,E08000009,Urban,53.392595,-2.31747,E01006204
06M242626,2018,Slight,Male,36 - 45,Urban area,Most deprived 10%,2,1,Single carriageway,30,T or staggered junction,Daylight,Fine no high winds,Dry,None,Non-trunk,Going ahead other,On main c'way - not in restricted lane,None,None,Nearside,Not known,2018-04-16,11:15:00,Monday,Trafford,E08000009,Urban,53.416523,-2.352449,E01006152
06M243039,2018,Slight,Male,26 - 35,Urban area,More deprived 30-40%,2,1,Roundabout,30,Roundabout,Daylight,Fine no high winds,Dry,None,Non-trunk,Going ahead other,On main c'way - not in restricted lane,None,None,Front,Commuting to/from work,2018-04-24,05:44:00,Tuesday,Trafford,E08000009,Urban,53.399754,-2.309237,E01006206
06M244453,2018,Slight,Male,21 - 25,Urban area,More deprived 30-40%,2,1,Single carriageway,30,Other junction,Daylight,Fine no high winds,Dry,None,Non-trunk,Going ahead other,On main c'way - not in restricted lane,None,None,Did not impact,Not known,2018-06-01,16:00:00,Friday,Trafford,E08000009,Urban,53.395211,-2.343355,E01006193
06M244938,2018,Serious,Male,26 - 35,Urban area,Less deprived 20-30%,2,1,Single carriageway,30,T or staggered junction,Daylight,Fine no high winds,Dry,None,Non-trunk,Overtaking - nearside,On main c'way - not in restricted lane,None,Road sign or traffic signal,Did not impact,Not known,2018-06-13,15:30:00,Wednesday,Trafford,E08000009,Urban,53.424457,-2.318295,E01006161
06M245214,2018,Slight,Male,46 - 55,Small town,Least deprived 10%,2,1,Single carriageway,30,Not at junction or within 20 metres,Daylight,Fine no high winds,Dry,None,Non-trunk,Going ahead other,On main c'way - not in restricted lane,Bollard or refuge,Other permanent object,Front,Not known,2018-06-23,08:00:00,Saturday,Trafford,E08000009,Rural,53.403294,-2.455626,E01006087
06M245887,2018,Slight,Male,26 - 35,Urban area,Less deprived 40-50%,2,1,Single carriageway,30,T or staggered junction,Daylight,Fine no high winds,Dry,None,Non-trunk,Turning right,On main c'way - not in restricted lane,None,None,Front,Commuting to/from work,2018-07-10,06:40:00,Tuesday,Trafford,E08000009,Rural,53.392525,-2.416338,E01006087
06M246282,2018,Serious,Male,26 - 35,Small town,Less deprived 10-20%,2,1,Single carriageway,40,T or staggered junction,Daylight,Fine no high winds,Dry,None,Non-trunk,Going ahead other,On main c'way - not in restricted lane,None,None,Front,Not known,2018-06-02,16:00:00,Saturday,Trafford,E08000009,Urban,53.396735,-2.311952,E01006206
06M246711,2018,Slight,Male,21 - 25,Urban area,More deprived 40-50%,2,1,Single carriageway,30,Private drive or entrance,Daylight,Raining no high winds,Wet or damp,None,Non-trunk,Slowing or stopping,On main c'way - not in restricted lane,None,None,Nearside,Not known,2018-07-30,15:46:00,Monday,Trafford,E08000009,Urban,53.391606,-2.330906,E01006192
06M246968,2018,Slight,Female,26 - 35,Urban area,More deprived 10-20%,2,1,Single carriageway,30,T or staggered junction,Daylight,Fine no high winds,Dry,None,Non-trunk,Going ahead other,On main c'way - not in restricted lane,None,None,Front,Not known,2018-08-07,19:14:00,Tuesday,Trafford,E08000009,Urban,53.415626,-2.336389,E01006100
06M247086,2018,Slight,Male,16 - 20,Urban area,More deprived 20-30%,2,1,Single carriageway,30,T or staggered junction,Daylight,Fine no high winds,Dry,None,Non-trunk,Going ahead other,On main c'way - not in restricted lane,None,None,Front,Commuting to/from work,2018-07-30,13:00:00,Monday,Trafford,E08000009,Urban,53.426335,-2.328452,E01006150
06M247121,2018,Slight,Male,46 - 55,Urban area,Least deprived 10%,2,1,Single carriageway,30,T or staggered junction,Daylight,Fine no high winds,Dry,None,Non-trunk,Going ahead other,On main c'way - not in restricted lane,None,None,Front,Not known,2018-05-09,08:36:00,Wednesday,Trafford,E08000009,Urban,53.392444,-2.352024,E01006075
06M247123,2018,Serious,Male,36 - 45,Urban area,Less deprived 10-20%,2,1,Single carriageway,30,Not at junction or within 20 metres,Daylight,Fine no high winds,Dry,None,Non-trunk,Going ahead other,On main c'way - not in restricted lane,None,None,Offside,Not known,2018-08-10,17:50:00,Friday,Trafford,E08000009,Urban,53.40302,-2.33468,E01006190
06M247658,2018,Slight,Male,21 - 25,Urban area,More deprived 30-40%,2,1,Single carriageway,30,Roundabout,Darkness - lights lit,Fine no high winds,Dry,None,Non-trunk,Going ahead other,On main c'way - not in restricted lane,None,None,Back,Not known,2018-08-27,23:55:00,Monday,Trafford,E08000009,Urban,53.405655,-2.355969,E01006089
06M249234,2018,Slight,Male,66 - 75,Urban area,Less deprived 10-20%,2,1,Single carriageway,30,Crossroads,Daylight,Fine no high winds,Dry,None,Non-trunk,Going ahead other,Cycle lane (on main carriageway),None,None,Front,Not known,2018-10-11,11:30:00,Thursday,Trafford,E08000009,Urban,53.391758,-2.327809,E01006205
06M249581,2018,Slight,Male,36 - 45,Data missing or out of range,Data missing or out of range,2,1,Roundabout,30,Mini-roundabout,Daylight,Fine no high winds,Dry,None,Non-trunk,Turning right,On main c'way - not in restricted lane,None,None,Front,Not known,2018-10-23,07:54:00,Tuesday,Trafford,E08000009,Urban,53.413959,-2.308092,E01006099
06M249786,2018,Slight,Male,11 - 15,Data missing or out of range,Data missing or out of range,2,1,Single carriageway,30,T or staggered junction,Darkness - lighting unknown,Fine no high winds,Dry,Roadworks,Non-trunk,Going ahead other,On main c'way - not in restricted lane,None,None,Front,Not known,2018-10-24,06:59:00,Wednesday,Trafford,E08000009,Urban,53.403474,-2.336263,E01006195
06M252453,2018,Slight,Male,56 - 65,Data missing or out of range,Data missing or out of range,2,1,Single carriageway,30,T or staggered junction,Darkness - lights lit,Fine no high winds,Dry,None,Non-trunk,Going ahead other,On main c'way - not in restricted lane,None,None,Did not impact,Not known,2018-12-28,17:10:00,Friday,Trafford,E08000009,Urban,53.380608,-2.348393,E01006077
06M351025,2018,Slight,Male,26 - 35,Urban area,More deprived 30-40%,2,1,Single carriageway,30,T or staggered junction,Darkness - lights lit,Fine no high winds,Wet or damp,None,Non-trunk,Going ahead other,On main c'way - not in restricted lane,None,None,Front,Not known,2018-11-26,21:30:00,Monday,Trafford,E08000009,Urban,53.457018,-2.26131,E01006115
06N140206,2018,Slight,Male,46 - 55,Urban area,Less deprived 30-40%,3,1,Single carriageway,30,T or staggered junction,Daylight,Fine no high winds,Dry,None,Non-trunk,Going ahead other,On main c'way - not in restricted lane,None,None,Front,Not known,2018-02-04,13:58:00,Sunday,Bury,E08000002,Urban,53.598669,-2.308602,E01004964
06N142112,2018,Slight,Male,46 - 55,Urban area,More deprived 10-20%,2,1,Single carriageway,30,Crossroads,Daylight,Fine no high winds,Wet or damp,None,Non-trunk,Turning right,On main c'way - not in restricted lane,None,None,Offside,Not known,2018-03-23,11:00:00,Friday,Bury,E08000002,Urban,53.597012,-2.288206,E01004980
06N143639,2018,Slight,Male,66 - 75,Urban area,Less deprived 30-40%,2,1,Single carriageway,30,Not at junction or within 20 metres,Daylight,Fine no high winds,Dry,None,Non-trunk,Going ahead other,On main c'way - not in restricted lane,None,None,Offside,Not known,2018-05-04,18:39:00,Friday,Bury,E08000002,Urban,53.640709,-2.325229,E01005018
06N149032,2018,Slight,Male,56 - 65,Urban area,Less deprived 10-20%,2,1,Dual carriageway,30,Not at junction or within 20 metres,Daylight,Fine no high winds,Dry,None,Non-trunk,Going ahead other,On main c'way - not in restricted lane,None,None,Offside,Not known,2018-10-07,10:00:00,Sunday,Bury,E08000002,Urban,53.594777,-2.297997,E01005024
06N239990,2018,Serious,Male,26 - 35,Urban area,Less deprived 30-40%,2,1,Dual carriageway,30,Crossroads,Darkness - lights lit,Fine no high winds,Dry,None,Non-trunk,Going ahead other,On main c'way - not in restricted lane,None,None,Offside,Not known,2018-01-24,17:52:00,Wednesday,Bury,E08000002,Urban,53.523696,-2.276275,E01005045
06N240141,2018,Slight,Male,36 - 45,Urban area,Less deprived 40-50%,2,1,Single carriageway,30,T or staggered junction,Daylight,Fine no high winds,Dry,None,Non-trunk,Going ahead other,Cycle lane (on main carriageway),None,None,Front,Commuting to/from work,2018-01-30,10:20:00,Tuesday,Bury,E08000002,Urban,53.578808,-2.373778,E01005000
06N240680,2018,Slight,Male,26 - 35,Urban area,More deprived 20-30%,2,1,Single carriageway,30,T or staggered junction,Daylight,Unknown,Dry,None,Non-trunk,Going ahead other,On main c'way - not in restricted lane,None,None,Front,Not known,2018-02-15,08:20:00,Thursday,Bury,E08000002,Urban,53.539823,-2.28323,E01005034
06N241338,2018,Serious,Male,56 - 65,Urban area,More deprived 40-50%,2,1,Single carriageway,30,T or staggered junction,Daylight,Fine no high winds,Dry,None,Non-trunk,Going ahead other,On main c'way - not in restricted lane,None,None,Nearside,Not known,2018-03-09,09:50:00,Friday,Bury,E08000002,Urban,53.52175,-2.274497,E01005033
06N242060,2018,Slight,Female,26 - 35,Urban area,More deprived 10-20%,2,1,Single carriageway,30,T or staggered junction,Daylight,Raining no high winds,Wet or damp,None,Non-trunk,Overtaking moving vehicle - offside,On main c'way - not in restricted lane,None,None,Offside,Commuting to/from work,2018-03-27,08:45:00,Tuesday,Bury,E08000002,Urban,53.519377,-2.285975,E01005032
06N242480,2018,Slight,Male,11 - 15,Urban area,Most deprived 10%,2,1,Single carriageway,30,Not at junction or within 20 metres,Daylight,Fine no high winds,Dry,None,Non-trunk,Going ahead other,On main c'way - not in restricted lane,None,None,Offside,Not known,2018-04-09,10:55:00,Monday,Bury,E08000002,Urban,53.563484,-2.330328,E01005008
06N244559,2018,Slight,Male,36 - 45,Urban area,Least deprived 10%,2,1,Single carriageway,30,T or staggered junction,Daylight,Raining no high winds,Wet or damp,None,Non-trunk,Going ahead other,On main c'way - not in restricted lane,None,None,Front,Commuting to/from work,2018-05-25,19:20:00,Friday,Bury,E08000002,Urban,53.532879,-2.285402,E01005036
06N244658,2018,Slight,Male,46 - 55,Urban area,Less deprived 20-30%,2,1,Single carriageway,30,T or staggered junction,Daylight,Fine no high winds,Dry,None,Non-trunk,Going ahead other,On main c'way - not in restricted lane,None,None,Front,Not known,2018-06-06,08:00:00,Wednesday,Bury,E08000002,Urban,53.569769,-2.348708,E01005002
06N244709,2018,Slight,Male,26 - 35,Rural,Less deprived 20-30%,2,1,Single carriageway,30,T or staggered junction,Daylight,Fine no high winds,Dry,None,Non-trunk,Slowing or stopping,Cycle lane (on main carriageway),None,None,Front,Journey as part of work,2018-05-23,17:30:00,Wednesday,Bury,E08000002,Urban,53.552957,-2.297069,E01004989
06N244960,2018,Slight,Male,26 - 35,Urban area,Less deprived 20-30%,2,1,Roundabout,30,Roundabout,Daylight,Fine no high winds,Dry,None,Non-trunk,Going ahead other,On main c'way - not in restricted lane,None,None,Front,Commuting to/from work,2018-06-07,17:47:00,Thursday,Bury,E08000002,Urban,53.577006,-2.276003,E01005054
06N245228,2018,Slight,Male,56 - 65,Urban area,Less deprived 20-30%,2,1,Single carriageway,30,T or staggered junction,Daylight,Fine no high winds,Dry,None,Non-trunk,Going ahead other,On main c'way - not in restricted lane,None,None,Front,Not known,2018-06-27,20:12:00,Wednesday,Bury,E08000002,Urban,53.536471,-2.271153,E01004973
06N245241,2018,Serious,Male,36 - 45,Rural,More deprived 10-20%,2,1,Single carriageway,30,Crossroads,Daylight,Fine no high winds,Dry,None,Non-trunk,Going ahead other,On main c'way - not in restricted lane,None,None,Front,Commuting to/from work,2018-06-25,20:10:00,Monday,Bury,E08000002,Urban,53.542194,-2.287743,E01004983
06N245273,2018,Serious,Male,6 - 10,Urban area,More deprived 10-20%,2,1,Single carriageway,20,Not at junction or within 20 metres,Daylight,Fine no high winds,Dry,None,Non-trunk,Going ahead other,On main c'way - not in restricted lane,None,None,Front,Not known,2018-06-21,19:00:00,Thursday,Bury,E08000002,Urban,53.539935,-2.277452,E01004971
06N246205,2018,Slight,Female,6 - 10,Urban area,More deprived 30-40%,2,1,Single carriageway,20,Crossroads,Daylight,Fine no high winds,Dry,None,Non-trunk,Turning right,On main c'way - not in restricted lane,None,None,Front,Not known,2018-07-18,18:35:00,Wednesday,Bury,E08000002,Urban,53.546657,-2.285917,E01004942
06N246229,2018,Serious,Male,46 - 55,Data missing or out of range,Data missing or out of range,2,1,Single carriageway,30,Crossroads,Daylight,Raining no high winds,Wet or damp,None,Non-trunk,Going ahead other,On main c'way - not in restricted lane,None,None,Front,Commuting to/from work,2018-07-13,19:00:00,Friday,Bury,E08000002,Urban,53.52464,-2.264153,E01005041
06N250968,2018,Serious,Male,56 - 65,Urban area,More deprived 30-40%,2,1,Single carriageway,30,More than 4 arms (not roundabout),Darkness - lights lit,Fine no high winds,Dry,None,Non-trunk,Going ahead other,On main c'way - not in restricted lane,None,None,Front,Journey as part of work,2018-11-21,17:20:00,Wednesday,Bury,E08000002,Urban,53.551511,-2.29656,E01004989
06P143918,2018,Slight,Male,46 - 55,Urban area,Less deprived 10-20%,2,1,Single carriageway,30,T or staggered junction,Daylight,Fine no high winds,Dry,None,Non-trunk,Going ahead other,On main c'way - not in restricted lane,None,None,Back,Not known,2018-05-19,13:00:00,Saturday,Rochdale,E08000005,Urban,53.61702,-2.20576,E01005574
06P144002,2018,Slight,Male,26 - 35,Data missing or out of range,Data missing or out of range,2,1,Single carriageway,30,T or staggered junction,Daylight,Fine no high winds,Dry,None,Non-trunk,Going ahead other,On main c'way - not in restricted lane,None,None,Front,Not known,2018-05-20,14:26:00,Sunday,Rochdale,E08000005,Urban,53.624559,-2.196574,E01005588
06P146393,2018,Slight,Male,46 - 55,Urban area,Less deprived 10-20%,2,1,Single carriageway,40,T or staggered junction,Daylight,Fine no high winds,Dry,None,Non-trunk,Going ahead other,Cycle lane (on main carriageway),None,None,Front,Journey as part of work,2018-06-26,08:03:00,Tuesday,Rochdale,E08000005,Urban,53.608952,-2.20365,E01005575
06P151146,2018,Slight,Male,36 - 45,Urban area,Most deprived 10%,2,1,Single carriageway,30,Crossroads,Darkness - no lighting,Raining no high winds,Wet or damp,None,Non-trunk,Turning right,On main c'way - not in restricted lane,None,None,Back,Not known,2018-12-04,17:00:00,Tuesday,Rochdale,E08000005,Urban,53.616438,-2.149705,E01005482
06P241237,2018,Slight,Male,36 - 45,Urban area,Most deprived 10%,2,1,Single carriageway,20,Not at junction or within 20 metres,Daylight,Snowing + high winds,Snow,None,Non-trunk,Going ahead other,On main c'way - not in restricted lane,None,None,Nearside,Not known,2018-02-28,13:00:00,Wednesday,Rochdale,E08000005,Urban,53.600251,-2.156357,E01005464
06P245812,2018,Serious,Male,11 - 15,Urban area,Most deprived 10%,2,1,Single carriageway,20,T or staggered junction,Daylight,Fine no high winds,Dry,None,Non-trunk,Going ahead other,On main c'way - not in restricted lane,None,None,Front,Not known,2018-07-08,14:00:00,Sunday,Rochdale,E08000005,Urban,53.631874,-2.13978,E01005578
06P246701,2018,Slight,Male,16 - 20,Urban area,Most deprived 10%,2,1,Single carriageway,30,T or staggered junction,Daylight,Fine no high winds,Dry,None,Non-trunk,Going ahead other,Footway (pavement),None,None,Front,Not known,2018-06-22,15:15:00,Friday,Rochdale,E08000005,Urban,53.622875,-2.133626,E01005579
06P247484,2018,Slight,Male,16 - 20,Urban area,More deprived 30-40%,2,1,Dual carriageway,30,More than 4 arms (not roundabout),Daylight,Fine no high winds,Dry,None,Non-trunk,Going ahead other,Cycle lane (on main carriageway),None,None,Front,Journey as part of work,2018-08-21,16:00:00,Tuesday,Rochdale,E08000005,Urban,53.60403,-2.1462,E01005469
06P250783,2018,Slight,Male,21 - 25,Urban area,More deprived 10-20%,2,1,Single carriageway,30,T or staggered junction,Darkness - lights lit,Fine no high winds,Dry,None,Non-trunk,Going ahead other,On main c'way - not in restricted lane,None,None,Front,Not known,2018-11-18,19:50:00,Sunday,Rochdale,E08000005,Urban,53.612216,-2.132429,E01005569
06P250794,2018,Slight,Male,26 - 35,Urban area,Less deprived 20-30%,2,1,Single carriageway,30,T or staggered junction,Darkness - lights lit,Fine no high winds,Dry,None,Non-trunk,Going ahead other,On main c'way - not in restricted lane,None,None,Front,Commuting to/from work,2018-11-21,17:20:00,Wednesday,Rochdale,E08000005,Urban,53.601253,-2.102535,E01005562
06P339871,2018,Slight,Male,66 - 75,Urban area,Less deprived 30-40%,2,1,Single carriageway,20,Not at junction or within 20 metres,Daylight,Fine no high winds,Dry,None,Non-trunk,Going ahead other,On main c'way - not in restricted lane,None,None,Back,Not known,2018-01-07,16:00:00,Sunday,Rochdale,E08000005,Urban,53.559354,-2.175981,E01005537
06P340190,2018,Serious,Male,36 - 45,Urban area,Less deprived 40-50%,2,1,Single carriageway,30,Not at junction or within 20 metres,Daylight,Fine no high winds,Dry,None,Non-trunk,Going ahead other,On main c'way - not in restricted lane,None,None,Front,Commuting to/from work,2018-02-01,16:13:00,Thursday,Rochdale,E08000005,Rural,53.581317,-2.231203,E01005508
06P345626,2018,Slight,Male,Over 75,Urban area,More deprived 30-40%,2,1,Roundabout,30,Mini-roundabout,Daylight,Fine no high winds,Dry,None,Non-trunk,Going ahead other,On main c'way - not in restricted lane,None,None,Nearside,Not known,2018-06-30,19:31:00,Saturday,Rochdale,E08000005,Urban,53.581566,-2.207929,E01005508
06P347723,2018,Slight,Male,16 - 20,Urban area,More deprived 10-20%,2,1,Single carriageway,30,T or staggered junction,Daylight,Fine no high winds,Dry,None,Non-trunk,Going ahead other,On main c'way - not in restricted lane,None,None,Front,Journey as part of work,2018-08-31,17:00:00,Friday,Rochdale,E08000005,Urban,53.55143,-2.201924,E01005524
06P347853,2018,Slight,Male,6 - 10,Data missing or out of range,Data missing or out of range,2,1,Single carriageway,30,T or staggered junction,Daylight,Fine no high winds,Dry,None,Non-trunk,Going ahead other,On main c'way - not in restricted lane,None,None,Front,Not known,2018-09-01,16:15:00,Saturday,Rochdale,E08000005,Urban,53.551826,-2.185157,E01005541
06P348870,2018,Slight,Female,56 - 65,Urban area,Less deprived 10-20%,2,1,Single carriageway,40,Not at junction or within 20 metres,Daylight,Fine no high winds,Dry,None,Non-trunk,Going ahead other,On main c'way - not in restricted lane,Kerb,Other permanent object,Nearside,Not known,2018-09-27,14:10:00,Thursday,Rochdale,E08000005,Rural,53.580383,-2.252796,E01005514
06P349132,2018,Slight,Male,11 - 15,Urban area,More deprived 30-40%,2,1,Single carriageway,20,Not at junction or within 20 metres,Daylight,Fine no high winds,Dry,None,Non-trunk,Turning left,On main c'way - not in restricted lane,None,None,Back,Not known,2018-10-07,13:07:00,Sunday,Rochdale,E08000005,Urban,53.543317,-2.194597,E01005533
06Q142619,2018,Slight,Male,46 - 55,Urban area,Less deprived 40-50%,2,1,Single carriageway,30,T or staggered junction,Daylight,Fine no high winds,Dry,None,Non-trunk,Going ahead other,On main c'way - not in restricted lane,None,None,Front,Journey as part of work,2018-04-10,17:00:00,Tuesday,Oldham,E08000004,Urban,53.549929,-2.103149,E01005432
06Q144218,2018,Serious,Male,11 - 15,Urban area,Most deprived 10%,2,1,Single carriageway,30,Not at junction or within 20 metres,Daylight,Fine no high winds,Dry,None,Non-trunk,Going ahead other,On main c'way - not in restricted lane,None,None,Front,Not known,2018-05-28,19:40:00,Monday,Oldham,E08000004,Urban,53.519885,-2.098959,E01005324
06Q144967,2018,Slight,Male,36 - 45,Data missing or out of range,Data missing or out of range,2,1,Single carriageway,30,T or staggered junction,Daylight,Fine no high winds,Dry,None,Non-trunk,Going ahead other,On main c'way - not in restricted lane,None,None,Front,Commuting to/from work,2018-06-15,16:10:00,Friday,Oldham,E08000004,Urban,53.547828,-2.120168,E01005350
06Q145806,2018,Slight,Male,16 - 20,Urban area,More deprived 10-20%,2,1,Single carriageway,30,Crossroads,Darkness - lights lit,Fine no high winds,Dry,None,Non-trunk,Going ahead other,On main c'way - not in restricted lane,None,None,Offside,Journey as part of work,2018-07-04,23:00:00,Wednesday,Oldham,E08000004,Urban,53.540068,-2.113673,E01005434
06Q147414,2018,Serious,Male,6 - 10,Urban area,More deprived 10-20%,2,1,Single carriageway,30,Crossroads,Daylight,Fine no high winds,Dry,None,Non-trunk,Going ahead left-hand bend,On main c'way - not in restricted lane,None,None,Front,Not known,2018-08-21,19:19:00,Tuesday,Oldham,E08000004,Urban,53.530251,-2.084712,E01005383
06Q147663,2018,Slight,Male,26 - 35,Urban area,Most deprived 10%,2,1,Single carriageway,30,T or staggered junction,Daylight,Fine no high winds,Dry,None,Non-trunk,Going ahead other,On main c'way - not in restricted lane,None,None,Front,Commuting to/from work,2018-08-17,12:02:00,Friday,Oldham,E08000004,Urban,53.538188,-2.095335,E01005429
06Q148145,2018,Slight,Male,21 - 25,Data missing or out of range,Data missing or out of range,2,1,Single carriageway,30,Not at junction or within 20 metres,Daylight,Fine no high winds,Dry,Road surface defective,Non-trunk,Going ahead other,On main c'way - not in restricted lane,None,None,Offside,Journey as part of work,2018-09-12,12:19:00,Wednesday,Oldham,E08000004,Urban,53.575157,-2.124127,E01005360
06Q149656,2018,Slight,Male,26 - 35,Urban area,More deprived 30-40%,2,1,Single carriageway,30,T or staggered junction,Daylight,Fine no high winds,Dry,None,Non-trunk,Going ahead other,On main c'way - not in restricted lane,None,None,Front,Not known,2018-10-19,17:20:00,Friday,Oldham,E08000004,Urban,53.528204,-2.131351,E01005381
06Q240095,2018,Slight,Male,11 - 15,Urban area,More deprived 10-20%,2,1,Single carriageway,30,T or staggered junction,Daylight,Raining no high winds,Wet or damp,None,Non-trunk,Going ahead other,On main c'way - not in restricted lane,None,None,Nearside,Pupil riding to/from school,2018-01-29,08:50:00,Monday,Oldham,E08000004,Urban,53.522945,-2.123552,E01005382
06Q242498,2018,Slight,Female,6 - 10,Urban area,Less deprived 20-30%,2,1,Single carriageway,30,T or staggered junction,Daylight,Fine no high winds,Dry,None,Non-trunk,Turning right,On main c'way - not in restricted lane,None,None,Nearside,Not known,2018-03-24,16:30:00,Saturday,Oldham,E08000004,Urban,53.578701,-2.080082,E01005443
06Q243797,2018,Slight,Male,26 - 35,Data missing or out of range,Data missing or out of range,2,1,Single carriageway,30,Crossroads,Daylight,Fine no high winds,Dry,None,Non-trunk,Going ahead other,On main c'way - not in restricted lane,None,None,Front,Not known,2018-05-14,18:30:00,Monday,Oldham,E08000004,Urban,53.567222,-2.123333,E01005392
06Q243822,2018,Slight,Male,16 - 20,Urban area,More deprived 30-40%,2,1,Single carriageway,30,T or staggered junction,Daylight,Fine no high winds,Dry,None,Non-trunk,Going ahead other,On main c'way - not in restricted lane,None,None,Front,Not known,2018-05-11,14:00:00,Friday,Oldham,E08000004,Urban,53.505371,-2.155299,E01005372
06Q244831,2018,Slight,Male,6 - 10,Urban area,Most deprived 10%,2,1,Single carriageway,20,Not at junction or within 20 metres,Daylight,Fine no high winds,Dry,None,Non-trunk,Going ahead other,On main c'way - not in restricted lane,None,None,Back,Not known,2018-06-08,20:25:00,Friday,Oldham,E08000004,Urban,53.544774,-2.135446,E01005352
06Q244968,2018,Slight,Male,11 - 15,Urban area,More deprived 10-20%,2,1,Single carriageway,30,Not at junction or within 20 metres,Daylight,Fine no high winds,Dry,None,Non-trunk,Going ahead other,On main c'way - not in restricted lane,None,None,Front,Not known,2018-06-14,17:10:00,Thursday,Oldham,E08000004,Urban,53.530229,-2.144739,E01005332
06Q245545,2018,Serious,Male,46 - 55,Urban area,Less deprived 10-20%,2,1,Single carriageway,30,T or staggered junction,Daylight,Fine no high winds,Dry,Road surface defective,Non-trunk,Going ahead other,On main c'way - not in restricted lane,None,None,Front,Not known,2018-05-15,20:44:00,Tuesday,Oldham,E08000004,Urban,53.565307,-2.017172,E01005416
06Q245626,2018,Slight,Male,26 - 35,Small town,Less deprived 20-30%,2,1,Dual carriageway,30,T or staggered junction,Daylight,Fine no high winds,Dry,None,Non-trunk,Going ahead other,On main c'way - not in restricted lane,None,None,Front,Not known,2018-06-25,16:15:00,Monday,Oldham,E08000004,Rural,53.539251,-2.013811,E01005407
06Q246267,2018,Slight,Female,6 - 10,Urban area,Less deprived 40-50%,2,1,Single carriageway,30,T or staggered junction,Daylight,Fine no high winds,Dry,None,Non-trunk,Going ahead other,On main c'way - not in restricted lane,None,None,Nearside,Not known,2018-07-10,18:25:00,Tuesday,Oldham,E08000004,Urban,53.570407,-2.120141,E01005403
06Q246414,2018,Slight,Male,56 - 65,Urban area,Most deprived 10%,2,1,Dual carriageway,40,Crossroads,Daylight,Fine no high winds,Dry,None,Non-trunk,Waiting to go - held up,On main c'way - not in restricted lane,None,None,Front,Journey as part of work,2018-06-07,15:10:00,Thursday,Oldham,E08000004,Urban,53.522499,-2.165467,E01005345
06Q246542,2018,Slight,Male,66 - 75,Urban area,Less deprived 20-30%,2,1,Roundabout,30,Mini-roundabout,Daylight,Fine no high winds,Dry,None,Non-trunk,Going ahead other,On main c'way - not in restricted lane,None,None,Nearside,Not known,2018-07-25,21:10:00,Wednesday,Oldham,E08000004,Urban,53.581876,-2.110402,E01005360
06Q246788,2018,Slight,Male,46 - 55,Data missing or out of range,Data missing or out of range,2,1,Single carriageway,60,Crossroads,Daylight,Fine no high winds,Dry,None,Non-trunk,Going ahead other,On main c'way - not in restricted lane,None,None,Front,Not known,2018-08-05,12:15:00,Sunday,Oldham,E08000004,Urban,53.564163,-2.133712,E01005391
06Q248574,2018,Slight,Male,16 - 20,Urban area,Most deprived 10%,2,1,Single carriageway,20,Not at junction or within 20 metres,Daylight,Unknown,Dry,None,Non-trunk,Going ahead other,On main c'way - not in restricted lane,None,None,Offside,Not known,2018-09-26,18:10:00,Wednesday,Oldham,E08000004,Urban,53.513671,-2.129738,E01005380
06Q248916,2018,Serious,Male,26 - 35,Data missing or out of range,Data missing or out of range,2,1,Single carriageway,30,T or staggered junction,Daylight,Fine no high winds,Dry,None,Non-trunk,Going ahead left-hand bend,On main c'way - not in restricted lane,None,None,Front,Not known,2018-10-05,14:45:00,Friday,Oldham,E08000004,Urban,53.5432,-2.143379,E01005328
06Q251617,2018,Slight,Male,66 - 75,Rural,Less deprived 20-30%,2,1,Single carriageway,30,Other junction,Daylight,Fine no high winds,Dry,None,Non-trunk,Going ahead other,On main c'way - not in restricted lane,None,None,Back,Not known,2018-12-13,15:20:00,Thursday,Oldham,E08000004,Urban,53.553937,-2.019522,E01005412
06Q251681,2018,Slight,Male,46 - 55,Urban area,More deprived 20-30%,2,1,Single carriageway,40,T or staggered junction,Daylight,Fine no high winds,Dry,None,Non-trunk,Turning left,On main c'way - not in restricted lane,None,None,Offside,Not known,2018-12-19,14:49:00,Wednesday,Oldham,E08000004,Urban,53.523321,-2.168848,E01005345
06Q253021,2018,Slight,Male,21 - 25,Urban area,Less deprived 40-50%,2,1,Single carriageway,30,Not at junction or within 20 metres,Daylight,Fine no high winds,Dry,None,Non-trunk,Going ahead other,On main c'way - not in restricted lane,None,None,Did not impact,Not known,2018-12-13,14:05:00,Thursday,Oldham,E08000004,Urban,53.537447,-2.076277,E01032556
06Q345359,2018,Slight,Male,16 - 20,Urban area,Most deprived 10%,2,1,Dual carriageway,40,Not at junction or within 20 metres,Daylight,Fine no high winds,Dry,None,Non-trunk,Going ahead other,On main c'way - not in restricted lane,None,None,Nearside,Journey as part of work,2018-06-19,16:30:00,Tuesday,Oldham,E08000004,Urban,53.538708,-2.175413,E01005330
06XI50094,2018,Serious,Male,46 - 55,Urban area,Least deprived 10%,2,1,Single carriageway,30,Not at junction or within 20 metres,Daylight,Fine no high winds,Dry,None,Non-trunk,Going ahead other,On main c'way - not in restricted lane,None,None,Offside,Journey as part of work,2018-09-24,15:50:00,Monday,Manchester,E08000003,Urban,53.364181,-2.258426,E01005317
060259439,2019,Slight,Male,26 - 35,Urban area,More deprived 10-20%,2,1,Dual carriageway,60,T or staggered junction,Daylight,Fine no high winds,Dry,None,Non-trunk,Going ahead other,Cycle lane (on main carriageway),None,None,Front,Commuting to/from work,2019-05-22,07:40:00,Wednesday,Wigan,E08000010,Rural,53.475146,-2.521965,E01006301
06A152591,2019,Slight,Male,36 - 45,Urban area,Less deprived 40-50%,2,1,Single carriageway,30,Crossroads,Daylight,Fine no high winds,Dry,None,Non-trunk,Turning right,On main c'way - not in restricted lane,None,None,Front,Journey as part of work,2019-01-17,09:05:00,Thursday,Manchester,E08000003,Urban,53.476036,-2.231322,E01033654
06A152736,2019,Slight,Male,26 - 35,Urban area,More deprived 10-20%,2,1,Single carriageway,20,Crossroads,Darkness - lights lit,Raining no high winds,Wet or damp,None,Non-trunk,Going ahead other,On main c'way - not in restricted lane,None,None,Front,Not known,2019-01-16,18:43:00,Wednesday,Manchester,E08000003,Urban,53.480808,-2.240721,E01033658
06A153204,2019,Slight,Male,21 - 25,Urban area,More deprived 10-20%,2,1,One way street,20,Not at junction or within 20 metres,Daylight,Fine no high winds,Dry,None,Non-trunk,Going ahead other,On main c'way - not in restricted lane,None,None,Nearside,Not known,2019-02-02,16:30:00,Saturday,Manchester,E08000003,Urban,53.48196,-2.239733,E01033658
06A153947,2019,Slight,Female,26 - 35,Urban area,More deprived 20-30%,2,1,Single carriageway,30,Crossroads,Darkness - no lighting,Raining + high winds,Wet or damp,None,Non-trunk,Waiting to turn right,On main c'way - not in restricted lane,None,None,Offside,Not known,2019-02-05,20:12:00,Tuesday,Manchester,E08000003,Urban,53.477689,-2.236213,E01033653
06A154089,2019,Slight,Male,36 - 45,Urban area,Most deprived 10%,2,1,Single carriageway,30,More than 4 arms (not roundabout),Darkness - lights lit,Fine no high winds,Wet or damp,None,Non-trunk,Moving off,On main c'way - not in restricted lane,None,None,Back,Journey as part of work,2019-02-10,03:54:00,Sunday,Manchester,E08000003,Urban,53.474533,-2.241137,E01033662
06A154360,2019,Slight,Male,26 - 35,Urban area,More deprived 30-40%,2,1,Single carriageway,30,Crossroads,Darkness - lights lit,Fine no high winds,Dry,None,Non-trunk,Going ahead other,On main c'way - not in restricted lane,None,None,Front,Commuting to/from work,2019-01-24,16:40:00,Thursday,Manchester,E08000003,Urban,53.473269,-2.239895,E01005128
06A154854,2019,Slight,Male,36 - 45,Urban area,Less deprived 30-40%,2,1,Single carriageway,30,Crossroads,Daylight,Fine no high winds,Dry,None,Non-trunk,Going ahead other,Cycle lane (on main carriageway),None,None,Did not impact,Commuting to/from work,2019-03-21,14:25:00,Thursday,Manchester,E08000003,Urban,53.473385,-2.239941,E01033662
06A155316,2019,Slight,Male,26 - 35,Urban area,Most deprived 10%,2,1,Single carriageway,30,T or staggered junction,Daylight,Fine no high winds,Dry,None,Non-trunk,Overtaking static vehicle - offside,On main c'way - not in restricted lane,None,None,Back,Commuting to/from work,2019-04-03,07:10:00,Wednesday,Manchester,E08000003,Urban,53.47935,-2.23693,E01033653
06A155429,2019,Slight,Female,16 - 20,Urban area,More deprived 20-30%,2,1,Single carriageway,30,Not at junction or within 20 metres,Darkness - lights lit,Fine no high winds,Dry,None,Non-trunk,Going ahead other,On main c'way - not in restricted lane,None,None,Did not impact,Commuting to/from work,2019-03-30,04:11:00,Saturday,Manchester,E08000003,Urban,53.477736,-2.239905,E01033653
06A155575,2019,Slight,Male,21 - 25,Urban area,More deprived 30-40%,2,1,Single carriageway,30,Crossroads,Darkness - lighting unknown,Fine no high winds,Dry,None,Non-trunk,Going ahead other,On main c'way - not in restricted lane,None,None,Front,Not known,2019-04-09,04:55:00,Tuesday,Manchester,E08000003,Urban,53.476652,-2.233435,E01033654
06A155707,2019,Slight,Male,26 - 35,Urban area,More deprived 20-30%,2,1,Single carriageway,30,Crossroads,Daylight,Snowing no high winds,Dry,None,Non-trunk,Going ahead other,On main c'way - not in restricted lane,None,None,Front,Not known,2019-03-28,08:25:00,Thursday,Manchester,E08000003,Urban,53.474996,-2.247814,E01033683
06A155877,2019,Slight,Male,16 - 20,Urban area,More deprived 40-50%,2,1,Single carriageway,30,Not at junction or within 20 metres,Darkness - lights lit,Fine no high winds,Dry,None,Non-trunk,Going ahead other,On main c'way - not in restricted lane,None,None,Front,Journey as part of work,2019-04-13,23:50:00,Saturday,Manchester,E08000003,Urban,53.478953,-2.237923,E01033653
06A157313,2019,Slight,Male,21 - 25,Urban area,Most deprived 10%,2,1,Single carriageway,30,T or staggered junction,Daylight,Fine no high winds,Dry,None,Non-trunk,Going ahead other,On main c'way - not in restricted lane,None,None,Front,Not known,2019-05-21,17:43:00,Tuesday,Manchester,E08000003,Urban,53.478867,-2.249178,E01033658
06A157433,2019,Slight,Male,26 - 35,Urban area,More deprived 10-20%,2,1,One way street,20,Crossroads,Daylight,Raining no high winds,Wet or damp,None,Non-trunk,Going ahead other,On main c'way - not in restricted lane,None,None,Back,Not known,2019-05-29,16:20:00,Wednesday,Manchester,E08000003,Urban,53.484383,-2.237245,E01033667
06A157435,2019,Slight,Male,26 - 35,Urban area,More deprived 20-30%,2,1,Single carriageway,30,Crossroads,Daylight,Fine no high winds,Dry,None,Non-trunk,Going ahead other,On main c'way - not in restricted lane,None,None,Offside,Not known,2019-05-26,12:20:00,Sunday,Manchester,E08000003,Urban,53.474722,-2.241214,E01033662
06A157445,2019,Slight,Male,26 - 35,Urban area,More deprived 10-20%,2,1,Single carriageway,30,T or staggered junction,Daylight,Fine no high winds,Dry,None,Non-trunk,Going ahead other,On main c'way - not in restricted lane,None,None,Front,Not known,2019-06-03,08:40:00,Monday,Manchester,E08000003,Urban,53.47549,-2.220517,E01033661
06A157461,2019,Slight,Male,56 - 65,Urban area,Most deprived 10%,2,1,Dual carriageway,30,T or staggered junction,Daylight,Raining no high winds,Wet or damp,None,Non-trunk,Going ahead other,On main c'way - not in restricted lane,None,None,Front,Journey as part of work,2019-05-30,12:00:00,Thursday,Manchester,E08000003,Urban,53.471725,-2.247555,E01033656
06A157646,2019,Slight,Male,26 - 35,Urban area,More deprived 20-30%,2,1,Single carriageway,30,Crossroads,Daylight,Fine no high winds,Dry,None,Non-trunk,Turning right,On main c'way - not in restricted lane,None,None,Back,Not known,2019-06-04,12:30:00,Tuesday,Manchester,E08000003,Urban,53.474155,-2.237218,E01005128
06A157655,2019,Slight,Male,26 - 35,Urban area,Less deprived 10-20%,2,1,Single carriageway,30,T or staggered junction,Daylight,Fine no high winds,Dry,None,Non-trunk,Going ahead other,On main c'way - not in restricted lane,None,None,Offside,Not known,2019-06-06,17:10:00,Thursday,Manchester,E08000003,Urban,53.476999,-2.239509,E01033653
06A157775,2019,Slight,Male,56 - 65,Urban area,More deprived 10-20%,2,1,Single carriageway,30,Crossroads,Daylight,Fine no high winds,Dry,None,Non-trunk,Going ahead other,On main c'way - not in restricted lane,None,None,Front,Not known,2019-06-03,16:08:00,Monday,Manchester,E08000003,Urban,53.475708,-2.23798,E01033662
06A158258,2019,Slight,Male,26 - 35,Urban area,Most deprived 10%,2,1,Single carriageway,30,Other junction,Daylight,Fine no high winds,Dry,None,Non-trunk,Going ahead other,On main c'way - not in restricted lane,None,None,Front,Not known,2019-05-30,14:40:00,Thursday,Manchester,E08000003,Urban,53.486479,-2.241039,E01033664
06A158279,2019,Slight,Male,26 - 35,Urban area,Most deprived 10%,2,1,Single carriageway,30,T or staggered junction,Daylight,Fine no high winds,Dry,None,Non-trunk,Going ahead other,On main c'way - not in restricted lane,None,None,Offside,Commuting to/from work,2019-06-27,16:45:00,Thursday,Manchester,E08000003,Urban,53.475346,-2.230068,E01033654
06A159050,2019,Slight,Male,26 - 35,Urban area,More deprived 10-20%,2,1,Dual carriageway,30,Not at junction or within 20 metres,Daylight,Fine no high winds,Dry,None,Non-trunk,Changing lane to right,On main c'way - not in restricted lane,None,None,Offside,Not known,2019-07-03,05:00:00,Wednesday,Manchester,E08000003,Urban,53.48843,-2.240613,E01033658
06A159698,2019,Slight,Male,46 - 55,Urban area,Less deprived 10-20%,2,1,Single carriageway,20,T or staggered junction,Daylight,Fine no high winds,Wet or damp,None,Non-trunk,Overtaking static vehicle - offside,On main c'way - not in restricted lane,None,None,Front,Not known,2019-07-31,18:30:00,Wednesday,Manchester,E08000003,Urban,53.480499,-2.246671,E01033658
06A159708,2019,Slight,Male,26 - 35,Urban area,Most deprived 10%,2,1,Single carriageway,30,Crossroads,Darkness - lights lit,Fine no high winds,Wet or damp,None,Non-trunk,Going ahead other,On main c'way - not in restricted lane,None,None,Nearside,Not known,2019-07-26,02:05:00,Friday,Manchester,E08000003,Urban,53.464343,-2.226078,E01005062
06A159887,2019,Slight,Male,36 - 45,Urban area,Less deprived 10-20%,2,1,Single carriageway,30,T or staggered junction,Daylight,Fine no high winds,Wet or damp,None,Non-trunk,Going ahead other,On main c'way - not in restricted lane,None,None,Nearside,Not known,2019-07-31,18:27:00,Wednesday,Manchester,E08000003,Urban,53.47944,-2.237097,E01033653
06A160054,2019,Slight,Male,36 - 45,Urban area,Least deprived 10%,2,1,Single carriageway,30,T or staggered junction,Daylight,Fine no high winds,Dry,None,Non-trunk,Going ahead other,Cycle lane (on main carriageway),None,None,Offside,Journey as part of work,2019-08-06,08:30:00,Tuesday,Manchester,E08000003,Urban,53.473611,-2.248409,E01033656
06A160346,2019,Slight,Male,36 - 45,Urban area,Most deprived 10%,2,1,Single carriageway,30,Crossroads,Daylight,Fine no high winds,Dry,None,Non-trunk,Overtaking - nearside,On main c'way - not in restricted lane,None,None,Front,Not known,2019-08-17,15:34:00,Saturday,Manchester,E08000003,Urban,53.501445,-2.245209,E01033675
06A160447,2019,Slight,Male,21 - 25,Urban area,Most deprived 10%,2,1,Single carriageway,30,Crossroads,Daylight,Fine no high winds,Dry,None,Non-trunk,Going ahead other,On main c'way - not in restricted lane,None,None,Front,Not known,2019-08-13,07:15:00,Tuesday,Manchester,E08000003,Urban,53.475556,-2.251132,E01033683
06A160916,2019,Slight,Male,46 - 55,Urban area,Less deprived 10-20%,2,1,Single carriageway,30,T or staggered junction,Daylight,Raining no high winds,Wet or damp,None,Non-trunk,Going ahead other,On main c'way - not in restricted lane,None,None,Front,Not known,2019-09-02,18:05:00,Monday,Manchester,E08000003,Urban,53.473929,-2.250897,E01033683
06A162364,2019,Slight,Male,46 - 55,Urban area,More deprived 20-30%,2,1,Single carriageway,30,T or staggered junction,Darkness - lights lit,Raining + high winds,Wet or damp,None,Non-trunk,Going ahead other,On main c'way - not in restricted lane,None,None,Nearside,Journey as part of work,2019-09-24,06:15:00,Tuesday,Manchester,E08000003,Urban,53.505361,-2.228843,E01005146
06A162715,2019,Serious,Male,16 - 20,Urban area,More deprived 20-30%,2,1,Single carriageway,30,T or staggered junction,Darkness - lighting unknown,Raining no high winds,Wet or damp,None,Non-trunk,Going ahead other,On main c'way - not in restricted lane,None,None,Offside,Not known,2019-09-30,20:00:00,Monday,Manchester,E08000003,Urban,53.470263,-2.237166,E01005066
06A162831,2019,Slight,Male,21 - 25,Urban area,Most deprived 10%,2,1,Single carriageway,30,Crossroads,Darkness - lights lit,Fine no high winds,Dry,None,Non-trunk,Going ahead other,On main c'way - not in restricted lane,None,None,Front,Not known,2019-10-07,19:10:00,Monday,Manchester,E08000003,Urban,53.471293,-2.194298,E01005067
06A163386,2019,Serious,Male,16 - 20,Data missing or out of range,Data missing or out of range,2,1,Single carriageway,30,Crossroads,Daylight,Fine no high winds,Dry,None,Non-trunk,Going ahead other,On main c'way - not in restricted lane,None,None,Offside,Not known,2019-10-25,11:30:00,Friday,Manchester,E08000003,Urban,53.480775,-2.247968,E01033658
06A163651,2019,Slight,Male,26 - 35,Urban area,More deprived 10-20%,2,1,Single carriageway,30,T or staggered junction,Daylight,Fine no high winds,Dry,None,Non-trunk,Going ahead other,On main c'way - not in restricted lane,None,None,Front,Not known,2019-10-08,12:45:00,Tuesday,Manchester,E08000003,Urban,53.465653,-2.227576,E01005062
06A163827,2019,Slight,Male,36 - 45,Urban area,Most deprived 10%,2,1,Single carriageway,30,Crossroads,Darkness - lights lit,Fine no high winds,Dry,None,Non-trunk,Going ahead other,On main c'way - not in restricted lane,None,None,Offside,Not known,2019-10-31,16:30:00,Thursday,Manchester,E08000003,Urban,53.474731,-2.241229,E01033662
06A164388,2019,Slight,Male,46 - 55,Data missing or out of range,Data missing or out of range,2,1,Single carriageway,30,Not at junction or within 20 metres,Darkness - lighting unknown,Raining no high winds,Wet or damp,None,Non-trunk,Going ahead other,On main c'way - not in restricted lane,None,None,Back,Not known,2019-11-14,18:03:00,Thursday,Manchester,E08000003,Urban,53.472506,-2.151096,E01033666
06A165093,2019,Slight,Male,36 - 45,Urban area,Least deprived 10%,2,1,Single carriageway,30,Not at junction or within 20 metres,Daylight,Fine no high winds,Dry,None,Non-trunk,Going ahead other,On main c'way - not in restricted lane,None,None,Front,Not known,2019-11-27,09:00:00,Wednesday,Manchester,E08000003,Urban,53.471955,-2.231647,E01005066
06A165373,2019,Slight,Male,11 - 15,Urban area,Most deprived 10%,2,1,Single carriageway,30,Not at junction or within 20 metres,Daylight,Fine no high winds,Dry,None,Non-trunk,Going ahead other,On main c'way - not in restricted lane,None,None,Front,Pupil riding to/from school,2019-12-02,15:30:00,Monday,Manchester,E08000003,Urban,53.463985,-2.188812,E01005067
06A252634,2019,Slight,Male,16 - 20,Urban area,More deprived 10-20%,2,1,Single carriageway,20,T or staggered junction,Darkness - lights lit,Other,Wet or damp,None,Non-trunk,Going ahead left-hand bend,On main c'way - not in restricted lane,None,None,Offside,Journey as part of work,2019-01-16,07:35:00,Wednesday,Manchester,E08000003,Urban,53.500683,-2.239657,E01005147
06A252929,2019,Slight,Male,11 - 15,Urban area,Most deprived 10%,2,1,Single carriageway,30,T or staggered junction,Darkness - lights lit,Fine no high winds,Dry,None,Non-trunk,Going ahead other,On main c'way - not in restricted lane,None,None,Front,Not known,2019-01-24,18:10:00,Thursday,Manchester,E08000003,Urban,53.513443,-2.208152,E01005205
06A252992,2019,Slight,Male,36 - 45,Urban area,More deprived 10-20%,2,1,Single carriageway,30,More than 4 arms (not roundabout),Darkness - lights lit,Fog or mist,Wet or damp,None,Non-trunk,Turning right,On main c'way - not in restricted lane,None,None,Back,Not known,2019-01-24,21:45:00,Thursday,Manchester,E08000003,Urban,53.501811,-2.218618,E01033679
06A253974,2019,Slight,Male,36 - 45,Urban area,More deprived 10-20%,2,1,Single carriageway,30,Crossroads,Darkness - lighting unknown,Fine no high winds,Dry,None,Non-trunk,Going ahead other,On main c'way - not in restricted lane,None,None,Nearside,Commuting to/from work,2019-01-08,07:10:00,Tuesday,Manchester,E08000003,Urban,53.500025,-2.236186,E01005147
06A255332,2019,Slight,Female,26 - 35,Urban area,More deprived 10-20%,2,1,Single carriageway,30,T or staggered junction,Daylight,Other,Dry,None,Non-trunk,Going ahead other,On main c'way - not in restricted lane,None,None,Front,Not known,2019-03-29,15:52:00,Friday,Manchester,E08000003,Urban,53.521422,-2.214677,E01005140
06A256551,2019,Serious,Male,16 - 20,Urban area,More deprived 10-20%,2,1,Single carriageway,20,T or staggered junction,Daylight,Fine no high winds,Dry,None,Non-trunk,Going ahead other,On main c'way - not in restricted lane,None,None,Front,Not known,2019-05-01,18:58:00,Wednesday,Manchester,E08000003,Urban,53.514166,-2.206044,E01005207
06A257746,2019,Slight,Male,36 - 45,Urban area,Most deprived 10%,2,1,Single carriageway,30,T or staggered junction,Daylight,Raining no high winds,Wet or damp,None,Non-trunk,Going ahead other,On main c'way - not in restricted lane,None,None,Back,Not known,2019-06-07,14:14:00,Friday,Manchester,E08000003,Urban,53.499364,-2.219781,E01033676
06A258434,2019,Slight,Male,46 - 55,Urban area,More deprived 30-40%,2,1,Single carriageway,30,T or staggered junction,Daylight,Fine no high winds,Dry,None,Non-trunk,Going ahead other,On main c'way - not in restricted lane,None,None,Back,Not known,2019-06-29,11:30:00,Saturday,Manchester,E08000003,Urban,53.513858,-2.202409,E01005223
06A258500,2019,Slight,Male,26 - 35,Urban area,More deprived 30-40%,2,1,Single carriageway,30,Private drive or entrance,Daylight,Fine no high winds,Dry,None,Non-trunk,Going ahead other,Bus lane,None,None,Offside,Journey as part of work,2019-07-03,08:45:00,Wednesday,Manchester,E08000003,Urban,53.524775,-2.214694,E01005136
06A259000,2019,Slight,Male,26 - 35,Urban area,More deprived 30-40%,2,1,Single carriageway,30,Not at junction or within 20 metres,Daylight,Fine no high winds,Dry,None,Non-trunk,Going ahead other,On main c'way - not in restricted lane,None,None,Did not impact,Not known,2019-06-28,21:30:00,Friday,Manchester,E08000003,Urban,53.522293,-2.215194,E01005136
06A259590,2019,Slight,Male,21 - 25,Urban area,More deprived 30-40%,2,1,Single carriageway,30,T or staggered junction,Daylight,Fine no high winds,Dry,None,Non-trunk,Going ahead other,On main c'way - not in restricted lane,None,None,Front,Commuting to/from work,2019-07-30,08:45:00,Tuesday,Manchester,E08000003,Urban,53.497356,-2.253612,E01033674
06A260388,2019,Slight,Male,26 - 35,Data missing or out of range,Data missing or out of range,2,1,One way street,30,T or staggered junction,Daylight,Fine no high winds,Dry,None,Non-trunk,Going ahead other,On main c'way - not in restricted lane,None,None,Front,Not known,2019-08-03,14:10:00,Saturday,Manchester,E08000003,Urban,53.512336,-2.209006,E01005205
06A260733,2019,Slight,Female,6 - 10,Urban area,More deprived 30-40%,2,1,Single carriageway,20,T or staggered junction,Daylight,Fine no high winds,Dry,None,Non-trunk,Slowing or stopping,Footway (pavement),None,None,Front,Not known,2019-08-05,17:00:00,Monday,Manchester,E08000003,Urban,53.516915,-2.159971,E01005254
06A261396,2019,Slight,Male,26 - 35,Urban area,Most deprived 10%,2,1,Dual carriageway,30,T or staggered junction,Daylight,Fine no high winds,Wet or damp,None,Non-trunk,Going ahead other,On main c'way - not in restricted lane,None,None,Did not impact,Journey as part of work,2019-09-09,16:35:00,Monday,Manchester,E08000003,Urban,53.522042,-2.215042,E01005136
06A262614,2019,Slight,Male,26 - 35,Urban area,More deprived 20-30%,2,1,Roundabout,30,Roundabout,Darkness - lights lit,Fine no high winds,Dry,None,Non-trunk,Changing lane to left,On main c'way - not in restricted lane,None,None,Nearside,Not known,2019-10-04,22:00:00,Friday,Manchester,E08000003,Urban,53.470019,-2.246987,E01005212
06A262719,2019,Slight,Male,21 - 25,Data missing or out of range,Data missing or out of range,2,1,Dual carriageway,30,Crossroads,Daylight,Fine no high winds,Dry,None,Non-trunk,Overtaking moving vehicle - offside,On main c'way - not in restricted lane,None,None,Nearside,Not known,2019-10-07,12:25:00,Monday,Manchester,E08000003,Urban,53.476057,-2.193958,E01005106
06A265753,2019,Slight,Male,21 - 25,Urban area,Most deprived 10%,2,1,Single carriageway,30,T or staggered junction,Darkness - lights lit,Raining no high winds,Wet or damp,None,Non-trunk,Going ahead other,On main c'way - not in restricted lane,None,None,Back,Not known,2019-12-08,22:30:00,Sunday,Manchester,E08000003,Urban,53.475537,-2.251253,E01033683
06A265771,2019,Slight,Male,16 - 20,Urban area,More deprived 20-30%,2,1,Single carriageway,30,Crossroads,Darkness - lighting unknown,Fine no high winds,Dry,None,Non-trunk,Going ahead other,On main c'way - not in restricted lane,None,None,Front,Not known,2019-10-20,00:01:00,Sunday,Manchester,E08000003,Urban,53.452678,-2.230006,E01005285
06A266214,2019,Slight,Female,26 - 35,Data missing or out of range,Data missing or out of range,2,1,Dual carriageway,30,T or staggered junction,Daylight,Other,Wet or damp,None,Non-trunk,Going ahead other,On main c'way - not in restricted lane,None,None,Front,Not known,2019-12-19,16:04:00,Thursday,Manchester,E08000003,Urban,53.475211,-2.230037,E01033654
06A266272,2019,Slight,Male,21 - 25,Urban area,Most deprived 10%,2,1,Single carriageway,30,Crossroads,Darkness - lights lit,Fine no high winds,Wet or damp,None,Non-trunk,Going ahead other,On main c'way - not in restricted lane,None,None,Nearside,Not known,2019-12-13,23:45:00,Friday,Manchester,E08000003,Urban,53.496376,-2.249506,E01033674
06A352525,2019,Slight,Male,26 - 35,Urban area,Most deprived 10%,2,1,Dual carriageway,30,T or staggered junction,Darkness - lights lit,Fine no high winds,Dry,None,Non-trunk,Going ahead other,On main c'way - not in restricted lane,None,None,Nearside,Commuting to/from work,2019-01-15,20:50:00,Tuesday,Manchester,E08000003,Urban,53.491536,-2.219545,E01005129
06A352641,2019,Fatal,Male,11 - 15,Data missing or out of range,Data missing or out of range,2,1,Single carriageway,30,Not at junction or within 20 metres,Darkness - lights lit,Fine + high winds,Wet or damp,None,Non-trunk,Going ahead other,On main c'way - not in restricted lane,None,None,Front,Not known,2019-01-12,18:08:00,Saturday,Manchester,E08000003,Urban,53.479582,-2.203994,E01033669
06A354919,2019,Slight,Male,26 - 35,Urban area,Most deprived 10%,2,1,Dual carriageway,30,Not at junction or within 20 metres,Daylight,Fine no high winds,Dry,None,Non-trunk,Going ahead other,On main c'way - not in restricted lane,None,None,Back,Not known,2019-02-23,08:30:00,Saturday,Manchester,E08000003,Urban,53.464627,-2.192189,E01005067
06A355509,2019,Slight,Male,36 - 45,Urban area,More deprived 20-30%,2,1,Single carriageway,30,T or staggered junction,Daylight,Fine no high winds,Dry,None,Non-trunk,Going ahead other,On main c'way - not in restricted lane,None,None,Front,Not known,2019-03-22,08:43:00,Friday,Manchester,E08000003,Urban,53.483295,-2.18736,E01033669
06A356535,2019,Slight,Male,46 - 55,Urban area,Most deprived 10%,2,1,Single carriageway,30,Crossroads,Daylight,Fine no high winds,Dry,None,Non-trunk,Moving off,On main c'way - not in restricted lane,None,None,Nearside,Not known,2019-05-03,18:14:00,Friday,Manchester,E08000003,Urban,53.474646,-2.204769,E01005105
06A356732,2019,Slight,Female,26 - 35,Urban area,Most deprived 10%,2,1,Single carriageway,30,Crossroads,Daylight,Fine no high winds,Dry,None,Non-trunk,Going ahead other,On main c'way - not in restricted lane,None,None,Nearside,Not known,2019-04-03,19:00:00,Wednesday,Manchester,E08000003,Urban,53.481009,-2.215272,E01033663
06A356912,2019,Slight,Male,46 - 55,Urban area,Most deprived 10%,2,1,Single carriageway,30,Not at junction or within 20 metres,Daylight,Fine no high winds,Dry,None,Non-trunk,Going ahead other,On main c'way - not in restricted lane,None,None,Front,Not known,2019-05-13,18:10:00,Monday,Manchester,E08000003,Urban,53.448842,-2.187103,E01005199
06A357300,2019,Slight,Male,46 - 55,Urban area,Most deprived 10%,5,4,Single carriageway,30,Crossroads,Daylight,Fine no high winds,Dry,None,Non-trunk,Going ahead other,On main c'way - not in restricted lane,None,None,Did not impact,Not known,2019-05-30,14:33:00,Thursday,Manchester,E08000003,Urban,53.494722,-2.190847,E01005257
06A357388,2019,Slight,Male,56 - 65,Urban area,More deprived 10-20%,2,1,Single carriageway,30,T or staggered junction,Daylight,Fine no high winds,Dry,None,Non-trunk,Waiting to turn right,On main c'way - not in restricted lane,None,None,Nearside,Not known,2019-05-28,14:40:00,Tuesday,Manchester,E08000003,Urban,53.500296,-2.196088,E01005257
06A358348,2019,Slight,Male,36 - 45,Urban area,Most deprived 10%,2,1,Single carriageway,30,Crossroads,Daylight,Fine no high winds,Dry,None,Non-trunk,Going ahead other,On main c'way - not in restricted lane,None,None,Front,Journey as part of work,2019-06-29,06:45:00,Saturday,Manchester,E08000003,Urban,53.476346,-2.193522,E01005106
06A358987,2019,Slight,Male,16 - 20,Urban area,Most deprived 10%,2,1,Single carriageway,20,T or staggered junction,Darkness - lights lit,Fine no high winds,Dry,None,Non-trunk,Going ahead other,On main c'way - not in restricted lane,None,None,Front,Not known,2019-07-06,22:00:00,Saturday,Manchester,E08000003,Urban,53.472403,-2.161355,E01033666
06A360878,2019,Slight,Female,36 - 45,Urban area,Most deprived 10%,2,1,Single carriageway,30,T or staggered junction,Daylight,Fine no high winds,Dry,None,Non-trunk,Going ahead other,On main c'way - not in restricted lane,None,None,Front,Not known,2019-08-24,18:06:00,Saturday,Manchester,E08000003,Urban,53.461436,-2.175079,E01005197
06A361637,2019,Slight,Male,36 - 45,Urban area,More deprived 20-30%,2,1,Single carriageway,30,T or staggered junction,Daylight,Fine no high winds,Dry,None,Non-trunk,Going ahead other,On main c'way - not in restricted lane,None,None,Front,Not known,2019-09-12,18:00:00,Thursday,Manchester,E08000003,Urban,53.495894,-2.210177,E01005257
06A361805,2019,Slight,Male,36 - 45,Urban area,Least deprived 10%,2,1,Single carriageway,30,T or staggered junction,Daylight,Fine no high winds,Dry,None,Non-trunk,Going ahead other,On main c'way - not in restricted lane,None,None,Front,Journey as part of work,2019-09-16,17:40:00,Monday,Manchester,E08000003,Urban,53.473037,-2.170773,E01005108
06A363421,2019,Slight,Male,36 - 45,Data missing or out of range,Data missing or out of range,2,1,Dual carriageway,30,T or staggered junction,Darkness - lights lit,Fine no high winds,Dry,None,Non-trunk,Going ahead other,Bus lane,None,None,Front,Not known,2019-10-17,19:16:00,Thursday,Manchester,E08000003,Urban,53.484886,-2.232772,E01033667
06A363903,2019,Serious,Male,16 - 20,Urban area,Most deprived 10%,2,1,Single carriageway,30,T or staggered junction,Darkness - lights lit,Raining no high winds,Wet or damp,None,Non-trunk,Going ahead other,On main c'way - not in restricted lane,None,None,Offside,Not known,2019-10-18,19:15:00,Friday,Manchester,E08000003,Urban,53.503116,-2.180106,E01005256
06A366392,2019,Slight,Male,26 - 35,Urban area,More deprived 30-40%,2,1,Single carriageway,30,T or staggered junction,Daylight,Fine no high winds,Dry,None,Non-trunk,Going ahead other,On main c'way - not in restricted lane,None,None,Nearside,Not known,2019-12-19,14:30:00,Thursday,Manchester,E08000003,Urban,53.487475,-2.180763,E01005097
06E152506,2019,Slight,Male,46 - 55,Urban area,Less deprived 40-50%,2,1,Single carriageway,30,T or staggered junction,Daylight,Fine no high winds,Dry,None,Non-trunk,Going ahead other,On main c'way - not in restricted lane,None,None,Offside,Not known,2019-01-15,09:49:00,Tuesday,Manchester,E08000003,Urban,53.463293,-2.239297,E01005209
06E152746,2019,Serious,Male,21 - 25,Urban area,More deprived 30-40%,2,1,Single carriageway,30,Not at junction or within 20 metres,Daylight,Fine no high winds,Dry,None,Non-trunk,Going ahead other,On main c'way - not in restricted lane,None,None,Offside,Not known,2019-01-09,09:30:00,Wednesday,Manchester,E08000003,Urban,53.452754,-2.222884,E01005286
06E152851,2019,Slight,Male,26 - 35,Urban area,More deprived 20-30%,2,1,One way street,30,T or staggered junction,Darkness - lights lit,Fine no high winds,Dry,None,Non-trunk,Going ahead other,On main c'way - not in restricted lane,None,None,Front,Not known,2019-01-22,06:20:00,Tuesday,Manchester,E08000003,Urban,53.456353,-2.225749,E01005244
06E153179,2019,Slight,Male,46 - 55,Urban area,Less deprived 20-30%,2,1,Single carriageway,30,T or staggered junction,Daylight,Fine no high winds,Dry,None,Non-trunk,Turning right,On main c'way - not in restricted lane,None,None,Front,Not known,2019-01-23,16:37:00,Wednesday,Manchester,E08000003,Urban,53.459244,-2.227602,E01005284
06E153249,2019,Slight,Male,26 - 35,Urban area,Most deprived 10%,2,1,Single carriageway,30,T or staggered junction,Darkness - lights lit,Fine no high winds,Dry,None,Non-trunk,Going ahead other,Bus lane,None,None,Offside,Journey as part of work,2019-02-05,06:48:00,Tuesday,Manchester,E08000003,Urban,53.467031,-2.205771,E01005232
06E153581,2019,Serious,Male,21 - 25,Urban area,Most deprived 10%,2,1,Single carriageway,30,Crossroads,Daylight,Fine no high winds,Dry,None,Non-trunk,Going ahead other,On main c'way - not in restricted lane,None,None,Front,Not known,2019-02-11,14:00:00,Monday,Manchester,E08000003,Urban,53.45624,-2.232887,E01005244
06E153957,2019,Serious,Male,21 - 25,Urban area,More deprived 30-40%,2,1,Dual carriageway,30,T or staggered junction,Daylight,Fine no high winds,Wet or damp,None,Non-trunk,Moving off,Cycle lane (on main carriageway),None,None,Front,Journey as part of work,2019-01-30,12:30:00,Wednesday,Manchester,E08000003,Urban,53.457771,-2.226841,E01005244
06E154611,2019,Serious,Female,21 - 25,Urban area,More deprived 20-30%,2,1,Single carriageway,30,Crossroads,Daylight,Fine no high winds,Dry,None,Non-trunk,Going ahead other,On main c'way - not in restricted lane,None,None,Offside,Journey as part of work,2019-03-03,06:20:00,Sunday,Manchester,E08000003,Urban,53.455484,-2.214495,E01005286
06E154615,2019,Slight,Male,56 - 65,Urban area,Least deprived 10%,2,1,Single carriageway,30,Not at junction or within 20 metres,Daylight,Raining no high winds,Dry,None,Non-trunk,Going ahead other,Cycle lane (on main carriageway),Open door of vehicle,Near/Offside crash barrier,Nearside,Commuting to/from work,2019-02-15,17:15:00,Friday,Manchester,E08000003,Urban,53.467344,-2.249216,E01005208
06E155108,2019,Slight,Female,21 - 25,Urban area,More deprived 20-30%,2,1,Single carriageway,30,T or staggered junction,Daylight,Other,Dry,Road surface defective,Non-trunk,Going ahead other,On main c'way - not in restricted lane,None,None,Front,Not known,2019-03-22,08:15:00,Friday,Manchester,E08000003,Urban,53.451578,-2.222095,E01005286
06E156531,2019,Slight,Female,21 - 25,Urban area,More deprived 30-40%,2,1,Single carriageway,30,T or staggered junction,Daylight,Raining no high winds,Wet or damp,None,Non-trunk,Going ahead other,Cycle lane (on main carriageway),None,None,Back,Not known,2019-05-10,13:15:00,Friday,Manchester,E08000003,Urban,53.455132,-2.225125,E01005288
06E156655,2019,Slight,Male,46 - 55,Urban area,More deprived 30-40%,2,1,Roundabout,30,Roundabout,Daylight,Fine no high winds,Dry,None,Non-trunk,Going ahead right-hand bend,On main c'way - not in restricted lane,None,None,Nearside,Commuting to/from work,2019-05-10,05:55:00,Friday,Manchester,E08000003,Urban,53.470066,-2.222899,E01005065
06E157074,2019,Slight,Male,26 - 35,Urban area,Most deprived 10%,2,1,One way street,30,Crossroads,Daylight,Fine no high winds,Dry,None,Non-trunk,Going ahead other,On main c'way - not in restricted lane,None,None,Front,Not known,2019-05-14,16:26:00,Tuesday,Manchester,E08000003,Urban,53.471846,-2.231993,E01005066
06E157184,2019,Slight,Male,26 - 35,Data missing or out of range,Data missing or out of range,2,1,Single carriageway,30,T or staggered junction,Daylight,Fine no high winds,Dry,None,Non-trunk,Going ahead other,Cycle lane (on main carriageway),None,None,Offside,Not known,2019-05-15,13:30:00,Wednesday,Manchester,E08000003,Urban,53.459776,-2.20667,E01033657
06E157568,2019,Slight,Male,26 - 35,Urban area,More deprived 30-40%,2,1,Single carriageway,20,Private drive or entrance,Daylight,Fine no high winds,Dry,None,Non-trunk,Going ahead other,On main c'way - not in restricted lane,None,None,Front,Not known,2019-06-05,16:15:00,Wednesday,Manchester,E08000003,Urban,53.446872,-2.215205,E01005281
06E157636,2019,Serious,Male,11 - 15,Urban area,More deprived 20-30%,2,1,Single carriageway,30,T or staggered junction,Daylight,Raining no high winds,Wet or damp,None,Non-trunk,Moving off,On main c'way - not in restricted lane,None,None,Back,Not known,2019-06-08,15:13:00,Saturday,Manchester,E08000003,Urban,53.463286,-2.219309,E01005063
06E158518,2019,Slight,Male,36 - 45,Urban area,More deprived 20-30%,2,1,Single carriageway,30,T or staggered junction,Daylight,Fine no high winds,Dry,None,Non-trunk,Going ahead other,Cycle lane (on main carriageway),None,None,Back,Journey as part of work,2019-06-10,08:30:00,Monday,Manchester,E08000003,Urban,53.468683,-2.222033,E01005065
06E158847,2019,Slight,Female,26 - 35,Urban area,More deprived 30-40%,2,1,Single carriageway,30,Private drive or entrance,Daylight,Raining no high winds,Wet or damp,None,Non-trunk,Going ahead other,On main c'way - not in restricted lane,None,None,Front,Not known,2019-07-11,16:25:00,Thursday,Manchester,E08000003,Urban,53.456533,-2.225795,E01005284
06E159562,2019,Slight,Female,26 - 35,Urban area,Less deprived 40-50%,2,1,Single carriageway,30,T or staggered junction,Darkness - lighting unknown,Fine no high winds,Dry,None,Non-trunk,Going ahead other,On main c'way - not in restricted lane,None,None,Front,Commuting to/from work,2019-06-17,23:25:00,Monday,Manchester,E08000003,Urban,53.459316,-2.227617,E01033652
06E159790,2019,Serious,Female,46 - 55,Urban area,More deprived 10-20%,2,1,Dual carriageway,30,Crossroads,Daylight,Fine no high winds,Dry,None,Non-trunk,Going ahead other,Bus lane,None,None,Front,Not known,2019-07-15,09:04:00,Monday,Manchester,E08000003,Urban,53.468892,-2.215738,E01005065
06E159914,2019,Slight,Male,36 - 45,Urban area,Less deprived 40-50%,2,1,Single carriageway,30,Private drive or entrance,Daylight,Fine no high winds,Dry,None,Non-trunk,Going ahead other,Cycle lane (on main carriageway),None,None,Front,Not known,2019-08-07,07:45:00,Wednesday,Manchester,E08000003,Urban,53.456676,-2.225977,E01005244
06E159944,2019,Slight,Male,46 - 55,Urban area,Less deprived 20-30%,2,1,Single carriageway,30,T or staggered junction,Darkness - lighting unknown,Fine no high winds,Dry,None,Non-trunk,Going ahead other,On main c'way - not in restricted lane,None,None,Back,Not known,2019-11-19,18:20:00,Tuesday,Manchester,E08000003,Urban,53.453278,-2.19548,E01005234
06E160167,2019,Slight,Female,26 - 35,Urban area,More deprived 10-20%,2,1,Single carriageway,30,T or staggered junction,Daylight,Fine no high winds,Dry,None,Non-trunk,Going ahead other,On main c'way - not in restricted lane,None,None,Front,Not known,2019-08-10,11:50:00,Saturday,Manchester,E08000003,Urban,53.450058,-2.227523,E01005288
06E160323,2019,Slight,Male,21 - 25,Urban area,Less deprived 30-40%,2,1,Single carriageway,20,T or staggered junction,Darkness - lighting unknown,Fine no high winds,Dry,None,Non-trunk,Going ahead other,On main c'way - not in restricted lane,None,None,Front,Not known,2019-08-17,21:25:00,Saturday,Manchester,E08000003,Urban,53.448999,-2.231342,E01005180
06E160413,2019,Slight,Male,16 - 20,Urban area,Most deprived 10%,2,1,Single carriageway,20,Crossroads,Daylight,Fine no high winds,Dry,None,Non-trunk,Going ahead other,On main c'way - not in restricted lane,None,None,Nearside,Not known,2019-08-12,12:30:00,Monday,Manchester,E08000003,Urban,53.45513,-2.244206,E01005246
06E160992,2019,Slight,Male,26 - 35,Urban area,More deprived 10-20%,2,1,Single carriageway,30,T or staggered junction,Daylight,Fine no high winds,Dry,None,Non-trunk,Going ahead other,On main c'way - not in restricted lane,None,None,Offside,Not known,2019-09-02,19:10:00,Monday,Manchester,E08000003,Urban,53.463232,-2.219219,E01033652
06E161156,2019,Slight,Male,26 - 35,Urban area,More deprived 10-20%,2,1,Single carriageway,30,Not at junction or within 20 metres,Daylight,Fine no high winds,Dry,None,Non-trunk,Going ahead other,On main c'way - not in restricted lane,None,None,Front,Not known,2019-08-06,08:31:00,Tuesday,Manchester,E08000003,Urban,53.469248,-2.232039,E01005062
06E161908,2019,Serious,Male,26 - 35,Urban area,More deprived 10-20%,2,1,Single carriageway,30,T or staggered junction,Daylight,Raining no high winds,Wet or damp,None,Non-trunk,Going ahead other,On main c'way - not in restricted lane,None,None,Front,Commuting to/from work,2019-09-11,07:50:00,Wednesday,Manchester,E08000003,Urban,53.453741,-2.223913,E01005288
06E162040,2019,Slight,Male,46 - 55,Urban area,Less deprived 40-50%,2,1,Single carriageway,30,T or staggered junction,Daylight,Fine no high winds,Dry,None,Non-trunk,Going ahead other,Cycle lane (on main carriageway),None,None,Front,Commuting to/from work,2019-09-23,09:28:00,Monday,Manchester,E08000003,Urban,53.464405,-2.236185,E01005209
06E162084,2019,Slight,Male,26 - 35,Urban area,More deprived 10-20%,2,1,Roundabout,30,Roundabout,Darkness - lights lit,Fine no high winds,Dry,None,Non-trunk,Going ahead other,On main c'way - not in restricted lane,None,None,Offside,Not known,2019-08-31,21:18:00,Saturday,Manchester,E08000003,Urban,53.470291,-2.222509,E01005065
06E162250,2019,Slight,Male,11 - 15,Urban area,More deprived 30-40%,2,1,Single carriageway,40,T or staggered junction,Daylight,Fine no high winds,Dry,None,Non-trunk,Going ahead other,On main c'way - not in restricted lane,None,None,Front,Pupil riding to/from school,2019-09-13,07:40:00,Friday,Manchester,E08000003,Urban,53.462617,-2.244746,E01005210
06E162347,2019,Slight,Female,26 - 35,Urban area,More deprived 30-40%,2,1,Single carriageway,30,Crossroads,Daylight,Raining no high winds,Wet or damp,None,Non-trunk,Going ahead other,On main c'way - not in restricted lane,None,None,Front,Not known,2019-09-30,19:00:00,Monday,Manchester,E08000003,Urban,53.459183,-2.244982,E01005245
06E162394,2019,Slight,Male,36 - 45,Urban area,More deprived 20-30%,2,1,Single carriageway,30,Not at junction or within 20 metres,Daylight,Fine no high winds,Dry,None,Non-trunk,Going ahead other,On main c'way - not in restricted lane,None,None,Front,Not known,2019-10-02,08:07:00,Wednesday,Manchester,E08000003,Urban,53.448215,-2.191903,E01005219
06E162402,2019,Slight,Female,36 - 45,Urban area,More deprived 40-50%,2,1,Single carriageway,30,T or staggered junction,Daylight,Fine no high winds,Dry,None,Non-trunk,Going ahead other,Cycle lane (on main carriageway),None,None,Back,Not known,2019-10-01,10:00:00,Tuesday,Manchester,E08000003,Urban,53.456012,-2.225416,E01005284
06E163278,2019,Slight,Male,26 - 35,Urban area,Less deprived 30-40%,2,1,Single carriageway,30,T or staggered junction,Daylight,Raining no high winds,Dry,None,Non-trunk,Going ahead other,On main c'way - not in restricted lane,None,None,Front,Not known,2019-10-10,16:50:00,Thursday,Manchester,E08000003,Urban,53.446686,-2.21814,E01005281
06E163362,2019,Serious,Male,36 - 45,Urban area,Most deprived 10%,2,1,Single carriageway,30,More than 4 arms (not roundabout),Darkness - lighting unknown,Fine no high winds,Dry,None,Non-trunk,Going ahead other,On main c'way - not in restricted lane,None,None,Front,Not known,2019-10-23,06:50:00,Wednesday,Manchester,E08000003,Urban,53.472028,-2.21613,E01005065
06E163553,2019,Slight,Male,21 - 25,Urban area,Less deprived 40-50%,2,1,Single carriageway,30,Not at junction or within 20 metres,Daylight,Fine no high winds,Dry,None,Non-trunk,Going ahead other,On main c'way - not in restricted lane,None,None,Front,Not known,2019-10-29,12:55:00,Tuesday,Manchester,E08000003,Urban,53.475745,-2.242229,E01033677
06E163644,2019,Slight,Male,26 - 35,Urban area,Less deprived 40-50%,2,1,Single carriageway,30,Not at junction or within 20 metres,Daylight,Fine no high winds,Dry,None,Non-trunk,Going ahead other,On main c'way - not in restricted lane,None,None,Front,Not known,2019-10-14,07:40:00,Monday,Manchester,E08000003,Urban,53.470386,-2.260126,E01033672
06E164009,2019,Slight,Male,16 - 20,Urban area,More deprived 30-40%,2,1,Single carriageway,30,T or staggered junction,Daylight,Fine no high winds,Dry,None,Non-trunk,Going ahead other,Cycle lane (on main carriageway),None,None,Front,Taking pupil to/from school,2019-10-23,08:30:00,Wednesday,Manchester,E08000003,Urban,53.455204,-2.225156,E01005288
06E164720,2019,Slight,Female,21 - 25,Urban area,Less deprived 40-50%,2,1,Single carriageway,30,T or staggered junction,Darkness - lighting unknown,Fine no high winds,Dry,None,Non-trunk,Going ahead other,On main c'way - not in restricted lane,None,None,Front,Not known,2019-11-18,18:30:00,Monday,Manchester,E08000003,Urban,53.452494,-2.222717,E01005286
06E164759,2019,Slight,Female,21 - 25,Urban area,Less deprived 40-50%,2,1,Single carriageway,30,Private drive or entrance,Darkness - lights lit,Fine no high winds,Dry,None,Non-trunk,Going ahead other,Cycleway or shared use footway (not part of  main carriageway),None,None,Front,Not known,2019-11-19,17:50:00,Tuesday,Manchester,E08000003,Urban,53.456488,-2.225855,E01005244
06E165080,2019,Serious,Male,36 - 45,Urban area,More deprived 30-40%,3,1,Single carriageway,30,T or staggered junction,Daylight,Fine no high winds,Wet or damp,None,Non-trunk,Going ahead other,On main c'way - not in restricted lane,None,None,Offside,Not known,2019-11-25,09:28:00,Monday,Manchester,E08000003,Urban,53.449876,-2.192709,E01005238
06E165312,2019,Slight,Female,36 - 45,Urban area,More deprived 20-30%,2,1,Single carriageway,30,T or staggered junction,Daylight,Raining no high winds,Wet or damp,None,Non-trunk,Going ahead other,On main c'way - not in restricted lane,None,None,Front,Not known,2019-11-25,08:20:00,Monday,Manchester,E08000003,Urban,53.469234,-2.243744,E01005212
06E165483,2019,Serious,Male,21 - 25,Urban area,Most deprived 10%,2,1,Single carriageway,30,Crossroads,Darkness - lights lit,Raining no high winds,Wet or damp,None,Non-trunk,Going ahead other,On main c'way - not in restricted lane,None,None,Front,Not known,2019-12-06,23:25:00,Friday,Manchester,E08000003,Urban,53.475209,-2.262024,E01033673
06E165681,2019,Serious,Male,21 - 25,Data missing or out of range,Data missing or out of range,2,1,Single carriageway,30,Crossroads,Daylight,Other,Wet or damp,None,Non-trunk,Slowing or stopping,On main c'way - not in restricted lane,None,None,Front,Not known,2019-12-07,14:10:00,Saturday,Manchester,E08000003,Urban,53.475367,-2.219085,E01005065
06E166497,2019,Slight,Female,26 - 35,Urban area,Most deprived 10%,2,1,Single carriageway,30,More than 4 arms (not roundabout),Darkness - lighting unknown,Fine no high winds,Dry,None,Non-trunk,Going ahead other,On main c'way - not in restricted lane,None,None,Front,Not known,2019-12-10,16:50:00,Tuesday,Manchester,E08000003,Urban,53.448569,-2.23947,E01005178
06E167911,2019,Slight,Male,56 - 65,Urban area,More deprived 20-30%,2,1,Single carriageway,30,T or staggered junction,Darkness - lights lit,Fine no high winds,Dry,None,Non-trunk,Going ahead other,On main c'way - not in restricted lane,None,None,Front,Not known,2019-12-29,18:15:00,Sunday,Manchester,E08000003,Urban,53.468989,-2.240549,E01005212
06E169482,2019,Slight,Male,21 - 25,Urban area,More deprived 30-40%,2,1,Single carriageway,20,Not at junction or within 20 metres,Darkness - lights lit,Fine no high winds,Dry,None,Non-trunk,Going ahead other,On main c'way - not in restricted lane,None,None,Front,Journey as part of work,2019-12-13,07:15:00,Friday,Manchester,E08000003,Urban,53.446751,-2.217493,E01005281
06E254343,2019,Slight,Male,26 - 35,Urban area,More deprived 30-40%,2,1,Single carriageway,30,T or staggered junction,Daylight,Fine no high winds,Dry,None,Non-trunk,Going ahead other,On main c'way - not in restricted lane,None,None,Front,Not known,2019-03-05,17:15:00,Tuesday,Manchester,E08000003,Urban,53.43905,-2.220976,E01005271
06E254459,2019,Slight,Female,26 - 35,Urban area,Less deprived 10-20%,2,1,Single carriageway,30,Crossroads,Daylight,Fine no high winds,Dry,None,Non-trunk,Going ahead other,On main c'way - not in restricted lane,None,None,Offside,Commuting to/from work,2019-02-28,07:20:00,Thursday,Manchester,E08000003,Urban,53.420595,-2.211566,E01005124
06E255728,2019,Slight,Female,26 - 35,Urban area,More deprived 10-20%,2,1,Single carriageway,30,T or staggered junction,Daylight,Fine no high winds,Dry,None,Non-trunk,Going ahead other,On main c'way - not in restricted lane,None,None,Nearside,Not known,2019-04-09,14:03:00,Tuesday,Manchester,E08000003,Urban,53.430312,-2.201154,E01005122
06E256013,2019,Slight,Male,21 - 25,Urban area,More deprived 20-30%,2,1,Single carriageway,30,T or staggered junction,Darkness - lights lit,Fine no high winds,Dry,None,Non-trunk,Going ahead other,Cycle lane (on main carriageway),None,None,Front,Not known,2019-04-13,00:45:00,Saturday,Manchester,E08000003,Urban,53.441256,-2.21903,E01005185
06E256828,2019,Slight,Male,16 - 20,Urban area,Most deprived 10%,2,1,Single carriageway,20,T or staggered junction,Daylight,Raining no high winds,Wet or damp,None,Non-trunk,Going ahead other,On main c'way - not in restricted lane,None,None,Front,Not known,2019-05-07,17:30:00,Tuesday,Manchester,E08000003,Urban,53.436274,-2.234043,E01005270
06E257434,2019,Slight,Male,26 - 35,Urban area,More deprived 30-40%,2,1,Single carriageway,30,T or staggered junction,Daylight,Raining no high winds,Wet or damp,None,Non-trunk,Going ahead other,On main c'way - not in restricted lane,None,None,Offside,Not known,2019-06-04,18:00:00,Tuesday,Manchester,E08000003,Urban,53.444097,-2.218428,E01005185
06E257565,2019,Slight,Female,26 - 35,Urban area,More deprived 20-30%,2,1,Roundabout,40,Roundabout,Daylight,Fine no high winds,Dry,None,Non-trunk,Going ahead other,On main c'way - not in restricted lane,None,None,Nearside,Commuting to/from work,2019-05-30,09:17:00,Thursday,Manchester,E08000003,Urban,53.442143,-2.205124,E01005282
06E260196,2019,Slight,Female,21 - 25,Urban area,Least deprived 10%,2,1,Single carriageway,30,T or staggered junction,Daylight,Fine no high winds,Dry,None,Non-trunk,Changing lane to right,On main c'way - not in restricted lane,None,None,Offside,Not known,2019-06-22,12:56:00,Saturday,Manchester,E08000003,Urban,53.441157,-2.219075,E01005185
06E260655,2019,Slight,Male,21 - 25,Urban area,More deprived 30-40%,2,1,Single carriageway,30,Not at junction or within 20 metres,Daylight,Fine no high winds,Dry,None,Non-trunk,Changing lane to right,On main c'way - not in restricted lane,None,None,Offside,Not known,2019-08-06,08:30:00,Tuesday,Manchester,E08000003,Urban,53.443661,-2.257013,E01005179
06E261204,2019,Slight,Male,11 - 15,Urban area,Most deprived 10%,3,1,Single carriageway,30,T or staggered junction,Daylight,Fine no high winds,Dry,None,Non-trunk,Turning right,On main c'way - not in restricted lane,None,None,Front,Not known,2019-08-07,13:10:00,Wednesday,Manchester,E08000003,Urban,53.457275,-2.191809,E01005235
06E261407,2019,Slight,Female,21 - 25,Urban area,More deprived 10-20%,2,1,Single carriageway,30,Crossroads,Daylight,Fine no high winds,Dry,None,Non-trunk,Going ahead other,On main c'way - not in restricted lane,None,None,Nearside,Not known,2019-08-30,13:20:00,Friday,Manchester,E08000003,Urban,53.442632,-2.218571,E01005185
06E261639,2019,Slight,Female,21 - 25,Urban area,Less deprived 30-40%,2,1,Single carriageway,30,Crossroads,Daylight,Fine no high winds,Dry,None,Non-trunk,Moving off,On main c'way - not in restricted lane,None,None,Front,Not known,2019-09-03,09:48:00,Tuesday,Manchester,E08000003,Urban,53.438239,-2.231479,E01005273
06E261650,2019,Slight,Male,46 - 55,Urban area,Less deprived 30-40%,2,1,Single carriageway,30,Crossroads,Daylight,Fine no high winds,Dry,None,Non-trunk,Going ahead other,On main c'way - not in restricted lane,None,None,Offside,Not known,2019-09-17,16:45:00,Tuesday,Manchester,E08000003,Urban,53.436202,-2.224739,E01005304
06E262110,2019,Slight,Male,26 - 35,Data missing or out of range,Data missing or out of range,2,1,Single carriageway,40,Not at junction or within 20 metres,Daylight,Fine no high winds,Dry,None,Non-trunk,Going ahead other,On main c'way - not in restricted lane,None,None,Back,Not known,2019-09-25,16:40:00,Wednesday,Manchester,E08000003,Urban,53.432512,-2.207772,E01005121
06E262453,2019,Slight,Male,11 - 15,Urban area,Less deprived 10-20%,2,1,Single carriageway,30,Crossroads,Daylight,Raining no high winds,Wet or damp,None,Non-trunk,Going ahead other,On main c'way - not in restricted lane,None,None,Nearside,Not known,2019-09-22,11:45:00,Sunday,Manchester,E08000003,Urban,53.405798,-2.314666,E01005114
06E262602,2019,Slight,Male,11 - 15,Urban area,More deprived 10-20%,2,1,Dual carriageway,40,T or staggered junction,Daylight,Fine no high winds,Dry,None,Non-trunk,Going ahead other,On main c'way - not in restricted lane,None,None,Front,Not known,2019-09-25,16:30:00,Wednesday,Manchester,E08000003,Urban,53.429435,-2.209247,E01005121
06E262737,2019,Serious,Female,21 - 25,Urban area,More deprived 30-40%,2,1,Single carriageway,30,T or staggered junction,Daylight,Fine no high winds,Dry,None,Non-trunk,Going ahead other,On main c'way - not in restricted lane,None,None,Front,Not known,2019-10-02,16:20:00,Wednesday,Manchester,E08000003,Urban,53.456003,-2.225416,E01005284
06E262799,2019,Slight,Male,26 - 35,Urban area,More deprived 20-30%,2,1,Single carriageway,30,Crossroads,Daylight,Fine no high winds,Wet or damp,None,Non-trunk,Going ahead other,Tram/Light rail track,None,None,Front,Not known,2019-10-05,10:43:00,Saturday,Manchester,E08000003,Urban,53.437158,-2.223329,E01005309
06E263321,2019,Slight,Male,11 - 15,Data missing or out of range,Data missing or out of range,2,1,Single carriageway,20,T or staggered junction,Daylight,Raining no high winds,Wet or damp,None,Non-trunk,Going ahead other,On main c'way - not in restricted lane,None,None,Front,Not known,2019-10-19,16:30:00,Saturday,Manchester,E08000003,Urban,53.435727,-2.228786,E01005273
06E264747,2019,Slight,Male,26 - 35,Urban area,More deprived 10-20%,2,1,Single carriageway,30,T or staggered junction,Darkness - lights lit,Fine no high winds,Dry,None,Non-trunk,Going ahead other,On main c'way - not in restricted lane,None,None,Front,Not known,2019-11-24,17:55:00,Sunday,Manchester,E08000003,Urban,53.439099,-2.186819,E01005222
06E264919,2019,Slight,Male,26 - 35,Urban area,More deprived 30-40%,2,1,Single carriageway,30,T or staggered junction,Darkness - lights lit,Raining no high winds,Wet or damp,None,Non-trunk,Going ahead other,On main c'way - not in restricted lane,None,None,Back,Not known,2019-11-27,17:05:00,Wednesday,Manchester,E08000003,Urban,53.435141,-2.205015,E01005118
06E265651,2019,Slight,Male,21 - 25,Urban area,Less deprived 40-50%,2,1,Single carriageway,30,Crossroads,Daylight,Fine no high winds,Dry,None,Non-trunk,Going ahead other,On main c'way - not in restricted lane,None,None,Front,Not known,2019-11-30,10:55:00,Saturday,Manchester,E08000003,Urban,53.43814,-2.231569,E01005278
06E266229,2019,Slight,Male,46 - 55,Data missing or out of range,Data missing or out of range,2,1,Single carriageway,30,Crossroads,Darkness - lights lit,Fine no high winds,Wet or damp,None,Non-trunk,Waiting to go - held up,On main c'way - not in restricted lane,None,None,Front,Commuting to/from work,2019-12-19,07:25:00,Thursday,Manchester,E08000003,Urban,53.443175,-2.244679,E01005181
06E266643,2019,Slight,Male,26 - 35,Urban area,Less deprived 40-50%,2,1,Single carriageway,30,Private drive or entrance,Daylight,Fine no high winds,Wet or damp,None,Non-trunk,Going ahead other,On main c'way - not in restricted lane,None,None,Front,Not known,2019-12-24,14:10:00,Tuesday,Manchester,E08000003,Urban,53.437699,-2.222534,E01005309
06E266738,2019,Slight,Male,36 - 45,Urban area,More deprived 40-50%,2,1,Single carriageway,30,Not at junction or within 20 metres,Darkness - lights lit,Fine no high winds,Dry,None,Non-trunk,Going ahead other,On main c'way - not in restricted lane,None,None,Back,Not known,2019-12-04,17:30:00,Wednesday,Manchester,E08000003,Urban,53.44279,-2.183313,E01005222
06E332452,2019,Slight,Female,26 - 35,Urban area,More deprived 10-20%,2,1,Single carriageway,30,T or staggered junction,Daylight,Fine no high winds,Wet or damp,None,Non-trunk,Going ahead other,On main c'way - not in restricted lane,None,None,Back,Journey as part of work,2019-09-26,07:43:00,Thursday,Manchester,E08000003,Urban,53.45688,-2.258463,E01005302
06E352511,2019,Slight,Male,21 - 25,Urban area,More deprived 10-20%,2,1,Single carriageway,30,T or staggered junction,Daylight,Fine no high winds,Dry,None,Non-trunk,Going ahead other,On main c'way - not in restricted lane,None,None,Nearside,Not known,2019-01-11,07:30:00,Friday,Manchester,E08000003,Urban,53.42021,-2.239356,E01005172
06E353252,2019,Slight,Male,26 - 35,Urban area,More deprived 10-20%,2,1,Dual carriageway,30,T or staggered junction,Daylight,Fine no high winds,Dry,None,Non-trunk,Waiting to go - held up,On main c'way - not in restricted lane,None,None,Front,Not known,2019-02-04,15:55:00,Monday,Manchester,E08000003,Urban,53.439601,-2.251464,E01005279
06E353651,2019,Slight,Male,26 - 35,Urban area,More deprived 20-30%,2,1,Single carriageway,30,T or staggered junction,Daylight,Fine no high winds,Dry,None,Non-trunk,Going ahead other,On main c'way - not in restricted lane,None,None,Front,Commuting to/from work,2019-02-19,17:15:00,Tuesday,Manchester,E08000003,Urban,53.44254,-2.272197,E01005296
06E354999,2019,Slight,Female,26 - 35,Urban area,More deprived 30-40%,2,1,Single carriageway,30,Crossroads,Darkness - lights lit,Fine no high winds,Wet or damp,None,Non-trunk,Going ahead other,Cycle lane (on main carriageway),None,None,Back,Not known,2019-03-08,19:55:00,Friday,Manchester,E08000003,Urban,53.453347,-2.267161,E01005302
06E356583,2019,Slight,Male,36 - 45,Urban area,Less deprived 20-30%,2,1,Single carriageway,30,T or staggered junction,Daylight,Fine no high winds,Dry,None,Non-trunk,Going ahead other,Tram/Light rail track,None,None,Front,Not known,2019-05-10,17:45:00,Friday,Manchester,E08000003,Urban,53.422635,-2.239972,E01005083
06E357859,2019,Slight,Female,46 - 55,Urban area,More deprived 20-30%,2,1,Single carriageway,30,T or staggered junction,Daylight,Fine no high winds,Dry,None,Non-trunk,Going ahead other,On main c'way - not in restricted lane,None,None,Back,Commuting to/from work,2019-06-06,19:30:00,Thursday,Manchester,E08000003,Urban,53.455043,-2.2644,E01005302
06E358031,2019,Slight,Male,36 - 45,Urban area,Less deprived 10-20%,2,1,Single carriageway,30,Crossroads,Daylight,Fine no high winds,Dry,None,Non-trunk,Going ahead other,Cycle lane (on main carriageway),None,None,Did not impact,Commuting to/from work,2019-06-20,08:05:00,Thursday,Manchester,E08000003,Urban,53.417825,-2.231459,E01005176
06E358331,2019,Slight,Female,26 - 35,Urban area,More deprived 30-40%,2,1,Single carriageway,30,T or staggered junction,Daylight,Fine no high winds,Dry,None,Non-trunk,Waiting to turn right,On main c'way - not in restricted lane,None,None,Offside,Not known,2019-06-24,18:00:00,Monday,Manchester,E08000003,Urban,53.422611,-2.2473,E01005078
06E358546,2019,Slight,Female,26 - 35,Urban area,More deprived 20-30%,2,1,Single carriageway,30,Not at junction or within 20 metres,Daylight,Fine no high winds,Dry,None,Non-trunk,Going ahead other,On main c'way - not in restricted lane,None,None,Front,Not known,2019-06-26,19:00:00,Wednesday,Manchester,E08000003,Urban,53.444593,-2.278594,E01005150
06E359736,2019,Slight,Male,11 - 15,Urban area,More deprived 20-30%,2,1,Single carriageway,30,T or staggered junction,Daylight,Fine no high winds,Dry,None,Non-trunk,Going ahead other,On main c'way - not in restricted lane,None,None,Offside,Not known,2019-07-24,19:46:00,Wednesday,Manchester,E08000003,Urban,53.424679,-2.219863,E01005308
06E360131,2019,Slight,Male,36 - 45,Data missing or out of range,Data missing or out of range,2,1,Single carriageway,30,Crossroads,Daylight,Fine no high winds,Dry,None,Non-trunk,Going ahead other,On main c'way - not in restricted lane,None,None,Offside,Not known,2019-07-31,07:30:00,Wednesday,Manchester,E08000003,Urban,53.4104,-2.222813,E01005169
06E360162,2019,Slight,Male,21 - 25,Urban area,More deprived 10-20%,3,1,Single carriageway,30,Crossroads,Daylight,Fine no high winds,Dry,None,Non-trunk,Going ahead other,On main c'way - not in restricted lane,None,None,Front,Commuting to/from work,2019-07-24,18:15:00,Wednesday,Manchester,E08000003,Urban,53.410108,-2.256104,E01005268
06E360333,2019,Slight,Female,26 - 35,Urban area,More deprived 20-30%,2,1,Single carriageway,30,More than 4 arms (not roundabout),Daylight,Other,Wet or damp,None,Non-trunk,Going ahead other,On main c'way - not in restricted lane,None,None,Offside,Commuting to/from work,2019-08-01,15:50:00,Thursday,Manchester,E08000003,Urban,53.458597,-2.258277,E01005302
06E360444,2019,Slight,Male,46 - 55,Urban area,Less deprived 20-30%,2,1,Single carriageway,30,Crossroads,Daylight,Raining no high winds,Wet or damp,None,Non-trunk,Going ahead other,On main c'way - not in restricted lane,None,None,Offside,Not known,2019-07-31,17:30:00,Wednesday,Manchester,E08000003,Urban,53.440898,-2.28274,E01005153
06E361122,2019,Slight,Male,11 - 15,Urban area,Most deprived 10%,2,1,Single carriageway,30,T or staggered junction,Daylight,Fine no high winds,Dry,None,Non-trunk,Going ahead other,On main c'way - not in restricted lane,None,None,Back,Not known,2019-08-25,14:15:00,Sunday,Manchester,E08000003,Urban,53.382125,-2.248749,E01005292
06E361263,2019,Slight,Female,36 - 45,Urban area,More deprived 20-30%,2,1,Single carriageway,30,Private drive or entrance,Daylight,Raining no high winds,Wet or damp,None,Non-trunk,Going ahead other,On main c'way - not in restricted lane,None,None,Front,Not known,2019-09-09,08:35:00,Monday,Manchester,E08000003,Urban,53.440526,-2.264461,E01005301
06E362117,2019,Slight,Male,46 - 55,Data missing or out of range,Data missing or out of range,2,1,Single carriageway,30,Crossroads,Daylight,Fine no high winds,Dry,None,Non-trunk,Going ahead other,On main c'way - not in restricted lane,None,None,Front,Not known,2019-09-25,09:06:00,Wednesday,Manchester,E08000003,Urban,53.45331,-2.267221,E01005302
06E362720,2019,Slight,Male,26 - 35,Data missing or out of range,Data missing or out of range,2,2,Single carriageway,40,Not at junction or within 20 metres,Darkness - lights lit,Fine no high winds,Dry,None,Non-trunk,Going ahead other,On main c'way - not in restricted lane,None,None,Back,Not known,2019-09-05,21:16:00,Thursday,Manchester,E08000003,Rural,53.405635,-2.218532,E01005171
06E362817,2019,Slight,Female,26 - 35,Urban area,More deprived 30-40%,2,1,Single carriageway,30,Crossroads,Daylight,Other,Wet or damp,None,Non-trunk,Going ahead other,On main c'way - not in restricted lane,None,None,Offside,Journey as part of work,2019-10-08,07:55:00,Tuesday,Manchester,E08000003,Urban,53.441664,-2.257618,E01005300
06E363103,2019,Serious,Male,46 - 55,Urban area,Less deprived 20-30%,2,1,Dual carriageway,30,Not at junction or within 20 metres,Darkness - lights lit,Fine no high winds,Wet or damp,None,Non-trunk,Going ahead other,On main c'way - not in restricted lane,None,None,Back,Commuting to/from work,2019-10-11,19:05:00,Friday,Manchester,E08000003,Urban,53.439257,-2.252666,E01005279
06E363953,2019,Slight,Female,46 - 55,Urban area,Less deprived 20-30%,2,1,Single carriageway,30,Crossroads,Daylight,Fine no high winds,Dry,None,Non-trunk,Going ahead other,On main c'way - not in restricted lane,None,None,Front,Commuting to/from work,2019-10-23,08:51:00,Wednesday,Manchester,E08000003,Urban,53.447457,-2.279742,E01005159
06E364054,2019,Slight,Male,36 - 45,Urban area,More deprived 40-50%,2,1,Single carriageway,30,Private drive or entrance,Darkness - lighting unknown,Fine no high winds,Wet or damp,None,Non-trunk,Going ahead other,On main c'way - not in restricted lane,None,None,Front,Not known,2019-11-06,07:15:00,Wednesday,Manchester,E08000003,Urban,53.410386,-2.225551,E01005169
06E364419,2019,Slight,Female,36 - 45,Urban area,More deprived 10-20%,2,1,Single carriageway,30,T or staggered junction,Darkness - lights lit,Raining no high winds,Wet or damp,None,Non-trunk,Slowing or stopping,On main c'way - not in restricted lane,None,None,Front,Commuting to/from work,2019-11-07,17:30:00,Thursday,Manchester,E08000003,Urban,53.43147,-2.274203,E01005082
06E454997,2019,Slight,Male,66 - 75,Urban area,Most deprived 10%,2,1,Single carriageway,30,T or staggered junction,Daylight,Fine no high winds,Dry,None,Non-trunk,Going ahead other,On main c'way - not in restricted lane,None,None,Front,Not known,2019-03-13,16:45:00,Wednesday,Manchester,E08000003,Urban,53.381495,-2.277354,E01005090
06E457998,2019,Slight,Male,16 - 20,Urban area,More deprived 10-20%,2,1,Single carriageway,30,Crossroads,Daylight,Fine no high winds,Dry,None,Non-trunk,Going ahead other,On main c'way - not in restricted lane,None,None,Nearside,Not known,2019-06-18,19:00:00,Tuesday,Manchester,E08000003,Urban,53.371248,-2.240223,E01005317
06E458492,2019,Slight,Male,56 - 65,Urban area,Least deprived 10%,2,1,Single carriageway,30,T or staggered junction,Daylight,Fine no high winds,Dry,None,Non-trunk,Going ahead other,On main c'way - not in restricted lane,None,None,Offside,Not known,2019-06-18,16:20:00,Tuesday,Manchester,E08000003,Urban,53.400217,-2.307165,E01005114
06E458665,2019,Slight,Male,11 - 15,Urban area,Most deprived 10%,2,1,Single carriageway,20,T or staggered junction,Daylight,Fine no high winds,Dry,None,Non-trunk,Going ahead other,On main c'way - not in restricted lane,None,None,Front,Not known,2019-06-27,15:35:00,Thursday,Manchester,E08000003,Urban,53.395216,-2.263519,E01005085
06E459561,2019,Slight,Male,36 - 45,Urban area,More deprived 40-50%,2,1,Single carriageway,30,Crossroads,Daylight,Fine no high winds,Dry,None,Non-trunk,Waiting to turn right,On main c'way - not in restricted lane,None,None,Back,Not known,2019-07-26,17:00:00,Friday,Manchester,E08000003,Urban,53.371168,-2.239847,E01005317
06E461171,2019,Slight,Male,11 - 15,Urban area,More deprived 10-20%,2,1,Single carriageway,20,T or staggered junction,Daylight,Fine no high winds,Dry,None,Non-trunk,Going ahead other,On main c'way - not in restricted lane,None,None,Back,Not known,2019-08-26,14:00:00,Monday,Manchester,E08000003,Urban,53.383133,-2.272719,E01005090
06E467585,2019,Slight,Male,36 - 45,Urban area,Most deprived 10%,2,1,Single carriageway,30,T or staggered junction,Daylight,Fine no high winds,Wet or damp,None,Non-trunk,Waiting to turn left,On lay-by or hard shoulder,None,None,Offside,Not known,2019-11-13,07:35:00,Wednesday,Manchester,E08000003,Urban,53.38475,-2.248253,E01005290
06F152442,2019,Slight,Female,21 - 25,Urban area,Less deprived 10-20%,2,1,Single carriageway,30,Private drive or entrance,Darkness - lights lit,Fine no high winds,Frost or ice,None,Non-trunk,Going ahead other,On main c'way - not in restricted lane,None,None,Front,Journey as part of work,2019-01-11,06:30:00,Friday,Salford,E08000006,Urban,53.503302,-2.360525,E01005742
06F153647,2019,Slight,Male,36 - 45,Urban area,Most deprived 10%,2,1,Single carriageway,30,T or staggered junction,Darkness - lights lit,Fine no high winds,Wet or damp,None,Non-trunk,Going ahead other,On main c'way - not in restricted lane,None,None,Offside,Commuting to/from work,2019-01-23,16:40:00,Wednesday,Salford,E08000006,Urban,53.507814,-2.329638,E01005701
06F154087,2019,Slight,Male,36 - 45,Urban area,Less deprived 30-40%,2,1,Single carriageway,50,Not at junction or within 20 metres,Darkness - lights lit,Fine no high winds,Dry,None,Non-trunk,Going ahead other,Cycleway or shared use footway (not part of  main carriageway),None,None,Nearside,Commuting to/from work,2019-02-18,18:04:00,Monday,Salford,E08000006,Rural,53.462815,-2.397882,E01005640
06F154398,2019,Serious,Female,56 - 65,Urban area,Less deprived 10-20%,2,1,Single carriageway,30,Private drive or entrance,Darkness - lights lit,Raining no high winds,Wet or damp,None,Non-trunk,Turning right,On main c'way - not in restricted lane,None,None,Offside,Commuting to/from work,2019-03-06,18:06:00,Wednesday,Salford,E08000006,Urban,53.485367,-2.358384,E01005632
06F154898,2019,Slight,Male,26 - 35,Urban area,Less deprived 20-30%,2,1,Roundabout,40,Roundabout,Daylight,Fine no high winds,Dry,None,Non-trunk,Turning right,On main c'way - not in restricted lane,None,None,Nearside,Journey as part of work,2019-03-19,15:30:00,Tuesday,Salford,E08000006,Urban,53.442839,-2.412299,E01005620
06F155141,2019,Slight,Male,26 - 35,Urban area,Most deprived 10%,2,1,Single carriageway,30,T or staggered junction,Daylight,Fine no high winds,Wet or damp,None,Non-trunk,Turning right,Footway (pavement),None,None,Nearside,Journey as part of work,2019-01-15,11:30:00,Tuesday,Salford,E08000006,Urban,53.477719,-2.348842,E01005602
06F156481,2019,Slight,Male,26 - 35,Urban area,Most deprived 10%,2,1,Single carriageway,30,T or staggered junction,Daylight,Raining + high winds,Wet or damp,None,Non-trunk,Going ahead other,On main c'way - not in restricted lane,None,None,Nearside,Commuting to/from work,2019-04-27,15:28:00,Saturday,Salford,E08000006,Urban,53.482394,-2.354817,E01005601
06F156924,2019,Slight,Female,6 - 10,Urban area,Most deprived 10%,2,1,Single carriageway,20,Not at junction or within 20 metres,Daylight,Fine no high winds,Dry,None,Non-trunk,Going ahead other,On main c'way - not in restricted lane,None,None,Offside,Not known,2019-05-16,15:55:00,Thursday,Salford,E08000006,Urban,53.537959,-2.426591,E01005664
06F157320,2019,Slight,Male,56 - 65,Data missing or out of range,Data missing or out of range,2,1,Single carriageway,30,Not at junction or within 20 metres,Daylight,Fine no high winds,Dry,None,Non-trunk,Going ahead other,On main c'way - not in restricted lane,Open door of vehicle,None,Front,Not known,2019-05-22,14:30:00,Wednesday,Salford,E08000006,Urban,53.508801,-2.333491,E01005674
06F157507,2019,Slight,Male,26 - 35,Urban area,Less deprived 20-30%,1,1,Single carriageway,50,Roundabout,Daylight,Fine no high winds,Dry,None,Non-trunk,Going ahead other,On main c'way - not in restricted lane,None,None,Front,Not known,2019-06-05,18:06:00,Wednesday,Salford,E08000006,Urban,53.429968,-2.424967,E01005618
06F157873,2019,Slight,Male,Over 75,Urban area,More deprived 30-40%,2,1,Single carriageway,30,Private drive or entrance,Daylight,Fine no high winds,Wet or damp,None,Non-trunk,Going ahead other,On main c'way - not in restricted lane,None,None,Nearside,Not known,2019-06-13,12:12:00,Thursday,Salford,E08000006,Urban,53.535691,-2.417168,E01005660
06F159980,2019,Slight,Male,26 - 35,Urban area,Most deprived 10%,2,1,Single carriageway,30,T or staggered junction,Daylight,Raining + high winds,Flood over 3cm. deep,None,Non-trunk,Going ahead other,On main c'way - not in restricted lane,None,None,Back,Not known,2019-07-19,17:05:00,Friday,Salford,E08000006,Urban,53.533205,-2.431326,E01005659
06F160218,2019,Slight,Male,11 - 15,Urban area,More deprived 10-20%,2,1,Dual carriageway,30,Not at junction or within 20 metres,Daylight,Fine no high winds,Dry,None,Non-trunk,Going ahead other,On main c'way - not in restricted lane,None,None,Front,Not known,2019-08-10,19:45:00,Saturday,Salford,E08000006,Urban,53.486541,-2.254301,E01032687
06F160341,2019,Slight,Male,16 - 20,Urban area,Most deprived 10%,2,1,Single carriageway,30,Not at junction or within 20 metres,Daylight,Fine no high winds,Dry,None,Non-trunk,Going ahead other,On main c'way - not in restricted lane,None,None,Front,Not known,2019-08-15,09:03:00,Thursday,Salford,E08000006,Urban,53.483313,-2.347682,E01005599
06F161526,2019,Serious,Female,16 - 20,Urban area,More deprived 10-20%,2,1,Single carriageway,40,Not at junction or within 20 metres,Daylight,Fine no high winds,Dry,None,Non-trunk,Changing lane to right,Footway (pavement),None,None,Offside,Not known,2019-08-26,19:18:00,Monday,Wigan,E08000010,Urban,53.52238,-2.432438,E01006379
06F162605,2019,Serious,Male,56 - 65,Urban area,Less deprived 10-20%,2,1,Single carriageway,30,T or staggered junction,Daylight,Fine no high winds,Dry,None,Non-trunk,Overtaking - nearside,On main c'way - not in restricted lane,None,None,Front,Commuting to/from work,2019-10-02,17:00:00,Wednesday,Salford,E08000006,Urban,53.514291,-2.343396,E01005686
06F163371,2019,Slight,Male,11 - 15,Data missing or out of range,Data missing or out of range,2,2,Single carriageway,30,Private drive or entrance,Daylight,Raining no high winds,Wet or damp,Roadworks,Non-trunk,Turning right,On main c'way - not in restricted lane,None,None,Front,Pupil riding to/from school,2019-09-27,15:00:00,Friday,Salford,E08000006,Urban,53.489487,-2.368968,E01005726
06F164863,2019,Serious,Male,46 - 55,Urban area,More deprived 20-30%,2,1,Dual carriageway,40,Crossroads,Darkness - lights lit,Raining no high winds,Wet or damp,None,Non-trunk,Moving off,On main c'way - not in restricted lane,None,None,Offside,Not known,2019-11-23,20:08:00,Saturday,Salford,E08000006,Urban,53.476641,-2.268903,E01032917
06F165126,2019,Slight,Male,26 - 35,Rural,Less deprived 20-30%,2,1,Single carriageway,30,T or staggered junction,Daylight,Fine no high winds,Wet or damp,None,Non-trunk,Going ahead other,On main c'way - not in restricted lane,None,None,Offside,Journey as part of work,2019-11-25,08:30:00,Monday,Salford,E08000006,Urban,53.479194,-2.29547,E01005723
06F165341,2019,Slight,Male,11 - 15,Urban area,More deprived 10-20%,2,1,Single carriageway,30,Not at junction or within 20 metres,Daylight,Fine no high winds,Wet or damp,None,Non-trunk,Moving off,On main c'way - not in restricted lane,None,None,Front,Pupil riding to/from school,2019-12-03,07:55:00,Tuesday,Salford,E08000006,Urban,53.515696,-2.383613,E01005714
06F252303,2019,Slight,Male,26 - 35,Urban area,More deprived 10-20%,2,1,Dual carriageway,30,Crossroads,Darkness - lights lit,Raining no high winds,Wet or damp,None,Non-trunk,Going ahead other,Cycle lane (on main carriageway),None,None,Offside,Journey as part of work,2019-01-07,07:48:00,Monday,Salford,E08000006,Urban,53.480489,-2.295117,E01005723
06F253014,2019,Slight,Male,46 - 55,Urban area,Less deprived 40-50%,2,1,Single carriageway,30,T or staggered junction,Darkness - lighting unknown,Raining + high winds,Dry,None,Non-trunk,Going ahead other,On main c'way - not in restricted lane,None,None,Nearside,Not known,2019-01-22,17:00:00,Tuesday,Salford,E08000006,Urban,53.47763,-2.268653,E01032917
06F253105,2019,Slight,Female,26 - 35,Data missing or out of range,Data missing or out of range,2,1,Single carriageway,30,T or staggered junction,Daylight,Raining no high winds,Wet or damp,None,Non-trunk,Going ahead other,On main c'way - not in restricted lane,None,None,Front,Not known,2019-01-29,15:45:00,Tuesday,Salford,E08000006,Urban,53.481551,-2.302041,E01005723
06F253136,2019,Slight,Male,36 - 45,Data missing or out of range,Data missing or out of range,2,1,Single carriageway,30,T or staggered junction,Darkness - lights lit,Raining no high winds,Wet or damp,None,Non-trunk,Going ahead other,Cycle lane (on main carriageway),None,None,Front,Commuting to/from work,2019-01-16,08:00:00,Wednesday,Salford,E08000006,Urban,53.509552,-2.262657,E01005650
06F253318,2019,Slight,Male,36 - 45,Urban area,Most deprived 10%,2,1,Single carriageway,30,T or staggered junction,Daylight,Fine no high winds,Dry,None,Non-trunk,Going ahead other,On main c'way - not in restricted lane,None,None,Front,Commuting to/from work,2019-02-09,13:19:00,Saturday,Salford,E08000006,Urban,53.496629,-2.277621,E01032919
06F253628,2019,Serious,Male,26 - 35,Urban area,More deprived 10-20%,2,1,Roundabout,40,Mini-roundabout,Darkness - lights lit,Fine no high winds,Dry,None,Non-trunk,Going ahead other,On main c'way - not in restricted lane,None,None,Offside,Not known,2019-02-12,18:45:00,Tuesday,Salford,E08000006,Urban,53.481291,-2.325606,E01005719
06F253709,2019,Slight,Male,21 - 25,Urban area,Less deprived 40-50%,2,1,Single carriageway,30,T or staggered junction,Daylight,Fine no high winds,Dry,None,Non-trunk,Going ahead other,On main c'way - not in restricted lane,None,None,Front,Commuting to/from work,2019-02-19,10:30:00,Tuesday,Salford,E08000006,Urban,53.509722,-2.262733,E01005650
06F253858,2019,Slight,Male,16 - 20,Urban area,Most deprived 10%,2,1,Single carriageway,30,T or staggered junction,Daylight,Fine no high winds,Dry,None,Non-trunk,Going ahead other,Cycleway or shared use footway (not part of  main carriageway),None,None,Front,Commuting to/from work,2019-02-14,10:50:00,Thursday,Salford,E08000006,Urban,53.47735,-2.295984,E01032914
06F253906,2019,Slight,Male,26 - 35,Urban area,Most deprived 10%,2,1,Single carriageway,30,More than 4 arms (not roundabout),Daylight,Fine no high winds,Dry,None,Non-trunk,Going ahead other,On main c'way - not in restricted lane,None,None,Offside,Not known,2019-02-03,07:45:00,Sunday,Salford,E08000006,Urban,53.480553,-2.294816,E01032914
06F253923,2019,Slight,Male,26 - 35,Urban area,Most deprived 10%,2,1,Single carriageway,30,T or staggered junction,Darkness - lighting unknown,Fine no high winds,Dry,None,Non-trunk,Going ahead other,On main c'way - not in restricted lane,None,None,Front,Commuting to/from work,2019-01-04,16:59:00,Friday,Salford,E08000006,Urban,53.484503,-2.261869,E01032906
06F254417,2019,Slight,Male,26 - 35,Urban area,Most deprived 10%,2,1,Single carriageway,30,T or staggered junction,Darkness - lights lit,Raining no high winds,Wet or damp,None,Non-trunk,Going ahead other,Cycle lane (on main carriageway),None,None,Front,Not known,2019-03-05,19:00:00,Tuesday,Salford,E08000006,Urban,53.488755,-2.257163,E01032687
06F255081,2019,Slight,Female,16 - 20,Urban area,More deprived 10-20%,2,1,Single carriageway,30,T or staggered junction,Daylight,Fine no high winds,Wet or damp,None,Non-trunk,Going ahead other,On main c'way - not in restricted lane,None,None,Front,Not known,2019-03-06,14:55:00,Wednesday,Salford,E08000006,Urban,53.496665,-2.265486,E01005609
06F255103,2019,Slight,Female,16 - 20,Urban area,More deprived 20-30%,2,1,Single carriageway,30,Crossroads,Daylight,Fine no high winds,Dry,None,Non-trunk,Going ahead other,On main c'way - not in restricted lane,None,None,Nearside,Not known,2019-03-21,13:40:00,Thursday,Salford,E08000006,Urban,53.49578,-2.267591,E01005611
06F255643,2019,Slight,Male,21 - 25,Urban area,Most deprived 10%,2,1,Roundabout,30,Roundabout,Daylight,Fine no high winds,Dry,None,Non-trunk,Going ahead other,On main c'way - not in restricted lane,None,None,Offside,Journey as part of work,2019-04-01,17:45:00,Monday,Salford,E08000006,Urban,53.471464,-2.295296,E01032685
06F256824,2019,Slight,Male,26 - 35,Data missing or out of range,Data missing or out of range,2,1,Single carriageway,30,Private drive or entrance,Daylight,Fine no high winds,Dry,None,Non-trunk,Going ahead other,Footway (pavement),None,None,Front,Not known,2019-05-13,06:40:00,Monday,Salford,E08000006,Urban,53.489292,-2.318282,E01005630
06F257011,2019,Serious,Male,0 - 5,Data missing or out of range,Data missing or out of range,2,1,Single carriageway,30,T or staggered junction,Daylight,Fine no high winds,Dry,None,Non-trunk,Going ahead other,On main c'way - not in restricted lane,None,None,Front,Not known,2019-05-19,16:00:00,Sunday,Salford,E08000006,Urban,53.506958,-2.261043,E01005612
06F257369,2019,Slight,Female,36 - 45,Urban area,Less deprived 10-20%,2,1,Single carriageway,30,Crossroads,Daylight,Fine no high winds,Dry,None,Non-trunk,Going ahead other,Cycle lane (on main carriageway),None,None,Front,Not known,2019-06-03,15:10:00,Monday,Salford,E08000006,Urban,53.483754,-2.294492,E01005654
06F257482,2019,Slight,Male,11 - 15,Urban area,More deprived 20-30%,2,1,Single carriageway,30,Not at junction or within 20 metres,Daylight,Fine no high winds,Dry,None,Non-trunk,Going ahead other,On main c'way - not in restricted lane,None,None,Front,Not known,2019-06-05,15:55:00,Wednesday,Salford,E08000006,Urban,53.502622,-2.278475,E01005653
06F257637,2019,Slight,Female,21 - 25,Urban area,Less deprived 40-50%,2,1,Single carriageway,30,Crossroads,Darkness - lights lit,Raining no high winds,Wet or damp,None,Non-trunk,Going ahead other,On main c'way - not in restricted lane,None,None,Front,Commuting to/from work,2019-06-11,21:25:00,Tuesday,Salford,E08000006,Urban,53.502128,-2.257982,E01005612
06F257856,2019,Serious,Male,26 - 35,Urban area,More deprived 40-50%,2,1,Single carriageway,40,T or staggered junction,Daylight,Fine no high winds,Dry,Roadworks,Non-trunk,Going ahead other,On main c'way - not in restricted lane,None,None,Front,Journey as part of work,2019-06-08,17:56:00,Saturday,Salford,E08000006,Urban,53.476479,-2.269143,E01032917
06F257983,2019,Slight,Male,26 - 35,Data missing or out of range,Data missing or out of range,2,1,Single carriageway,30,Not at junction or within 20 metres,Daylight,Fine no high winds,Dry,None,Non-trunk,Going ahead other,On main c'way - not in restricted lane,None,None,Offside,Commuting to/from work,2019-06-10,17:25:00,Monday,Salford,E08000006,Rural,53.514624,-2.29279,E01005675
06F258587,2019,Serious,Male,26 - 35,Urban area,More deprived 30-40%,3,1,Dual carriageway,30,Crossroads,Daylight,Fine no high winds,Dry,None,Non-trunk,Turning left,On main c'way - not in restricted lane,None,None,Front,Journey as part of work,2019-06-26,14:45:00,Wednesday,Salford,E08000006,Urban,53.483407,-2.257266,E01032687
06F258641,2019,Slight,Male,36 - 45,Urban area,More deprived 30-40%,2,1,Single carriageway,30,Other junction,Daylight,Fine no high winds,Dry,None,Non-trunk,Going ahead other,On main c'way - not in restricted lane,None,None,Front,Commuting to/from work,2019-07-07,07:20:00,Sunday,Salford,E08000006,Urban,53.488966,-2.294889,E01005657
06F258945,2019,Slight,Male,26 - 35,Data missing or out of range,Data missing or out of range,2,2,Dual carriageway,30,T or staggered junction,Daylight,Fine no high winds,Dry,None,Non-trunk,Going ahead other,On main c'way - not in restricted lane,None,None,Offside,Not known,2019-07-03,13:33:00,Wednesday,Salford,E08000006,Urban,53.488274,-2.279933,E01005610
06F259165,2019,Slight,Male,46 - 55,Urban area,More deprived 40-50%,2,1,Single carriageway,30,Crossroads,Daylight,Fine no high winds,Dry,None,Non-trunk,Overtaking static vehicle - offside,Cycle lane (on main carriageway),None,None,Nearside,Not known,2019-07-13,18:30:00,Saturday,Salford,E08000006,Urban,53.486965,-2.253746,E01032911
06F259983,2019,Serious,Male,46 - 55,Urban area,Less deprived 20-30%,2,1,Single carriageway,30,Not at junction or within 20 metres,Daylight,Fine no high winds,Dry,None,Non-trunk,Going ahead other,On main c'way - not in restricted lane,None,None,Back,Not known,2019-07-12,15:05:00,Friday,Salford,E08000006,Urban,53.516683,-2.265205,E01005647
06F260066,2019,Slight,Female,21 - 25,Urban area,Most deprived 10%,2,1,Single carriageway,30,T or staggered junction,Daylight,Fine no high winds,Dry,None,Non-trunk,Going ahead other,On main c'way - not in restricted lane,None,None,Front,Journey as part of work,2019-08-05,13:45:00,Monday,Salford,E08000006,Urban,53.504379,-2.316902,E01005701
06F260259,2019,Slight,Male,21 - 25,Urban area,Most deprived 10%,2,1,Single carriageway,30,Crossroads,Daylight,Fine no high winds,Dry,None,Non-trunk,Waiting to go - held up,On main c'way - not in restricted lane,None,None,Back,Journey as part of work,2019-08-12,17:13:00,Monday,Salford,E08000006,Urban,53.485041,-2.249741,E01032909
06F260356,2019,Slight,Male,16 - 20,Urban area,Most deprived 10%,2,1,Single carriageway,30,T or staggered junction,Daylight,Raining no high winds,Wet or damp,None,Non-trunk,Going ahead other,Cycle lane (on main carriageway),None,None,Front,Not known,2019-08-14,17:35:00,Wednesday,Salford,E08000006,Urban,53.48786,-2.25547,E01033330
06F260627,2019,Serious,Male,11 - 15,Urban area,Most deprived 10%,2,1,Single carriageway,30,Not at junction or within 20 metres,Daylight,Fine no high winds,Dry,None,Non-trunk,Going ahead other,On main c'way - not in restricted lane,None,None,Offside,Not known,2019-08-20,15:45:00,Tuesday,Salford,E08000006,Urban,53.507643,-2.28377,E01005653
06F261415,2019,Serious,Male,56 - 65,Urban area,More deprived 40-50%,2,1,Single carriageway,30,T or staggered junction,Daylight,Fine no high winds,Dry,None,Non-trunk,Going ahead other,On main c'way - not in restricted lane,None,None,Nearside,Not known,2019-09-08,08:00:00,Sunday,Salford,E08000006,Urban,53.50149,-2.311273,E01005622
06F261456,2019,Slight,Male,26 - 35,Urban area,More deprived 10-20%,2,1,Single carriageway,30,Other junction,Daylight,Fine no high winds,Dry,None,Non-trunk,Going ahead other,On main c'way - not in restricted lane,None,None,Front,Journey as part of work,2019-09-08,13:20:00,Sunday,Salford,E08000006,Urban,53.488792,-2.257103,E01033330
06F261535,2019,Slight,Male,21 - 25,Urban area,Most deprived 10%,2,1,Single carriageway,30,Not at junction or within 20 metres,Daylight,Fine no high winds,Dry,None,Non-trunk,Going ahead other,On main c'way - not in restricted lane,None,None,Offside,Not known,2019-09-14,15:57:00,Saturday,Salford,E08000006,Urban,53.4933,-2.28277,E01005681
06F261920,2019,Slight,Male,21 - 25,Urban area,Most deprived 10%,2,1,Single carriageway,30,Roundabout,Darkness - lighting unknown,Snowing no high winds,Dry,None,Non-trunk,Going ahead other,Cycle lane (on main carriageway),None,None,Offside,Not known,2019-09-08,05:25:00,Sunday,Salford,E08000006,Urban,53.483632,-2.330672,E01005635
06F261961,2019,Slight,Male,46 - 55,Urban area,Less deprived 30-40%,2,1,Single carriageway,30,Crossroads,Daylight,Fine no high winds,Dry,None,Non-trunk,Going ahead other,Cycle lane (on main carriageway),None,None,Front,Not known,2019-09-19,17:15:00,Thursday,Salford,E08000006,Urban,53.491886,-2.276385,E01032919
06F262307,2019,Slight,Male,36 - 45,Urban area,Least deprived 10%,2,1,Single carriageway,30,T or staggered junction,Daylight,Fine no high winds,Dry,None,Non-trunk,Going ahead other,Cycleway or shared use footway (not part of  main carriageway),None,None,Front,Commuting to/from work,2019-09-25,16:15:00,Wednesday,Salford,E08000006,Urban,53.475461,-2.307346,E01005723
06F263667,2019,Slight,Male,21 - 25,Urban area,More deprived 10-20%,2,1,Roundabout,30,Roundabout,Darkness - lights lit,Fine no high winds,Dry,None,Non-trunk,Going ahead other,On main c'way - not in restricted lane,None,None,Front,Journey as part of work,2019-10-24,19:05:00,Thursday,Salford,E08000006,Urban,53.496955,-2.276418,E01032919
06F263766,2019,Slight,Male,26 - 35,Urban area,More deprived 10-20%,2,1,Dual carriageway,20,Slip road,Daylight,Raining no high winds,Wet or damp,None,Non-trunk,Going ahead other,Cycle lane (on main carriageway),None,None,Nearside,Commuting to/from work,2019-10-10,09:45:00,Thursday,Salford,E08000006,Urban,53.484745,-2.274229,E01032907
06F263774,2019,Slight,Male,26 - 35,Urban area,More deprived 30-40%,2,1,Single carriageway,30,Not at junction or within 20 metres,Daylight,Fine no high winds,Dry,None,Non-trunk,Turning right,On main c'way - not in restricted lane,None,None,Offside,Commuting to/from work,2019-10-31,07:15:00,Thursday,Salford,E08000006,Urban,53.483825,-2.319115,E01005720
06F263813,2019,Serious,Male,46 - 55,Urban area,Least deprived 10%,2,1,Dual carriageway,30,T or staggered junction,Darkness - lighting unknown,Fine no high winds,Dry,None,Non-trunk,Going ahead other,On main c'way - not in restricted lane,None,None,Offside,Commuting to/from work,2019-11-16,18:20:00,Saturday,Salford,E08000006,Urban,53.48538,-2.27574,E01032907
06F268518,2019,Slight,Male,16 - 20,Urban area,More deprived 30-40%,2,1,Single carriageway,30,Crossroads,Daylight,Raining no high winds,Wet or damp,None,Non-trunk,Going ahead other,On main c'way - not in restricted lane,None,None,Front,Not known,2019-06-11,14:10:00,Tuesday,Salford,E08000006,Urban,53.500365,-2.325511,E01005625
06F458913,2019,Serious,Male,11 - 15,Urban area,More deprived 20-30%,2,1,Single carriageway,30,T or staggered junction,Daylight,Fine no high winds,Dry,None,Non-trunk,Going ahead other,Footway (pavement),None,None,Offside,Taking pupil to/from school,2019-07-01,03:45:00,Monday,Salford,E08000006,Urban,53.425076,-2.438086,E01005617
06F662730,2019,Serious,Male,26 - 35,Urban area,More deprived 10-20%,2,1,Single carriageway,30,T or staggered junction,Daylight,Fine no high winds,Dry,None,Non-trunk,Going ahead other,On main c'way - not in restricted lane,None,None,Front,Commuting to/from work,2019-09-16,17:33:00,Monday,Salford,E08000006,Urban,53.509756,-2.309071,E01005675
06G153149,2019,Serious,Male,66 - 75,Urban area,Most deprived 10%,2,1,Single carriageway,30,Private drive or entrance,Darkness - lights lit,Fine no high winds,Dry,None,Non-trunk,Going ahead other,On main c'way - not in restricted lane,None,None,Did not impact,Not known,2019-01-28,18:12:00,Monday,Tameside,E08000008,Urban,53.456263,-2.120904,E01005992
06G155338,2019,Slight,Male,21 - 25,Urban area,Most deprived 10%,2,1,Single carriageway,30,T or staggered junction,Daylight,Fine no high winds,Dry,None,Non-trunk,Turning right,On main c'way - not in restricted lane,None,None,Front,Commuting to/from work,2019-03-27,07:52:00,Wednesday,Tameside,E08000008,Urban,53.48441,-2.070019,E01006023
06G155840,2019,Slight,Male,46 - 55,Urban area,More deprived 40-50%,2,1,Single carriageway,20,T or staggered junction,Daylight,Fine no high winds,Dry,None,Non-trunk,Going ahead other,On main c'way - not in restricted lane,None,None,Front,Commuting to/from work,2019-04-10,17:15:00,Wednesday,Tameside,E08000008,Urban,53.470001,-2.071005,E01006020
06G156489,2019,Slight,Male,26 - 35,Data missing or out of range,Data missing or out of range,2,1,Single carriageway,30,Crossroads,Daylight,Fine no high winds,Dry,None,Non-trunk,Going ahead other,On main c'way - not in restricted lane,None,None,Front,Journey as part of work,2019-06-24,19:25:00,Monday,Tameside,E08000008,Urban,53.486032,-2.079124,E01005943
06G157498,2019,Serious,Male,36 - 45,Urban area,Less deprived 40-50%,2,1,Single carriageway,30,T or staggered junction,Daylight,Fine no high winds,Dry,None,Non-trunk,Going ahead other,On main c'way - not in restricted lane,None,None,Front,Not known,2019-05-21,09:55:00,Tuesday,Tameside,E08000008,Urban,53.472943,-2.14712,E01005961
06G157729,2019,Slight,Male,26 - 35,Urban area,Less deprived 30-40%,2,1,Dual carriageway,40,Not at junction or within 20 metres,Daylight,Fine no high winds,Dry,None,Non-trunk,Going ahead other,On main c'way - not in restricted lane,None,None,Offside,Commuting to/from work,2019-06-06,07:35:00,Thursday,Tameside,E08000008,Urban,53.484702,-2.101395,E01005948
06G158116,2019,Slight,Male,21 - 25,Urban area,More deprived 10-20%,2,1,Single carriageway,20,Crossroads,Daylight,Fine no high winds,Wet or damp,None,Non-trunk,Moving off,On main c'way - not in restricted lane,None,None,Front,Not known,2019-06-19,17:20:00,Wednesday,Tameside,E08000008,Urban,53.498913,-2.08976,E01005934
06G158763,2019,Slight,Male,26 - 35,Urban area,More deprived 30-40%,2,1,Single carriageway,30,More than 4 arms (not roundabout),Daylight,Fine no high winds,Dry,None,Non-trunk,Going ahead other,On main c'way - not in restricted lane,None,None,Front,Not known,2019-06-27,16:31:00,Thursday,Tameside,E08000008,Urban,53.493502,-2.076862,E01005944
06G159966,2019,Slight,Male,26 - 35,Data missing or out of range,Data missing or out of range,2,1,Single carriageway,30,Not at junction or within 20 metres,Daylight,Other,Wet or damp,None,Non-trunk,Going ahead other,On main c'way - not in restricted lane,None,None,Front,Commuting to/from work,2019-07-31,08:30:00,Wednesday,Tameside,E08000008,Urban,53.481312,-2.066051,E01006023
06G160246,2019,Slight,Male,26 - 35,Data missing or out of range,Data missing or out of range,2,1,Single carriageway,30,T or staggered junction,Daylight,Fine no high winds,Dry,None,Non-trunk,Going ahead other,On main c'way - not in restricted lane,None,None,Front,Commuting to/from work,2019-08-01,08:04:00,Thursday,Tameside,E08000008,Urban,53.488154,-2.062851,E01006066
06G160881,2019,Slight,Male,16 - 20,Urban area,Most deprived 10%,2,1,Single carriageway,30,Crossroads,Darkness - lights lit,Raining no high winds,Wet or damp,None,Non-trunk,Going ahead other,On main c'way - not in restricted lane,None,None,Front,Not known,2019-08-27,23:45:00,Tuesday,Tameside,E08000008,Urban,53.503377,-2.105479,E01005954
06G161827,2019,Slight,Male,26 - 35,Urban area,More deprived 20-30%,2,1,Single carriageway,30,Crossroads,Daylight,Fine no high winds,Dry,None,Non-trunk,Going ahead other,On main c'way - not in restricted lane,None,None,Offside,Commuting to/from work,2019-11-20,08:10:00,Wednesday,Tameside,E08000008,Urban,53.436568,-2.078971,E01006044
06G162142,2019,Slight,Male,26 - 35,Data missing or out of range,Data missing or out of range,2,1,Single carriageway,20,T or staggered junction,Daylight,Fine no high winds,Wet or damp,None,Non-trunk,Going ahead other,On main c'way - not in restricted lane,None,None,Front,Not known,2019-09-09,14:30:00,Monday,Tameside,E08000008,Urban,53.487263,-2.102622,E01005952
06G163402,2019,Slight,Male,26 - 35,Urban area,More deprived 10-20%,2,1,Dual carriageway,20,Crossroads,Darkness - lighting unknown,Fine no high winds,Dry,None,Non-trunk,Going ahead other,On main c'way - not in restricted lane,None,None,Back,Not known,2019-10-23,08:25:00,Wednesday,Tameside,E08000008,Urban,53.478418,-2.113313,E01005951
06G164574,2019,Serious,Male,26 - 35,Data missing or out of range,Data missing or out of range,2,1,Single carriageway,30,Crossroads,Daylight,Fine no high winds,Wet or damp,None,Non-trunk,Going ahead other,On main c'way - not in restricted lane,None,None,Front,Not known,2019-11-14,10:00:00,Thursday,Tameside,E08000008,Urban,53.492161,-2.080401,E01005942
06G165057,2019,Slight,Male,11 - 15,Urban area,More deprived 20-30%,2,1,Single carriageway,20,T or staggered junction,Daylight,Fine no high winds,Dry,None,Non-trunk,Going ahead other,On main c'way - not in restricted lane,None,None,Front,Taking pupil to/from school,2019-11-25,09:15:00,Monday,Tameside,E08000008,Urban,53.470796,-2.0643030000000002,E01006020
06G166005,2019,Slight,Male,56 - 65,Urban area,Most deprived 10%,2,1,Dual carriageway,40,Crossroads,Darkness - lights lit,Raining no high winds,Wet or damp,None,Non-trunk,Going ahead other,On main c'way - not in restricted lane,None,None,Nearside,Commuting to/from work,2019-11-26,16:40:00,Tuesday,Tameside,E08000008,Urban,53.48026,-2.122344,E01005951
06G259311,2019,Slight,Male,56 - 65,Data missing or out of range,Data missing or out of range,2,1,Single carriageway,30,T or staggered junction,Daylight,Fine no high winds,Dry,None,Non-trunk,Going ahead other,On main c'way - not in restricted lane,None,None,Front,Not known,2019-06-18,08:15:00,Tuesday,Tameside,E08000008,Urban,53.472907,-2.147211,E01005961
06G259585,2019,Serious,Male,26 - 35,Urban area,Most deprived 10%,2,1,Single carriageway,30,T or staggered junction,Daylight,Fine no high winds,Dry,None,Non-trunk,Overtaking moving vehicle - offside,On main c'way - not in restricted lane,None,None,Front,Not known,2019-06-29,13:05:00,Saturday,Tameside,E08000008,Urban,53.449513,-2.076316,E01006029
06G259720,2019,Slight,Male,56 - 65,Urban area,More deprived 10-20%,2,1,Single carriageway,30,T or staggered junction,Daylight,Fine no high winds,Dry,None,Non-trunk,Turning right,On main c'way - not in restricted lane,None,None,Front,Not known,2019-08-01,15:49:00,Thursday,Tameside,E08000008,Urban,53.462529,-2.075165,E01006033
06G259809,2019,Slight,Male,46 - 55,Urban area,Less deprived 20-30%,2,1,Single carriageway,30,T or staggered junction,Daylight,Fine no high winds,Dry,None,Non-trunk,Going ahead other,On main c'way - not in restricted lane,None,None,Front,Not known,2019-07-03,20:24:00,Wednesday,Tameside,E08000008,Urban,53.456454,-2.109158,E01005974
06G259964,2019,Slight,Male,36 - 45,Data missing or out of range,Data missing or out of range,2,2,Single carriageway,30,Not at junction or within 20 metres,Daylight,Raining no high winds,Wet or damp,None,Non-trunk,Going ahead right-hand bend,Footway (pavement),None,None,Offside,Not known,2019-07-28,16:07:00,Sunday,Tameside,E08000008,Urban,53.463295,-2.117505,E01005966
06G260380,2019,Slight,Male,11 - 15,Urban area,More deprived 10-20%,2,1,Single carriageway,30,T or staggered junction,Daylight,Fine no high winds,Dry,None,Non-trunk,Going ahead other,On main c'way - not in restricted lane,None,None,Back,Not known,2019-08-06,20:35:00,Tuesday,Tameside,E08000008,Urban,53.446262,-2.107897,E01005981
06G261267,2019,Slight,Male,26 - 35,Data missing or out of range,Data missing or out of range,2,3,Dual carriageway,30,Slip road,Daylight,Raining no high winds,Wet or damp,None,Non-trunk,Going ahead other,On main c'way - not in restricted lane,None,None,Front,Not known,2019-09-04,17:40:00,Wednesday,Tameside,E08000008,Urban,53.453727,-2.078582,E01006035
06G262883,2019,Serious,Male,21 - 25,Urban area,More deprived 10-20%,3,1,Single carriageway,30,T or staggered junction,Daylight,Fine no high winds,Wet or damp,None,Non-trunk,Going ahead other,On main c'way - not in restricted lane,None,None,Nearside,Not known,2019-10-10,16:40:00,Thursday,Tameside,E08000008,Urban,53.452406,-2.111783,E01005975
06G263486,2019,Serious,Female,46 - 55,Urban area,Less deprived 30-40%,2,1,Single carriageway,30,T or staggered junction,Daylight,Fine no high winds,Dry,None,Non-trunk,Going ahead other,On main c'way - not in restricted lane,None,None,Nearside,Commuting to/from work,2019-10-22,07:58:00,Tuesday,Tameside,E08000008,Urban,53.49026,-2.13458,E01005993
06G264328,2019,Slight,Male,11 - 15,Urban area,Most deprived 10%,2,1,Single carriageway,20,Crossroads,Daylight,Raining no high winds,Wet or damp,None,Non-trunk,Going ahead other,On main c'way - not in restricted lane,None,None,Front,Not known,2019-11-11,15:14:00,Monday,Tameside,E08000008,Urban,53.454005,-2.113654,E01005975
06G264723,2019,Slight,Male,11 - 15,Urban area,More deprived 10-20%,2,1,Single carriageway,30,T or staggered junction,Daylight,Fine no high winds,Dry,None,Non-trunk,Going ahead other,On main c'way - not in restricted lane,None,None,Front,Not known,2019-11-10,13:25:00,Sunday,Tameside,E08000008,Urban,53.4806,-2.161642,E01006003
06G358767,2019,Slight,Male,26 - 35,Urban area,Less deprived 20-30%,2,1,Single carriageway,30,T or staggered junction,Daylight,Fine no high winds,Wet or damp,Auto traffic signal - out,Non-trunk,Going ahead other,On main c'way - not in restricted lane,None,None,Front,Not known,2019-07-09,17:27:00,Tuesday,Tameside,E08000008,Urban,53.472508,-2.149981,E01005999
06J153548,2019,Slight,Female,46 - 55,Urban area,Less deprived 30-40%,2,1,Single carriageway,30,T or staggered junction,Daylight,Fine no high winds,Dry,None,Non-trunk,Going ahead other,On main c'way - not in restricted lane,None,None,Front,Not known,2019-02-11,15:25:00,Monday,Stockport,E08000007,Urban,53.407868,-2.159862,E01005758
06J155220,2019,Slight,Male,26 - 35,Urban area,Most deprived 10%,2,1,Single carriageway,20,T or staggered junction,Daylight,Fine no high winds,Dry,None,Non-trunk,Going ahead other,Footway (pavement),None,None,Front,Not known,2019-03-30,17:40:00,Saturday,Stockport,E08000007,Urban,53.398065,-2.176669,E01005765
06J155355,2019,Slight,Male,26 - 35,Urban area,Less deprived 30-40%,2,1,Single carriageway,30,T or staggered junction,Darkness - lights unlit,Fine no high winds,Dry,None,Non-trunk,Changing lane to right,On main c'way - not in restricted lane,None,None,Back,Not known,2019-04-01,20:50:00,Monday,Stockport,E08000007,Urban,53.400315,-2.174572,E01005816
06J155744,2019,Slight,Male,16 - 20,Urban area,More deprived 10-20%,2,1,Single carriageway,30,Private drive or entrance,Daylight,Fine no high winds,Dry,None,Non-trunk,Going ahead other,On main c'way - not in restricted lane,None,None,Front,Not known,2019-04-13,15:11:00,Saturday,Stockport,E08000007,Urban,53.444756,-2.166715,E01005890
06J155763,2019,Serious,Male,21 - 25,Urban area,Most deprived 10%,2,1,Single carriageway,30,T or staggered junction,Daylight,Raining no high winds,Wet or damp,None,Non-trunk,Going ahead other,Footway (pavement),None,None,Front,Not known,2019-04-04,17:25:00,Thursday,Stockport,E08000007,Urban,53.423299,-2.17408,E01005863
06J157280,2019,Slight,Male,11 - 15,Urban area,More deprived 20-30%,2,1,Single carriageway,30,T or staggered junction,Daylight,Fine no high winds,Dry,None,Non-trunk,Going ahead other,On main c'way - not in restricted lane,None,None,Back,Not known,2019-05-23,18:50:00,Thursday,Stockport,E08000007,Urban,53.400681,-2.193569,E01005818
06J158344,2019,Slight,Male,6 - 10,Data missing or out of range,Data missing or out of range,2,1,Single carriageway,30,T or staggered junction,Daylight,Fine no high winds,Dry,None,Non-trunk,Going ahead other,On main c'way - not in restricted lane,None,None,Front,Not known,2019-06-24,17:00:00,Monday,Stockport,E08000007,Urban,53.444893,-2.165255,E01005890
06J158820,2019,Slight,Male,21 - 25,Urban area,Less deprived 30-40%,2,1,Single carriageway,30,T or staggered junction,Daylight,Fine no high winds,Dry,None,Non-trunk,Going ahead right-hand bend,On main c'way - not in restricted lane,None,None,Front,Not known,2019-05-28,08:20:00,Tuesday,Stockport,E08000007,Urban,53.409521,-2.201868,E01005857
06J159013,2019,Slight,Male,36 - 45,Urban area,Most deprived 10%,2,1,Single carriageway,30,T or staggered junction,Daylight,Fine no high winds,Dry,None,Non-trunk,Going ahead other,On main c'way - not in restricted lane,None,None,Front,Not known,2019-11-19,14:50:00,Tuesday,Stockport,E08000007,Urban,53.414548,-2.151657,E01005758
06J159557,2019,Slight,Male,56 - 65,Urban area,More deprived 10-20%,2,1,Single carriageway,30,T or staggered junction,Daylight,Raining no high winds,Wet or damp,None,Non-trunk,Going ahead other,On main c'way - not in restricted lane,None,None,Front,Not known,2019-07-28,18:40:00,Sunday,Stockport,E08000007,Urban,53.411984,-2.18488,E01005853
06J160260,2019,Slight,Male,46 - 55,Urban area,Less deprived 40-50%,2,1,Single carriageway,30,T or staggered junction,Daylight,Fine no high winds,Dry,None,Non-trunk,Going ahead other,On main c'way - not in restricted lane,None,None,Front,Not known,2019-08-13,17:00:00,Tuesday,Stockport,E08000007,Urban,53.425852,-2.154436,E01005914
06J160953,2019,Slight,Male,16 - 20,Urban area,Most deprived 10%,2,1,Single carriageway,30,T or staggered junction,Darkness - lights lit,Fine no high winds,Dry,None,Non-trunk,Going ahead other,On main c'way - not in restricted lane,None,None,Nearside,Not known,2019-08-29,05:50:00,Thursday,Stockport,E08000007,Urban,53.424274,-2.164573,E01005916
06J161024,2019,Slight,Male,36 - 45,Urban area,More deprived 40-50%,2,1,Single carriageway,30,Crossroads,Daylight,Fine no high winds,Dry,None,Non-trunk,Going ahead other,On main c'way - not in restricted lane,None,None,Offside,Not known,2019-08-21,07:40:00,Wednesday,Stockport,E08000007,Urban,53.428367,-2.175349,E01005866
06J161780,2019,Slight,Female,26 - 35,Urban area,More deprived 10-20%,2,1,Dual carriageway,30,Crossroads,Daylight,Fine no high winds,Dry,None,Non-trunk,Going ahead other,On main c'way - not in restricted lane,None,None,Front,Not known,2019-09-19,12:15:00,Thursday,Stockport,E08000007,Urban,53.395962,-2.149877,E01005797
06J162977,2019,Slight,Female,46 - 55,Data missing or out of range,Data missing or out of range,2,1,Dual carriageway,30,Not at junction or within 20 metres,Darkness - lights lit,Raining no high winds,Wet or damp,Roadworks,Non-trunk,Going ahead other,On main c'way - not in restricted lane,None,None,Front,Not known,2019-10-10,21:00:00,Thursday,Stockport,E08000007,Urban,53.404921,-2.183947,E01005823
06J163018,2019,Slight,Male,26 - 35,Urban area,Most deprived 10%,2,1,Single carriageway,30,T or staggered junction,Daylight,Fine no high winds,Wet or damp,None,Non-trunk,Going ahead other,On main c'way - not in restricted lane,None,None,Offside,Not known,2019-10-12,14:00:00,Saturday,Stockport,E08000007,Urban,53.400555,-2.193719,E01005819
06J164819,2019,Serious,Male,26 - 35,Urban area,Most deprived 10%,2,1,Single carriageway,30,T or staggered junction,Darkness - lights lit,Raining no high winds,Wet or damp,None,Non-trunk,Going ahead other,On main c'way - not in restricted lane,None,None,Front,Not known,2019-11-05,18:22:00,Tuesday,Stockport,E08000007,Urban,53.3931,-2.166122,E01005759
06J166465,2019,Slight,Female,26 - 35,Urban area,More deprived 10-20%,2,1,Single carriageway,30,T or staggered junction,Darkness - lights lit,Fine no high winds,Wet or damp,None,Non-trunk,Going ahead other,Cycle lane (on main carriageway),Open door of vehicle,None,Nearside,Not known,2019-12-22,20:10:00,Sunday,Stockport,E08000007,Urban,53.400456,-2.193854,E01005819
06J166731,2019,Slight,Male,46 - 55,Urban area,Less deprived 10-20%,2,1,Single carriageway,30,T or staggered junction,Darkness - lights lit,Other,Wet or damp,None,Non-trunk,Going ahead other,On main c'way - not in restricted lane,None,None,Front,Commuting to/from work,2019-11-28,17:50:00,Thursday,Stockport,E08000007,Urban,53.406702,-2.143175,E01005872
06J253453,2019,Slight,Male,36 - 45,Small town,Less deprived 20-30%,2,1,Single carriageway,30,T or staggered junction,Darkness - lights lit,Fine no high winds,Dry,None,Non-trunk,Going ahead other,On main c'way - not in restricted lane,None,None,Front,Commuting to/from work,2019-02-12,07:20:00,Tuesday,Stockport,E08000007,Urban,53.362638,-2.061915,E01005906
06J254891,2019,Slight,Male,21 - 25,Urban area,More deprived 30-40%,2,1,Single carriageway,40,Not at junction or within 20 metres,Daylight,Fine no high winds,Dry,None,Non-trunk,Going ahead other,On main c'way - not in restricted lane,None,None,Front,Not known,2019-03-23,16:29:00,Saturday,Stockport,E08000007,Urban,53.365599,-2.126117,E01005807
06J258842,2019,Slight,Male,11 - 15,Urban area,More deprived 30-40%,2,1,Single carriageway,30,Not at junction or within 20 metres,Daylight,Fine no high winds,Dry,None,Non-trunk,Going ahead other,On main c'way - not in restricted lane,None,None,Offside,Pupil riding to/from school,2019-06-19,14:51:00,Wednesday,Stockport,E08000007,Urban,53.368917,-2.133686,E01005806
06J259064,2019,Slight,Male,56 - 65,Urban area,Less deprived 10-20%,2,1,Dual carriageway,50,Crossroads,Daylight,Fine no high winds,Dry,None,Non-trunk,Going ahead other,On main c'way - not in restricted lane,None,None,Front,Not known,2019-11-19,14:06:00,Tuesday,Stockport,E08000007,Urban,53.365297,-2.114094,E01005842
06J259114,2019,Slight,Female,6 - 10,Urban area,Most deprived 10%,2,1,Single carriageway,30,T or staggered junction,Daylight,Fine no high winds,Dry,None,Non-trunk,Going ahead other,On main c'way - not in restricted lane,None,None,Front,Not known,2019-07-03,16:35:00,Wednesday,Stockport,E08000007,Urban,53.396137,-2.122432,E01005826
06J259370,2019,Slight,Male,36 - 45,Urban area,Least deprived 10%,2,1,Single carriageway,60,Not at junction or within 20 metres,Daylight,Fine no high winds,Dry,None,Non-trunk,Slowing or stopping,On main c'way - not in restricted lane,None,None,Front,Not known,2019-11-19,07:50:00,Tuesday,Stockport,E08000007,Rural,53.366446,-2.094411,E01005842
06J260945,2019,Slight,Male,36 - 45,Small town,Less deprived 20-30%,2,1,Single carriageway,30,T or staggered junction,Daylight,Fine no high winds,Dry,None,Non-trunk,Going ahead other,On main c'way - not in restricted lane,None,None,Offside,Not known,2019-08-23,07:20:00,Friday,Stockport,E08000007,Urban,53.364304,-2.072181,E01005907
06J265871,2019,Slight,Male,21 - 25,Urban area,More deprived 10-20%,2,1,Single carriageway,30,T or staggered junction,Darkness - lights lit,Raining no high winds,Wet or damp,None,Non-trunk,Going ahead other,On main c'way - not in restricted lane,None,None,Front,Journey as part of work,2019-12-10,16:10:00,Tuesday,Stockport,E08000007,Urban,53.413337,-2.096816,E01005899
06J352234,2019,Slight,Female,36 - 45,Urban area,Most deprived 10%,2,1,Single carriageway,30,Not at junction or within 20 metres,Daylight,Fine no high winds,Dry,None,Non-trunk,Moving off,On main c'way - not in restricted lane,None,None,Nearside,Journey as part of work,2019-01-08,08:25:00,Tuesday,Stockport,E08000007,Rural,53.379234,-2.219734,E01005844
06J352678,2019,Slight,Male,26 - 35,Urban area,More deprived 30-40%,2,1,Single carriageway,30,T or staggered junction,Darkness - lights lit,Fine no high winds,Wet or damp,None,Non-trunk,Going ahead other,On main c'way - not in restricted lane,None,None,Front,Not known,2019-01-20,00:30:00,Sunday,Stockport,E08000007,Urban,53.372488,-2.160496,E01005930
06J352743,2019,Slight,Male,26 - 35,Urban area,Less deprived 40-50%,2,1,Single carriageway,30,Not at junction or within 20 metres,Daylight,Fine no high winds,Wet or damp,None,Non-trunk,Going ahead other,On main c'way - not in restricted lane,None,None,Front,Not known,2019-01-06,13:50:00,Sunday,Stockport,E08000007,Urban,53.348952,-2.17576,E01005926
06J352852,2019,Slight,Male,56 - 65,Urban area,Less deprived 30-40%,2,1,Single carriageway,30,Private drive or entrance,Daylight,Snowing + high winds,Snow,None,Non-trunk,Going ahead other,On main c'way - not in restricted lane,None,None,Front,Commuting to/from work,2019-01-22,08:15:00,Tuesday,Stockport,E08000007,Urban,53.394564,-2.185271,E01005780
06J354824,2019,Slight,Female,21 - 25,Urban area,Least deprived 10%,2,1,Single carriageway,30,Not at junction or within 20 metres,Daylight,Fine no high winds,Wet or damp,None,Non-trunk,Going ahead other,On main c'way - not in restricted lane,None,None,Front,Journey as part of work,2019-03-17,11:00:00,Sunday,Stockport,E08000007,Urban,53.360336,-2.184972,E01005794
06J355247,2019,Slight,Male,36 - 45,Urban area,Less deprived 30-40%,2,1,Single carriageway,30,T or staggered junction,Darkness - lights lit,Fine no high winds,Dry,None,Non-trunk,Going ahead other,On main c'way - not in restricted lane,None,None,Front,Commuting to/from work,2019-03-21,19:45:00,Thursday,Stockport,E08000007,Urban,53.39519,-2.208718,E01005769
06J356272,2019,Slight,Male,6 - 10,Urban area,Least deprived 10%,2,1,Single carriageway,30,T or staggered junction,Daylight,Fine no high winds,Dry,None,Non-trunk,Going ahead other,Cycleway or shared use footway (not part of  main carriageway),None,None,Front,Not known,2019-05-03,17:53:00,Friday,Stockport,E08000007,Urban,53.364668,-2.153464,E01005809
06J356752,2019,Serious,Male,26 - 35,Rural,More deprived 40-50%,2,1,Roundabout,30,Roundabout,Daylight,Fine no high winds,Dry,None,Non-trunk,Going ahead other,On main c'way - not in restricted lane,None,None,Front,Commuting to/from work,2019-05-15,07:25:00,Wednesday,Stockport,E08000007,Rural,53.380369,-2.218327,E01005784
06J359395,2019,Slight,Male,36 - 45,Urban area,Least deprived 10%,2,1,Roundabout,30,Roundabout,Daylight,Fine no high winds,Dry,None,Non-trunk,Going ahead other,On main c'way - not in restricted lane,None,None,Offside,Not known,2019-11-19,09:20:00,Tuesday,Stockport,E08000007,Rural,53.380333,-2.218402,E01005784
06J359959,2019,Slight,Male,36 - 45,Urban area,More deprived 30-40%,2,1,Dual carriageway,40,Crossroads,Daylight,Fine no high winds,Dry,None,Non-trunk,Going ahead other,On main c'way - not in restricted lane,None,None,Front,Not known,2019-07-30,09:28:00,Tuesday,Stockport,E08000007,Urban,53.391895,-2.226492,E01005772
06J361170,2019,Slight,Male,46 - 55,Urban area,Least deprived 10%,2,1,Single carriageway,30,Not at junction or within 20 metres,Daylight,Fine no high winds,Dry,None,Non-trunk,Going ahead other,On main c'way - not in restricted lane,None,None,Did not impact,Not known,2019-08-26,19:00:00,Monday,Stockport,E08000007,Urban,53.354271,-2.164769,E01005925
06J362311,2019,Slight,Male,46 - 55,Urban area,Most deprived 10%,2,1,Roundabout,30,Roundabout,Daylight,Fine no high winds,Dry,None,Non-trunk,Going ahead other,On main c'way - not in restricted lane,None,None,Offside,Journey as part of work,2019-09-06,17:10:00,Friday,Stockport,E08000007,Rural,53.380262,-2.217725,E01005784
06J362459,2019,Slight,Male,16 - 20,Urban area,More deprived 20-30%,2,1,Single carriageway,20,Crossroads,Daylight,Raining no high winds,Wet or damp,None,Non-trunk,Going ahead other,On main c'way - not in restricted lane,None,None,Nearside,Pupil riding to/from school,2019-09-30,16:40:00,Monday,Stockport,E08000007,Urban,53.395913,-2.196165,E01005778
06J362618,2019,Slight,Male,56 - 65,Urban area,Less deprived 40-50%,2,1,Roundabout,30,Roundabout,Darkness - lights lit,Fine no high winds,Dry,None,Non-trunk,Going ahead other,On main c'way - not in restricted lane,None,None,Back,Not known,2019-09-19,06:05:00,Thursday,Stockport,E08000007,Rural,53.380369,-2.218252,E01005784
06J363890,2019,Slight,Male,21 - 25,Data missing or out of range,Data missing or out of range,2,1,Single carriageway,30,T or staggered junction,Daylight,Fine no high winds,Dry,None,Non-trunk,Going ahead other,On main c'way - not in restricted lane,None,None,Front,Not known,2019-10-29,15:19:00,Tuesday,Stockport,E08000007,Urban,53.395154,-2.213756,E01005769
06J364464,2019,Serious,Male,46 - 55,Urban area,Less deprived 40-50%,2,1,Single carriageway,30,T or staggered junction,Darkness - lights lit,Fine no high winds,Wet or damp,None,Non-trunk,Turning right,On main c'way - not in restricted lane,None,None,Back,Not known,2019-11-21,19:42:00,Thursday,Stockport,E08000007,Urban,53.385947,-2.210628,E01005784
06J364802,2019,Slight,Male,11 - 15,Urban area,Less deprived 20-30%,2,1,Single carriageway,30,T or staggered junction,Darkness - lights lit,Fine no high winds,Dry,None,Non-trunk,Going ahead other,On main c'way - not in restricted lane,None,None,Front,Not known,2019-11-20,16:24:00,Wednesday,Stockport,E08000007,Urban,53.39202,-2.235815,E01005770
06J365275,2019,Slight,Male,36 - 45,Urban area,Least deprived 10%,2,1,One way street,30,T or staggered junction,Daylight,Raining no high winds,Wet or damp,None,Non-trunk,Going ahead other,On main c'way - not in restricted lane,None,None,Offside,Not known,2019-12-13,15:01:00,Friday,Stockport,E08000007,Urban,53.395264,-2.212824,E01005774
06J365731,2019,Slight,Male,26 - 35,Data missing or out of range,Data missing or out of range,2,1,Roundabout,30,Roundabout,Daylight,Raining no high winds,Wet or damp,None,Non-trunk,Going ahead other,On main c'way - not in restricted lane,None,None,Nearside,Not known,2019-12-08,14:30:00,Sunday,Stockport,E08000007,Rural,53.380343,-2.217846,E01005784
06J462215,2019,Slight,Male,36 - 45,Urban area,Less deprived 20-30%,2,1,Single carriageway,30,T or staggered junction,Daylight,Fine no high winds,Dry,None,Non-trunk,Turning right,On main c'way - not in restricted lane,None,None,Did not impact,Not known,2019-09-15,17:15:00,Sunday,Stockport,E08000007,Urban,53.418809,-2.171248,E01005916
06K152940,2019,Slight,Male,36 - 45,Urban area,Most deprived 10%,2,1,Single carriageway,30,Not at junction or within 20 metres,Darkness - lighting unknown,Fine no high winds,Dry,None,Non-trunk,Going ahead other,On main c'way - not in restricted lane,None,None,Offside,Not known,2019-01-25,19:12:00,Friday,Bolton,E08000001,Urban,53.585036,-2.430071,E01033220
06K157672,2019,Slight,Female,26 - 35,Urban area,More deprived 10-20%,2,1,Single carriageway,30,T or staggered junction,Daylight,Fine no high winds,Dry,None,Non-trunk,Going ahead other,Bus lane,None,None,Front,Not known,2019-05-24,13:30:00,Friday,Bolton,E08000001,Urban,53.565688,-2.446317,E01004829
06K158856,2019,Slight,Male,16 - 20,Data missing or out of range,Data missing or out of range,2,1,Single carriageway,20,Private drive or entrance,Daylight,Fine no high winds,Dry,None,Non-trunk,Going ahead other,On main c'way - not in restricted lane,None,None,Back,Not known,2019-07-10,17:40:00,Wednesday,Bolton,E08000001,Urban,53.58728,-2.430909,E01004822
06K159527,2019,Serious,Male,46 - 55,Urban area,More deprived 10-20%,2,1,Single carriageway,30,T or staggered junction,Darkness - lights lit,Unknown,Dry,None,Non-trunk,Going ahead other,On main c'way - not in restricted lane,None,None,Back,Commuting to/from work,2019-07-28,22:20:00,Sunday,Bolton,E08000001,Urban,53.567341,-2.416679,E01004812
06K159643,2019,Serious,Male,11 - 15,Data missing or out of range,Data missing or out of range,2,1,Single carriageway,30,T or staggered junction,Daylight,Fine no high winds,Dry,None,Non-trunk,Going ahead other,On main c'way - not in restricted lane,None,None,Front,Not known,2019-11-25,14:00:00,Monday,Bolton,E08000001,Urban,53.569777,-2.456069,E01004827
06K163102,2019,Slight,Female,36 - 45,Urban area,Most deprived 10%,3,1,Single carriageway,30,T or staggered junction,Darkness - lighting unknown,Fine no high winds,Dry,None,Non-trunk,Going ahead other,Footway (pavement),None,None,Offside,Not known,2019-11-25,05:54:00,Monday,Bolton,E08000001,Urban,53.574073,-2.426954,E01004848
06K163428,2019,Serious,Male,11 - 15,Urban area,More deprived 40-50%,2,1,Unknown,30,Not at junction or within 20 metres,Darkness - lights lit,Fine no high winds,Dry,None,Non-trunk,Going ahead other,On main c'way - not in restricted lane,None,None,Nearside,Not known,2019-10-22,18:50:00,Tuesday,Bolton,E08000001,Urban,53.546673,-2.520733,E01004895
06K164394,2019,Slight,Male,26 - 35,Urban area,More deprived 20-30%,2,1,Single carriageway,30,T or staggered junction,Darkness - lighting unknown,Fine no high winds,Wet or damp,None,Non-trunk,Going ahead other,On main c'way - not in restricted lane,None,None,Back,Not known,2019-11-09,18:30:00,Saturday,Bolton,E08000001,Urban,53.576399,-2.449541,E01004871
06K165372,2019,Serious,Male,56 - 65,Urban area,More deprived 40-50%,2,1,Single carriageway,30,T or staggered junction,Daylight,Fine no high winds,Dry,None,Non-trunk,Going ahead other,On main c'way - not in restricted lane,None,None,Front,Not known,2019-12-08,15:10:00,Sunday,Bolton,E08000001,Urban,53.591931,-2.477414,E01004841
06K165975,2019,Slight,Male,16 - 20,Urban area,Most deprived 10%,2,1,Single carriageway,30,Private drive or entrance,Darkness - lighting unknown,Raining no high winds,Wet or damp,None,Non-trunk,Going ahead other,On main c'way - not in restricted lane,None,None,Front,Pupil riding to/from school,2019-11-07,15:30:00,Thursday,Bolton,E08000001,Urban,53.573625,-2.433897,E01004848
06K255036,2019,Serious,Male,36 - 45,Urban area,More deprived 20-30%,2,1,Single carriageway,30,T or staggered junction,Daylight,Fine no high winds,Dry,None,Non-trunk,Going ahead other,On main c'way - not in restricted lane,None,None,Did not impact,Not known,2019-03-21,18:04:00,Thursday,Bolton,E08000001,Urban,53.598401,-2.43276,E01004766
06K256262,2019,Serious,Male,26 - 35,Urban area,More deprived 30-40%,2,1,Single carriageway,30,T or staggered junction,Daylight,Fine no high winds,Dry,None,Non-trunk,Going ahead other,On main c'way - not in restricted lane,None,None,Did not impact,Not known,2019-05-03,17:51:00,Friday,Bolton,E08000001,Urban,53.587363,-2.529058,E01004886
06K257624,2019,Slight,Male,6 - 10,Data missing or out of range,Data missing or out of range,2,1,Single carriageway,30,T or staggered junction,Daylight,Fine no high winds,Dry,None,Non-trunk,Going ahead other,Bus lane,None,None,Front,Not known,2019-06-02,13:40:00,Sunday,Bolton,E08000001,Urban,53.5838,-2.455631,E01004923
06K257975,2019,Slight,Female,46 - 55,Urban area,More deprived 10-20%,2,1,Dual carriageway,30,More than 4 arms (not roundabout),Daylight,Fine no high winds,Dry,None,Non-trunk,Going ahead other,On main c'way - not in restricted lane,None,None,Front,Not known,2019-06-21,07:48:00,Friday,Bolton,E08000001,Urban,53.588595,-2.430319,E01004822
06K258082,2019,Slight,Male,11 - 15,Urban area,More deprived 30-40%,2,1,Single carriageway,30,Crossroads,Daylight,Fine no high winds,Dry,None,Non-trunk,Going ahead other,On main c'way - not in restricted lane,None,None,Front,Not known,2019-06-20,20:10:00,Thursday,Bolton,E08000001,Urban,53.581462,-2.389918,E01004796
06K258435,2019,Slight,Male,46 - 55,Urban area,Less deprived 20-30%,2,1,Single carriageway,30,T or staggered junction,Daylight,Fine no high winds,Dry,None,Non-trunk,Going ahead other,On main c'way - not in restricted lane,None,None,Front,Not known,2019-06-27,15:40:00,Thursday,Bolton,E08000001,Urban,53.587345,-2.529073,E01004886
06K259749,2019,Slight,Female,11 - 15,Data missing or out of range,Data missing or out of range,2,1,Single carriageway,30,T or staggered junction,Daylight,Fine no high winds,Dry,None,Non-trunk,Going ahead other,On main c'way - not in restricted lane,None,None,Front,Not known,2019-11-25,12:45:00,Monday,Bolton,E08000001,Urban,53.588054,-2.412805,E01004927
06K261262,2019,Slight,Male,11 - 15,Urban area,Less deprived 40-50%,2,1,Single carriageway,60,Not at junction or within 20 metres,Daylight,Fine no high winds,Dry,None,Non-trunk,Moving off,On main c'way - not in restricted lane,None,None,Offside,Not known,2019-08-04,19:45:00,Sunday,Bolton,E08000001,Rural,53.582899,-2.565586,E01004780
06K262118,2019,Slight,Male,36 - 45,Urban area,More deprived 40-50%,2,1,Single carriageway,30,T or staggered junction,Daylight,Fine no high winds,Dry,None,Non-trunk,Slowing or stopping,On main c'way - not in restricted lane,None,None,Back,Not known,2019-10-15,19:00:00,Tuesday,Bolton,E08000001,Urban,53.568907,-2.460348,E01004838
06K263389,2019,Serious,Male,66 - 75,Urban area,More deprived 10-20%,2,1,Single carriageway,30,Not at junction or within 20 metres,Daylight,Fine no high winds,Dry,None,Non-trunk,Going ahead other,On main c'way - not in restricted lane,None,None,Nearside,Not known,2019-10-12,12:00:00,Saturday,Bolton,E08000001,Urban,53.580314,-2.408062,E01004932
06K263627,2019,Slight,Male,26 - 35,Urban area,Less deprived 10-20%,2,1,Single carriageway,40,Crossroads,Darkness - lights lit,Fine no high winds,Dry,None,Non-trunk,Going ahead other,On main c'way - not in restricted lane,None,None,Nearside,Journey as part of work,2019-10-29,06:50:00,Tuesday,Bolton,E08000001,Urban,53.600985,-2.429251,E01004767
06K263968,2019,Serious,Male,46 - 55,Urban area,More deprived 40-50%,2,1,Roundabout,30,Roundabout,Daylight,Other,Wet or damp,None,Non-trunk,Going ahead other,On main c'way - not in restricted lane,None,None,Front,Commuting to/from work,2019-09-03,06:50:00,Tuesday,Bolton,E08000001,Urban,53.590802,-2.478746,E01004840
06K266390,2019,Slight,Male,36 - 45,Urban area,Least deprived 10%,2,1,Roundabout,30,Mini-roundabout,Darkness - lights lit,Raining + high winds,Wet or damp,None,Non-trunk,Going ahead other,On main c'way - not in restricted lane,None,None,Back,Not known,2019-11-04,18:26:00,Monday,Bolton,E08000001,Urban,53.601709,-2.554684,E01004777
06K352373,2019,Slight,Male,26 - 35,Urban area,Less deprived 30-40%,2,1,Roundabout,40,Roundabout,Daylight,Fine no high winds,Dry,None,Non-trunk,Moving off,On main c'way - not in restricted lane,None,None,Nearside,Not known,2019-01-08,15:25:00,Tuesday,Bolton,E08000001,Urban,53.543175,-2.450441,E01004833
06K354234,2019,Slight,Male,16 - 20,Urban area,Most deprived 10%,2,1,Single carriageway,30,Crossroads,Daylight,Fine no high winds,Dry,None,Non-trunk,Turning right,On main c'way - not in restricted lane,None,None,Front,Commuting to/from work,2019-02-25,06:45:00,Monday,Bolton,E08000001,Urban,53.554831,-2.400209,E01004857
06K355213,2019,Slight,Female,46 - 55,Urban area,More deprived 40-50%,2,1,Single carriageway,40,T or staggered junction,Daylight,Fine no high winds,Dry,None,Non-trunk,Going ahead other,On main c'way - not in restricted lane,None,None,Front,Not known,2019-03-31,10:35:00,Sunday,Bolton,E08000001,Rural,53.568447,-2.546036,E01004776
06K355839,2019,Slight,Male,36 - 45,Urban area,More deprived 20-30%,2,1,Roundabout,40,Roundabout,Daylight,Fine no high winds,Dry,None,Non-trunk,Going ahead other,On main c'way - not in restricted lane,None,None,Front,Not known,2019-04-19,13:16:00,Friday,Bolton,E08000001,Rural,53.551271,-2.496579,E01004891
06K357979,2019,Serious,Male,11 - 15,Urban area,Most deprived 10%,2,1,Single carriageway,30,T or staggered junction,Daylight,Fine no high winds,Dry,None,Non-trunk,Going ahead other,On main c'way - not in restricted lane,None,None,Front,Not known,2019-06-18,16:55:00,Tuesday,Bolton,E08000001,Urban,53.550345,-2.40311,E01004860
06K359815,2019,Slight,Male,21 - 25,Urban area,More deprived 30-40%,2,1,Single carriageway,30,T or staggered junction,Daylight,Fine no high winds,Dry,None,Non-trunk,Going ahead other,On main c'way - not in restricted lane,None,None,Front,Not known,2019-08-02,15:10:00,Friday,Bolton,E08000001,Urban,53.551238,-2.517091,E01004894
06K361967,2019,Slight,Male,11 - 15,Urban area,Most deprived 10%,2,1,Slip road,30,T or staggered junction,Daylight,Fine no high winds,Dry,None,Non-trunk,Going ahead other,On main c'way - not in restricted lane,None,None,Front,Not known,2019-09-18,17:32:00,Wednesday,Bolton,E08000001,Urban,53.55535,-2.411399,E01004856
06K365106,2019,Slight,Male,21 - 25,Urban area,Most deprived 10%,2,1,Single carriageway,30,T or staggered junction,Daylight,Fine no high winds,Dry,None,Non-trunk,Going ahead other,On main c'way - not in restricted lane,None,None,Offside,Journey as part of work,2019-11-22,08:15:00,Friday,Bolton,E08000001,Urban,53.561377,-2.383,E01004912
06L154542,2019,Slight,Female,56 - 65,Urban area,More deprived 40-50%,2,1,Dual carriageway,30,T or staggered junction,Daylight,Fine no high winds,Dry,None,Non-trunk,Going ahead other,On main c'way - not in restricted lane,None,None,Offside,Not known,2019-03-05,15:22:00,Tuesday,Wigan,E08000010,Urban,53.546606,-2.703948,E01006362
06L155324,2019,Slight,Male,46 - 55,Urban area,More deprived 40-50%,2,1,Single carriageway,30,T or staggered junction,Daylight,Fine no high winds,Dry,None,Non-trunk,Going ahead other,On main c'way - not in restricted lane,None,None,Front,Not known,2019-04-06,09:56:00,Saturday,Wigan,E08000010,Urban,53.556445,-2.611243,E01006391
06L156264,2019,Slight,Male,46 - 55,Urban area,More deprived 30-40%,2,1,Single carriageway,30,Not at junction or within 20 metres,Daylight,Fine no high winds,Dry,None,Non-trunk,Going ahead other,On main c'way - not in restricted lane,None,None,Front,Journey as part of work,2019-05-04,12:48:00,Saturday,Wigan,E08000010,Rural,53.584041,-2.628257,E01006231
06L156492,2019,Serious,Female,21 - 25,Data missing or out of range,Data missing or out of range,2,1,One way street,30,T or staggered junction,Daylight,Fine no high winds,Dry,None,Non-trunk,Going ahead other,On main c'way - not in restricted lane,None,None,Did not impact,Not known,2019-05-07,10:35:00,Tuesday,Wigan,E08000010,Urban,53.542468,-2.643758,E01006349
06L156604,2019,Serious,Male,46 - 55,Urban area,Most deprived 10%,2,1,Single carriageway,30,Private drive or entrance,Daylight,Fine no high winds,Dry,None,Non-trunk,Going ahead other,On main c'way - not in restricted lane,None,None,Did not impact,Not known,2019-05-12,15:00:00,Sunday,Wigan,E08000010,Urban,53.518034,-2.715691,E01006367
06L156818,2019,Slight,Male,Over 75,Urban area,Less deprived 10-20%,2,1,Single carriageway,30,Not at junction or within 20 metres,Daylight,Fine no high winds,Dry,None,Non-trunk,Going ahead other,On main c'way - not in restricted lane,None,None,Back,Not known,2019-05-18,08:10:00,Saturday,Wigan,E08000010,Rural,53.524974,-2.67683,E01006394
06L158241,2019,Slight,Male,11 - 15,Urban area,More deprived 10-20%,2,1,Single carriageway,30,Private drive or entrance,Daylight,Fine no high winds,Dry,None,Non-trunk,Going ahead other,On main c'way - not in restricted lane,None,None,Back,Pupil riding to/from school,2019-06-24,15:05:00,Monday,Wigan,E08000010,Urban,53.523336,-2.636258,E01006407
06L159917,2019,Slight,Male,46 - 55,Urban area,More deprived 40-50%,2,1,Single carriageway,30,Private drive or entrance,Daylight,Fine no high winds,Dry,None,Non-trunk,Going ahead other,On main c'way - not in restricted lane,None,None,Front,Not known,2019-08-02,12:25:00,Friday,Wigan,E08000010,Urban,53.518747,-2.71519,E01006367
06L159949,2019,Slight,Male,11 - 15,Urban area,More deprived 40-50%,2,1,Single carriageway,30,T or staggered junction,Daylight,Fine no high winds,Dry,None,Non-trunk,Going ahead other,On main c'way - not in restricted lane,None,None,Front,Not known,2019-07-29,16:15:00,Monday,Wigan,E08000010,Urban,53.542831,-2.65306,E01006349
06L160998,2019,Serious,Male,46 - 55,Urban area,More deprived 10-20%,2,1,Single carriageway,30,T or staggered junction,Daylight,Fine no high winds,Dry,None,Non-trunk,Going ahead other,On main c'way - not in restricted lane,None,None,Offside,Journey as part of work,2019-08-23,17:25:00,Friday,Wigan,E08000010,Urban,53.497297,-2.620779,E01006220
06L161334,2019,Serious,Male,26 - 35,Urban area,Less deprived 20-30%,2,1,Single carriageway,30,Crossroads,Daylight,Fine no high winds,Dry,None,Non-trunk,Turning right,On main c'way - not in restricted lane,None,None,Nearside,Not known,2019-09-08,09:31:00,Sunday,Wigan,E08000010,Urban,53.52215,-2.71576,E01006366
06L161556,2019,Slight,Male,11 - 15,Urban area,Least deprived 10%,2,1,Single carriageway,30,Not at junction or within 20 metres,Daylight,Raining no high winds,Wet or damp,None,Non-trunk,Going ahead other,On main c'way - not in restricted lane,None,None,Offside,Pupil riding to/from school,2019-09-09,09:20:00,Monday,Wigan,E08000010,Urban,53.5648,-2.632713,E01006372
06L161628,2019,Slight,Male,46 - 55,Urban area,Less deprived 10-20%,2,1,Single carriageway,30,Crossroads,Daylight,Fine no high winds,Dry,None,Non-trunk,Going ahead other,On main c'way - not in restricted lane,None,None,Front,Not known,2019-09-11,17:15:00,Wednesday,Wigan,E08000010,Urban,53.536977,-2.61997,E01006310
06L161689,2019,Slight,Male,6 - 10,Urban area,More deprived 10-20%,2,1,Single carriageway,20,T or staggered junction,Daylight,Fine no high winds,Wet or damp,None,Non-trunk,Going ahead other,Footway (pavement),None,None,Front,Not known,2019-09-12,17:20:00,Thursday,Wigan,E08000010,Urban,53.544838,-2.595954,E01006305
06L162034,2019,Slight,Male,36 - 45,Urban area,Less deprived 10-20%,2,1,Dual carriageway,30,Not at junction or within 20 metres,Daylight,Fine no high winds,Dry,None,Non-trunk,Going ahead other,On main c'way - not in restricted lane,None,None,Offside,Journey as part of work,2019-09-19,18:45:00,Thursday,Wigan,E08000010,Urban,53.530614,-2.654939,E01006404
06L162679,2019,Slight,Male,11 - 15,Urban area,Less deprived 10-20%,2,1,Single carriageway,30,T or staggered junction,Daylight,Fine no high winds,Dry,None,Non-trunk,Going ahead other,On main c'way - not in restricted lane,None,None,Back,Not known,2019-10-06,17:30:00,Sunday,Wigan,E08000010,Urban,53.586072,-2.665191,E01006319
06L163450,2019,Slight,Male,26 - 35,Urban area,More deprived 20-30%,2,1,Single carriageway,30,T or staggered junction,Daylight,Fine no high winds,Dry,None,Non-trunk,Going ahead other,Footway (pavement),None,None,Front,Commuting to/from work,2019-10-22,09:10:00,Tuesday,Wigan,E08000010,Urban,53.590415,-2.659881,E01006238
06L165415,2019,Slight,Male,11 - 15,Data missing or out of range,Data missing or out of range,2,1,Single carriageway,30,Crossroads,Daylight,Fine no high winds,Dry,None,Non-trunk,Going ahead other,On main c'way - not in restricted lane,None,None,Front,Taking pupil to/from school,2019-12-04,08:35:00,Wednesday,Wigan,E08000010,Urban,53.543299,-2.605334,E01006308
06L166353,2019,Slight,Male,66 - 75,Rural,More deprived 40-50%,2,1,Single carriageway,30,T or staggered junction,Daylight,Fine no high winds,Wet or damp,None,Non-trunk,Going ahead other,On main c'way - not in restricted lane,None,None,Front,Not known,2019-12-23,15:00:00,Monday,Wigan,E08000010,Urban,53.499484,-2.663821,E01006368
06L252010,2019,Serious,Male,56 - 65,Urban area,Less deprived 20-30%,2,1,One way street,30,T or staggered junction,Darkness - lights lit,Other,Dry,None,Non-trunk,Going ahead other,On main c'way - not in restricted lane,None,None,Offside,Not known,2019-01-04,18:12:00,Friday,Wigan,E08000010,Urban,53.529495,-2.473786,E01006290
06L253993,2019,Slight,Male,36 - 45,Data missing or out of range,Data missing or out of range,2,1,Single carriageway,30,Not at junction or within 20 metres,Daylight,Fine no high winds,Dry,Roadworks,Non-trunk,Going ahead other,On main c'way - not in restricted lane,None,None,Front,Not known,2019-02-22,17:00:00,Friday,Wigan,E08000010,Urban,53.502405,-2.447507,E01006385
06L254173,2019,Slight,Male,Over 75,Urban area,More deprived 20-30%,2,1,Single carriageway,30,T or staggered junction,Daylight,Fine no high winds,Wet or damp,None,Non-trunk,Going ahead other,On main c'way - not in restricted lane,None,None,Front,Not known,2019-01-20,11:46:00,Sunday,Wigan,E08000010,Urban,53.527651,-2.482876,E01006290
06L255836,2019,Serious,Male,66 - 75,Urban area,Least deprived 10%,1,3,Single carriageway,30,T or staggered junction,Daylight,Fine no high winds,Dry,None,Non-trunk,Going ahead other,On main c'way - not in restricted lane,None,None,Front,Not known,2019-04-21,10:45:00,Sunday,Wigan,E08000010,Urban,53.494513,-2.46417,E01006251
06L255846,2019,Serious,Female,36 - 45,Urban area,More deprived 40-50%,2,1,Single carriageway,30,T or staggered junction,Daylight,Fine no high winds,Dry,None,Non-trunk,Going ahead other,On main c'way - not in restricted lane,None,None,Back,Not known,2019-04-18,15:00:00,Thursday,Wigan,E08000010,Urban,53.532215,-2.583858,E01006269
06L255918,2019,Slight,Male,26 - 35,Urban area,Most deprived 10%,2,1,Single carriageway,30,T or staggered junction,Daylight,Fine no high winds,Dry,None,Non-trunk,Going ahead other,Cycleway or shared use footway (not part of  main carriageway),None,None,Front,Not known,2019-04-11,13:29:00,Thursday,Wigan,E08000010,Urban,53.508015,-2.518418,E01006337
06L256879,2019,Slight,Male,36 - 45,Urban area,More deprived 10-20%,2,1,Single carriageway,30,T or staggered junction,Daylight,Fine no high winds,Dry,None,Non-trunk,Going ahead other,On main c'way - not in restricted lane,None,None,Front,Not known,2019-05-17,18:00:00,Friday,Wigan,E08000010,Urban,53.518986,-2.480651,E01006292
06L259042,2019,Slight,Male,36 - 45,Urban area,More deprived 10-20%,2,1,Single carriageway,30,Not at junction or within 20 metres,Daylight,Fine no high winds,Dry,None,Non-trunk,Moving off,On main c'way - not in restricted lane,None,None,Front,Not known,2019-07-15,09:00:00,Monday,Wigan,E08000010,Urban,53.523518,-2.60297,E01006218
06L260222,2019,Slight,Male,11 - 15,Urban area,Least deprived 10%,2,1,Single carriageway,30,T or staggered junction,Daylight,Raining no high winds,Wet or damp,None,Non-trunk,Going ahead other,On main c'way - not in restricted lane,None,None,Offside,Not known,2019-07-09,15:20:00,Tuesday,Wigan,E08000010,Urban,53.475343,-2.553954,E01006302
06L261927,2019,Serious,Male,26 - 35,Urban area,Less deprived 40-50%,2,1,Single carriageway,30,Not at junction or within 20 metres,Daylight,Fine no high winds,Dry,None,Non-trunk,Going ahead other,On main c'way - not in restricted lane,None,None,Offside,Not known,2019-09-15,11:46:00,Sunday,Wigan,E08000010,Urban,53.545321,-2.576358,E01006271
06L263877,2019,Slight,Male,66 - 75,Urban area,More deprived 10-20%,2,1,Single carriageway,30,T or staggered junction,Daylight,Fine no high winds,Wet or damp,None,Non-trunk,Going ahead other,On main c'way - not in restricted lane,None,None,Back,Not known,2019-11-04,10:10:00,Monday,Wigan,E08000010,Urban,53.524319,-2.506113,E01006242
06L265724,2019,Slight,Male,11 - 15,Urban area,More deprived 10-20%,2,1,Single carriageway,30,T or staggered junction,Daylight,Fine no high winds,Dry,None,Non-trunk,Going ahead other,On main c'way - not in restricted lane,None,None,Offside,Not known,2019-11-08,16:45:00,Friday,Wigan,E08000010,Urban,53.522654,-2.487194,E01006244
06L266019,2019,Slight,Male,36 - 45,Urban area,More deprived 30-40%,2,1,Single carriageway,30,Not at junction or within 20 metres,Darkness - lighting unknown,Fine no high winds,Dry,None,Non-trunk,Going ahead other,On main c'way - not in restricted lane,None,None,Front,Not known,2019-12-17,19:00:00,Tuesday,Wigan,E08000010,Urban,53.512249,-2.463866,E01006381
06L266804,2019,Serious,Male,46 - 55,Urban area,Less deprived 40-50%,2,1,Single carriageway,60,Not at junction or within 20 metres,Daylight,Fine no high winds,Dry,None,Non-trunk,Going ahead other,On main c'way - not in restricted lane,None,None,Back,Not known,2019-12-16,12:00:00,Monday,Wigan,E08000010,Rural,53.468445,-2.599568,E01006348
06L562157,2019,Serious,Male,21 - 25,Urban area,More deprived 30-40%,2,1,Single carriageway,30,Crossroads,Daylight,Fine no high winds,Dry,None,Non-trunk,Going ahead other,On main c'way - not in restricted lane,None,None,Front,Not known,2019-09-21,13:28:00,Saturday,Wigan,E08000010,Rural,53.512649,-2.467143,E01006381
06M152401,2019,Slight,Male,46 - 55,Urban area,More deprived 20-30%,2,1,Single carriageway,30,Private drive or entrance,Darkness - lighting unknown,Fine no high winds,Dry,None,Non-trunk,Going ahead other,Cycle lane (on main carriageway),None,None,Front,Commuting to/from work,2019-01-08,16:50:00,Tuesday,Trafford,E08000009,Urban,53.45772,-2.288122,E01006186
06M153353,2019,Slight,Female,36 - 45,Urban area,More deprived 20-30%,2,1,Single carriageway,30,T or staggered junction,Daylight,Fine no high winds,Dry,None,Non-trunk,Turning right,On main c'way - not in restricted lane,None,None,Back,Not known,2019-01-28,08:03:00,Monday,Trafford,E08000009,Urban,53.455588,-2.2699,E01006113
06M155175,2019,Slight,Male,26 - 35,Urban area,Most deprived 10%,2,1,Dual carriageway,30,T or staggered junction,Daylight,Fine no high winds,Dry,None,Non-trunk,Going ahead other,On main c'way - not in restricted lane,None,None,Front,Commuting to/from work,2019-03-28,17:00:00,Thursday,Trafford,E08000009,Urban,53.445403,-2.324293,E01006184
06M155511,2019,Slight,Male,46 - 55,Urban area,Least deprived 10%,2,1,Single carriageway,30,Not at junction or within 20 metres,Daylight,Fine no high winds,Dry,None,Non-trunk,Going ahead other,On main c'way - not in restricted lane,None,None,Offside,Journey as part of work,2019-04-11,07:17:00,Thursday,Trafford,E08000009,Urban,53.416504,-2.324314,E01006097
06M155544,2019,Slight,Male,21 - 25,Urban area,More deprived 40-50%,3,1,Single carriageway,30,Crossroads,Daylight,Fine no high winds,Dry,None,Non-trunk,Going ahead other,On main c'way - not in restricted lane,None,None,Back,Not known,2019-04-11,09:35:00,Thursday,Trafford,E08000009,Urban,53.448611,-2.353061,E01006198
06M155601,2019,Slight,Male,46 - 55,Urban area,Less deprived 40-50%,2,1,Roundabout,30,Roundabout,Daylight,Fine no high winds,Dry,None,Non-trunk,Going ahead other,On main c'way - not in restricted lane,None,None,Back,Not known,2019-04-13,06:47:00,Saturday,Trafford,E08000009,Urban,53.457657,-2.357789,E01006118
06M155740,2019,Slight,Male,56 - 65,Data missing or out of range,Data missing or out of range,2,1,Single carriageway,30,T or staggered junction,Daylight,Fine no high winds,Dry,None,Non-trunk,Overtaking - nearside,On main c'way - not in restricted lane,None,None,Front,Not known,2019-05-15,16:15:00,Wednesday,Trafford,E08000009,Urban,53.452319,-2.33594,E01006156
06M156452,2019,Serious,Male,36 - 45,Data missing or out of range,Data missing or out of range,2,1,Dual carriageway,30,Not at junction or within 20 metres,Daylight,Fine no high winds,Dry,None,Non-trunk,Going ahead other,On main c'way - not in restricted lane,None,None,Offside,Not known,2019-05-07,13:30:00,Tuesday,Trafford,E08000009,Urban,53.462817,-2.28424,E01006186
06M156767,2019,Slight,Female,46 - 55,Urban area,More deprived 40-50%,2,1,Roundabout,30,Roundabout,Daylight,Fine no high winds,Dry,None,Non-trunk,Going ahead other,On main c'way - not in restricted lane,None,None,Front,Not known,2019-05-11,12:30:00,Saturday,Trafford,E08000009,Urban,53.45241,-2.287333,E01006141
06M156792,2019,Slight,Male,46 - 55,Urban area,Less deprived 30-40%,2,1,Roundabout,40,Roundabout,Daylight,Fine no high winds,Dry,None,Non-trunk,Going ahead other,On main c'way - not in restricted lane,None,None,Offside,Commuting to/from work,2019-05-14,18:00:00,Tuesday,Trafford,E08000009,Urban,53.465041,-2.356435,E01006121
06M156819,2019,Slight,Male,36 - 45,Urban area,Least deprived 10%,2,1,Single carriageway,40,T or staggered junction,Daylight,Fine no high winds,Dry,None,Non-trunk,Going ahead other,Cycle lane (on main carriageway),None,None,Front,Commuting to/from work,2019-05-14,17:30:00,Tuesday,Trafford,E08000009,Urban,53.443572,-2.309631,E01006144
06M157217,2019,Serious,Male,26 - 35,Urban area,Most deprived 10%,2,1,Single carriageway,30,T or staggered junction,Daylight,Fine no high winds,Dry,None,Non-trunk,Going ahead other,On main c'way - not in restricted lane,None,None,Offside,Not known,2019-05-28,16:15:00,Tuesday,Trafford,E08000009,Urban,53.454729,-2.298252,E01006187
06M157314,2019,Slight,Male,21 - 25,Urban area,More deprived 10-20%,2,1,Single carriageway,30,T or staggered junction,Daylight,Fine no high winds,Dry,None,Non-trunk,Turning right,On main c'way - not in restricted lane,None,None,Nearside,Not known,2019-05-23,19:50:00,Thursday,Trafford,E08000009,Urban,53.463798,-2.267979,E01006185
06M157748,2019,Slight,Male,36 - 45,Urban area,Most deprived 10%,2,1,One way street,30,T or staggered junction,Daylight,Fine no high winds,Wet or damp,None,Non-trunk,Going ahead other,On main c'way - not in restricted lane,None,None,Front,Not known,2019-06-11,09:00:00,Tuesday,Trafford,E08000009,Urban,53.46258,-2.273951,E01006188
06M157982,2019,Slight,Male,36 - 45,Urban area,More deprived 10-20%,2,1,Roundabout,30,Roundabout,Daylight,Fine no high winds,Dry,None,Non-trunk,Changing lane to right,On main c'way - not in restricted lane,None,None,Front,Commuting to/from work,2019-06-18,16:52:00,Tuesday,Trafford,E08000009,Urban,53.463855,-2.282575,E01006188
06M158464,2019,Slight,Male,36 - 45,Urban area,More deprived 40-50%,2,1,Single carriageway,30,More than 4 arms (not roundabout),Daylight,Fine no high winds,Dry,None,Non-trunk,Going ahead other,On main c'way - not in restricted lane,None,None,Nearside,Not known,2019-07-02,19:45:00,Tuesday,Trafford,E08000009,Urban,53.445371,-2.302312,E01006143
06M158491,2019,Slight,Male,26 - 35,Urban area,More deprived 10-20%,2,1,Single carriageway,30,T or staggered junction,Daylight,Raining no high winds,Dry,None,Non-trunk,Going ahead other,On main c'way - not in restricted lane,None,None,Offside,Not known,2019-06-15,10:00:00,Saturday,Manchester,E08000003,Urban,53.450602,-2.272685,E01005296
06M158615,2019,Slight,Female,26 - 35,Urban area,More deprived 10-20%,2,1,Single carriageway,30,T or staggered junction,Daylight,Fine no high winds,Dry,None,Non-trunk,Going ahead other,On main c'way - not in restricted lane,None,None,Offside,Not known,2019-07-03,19:35:00,Wednesday,Trafford,E08000009,Urban,53.465362,-2.25984,E01006185
06M158779,2019,Serious,Male,56 - 65,Urban area,Less deprived 20-30%,2,1,Single carriageway,30,T or staggered junction,Daylight,Fine no high winds,Dry,None,Non-trunk,Going ahead other,On main c'way - not in restricted lane,None,None,Nearside,Commuting to/from work,2019-07-09,05:40:00,Tuesday,Trafford,E08000009,Urban,53.457215,-2.358403,E01006118
06M159098,2019,Slight,Male,36 - 45,Urban area,More deprived 10-20%,2,1,Single carriageway,30,T or staggered junction,Daylight,Fine no high winds,Dry,None,Non-trunk,Waiting to go - held up,Cycle lane (on main carriageway),None,None,Front,Commuting to/from work,2019-07-09,08:00:00,Tuesday,Trafford,E08000009,Urban,53.462062,-2.27678,E01006145
06M159876,2019,Slight,Male,36 - 45,Urban area,More deprived 20-30%,2,1,Dual carriageway,30,Not at junction or within 20 metres,Daylight,Fine no high winds,Dry,None,Non-trunk,Going ahead other,On main c'way - not in restricted lane,None,None,Did not impact,Commuting to/from work,2019-08-01,10:20:00,Thursday,Trafford,E08000009,Urban,53.445503,-2.303201,E01006143
06M160626,2019,Serious,Female,21 - 25,Urban area,Most deprived 10%,2,1,Single carriageway,30,More than 4 arms (not roundabout),Darkness - lights lit,Fine no high winds,Dry,None,Non-trunk,Going ahead other,On main c'way - not in restricted lane,None,None,Offside,Not known,2019-08-25,02:30:00,Sunday,Manchester,E08000003,Urban,53.458822,-2.258203,E01005302
06M160850,2019,Serious,Male,46 - 55,Urban area,Less deprived 20-30%,2,1,Single carriageway,30,Not at junction or within 20 metres,Daylight,Fine no high winds,Wet or damp,None,Non-trunk,Going ahead other,On main c'way - not in restricted lane,None,None,Back,Not known,2019-07-26,17:15:00,Friday,Trafford,E08000009,Urban,53.455996,-2.291062,E01006141
06M161164,2019,Slight,Male,46 - 55,Urban area,Most deprived 10%,2,1,Dual carriageway,30,Crossroads,Daylight,Unknown,Dry,None,Non-trunk,Going ahead other,On main c'way - not in restricted lane,None,None,Back,Not known,2019-08-19,17:55:00,Monday,Trafford,E08000009,Urban,53.462926,-2.283955,E01006186
06M161691,2019,Slight,Female,26 - 35,Urban area,More deprived 20-30%,2,1,Single carriageway,30,Crossroads,Daylight,Fine no high winds,Dry,None,Non-trunk,Turning right,On main c'way - not in restricted lane,None,None,Offside,Not known,2019-09-13,09:00:00,Friday,Trafford,E08000009,Urban,53.445512,-2.31383,E01006179
06M163017,2019,Slight,Male,21 - 25,Urban area,More deprived 30-40%,2,1,Single carriageway,30,T or staggered junction,Daylight,Fine no high winds,Dry,None,Non-trunk,Going ahead other,On main c'way - not in restricted lane,None,None,Nearside,Not known,2019-10-03,17:00:00,Thursday,Trafford,E08000009,Urban,53.464136,-2.265918,E01006185
06M163196,2019,Slight,Male,56 - 65,Urban area,More deprived 30-40%,2,1,Single carriageway,30,Not at junction or within 20 metres,Daylight,Fine no high winds,Dry,None,Non-trunk,Overtaking static vehicle - offside,On main c'way - not in restricted lane,None,None,Nearside,Commuting to/from work,2019-10-18,13:37:00,Friday,Trafford,E08000009,Urban,53.448527,-2.354039,E01006198
06M163272,2019,Slight,Male,36 - 45,Urban area,More deprived 40-50%,2,1,Single carriageway,30,Crossroads,Daylight,Fine no high winds,Dry,None,Non-trunk,Going ahead other,Cycle lane (on main carriageway),None,None,Nearside,Not known,2019-10-15,08:15:00,Tuesday,Trafford,E08000009,Urban,53.458425,-2.286546,E01006145
06M163456,2019,Slight,Male,36 - 45,Urban area,Most deprived 10%,2,1,Dual carriageway,30,Not at junction or within 20 metres,Daylight,Raining no high winds,Wet or damp,None,Non-trunk,Changing lane to right,On main c'way - not in restricted lane,None,None,Nearside,Journey as part of work,2019-10-01,07:00:00,Tuesday,Trafford,E08000009,Urban,53.469457,-2.26589,E01006185
06M163911,2019,Slight,Female,26 - 35,Urban area,More deprived 30-40%,2,1,Single carriageway,30,Crossroads,Darkness - lighting unknown,Fine no high winds,Dry,None,Non-trunk,Going ahead other,On main c'way - not in restricted lane,None,None,Front,Not known,2019-10-29,05:45:00,Tuesday,Trafford,E08000009,Urban,53.462662,-2.306832,E01006157
06M164562,2019,Slight,Female,36 - 45,Urban area,Less deprived 40-50%,2,1,Single carriageway,30,T or staggered junction,Daylight,Fine no high winds,Dry,None,Non-trunk,Going ahead other,On main c'way - not in restricted lane,None,None,Front,Not known,2019-11-13,08:54:00,Wednesday,Trafford,E08000009,Urban,53.459973,-2.253737,E01006109
06M164795,2019,Serious,Male,26 - 35,Urban area,More deprived 10-20%,2,1,Single carriageway,40,Crossroads,Darkness - lights lit,Raining no high winds,Wet or damp,None,Non-trunk,Turning right,On main c'way - not in restricted lane,None,None,Front,Not known,2019-11-28,06:10:00,Thursday,Trafford,E08000009,Urban,53.464683,-2.289525,E01006157
06M165727,2019,Slight,Male,21 - 25,Urban area,Less deprived 20-30%,2,1,One way street,30,Not at junction or within 20 metres,Darkness - no lighting,Raining no high winds,Wet or damp,None,Non-trunk,Going ahead other,On main c'way - not in restricted lane,None,None,Nearside,Journey as part of work,2019-12-11,18:07:00,Wednesday,Trafford,E08000009,Urban,53.449364,-2.353775,E01006198
06M166004,2019,Slight,Male,26 - 35,Data missing or out of range,Data missing or out of range,2,1,Single carriageway,30,T or staggered junction,Daylight,Raining no high winds,Wet or damp,None,Non-trunk,Going ahead other,On main c'way - not in restricted lane,None,None,Back,Not known,2019-11-27,07:50:00,Wednesday,Trafford,E08000009,Urban,53.452694,-2.389701,E01006124
06M255042,2019,Slight,Female,66 - 75,Urban area,Least deprived 10%,2,1,Single carriageway,30,Private drive or entrance,Daylight,Fine no high winds,Dry,None,Non-trunk,Going ahead other,On main c'way - not in restricted lane,None,None,Nearside,Not known,2019-03-20,10:00:00,Wednesday,Trafford,E08000009,Urban,53.426308,-2.328497,E01006150
06M255361,2019,Slight,Male,26 - 35,Urban area,Less deprived 20-30%,2,1,Single carriageway,30,T or staggered junction,Daylight,Fine no high winds,Dry,None,Non-trunk,Going ahead other,Cycle lane (on main carriageway),None,None,Front,Not known,2019-04-03,17:25:00,Wednesday,Trafford,E08000009,Urban,53.419956,-2.303937,E01006174
06M256715,2019,Serious,Male,11 - 15,Urban area,Less deprived 30-40%,2,1,One way street,30,Not at junction or within 20 metres,Daylight,Fine no high winds,Dry,None,Non-trunk,Going ahead other,On main c'way - not in restricted lane,None,None,Front,Pupil riding to/from school,2019-05-15,08:52:00,Wednesday,Trafford,E08000009,Urban,53.420163,-2.300192,E01006178
06M256948,2019,Slight,Male,56 - 65,Urban area,Less deprived 10-20%,2,1,Single carriageway,30,Not at junction or within 20 metres,Daylight,Fine no high winds,Dry,None,Non-trunk,Overtaking static vehicle - offside,On main c'way - not in restricted lane,Open door of vehicle,None,Front,Not known,2019-05-10,18:00:00,Friday,Trafford,E08000009,Urban,53.420438,-2.331913,E01006150
06M257017,2019,Slight,Male,36 - 45,Data missing or out of range,Data missing or out of range,2,1,Dual carriageway,40,Not at junction or within 20 metres,Daylight,Fine no high winds,Dry,None,Non-trunk,Going ahead other,On main c'way - not in restricted lane,None,None,Nearside,Not known,2019-05-24,15:45:00,Friday,Trafford,E08000009,Urban,53.434152,-2.316396,E01006154
06M259388,2019,Slight,Male,46 - 55,Urban area,Less deprived 10-20%,2,1,Single carriageway,30,Crossroads,Daylight,Fine no high winds,Dry,Roadworks,Non-trunk,Going ahead other,On main c'way - not in restricted lane,None,None,Front,Not known,2019-07-18,19:25:00,Thursday,Trafford,E08000009,Urban,53.379173,-2.334762,E01006139
06M260192,2019,Slight,Male,66 - 75,Urban area,Less deprived 30-40%,2,1,Single carriageway,30,Not at junction or within 20 metres,Daylight,Fine no high winds,Dry,None,Non-trunk,Going ahead other,On main c'way - not in restricted lane,None,None,Offside,Not known,2019-08-02,11:30:00,Friday,Trafford,E08000009,Urban,53.370676,-2.338783,E01006134
06M260458,2019,Slight,Male,36 - 45,Rural,Less deprived 10-20%,2,1,Single carriageway,60,Not at junction or within 20 metres,Daylight,Fine no high winds,Dry,None,Non-trunk,Going ahead other,On main c'way - not in restricted lane,None,None,Back,Not known,2019-11-20,09:37:00,Wednesday,Trafford,E08000009,Urban,53.375213,-2.29574,E01006138
06M261368,2019,Slight,Male,26 - 35,Data missing or out of range,Data missing or out of range,2,1,Dual carriageway,30,T or staggered junction,Daylight,Fine no high winds,Dry,None,Non-trunk,Going ahead other,On main c'way - not in restricted lane,None,None,Nearside,Not known,2019-09-10,17:03:00,Tuesday,Trafford,E08000009,Urban,53.391299,-2.341008,E01006193
06M261660,2019,Slight,Male,46 - 55,Urban area,Less deprived 40-50%,2,1,Single carriageway,30,Crossroads,Daylight,Fine no high winds,Dry,None,Non-trunk,Going ahead other,On main c'way - not in restricted lane,None,None,Front,Not known,2019-09-16,13:15:00,Monday,Trafford,E08000009,Urban,53.424391,-2.302494,E01006174
06M261720,2019,Slight,Male,21 - 25,Urban area,More deprived 30-40%,2,1,Single carriageway,30,Crossroads,Daylight,Fine no high winds,Dry,None,Non-trunk,Going ahead other,On main c'way - not in restricted lane,None,None,Front,Commuting to/from work,2019-09-07,08:50:00,Saturday,Trafford,E08000009,Urban,53.41741,-2.325194,E01006163
06M262968,2019,Serious,Male,21 - 25,Small town,Less deprived 10-20%,2,1,Single carriageway,30,T or staggered junction,Daylight,Fine no high winds,Dry,None,Non-trunk,Turning right,On main c'way - not in restricted lane,None,None,Front,Not known,2019-10-16,15:44:00,Wednesday,Trafford,E08000009,Urban,53.375116,-2.360583,E01006085
06M263105,2019,Slight,Male,11 - 15,Urban area,More deprived 30-40%,2,1,Single carriageway,30,Crossroads,Daylight,Fine no high winds,Dry,None,Non-trunk,Going ahead other,On main c'way - not in restricted lane,None,None,Front,Pupil riding to/from school,2019-10-11,15:17:00,Friday,Trafford,E08000009,Urban,53.41455,-2.322509,E01006097
06M263202,2019,Slight,Male,21 - 25,Urban area,More deprived 20-30%,2,1,Single carriageway,30,Not at junction or within 20 metres,Darkness - lighting unknown,Fine no high winds,Dry,None,Non-trunk,Going ahead other,On main c'way - not in restricted lane,None,None,Back,Not known,2019-10-18,17:45:00,Friday,Trafford,E08000009,Urban,53.421917,-2.310286,E01006174
06M265447,2019,Serious,Male,11 - 15,Urban area,Most deprived 10%,2,1,Single carriageway,30,T or staggered junction,Daylight,Fine no high winds,Dry,None,Non-trunk,Going ahead other,On main c'way - not in restricted lane,None,None,Front,Not known,2019-12-05,15:30:00,Thursday,Trafford,E08000009,Urban,53.419505,-2.293793,E01006173
06M265804,2019,Slight,Female,21 - 25,Urban area,More deprived 40-50%,2,1,Roundabout,30,Roundabout,Darkness - lights lit,Raining no high winds,Wet or damp,None,Non-trunk,Going ahead left-hand bend,On main c'way - not in restricted lane,None,None,Offside,Not known,2019-12-13,18:05:00,Friday,Trafford,E08000009,Urban,53.399771,-2.309282,E01006204
06M266069,2019,Slight,Male,21 - 25,Urban area,Most deprived 10%,2,1,Single carriageway,60,T or staggered junction,Darkness - no lighting,Fine no high winds,Wet or damp,None,Non-trunk,Waiting to turn right,On main c'way - not in restricted lane,None,None,Front,Journey as part of work,2019-12-19,08:20:00,Thursday,Trafford,E08000009,Rural,53.408886,-2.407833,E01006087
06M266284,2019,Slight,Female,26 - 35,Urban area,Less deprived 20-30%,2,1,Single carriageway,30,T or staggered junction,Daylight,Fine no high winds,Dry,None,Non-trunk,Turning right,On main c'way - not in restricted lane,None,None,Back,Not known,2019-12-21,12:00:00,Saturday,Trafford,E08000009,Urban,53.426694,-2.322165,E01006160
06M362895,2019,Slight,Male,26 - 35,Data missing or out of range,Data missing or out of range,3,1,Single carriageway,30,Not at junction or within 20 metres,Daylight,Fine no high winds,Dry,None,Non-trunk,Going ahead other,On main c'way - not in restricted lane,None,None,Front,Not known,2019-10-08,10:50:00,Tuesday,Trafford,E08000009,Urban,53.453996,-2.266231,E01006115
06N154115,2019,Slight,Male,26 - 35,Data missing or out of range,Data missing or out of range,2,1,Single carriageway,30,T or staggered junction,Daylight,Fine no high winds,Dry,None,Non-trunk,Overtaking - nearside,On main c'way - not in restricted lane,None,None,Front,Not known,2019-02-26,08:15:00,Tuesday,Bury,E08000002,Urban,53.598696,-2.308556,E01004964
06N154311,2019,Slight,Male,21 - 25,Urban area,More deprived 10-20%,2,1,Single carriageway,30,Private drive or entrance,Daylight,Fine no high winds,Dry,None,Non-trunk,Going ahead other,Cycle lane (on main carriageway),Parked vehicle,Road sign or traffic signal,Did not impact,Not known,2019-02-27,09:32:00,Wednesday,Bury,E08000002,Urban,53.570644,-2.294233,E01005060
06N155232,2019,Slight,Male,56 - 65,Urban area,Less deprived 10-20%,2,1,Single carriageway,30,T or staggered junction,Daylight,Fine no high winds,Dry,None,Non-trunk,Going ahead other,On main c'way - not in restricted lane,None,None,Back,Not known,2019-03-29,12:40:00,Friday,Bury,E08000002,Urban,53.64765,-2.303574,E01005022
06N156871,2019,Serious,Male,6 - 10,Data missing or out of range,Data missing or out of range,3,1,Single carriageway,30,Crossroads,Daylight,Fine no high winds,Dry,None,Non-trunk,Turning right,On main c'way - not in restricted lane,None,None,Front,Not known,2019-05-20,20:45:00,Monday,Bury,E08000002,Urban,53.593496,-2.281504,E01004959
06N157704,2019,Slight,Male,26 - 35,Urban area,Less deprived 40-50%,2,1,Single carriageway,30,More than 4 arms (not roundabout),Daylight,Raining no high winds,Wet or damp,None,Non-trunk,Slowing or stopping,On main c'way - not in restricted lane,None,None,Front,Not known,2019-06-02,12:46:00,Sunday,Bury,E08000002,Urban,53.634123,-2.333935,E01005019
06N161137,2019,Slight,Female,36 - 45,Urban area,More deprived 30-40%,1,1,Single carriageway,30,T or staggered junction,Daylight,Fine no high winds,Dry,None,Non-trunk,Going ahead other,On main c'way - not in restricted lane,Bollard or refuge,None,Front,Not known,2019-09-01,16:50:00,Sunday,Bury,E08000002,Urban,53.586313,-2.32463,E01004951
06N161552,2019,Slight,Male,16 - 20,Urban area,More deprived 10-20%,2,1,Single carriageway,20,Not at junction or within 20 metres,Darkness - lighting unknown,Fine no high winds,Dry,None,Non-trunk,Going ahead other,On main c'way - not in restricted lane,None,None,Back,Not known,2019-08-30,05:45:00,Friday,Bury,E08000002,Urban,53.58326,-2.284442,E01005028
06N164329,2019,Slight,Female,21 - 25,Urban area,More deprived 20-30%,2,1,Single carriageway,30,Not at junction or within 20 metres,Daylight,Fine no high winds,Dry,None,Non-trunk,Going ahead other,On main c'way - not in restricted lane,None,None,Back,Not known,2019-11-18,08:30:00,Monday,Bury,E08000002,Urban,53.608894,-2.313603,E01004965
06N235383,2019,Slight,Male,46 - 55,Urban area,Less deprived 40-50%,2,1,Single carriageway,30,T or staggered junction,Daylight,Fine no high winds,Dry,None,Non-trunk,Going ahead other,Cycle lane (on main carriageway),None,None,Front,Journey as part of work,2019-02-14,08:40:00,Thursday,Bury,E08000002,Urban,53.578808,-2.373778,E01005000
06N255251,2019,Slight,Male,46 - 55,Urban area,More deprived 40-50%,2,1,Roundabout,30,Mini-roundabout,Daylight,Fine no high winds,Dry,None,Non-trunk,Going ahead other,On main c'way - not in restricted lane,None,None,Nearside,Not known,2019-03-26,09:18:00,Tuesday,Bury,E08000002,Urban,53.539463,-2.27179,E01004970
06N255686,2019,Slight,Male,11 - 15,Urban area,More deprived 20-30%,3,1,Single carriageway,30,T or staggered junction,Daylight,Fine no high winds,Dry,None,Non-trunk,Waiting to turn right,On main c'way - not in restricted lane,None,None,Front,Not known,2019-04-08,14:25:00,Monday,Bury,E08000002,Urban,53.554682,-2.318334,E01005013
06N257248,2019,Slight,Male,11 - 15,Urban area,More deprived 30-40%,2,1,Single carriageway,30,T or staggered junction,Daylight,Fine no high winds,Dry,None,Non-trunk,Going ahead other,On main c'way - not in restricted lane,None,None,Nearside,Pupil riding to/from school,2019-05-14,15:18:00,Tuesday,Bury,E08000002,Urban,53.531278,-2.274288,E01004975
06N257618,2019,Slight,Male,6 - 10,Data missing or out of range,Data missing or out of range,2,1,Single carriageway,30,Not at junction or within 20 metres,Daylight,Fine no high winds,Dry,None,Non-trunk,Going ahead other,On main c'way - not in restricted lane,None,None,Front,Not known,2019-05-20,18:20:00,Monday,Bury,E08000002,Urban,53.541636,-2.276558,E01004971
06N258296,2019,Slight,Male,11 - 15,Urban area,Less deprived 30-40%,2,1,Single carriageway,30,Crossroads,Daylight,Fine no high winds,Dry,None,Non-trunk,Going ahead other,On main c'way - not in restricted lane,None,None,Offside,Pupil riding to/from school,2019-06-21,13:08:00,Friday,Bury,E08000002,Urban,53.518969,-2.271976,E01005044
06N263307,2019,Slight,Male,21 - 25,Urban area,More deprived 30-40%,2,1,Single carriageway,30,T or staggered junction,Daylight,Fine no high winds,Dry,None,Non-trunk,Going ahead other,Cycle lane (on main carriageway),None,None,Front,Not known,2019-10-03,17:50:00,Thursday,Bury,E08000002,Urban,53.554603,-2.296703,E01005007
06N264517,2019,Serious,Male,46 - 55,Urban area,More deprived 20-30%,2,1,Single carriageway,30,T or staggered junction,Daylight,Fine no high winds,Dry,None,Non-trunk,Going ahead other,On main c'way - not in restricted lane,None,None,Front,Not known,2019-10-21,16:40:00,Monday,Bury,E08000002,Urban,53.541505,-2.286652,E01004983
06N265519,2019,Slight,Male,36 - 45,Rural,More deprived 10-20%,2,1,Single carriageway,30,Not at junction or within 20 metres,Darkness - lights lit,Fine no high winds,Dry,None,Non-trunk,Going ahead other,On main c'way - not in restricted lane,None,None,Front,Not known,2019-12-10,07:00:00,Tuesday,Bury,E08000002,Urban,53.519104,-2.271962,E01005044
06N266088,2019,Slight,Male,56 - 65,Urban area,More deprived 40-50%,2,1,Single carriageway,30,T or staggered junction,Darkness - lighting unknown,Raining no high winds,Wet or damp,None,Non-trunk,Going ahead other,On main c'way - not in restricted lane,None,None,Front,Not known,2019-11-07,18:05:00,Thursday,Bury,E08000002,Urban,53.572188,-2.312713,E01004992
06P154704,2019,Slight,Male,26 - 35,Data missing or out of range,Data missing or out of range,2,1,Single carriageway,30,Crossroads,Darkness - lights lit,Snowing + high winds,Dry,None,Non-trunk,Turning left,On main c'way - not in restricted lane,None,None,Back,Not known,2019-03-16,18:45:00,Saturday,Rochdale,E08000005,Urban,53.62221,-2.181293,E01005591
06P157347,2019,Slight,Male,11 - 15,Urban area,Most deprived 10%,2,1,Single carriageway,30,T or staggered junction,Daylight,Fine no high winds,Dry,None,Non-trunk,Going ahead other,On main c'way - not in restricted lane,None,None,Front,Pupil riding to/from school,2019-05-16,08:02:00,Thursday,Rochdale,E08000005,Urban,53.615043,-2.171165,E01005590
06P158542,2019,Slight,Male,36 - 45,Data missing or out of range,Data missing or out of range,2,1,Single carriageway,30,Not at junction or within 20 metres,Daylight,Fine no high winds,Dry,None,Non-trunk,Going ahead other,On main c'way - not in restricted lane,None,None,Front,Commuting to/from work,2019-06-20,08:20:00,Thursday,Rochdale,E08000005,Urban,53.624728,-2.167893,E01005487
06P158631,2019,Slight,Male,16 - 20,Data missing or out of range,Data missing or out of range,2,1,Dual carriageway,30,Private drive or entrance,Daylight,Fine no high winds,Dry,None,Non-trunk,Going ahead other,On main c'way - not in restricted lane,None,None,Front,Not known,2019-07-01,19:15:00,Monday,Rochdale,E08000005,Urban,53.618984,-2.161581,E01005482
06P166762,2019,Serious,Male,36 - 45,Rural,Less deprived 40-50%,2,1,Single carriageway,30,T or staggered junction,Darkness - lights lit,Fine no high winds,Wet or damp,None,Non-trunk,Going ahead other,On main c'way - not in restricted lane,None,None,Front,Commuting to/from work,2019-12-06,18:00:00,Friday,Rochdale,E08000005,Urban,53.617261,-2.166578,E01005482
06P253746,2019,Fatal,Male,16 - 20,Urban area,More deprived 10-20%,2,1,Single carriageway,50,Not at junction or within 20 metres,Darkness - no lighting,Fine no high winds,Dry,None,Non-trunk,Going ahead other,On main c'way - not in restricted lane,None,None,Back,Not known,2019-02-21,23:02:00,Thursday,Rochdale,E08000005,Rural,53.621407,-2.109826,E01005555
06P254948,2019,Fatal,Male,11 - 15,Urban area,Most deprived 10%,2,1,Single carriageway,30,T or staggered junction,Darkness - lights lit,Fine no high winds,Dry,None,Non-trunk,Going ahead other,On main c'way - not in restricted lane,None,None,Nearside,Not known,2019-03-25,21:00:00,Monday,Rochdale,E08000005,Urban,53.614466,-2.138316,E01005569
06P255672,2019,Slight,Female,11 - 15,Urban area,Less deprived 40-50%,2,1,Single carriageway,30,T or staggered junction,Daylight,Fine no high winds,Dry,None,Non-trunk,Going ahead other,On main c'way - not in restricted lane,None,None,Offside,Not known,2019-04-01,07:15:00,Monday,Rochdale,E08000005,Urban,53.600376,-2.097652,E01005562
06P260014,2019,Serious,Male,21 - 25,Data missing or out of range,Data missing or out of range,2,1,Single carriageway,30,T or staggered junction,Daylight,Fine no high winds,Wet or damp,None,Non-trunk,Going ahead other,On main c'way - not in restricted lane,None,None,Nearside,Not known,2019-07-29,19:05:00,Monday,Rochdale,E08000005,Urban,53.662854,-2.083678,E01005518
06P260821,2019,Serious,Male,36 - 45,Urban area,Less deprived 20-30%,2,1,Single carriageway,30,Private drive or entrance,Daylight,Fine no high winds,Dry,None,Non-trunk,Going ahead other,On main c'way - not in restricted lane,None,None,Front,Commuting to/from work,2019-08-21,06:31:00,Wednesday,Rochdale,E08000005,Urban,53.612198,-2.132534,E01005569
06P262169,2019,Slight,Male,26 - 35,Data missing or out of range,Data missing or out of range,2,1,Single carriageway,30,T or staggered junction,Daylight,Raining no high winds,Wet or damp,None,Non-trunk,Going ahead other,On main c'way - not in restricted lane,None,None,Front,Not known,2019-09-23,08:00:00,Monday,Rochdale,E08000005,Urban,53.601981,-2.145921,E01005465
06P263525,2019,Serious,Male,36 - 45,Urban area,More deprived 10-20%,2,1,Single carriageway,30,Not at junction or within 20 metres,Daylight,Fine no high winds,Dry,None,Non-trunk,Going ahead other,On main c'way - not in restricted lane,None,None,Front,Not known,2019-10-13,13:00:00,Sunday,Rochdale,E08000005,Rural,53.604444,-2.079285,E01005561
06P264395,2019,Slight,Male,16 - 20,Urban area,More deprived 20-30%,2,1,Single carriageway,30,T or staggered junction,Darkness - lights lit,Fine no high winds,Wet or damp,None,Non-trunk,Turning right,On main c'way - not in restricted lane,None,None,Front,Not known,2019-11-03,05:50:00,Sunday,Rochdale,E08000005,Urban,53.633726,-2.114183,E01005596
06P266421,2019,Serious,Male,26 - 35,Urban area,Most deprived 10%,2,1,Single carriageway,30,Not at junction or within 20 metres,Daylight,Fine no high winds,Dry,None,Non-trunk,Going ahead other,On main c'way - not in restricted lane,None,None,Offside,Not known,2019-11-08,15:45:00,Friday,Rochdale,E08000005,Urban,53.595827,-2.17074,E01005478
06P352517,2019,Slight,Male,26 - 35,Urban area,More deprived 20-30%,2,1,Roundabout,30,Roundabout,Daylight,Fine no high winds,Dry,None,Non-trunk,Going ahead other,On main c'way - not in restricted lane,None,None,Back,Not known,2019-01-12,09:00:00,Saturday,Rochdale,E08000005,Urban,53.548629,-2.194697,E01005539
06P354043,2019,Slight,Male,16 - 20,Urban area,Most deprived 10%,2,1,Single carriageway,30,T or staggered junction,Darkness - lights lit,Fine no high winds,Dry,None,Non-trunk,Going ahead other,On main c'way - not in restricted lane,Kerb,None,Nearside,Not known,2019-02-16,20:50:00,Saturday,Rochdale,E08000005,Urban,53.589675,-2.217289,E01005502
06P357793,2019,Slight,Male,56 - 65,Urban area,More deprived 40-50%,2,1,Single carriageway,30,T or staggered junction,Daylight,Fine no high winds,Dry,Road surface defective,Non-trunk,Going ahead other,On main c'way - not in restricted lane,None,None,Offside,Not known,2019-06-09,11:52:00,Sunday,Rochdale,E08000005,Urban,53.593384,-2.228776,E01005501
06P358869,2019,Slight,Male,16 - 20,Urban area,More deprived 20-30%,2,1,Single carriageway,20,Not at junction or within 20 metres,Daylight,Fine no high winds,Dry,None,Non-trunk,Going ahead other,On main c'way - not in restricted lane,None,None,Offside,Not known,2019-05-03,08:50:00,Friday,Rochdale,E08000005,Urban,53.588978,-2.247529,E01005513
06P359351,2019,Slight,Male,16 - 20,Urban area,More deprived 20-30%,2,1,Single carriageway,30,Private drive or entrance,Daylight,Fine no high winds,Dry,None,Non-trunk,Going ahead other,On main c'way - not in restricted lane,None,None,Front,Not known,2019-07-05,18:10:00,Friday,Rochdale,E08000005,Urban,53.588738,-2.233026,E01005505
06P359373,2019,Slight,Male,11 - 15,Urban area,More deprived 10-20%,2,1,Single carriageway,30,T or staggered junction,Daylight,Fine no high winds,Dry,None,Non-trunk,Going ahead other,On main c'way - not in restricted lane,None,None,Front,Not known,2019-07-07,13:30:00,Sunday,Rochdale,E08000005,Urban,53.593375,-2.228715,E01005509
06P360548,2019,Slight,Male,46 - 55,Data missing or out of range,Data missing or out of range,2,1,Single carriageway,20,T or staggered junction,Daylight,Fine no high winds,Dry,None,Non-trunk,Going ahead other,On main c'way - not in restricted lane,None,None,Offside,Not known,2019-07-06,09:50:00,Saturday,Rochdale,E08000005,Urban,53.562327,-2.194247,E01005525
06P360571,2019,Serious,Male,6 - 10,Data missing or out of range,Data missing or out of range,2,1,Single carriageway,20,Crossroads,Daylight,Fine no high winds,Dry,None,Non-trunk,Going ahead other,On main c'way - not in restricted lane,None,None,Front,Not known,2019-08-17,15:58:00,Saturday,Rochdale,E08000005,Urban,53.557788,-2.205155,E01005529
06P365505,2019,Slight,Male,16 - 20,Urban area,More deprived 30-40%,2,1,Single carriageway,30,Not at junction or within 20 metres,Darkness - lights lit,Fine no high winds,Dry,None,Non-trunk,Going ahead other,On main c'way - not in restricted lane,None,None,Back,Not known,2019-12-08,18:00:00,Sunday,Rochdale,E08000005,Urban,53.548256,-2.197004,E01005539
06Q152580,2019,Slight,Male,11 - 15,Urban area,More deprived 10-20%,2,1,Single carriageway,30,Crossroads,Darkness - lighting unknown,Raining no high winds,Wet or damp,None,Non-trunk,Going ahead other,On main c'way - not in restricted lane,None,None,Offside,Not known,2019-01-11,18:00:00,Friday,Oldham,E08000004,Urban,53.550578,-2.09011,E01005421
06Q153302,2019,Slight,Male,36 - 45,Urban area,More deprived 20-30%,2,1,Single carriageway,30,Roundabout,Darkness - lights lit,Snowing no high winds,Snow,None,Non-trunk,Going ahead right-hand bend,On main c'way - not in restricted lane,None,None,Front,Not known,2019-01-29,21:36:00,Tuesday,Oldham,E08000004,Urban,53.53737,-2.115355,E01005434
06Q155966,2019,Slight,Male,56 - 65,Urban area,More deprived 40-50%,2,1,Single carriageway,30,Crossroads,Darkness - lights lit,Fine no high winds,Dry,None,Non-trunk,Going ahead other,On main c'way - not in restricted lane,None,None,Nearside,Not known,2019-04-10,05:30:00,Wednesday,Oldham,E08000004,Urban,53.542501,-2.096808,E01005429
06Q156820,2019,Slight,Male,0 - 5,Data missing or out of range,Data missing or out of range,2,1,Dual carriageway,20,Not at junction or within 20 metres,Daylight,Fine no high winds,Dry,None,Non-trunk,Going ahead other,On main c'way - not in restricted lane,None,None,Front,Commuting to/from work,2019-05-11,20:15:00,Saturday,Oldham,E08000004,Urban,53.550081,-2.131313,E01005351
06Q157079,2019,Slight,Male,26 - 35,Urban area,Less deprived 30-40%,2,1,Single carriageway,30,T or staggered junction,Daylight,Fine no high winds,Dry,None,Non-trunk,Going ahead other,On main c'way - not in restricted lane,None,None,Front,Not known,2019-05-22,09:25:00,Wednesday,Oldham,E08000004,Urban,53.541283,-2.091268,E01005428
06Q157286,2019,Slight,Male,11 - 15,Urban area,More deprived 10-20%,2,1,Single carriageway,20,T or staggered junction,Daylight,Fine no high winds,Dry,None,Non-trunk,Going ahead other,Footway (pavement),None,None,Nearside,Not known,2019-05-25,17:41:00,Saturday,Oldham,E08000004,Urban,53.53308,-2.118195,E01005435
06Q160335,2019,Serious,Male,6 - 10,Urban area,More deprived 10-20%,2,1,Single carriageway,20,T or staggered junction,Darkness - lighting unknown,Fine no high winds,Dry,None,Non-trunk,Going ahead other,Footway (pavement),None,None,Front,Not known,2019-08-06,02:20:00,Tuesday,Oldham,E08000004,Urban,53.538991,-2.091806,E01005430
06Q161553,2019,Slight,Male,26 - 35,Urban area,More deprived 10-20%,2,1,Single carriageway,30,More than 4 arms (not roundabout),Darkness - lights lit,Raining no high winds,Wet or damp,None,Non-trunk,Going ahead other,On main c'way - not in restricted lane,None,None,Front,Not known,2019-09-03,21:55:00,Tuesday,Oldham,E08000004,Urban,53.53568,-2.115668,E01005459
06Q161860,2019,Serious,Male,46 - 55,Urban area,Most deprived 10%,2,1,Dual carriageway,30,T or staggered junction,Darkness - lights lit,Fine no high winds,Dry,None,Non-trunk,Going ahead other,On main c'way - not in restricted lane,None,None,Offside,Not known,2019-08-07,22:28:00,Wednesday,Oldham,E08000004,Urban,53.532464,-2.114452,E01005434
06Q165947,2019,Slight,Male,56 - 65,Urban area,More deprived 10-20%,2,1,Single carriageway,30,T or staggered junction,Darkness - lights lit,Raining + high winds,Wet or damp,None,Non-trunk,Going ahead other,On main c'way - not in restricted lane,None,None,Front,Journey as part of work,2019-12-10,17:57:00,Tuesday,Oldham,E08000004,Urban,53.530568,-2.113135,E01005434
06Q166691,2019,Serious,Male,26 - 35,Urban area,Most deprived 10%,2,1,Single carriageway,30,Crossroads,Darkness - lights lit,Fine no high winds,Dry,None,Non-trunk,Going ahead other,Tram/Light rail track,None,None,Front,Not known,2019-12-16,19:45:00,Monday,Oldham,E08000004,Urban,53.539562,-2.116584,E01005459
06Q253883,2019,Serious,Male,46 - 55,Urban area,More deprived 10-20%,2,1,One way street,30,T or staggered junction,Daylight,Fine no high winds,Dry,None,Non-trunk,Going ahead other,On main c'way - not in restricted lane,None,None,Front,Not known,2019-02-19,11:45:00,Tuesday,Oldham,E08000004,Urban,53.548186,-2.005709,E01005412
06Q254337,2019,Slight,Male,56 - 65,Urban area,More deprived 30-40%,2,1,Single carriageway,30,Mini-roundabout,Darkness - lights lit,Fine no high winds,Dry,None,Non-trunk,Going ahead other,On main c'way - not in restricted lane,None,Telegraph or electricity pole,Did not impact,Commuting to/from work,2019-02-26,22:20:00,Tuesday,Oldham,E08000004,Urban,53.531893,-2.150371,E01005332
06Q254934,2019,Slight,Female,36 - 45,Data missing or out of range,Data missing or out of range,2,1,Single carriageway,40,T or staggered junction,Daylight,Fine no high winds,Dry,None,Non-trunk,Going ahead other,On main c'way - not in restricted lane,None,None,Front,Not known,2019-03-20,17:30:00,Wednesday,Oldham,E08000004,Urban,53.537704,-2.02306,E01005407
06Q255178,2019,Slight,Male,56 - 65,Rural,Less deprived 10-20%,2,1,Single carriageway,40,T or staggered junction,Daylight,Fine no high winds,Dry,None,Non-trunk,Going ahead other,On main c'way - not in restricted lane,None,None,Nearside,Journey as part of work,2019-03-29,17:30:00,Friday,Oldham,E08000004,Urban,53.537767,-2.02315,E01005407
06Q255762,2019,Slight,Male,11 - 15,Urban area,Less deprived 30-40%,2,1,One way street,30,Not at junction or within 20 metres,Daylight,Fine no high winds,Dry,None,Non-trunk,Going ahead other,On main c'way - not in restricted lane,None,None,Front,Not known,2019-04-03,19:27:00,Wednesday,Oldham,E08000004,Urban,53.585757,-2.091606,E01005441
06Q256160,2019,Serious,Male,26 - 35,Urban area,Most deprived 10%,2,1,Single carriageway,30,T or staggered junction,Daylight,Fine no high winds,Dry,None,Non-trunk,Overtaking - nearside,On main c'way - not in restricted lane,None,None,Offside,Not known,2019-04-10,10:35:00,Wednesday,Oldham,E08000004,Urban,53.520442,-2.136033,E01005378
06Q256407,2019,Slight,Male,21 - 25,Urban area,Less deprived 30-40%,2,1,Single carriageway,30,Crossroads,Daylight,Fine no high winds,Dry,None,Non-trunk,Overtaking static vehicle - offside,On main c'way - not in restricted lane,None,None,Front,Commuting to/from work,2019-04-29,14:05:00,Monday,Oldham,E08000004,Urban,53.577272,-2.091587,E01005446
06Q256887,2019,Slight,Male,21 - 25,Urban area,More deprived 40-50%,2,1,Roundabout,30,Roundabout,Daylight,Fine no high winds,Dry,None,Non-trunk,Going ahead other,On main c'way - not in restricted lane,None,None,Nearside,Not known,2019-04-22,11:42:00,Monday,Oldham,E08000004,Urban,53.574085,-2.098013,E01005447
06Q259823,2019,Slight,Male,6 - 10,Urban area,More deprived 30-40%,2,1,Single carriageway,30,Not at junction or within 20 metres,Daylight,Fine no high winds,Dry,None,Non-trunk,Going ahead other,On main c'way - not in restricted lane,None,None,Front,Not known,2019-07-29,19:50:00,Monday,Oldham,E08000004,Urban,53.539712,-2.143684,E01005328
06Q259967,2019,Slight,Male,6 - 10,Data missing or out of range,Data missing or out of range,2,1,Single carriageway,30,T or staggered junction,Darkness - lights unlit,Raining no high winds,Wet or damp,None,Non-trunk,Going ahead other,On main c'way - not in restricted lane,None,None,Front,Not known,2019-07-31,21:00:00,Wednesday,Oldham,E08000004,Urban,53.546803,-2.089801,E01005448
06Q261179,2019,Slight,Male,26 - 35,Urban area,Less deprived 20-30%,2,1,Roundabout,30,Roundabout,Daylight,Raining no high winds,Wet or damp,None,Non-trunk,Going ahead other,On main c'way - not in restricted lane,None,None,Nearside,Not known,2019-08-28,16:03:00,Wednesday,Oldham,E08000004,Urban,53.547172,-2.165276,E01005333
06Q261309,2019,Slight,Male,66 - 75,Urban area,Less deprived 10-20%,2,1,Single carriageway,30,T or staggered junction,Daylight,Fine no high winds,Dry,Roadworks,Non-trunk,Going ahead other,On main c'way - not in restricted lane,None,None,Offside,Not known,2019-08-29,13:09:00,Thursday,Oldham,E08000004,Urban,53.537594,-2.05544,E01005420
06Q261530,2019,Slight,Male,11 - 15,Urban area,Most deprived 10%,3,2,Single carriageway,20,Not at junction or within 20 metres,Daylight,Fine no high winds,Dry,None,Non-trunk,Going ahead other,On main c'way - not in restricted lane,None,None,Front,Not known,2019-08-23,17:15:00,Friday,Oldham,E08000004,Urban,53.512634,-2.132781,E01005380
06Q261926,2019,Slight,Male,36 - 45,Small town,Least deprived 10%,2,1,Single carriageway,30,T or staggered junction,Daylight,Fine no high winds,Dry,None,Non-trunk,Going ahead other,On main c'way - not in restricted lane,None,None,Front,Not known,2019-09-17,17:39:00,Tuesday,Oldham,E08000004,Urban,53.520956,-2.134134,E01005378
06Q262220,2019,Slight,Male,16 - 20,Data missing or out of range,Data missing or out of range,2,1,Single carriageway,30,Crossroads,Daylight,Fine no high winds,Dry,None,Non-trunk,Going ahead other,On main c'way - not in restricted lane,None,None,Nearside,Not known,2019-07-06,21:55:00,Saturday,Oldham,E08000004,Urban,53.543039,-2.142669,E01005328
06Q265108,2019,Serious,Male,46 - 55,Urban area,Less deprived 30-40%,2,1,Dual carriageway,40,Crossroads,Daylight,Fine no high winds,Dry,None,Non-trunk,Waiting to go - held up,On main c'way - not in restricted lane,None,None,Front,Not known,2019-11-05,15:12:00,Tuesday,Oldham,E08000004,Urban,53.536453,-2.175147,E01005330
06Q265176,2019,Slight,Male,26 - 35,Urban area,Less deprived 20-30%,2,1,Single carriageway,30,Not at junction or within 20 metres,Darkness - lights lit,Fine no high winds,Dry,None,Non-trunk,Going ahead other,On main c'way - not in restricted lane,None,None,Front,Journey as part of work,2019-11-21,17:35:00,Thursday,Oldham,E08000004,Urban,53.547363,-2.169608,E01005329
06Q265579,2019,Slight,Male,11 - 15,Urban area,Most deprived 10%,2,1,One way street,30,Crossroads,Darkness - lights lit,Fine no high winds,Dry,None,Non-trunk,Going ahead other,On main c'way - not in restricted lane,None,None,Offside,Not known,2019-11-29,16:28:00,Friday,Oldham,E08000004,Urban,53.509948,-2.154365,E01005363
06Q352535,2019,Serious,Male,56 - 65,Urban area,Less deprived 20-30%,2,1,Dual carriageway,40,Private drive or entrance,Darkness - lights lit,Fine no high winds,Dry,None,Non-trunk,Going ahead other,Cycle lane (on main carriageway),None,None,Did not impact,Journey as part of work,2019-01-14,17:15:00,Monday,Oldham,E08000004,Urban,53.538457,-2.175457,E01005330
06XI56888,2019,Slight,Male,36 - 45,Urban area,Less deprived 10-20%,2,1,Single carriageway,30,T or staggered junction,Daylight,Fine no high winds,Dry,None,Non-trunk,Going ahead other,On main c'way - not in restricted lane,None,None,Front,Journey as part of work,2019-05-12,11:17:00,Sunday,Manchester,E08000003,Urban,53.371151,-2.28429,E01005316
