accident_reference,year,slightsevere,sex_of_casualty,age_band_of_casualty,under21,over65,casualty_home_area_type,casualty_imd_decile,casualty_depdecile,number_of_vehicles,number_of_casualties,road_type,speed_limit,at_junction,light_conditions,weather_effect,road_wetness,special_conditions,trunk_road_flag,bike_movement,restricted_lane,hit_object_in_carriageway,hit_object_off_carriageway,hit_object,first_point_of_impact,date,time,day_of_week,local_authority_district,local_authority_ons_district,urban_or_rural_area,latitude,longitude,lsoa_of_accident_location,Mean_age,Median_age,total_car_hh,no_car_hh,X1_car_hh,X2_car_hh,X3_car_hh,X16_74_all,X16_74_2km,X16_74_2_5km,X16_74_5_10km,X16_74_10_20km,X16_74_20_30km,X16_74_30_40km,X16_74_40_60km,X16_74_60km,X16_74_home_based,X16_74_other,density._persons,usual_residents_persons,land_area,hh_size_mean,hh_size_1,hh_size_2,hh_size_3,hh_size_4,hh_size_5,hh_size_6,hh_size_7,trans_mode_home,trans_mode_tram,trans_mode_rail,trans_mode_bus,trans_mode_taxi,trans_mode_scooter,trans_mode_car,trans_mode_psgr_car,trans_mode_bike,trans_mode_walk,trans_mode_other,cycling_lane_km,cycling_lane_km_norm,tram_rail_count,bus_count,bike_theft_reports,road_length,severance_km
06A167327,2020,Slight,Female,26 - 35,0,0,Urban area,More deprived 10-20%,2,2,1,Single carriageway,30,0,Daylight,0,0,0,Non-trunk,1,1,1,1,Both,2,2020-01-19,12:00:00,Sunday,Manchester,E08000003,Urban,53.476458,-2.2314,E01033654,23.86747199,24,563,379,152,32,0,718,136,40,59,47,18,3,11,25,342,37,64.42446043,1791,27.8,263,263,33,3,0,1,0,0,342,21,28,40,5,0,104,17,22,138,3,2.26222364,8.06e-6,0,26,84,6137.358757,2.721121445
06A171184,2020,Slight,Male,26 - 35,0,0,Urban area,More deprived 20-30%,3,2,1,Single carriageway,30,0,Daylight,0,0,0,Non-trunk,1,1,1,1,Both,3,2020-05-06,17:00:00,Wednesday,Manchester,E08000003,Urban,53.487838000000004,-2.240022,E01033658,30.9487666,30,712,531,163,17,1,831,162,64,58,41,10,5,12,10,427,42,22.81132384,1394,61.11,363,307,34,4,2,0,0,1,427,37,33,56,0,1,68,5,17,180,6,2.915548222,4.78e-6,4,100,687,11257.07516,5.344013367
06A171671,2020,Slight,Male,26 - 35,0,0,Urban area,More deprived 30-40%,4,2,1,Single carriageway,30,0,Daylight,0,0,0,Non-trunk,1,1,1,1,Both,4,2020-05-29,20:20:00,Friday,Manchester,E08000003,Urban,53.478061,-2.239018,E01033653,29.28743041,26,1146,865,253,21,7,1139,205,68,77,60,17,10,5,10,598,89,59.26993276,1851,31.23,597,466,67,16,1,0,0,0,598,43,43,58,3,0,112,16,36,219,11,1.692927985,5.52e-6,1,107,453,7402.768836,3.240507463
06A172407,2020,Slight,Male,11 - 15,1,0,Urban area,Most deprived 10%,1,2,1,Single carriageway,30,0,Daylight,0,0,0,Non-trunk,1,1,1,1,Both,3,2020-06-20,18:27:00,Saturday,Manchester,E08000003,Urban,53.494059,-2.21588,E01005129,35.12369231,34,832,388,357,79,8,824,118,173,93,75,13,3,5,15,224,105,42.79739777,1842,43.04,337,250,102,79,38,16,10,4,224,11,20,125,14,0,250,21,28,124,7,0.698466922,1.63e-6,0,14,11,5728.572713,2.059406818
06A172724,2020,Slight,Male,46 - 55,0,0,Urban area,Most deprived 10%,1,2,1,Single carriageway,20,1,Daylight,0,0,0,Non-trunk,1,1,1,1,Both,4,2020-06-26,10:20:00,Friday,Manchester,E08000003,Urban,53.484458,-2.24056,E01033658,30.9487666,30,712,531,163,17,1,831,162,64,58,41,10,5,12,10,427,42,22.81132384,1394,61.11,363,307,34,4,2,0,0,1,427,37,33,56,0,1,68,5,17,180,6,2.915548222,4.78e-6,4,100,687,11257.07516,5.344013367
06A172735,2020,Slight,Male,36 - 45,0,0,Urban area,More deprived 20-30%,3,2,1,Single carriageway,30,0,Daylight,0,0,0,Non-trunk,1,1,1,1,Both,1,2020-07-08,13:54:00,Wednesday,Manchester,E08000003,Urban,53.473009,-2.248285,E01033656,23.57295455,23,485,298,166,21,0,892,190,55,75,52,18,16,15,45,391,35,129.6755725,2718,20.96,163,281,37,3,0,0,0,0,391,40,28,59,21,0,104,18,16,203,12,1.787929259,8.48e-6,0,12,59,3974.089098,1.054149882
06A173236,2020,Slight,Female,26 - 35,0,0,Urban area,Most deprived 10%,1,2,1,One way street,20,0,Daylight,0,0,0,Non-trunk,1,1,1,1,Both,3,2020-07-25,13:20:00,Saturday,Manchester,E08000003,Urban,53.483782,-2.232178,E01033659,30.4703504,29,710,410,253.5,42.5,4,999.5,135.5,76.5,56.5,65.5,9.5,9,7,6.5,587,46.5,136.5543898,1236.5,9.055,251.5,402,47,7,0.5,1,0.5,0,587,24,31,35,8,1,136.5,7,15.5,149,4,0.689303361,3.8e-6,0,20,84,5561.582659,1.993134897
06A173670,2020,Severe/Fatal,Male,6 - 10,1,0,Urban area,More deprived 20-30%,3,2,1,Single carriageway,30,0,Daylight,0,0,0,Non-trunk,1,1,1,1,Both,1,2020-08-09,17:55:00,Sunday,Manchester,E08000003,Urban,53.469156,-2.242373,E01005212,25.91968447,22,761,433,299,26,3,871,144,94,72,55,27,7,25,29,335,83,112.4820144,3127,27.8,324,243,108,52,23,6,3,2,335,17,34,99,14,2,172,16,37,136,10,2.112358829,7.57e-6,0,19,211,8200.01292,1.446376403
06A174539,2020,Slight,Female,21 - 25,0,0,Urban area,More deprived 10-20%,2,2,1,Single carriageway,30,0,Daylight,0,0,1,Non-trunk,1,1,1,1,Both,1,2020-09-04,08:17:00,Friday,Manchester,E08000003,Urban,53.478922,-2.253247,E01033681,32.06413545,30,850,367,428,51,4,1098,163,89,54,49,14,6,14,8,661,40,38.76420869,1330,34.31,415,395,35,5,0,0,0,0,661,21,18,22,6,1,156,10,19,177,8,2.21916639,6.49e-6,0,21,46,6095.436681,2.266261708
06A175230,2020,Slight,Female,26 - 35,0,0,Urban area,More deprived 30-40%,4,2,1,Single carriageway,30,1,Darkness - lights lit,0,0,0,Non-trunk,1,1,1,1,Both,4,2020-09-16,20:30:00,Wednesday,Manchester,E08000003,Urban,53.47463,-2.237627,E01005128,26.06866792,25,695,542,138,12,3,634,108,28,40,40,8,5,1,23,355,26,148.4249084,2026,13.65,365,298,25,6,0,0,1,0,355,20,25,32,4,0,51,13,7,123,5,0.834327504,6.09e-6,0,21,84,3570.664978,0.943179815
06A175307,2020,Slight,Male,26 - 35,0,0,Urban area,More deprived 20-30%,3,2,1,One way street,20,0,Daylight,0,0,1,Non-trunk,1,1,1,1,Both,3,2020-09-10,12:44:00,Thursday,Manchester,E08000003,Urban,53.486513,-2.242019,E01033658,30.9487666,30,712,531,163,17,1,831,162,64,58,41,10,5,12,10,427,42,22.81132384,1394,61.11,363,307,34,4,2,0,0,1,427,37,33,56,0,1,68,5,17,180,6,2.915548222,4.78e-6,4,100,687,11257.07516,5.344013367
06A175358,2020,Slight,Female,46 - 55,0,0,Urban area,More deprived 10-20%,2,2,1,Single carriageway,30,0,Daylight,0,0,0,Non-trunk,1,1,1,1,Both,2,2020-09-21,17:30:00,Monday,Manchester,E08000003,Urban,53.474106,-2.248005,E01033656,23.57295455,23,485,298,166,21,0,892,190,55,75,52,18,16,15,45,391,35,129.6755725,2718,20.96,163,281,37,3,0,0,0,0,391,40,28,59,21,0,104,18,16,203,12,1.787929259,8.48e-6,0,12,59,3974.089098,1.054149882
06A176242,2020,Severe/Fatal,Female,21 - 25,0,0,Urban area,More deprived 10-20%,2,2,1,Dual carriageway,30,0,Daylight,0,0,0,Non-trunk,1,1,1,1,Both,3,2020-10-05,12:11:00,Monday,Manchester,E08000003,Urban,53.486895,-2.235209,E01033667,32.42880524,30,879,667,186,20,6,1044,212,86,73,67,13,5,12,9,480,87,112.2740964,1491,13.28,389,440,39,10,1,1,0,0,480,47,32,53,6,0,112,9,37,260,8,0.495255755,3.67e-6,0,17,110,3785.454354,1.200398011
06A267512,2020,Slight,Male,21 - 25,0,0,Urban area,More deprived 10-20%,2,2,1,Single carriageway,30,0,Darkness - lights lit,0,0,0,Non-trunk,1,1,1,1,Both,1,2020-01-20,17:45:00,Monday,Manchester,E08000003,Urban,53.466744,-2.252587,E01005214,29.6342537,29,987,444,441,82,20,1219,189,183,139,79,14,7,5,13,489,101,99.79114453,2389,23.94,296,319,170,117,39,26,7,10,489,20,13,137,20,3,242,21,68,184,26,0.427851726,1.79e-6,0,13,28,3746.053306,0.573590045
06A268025,2020,Slight,Male,46 - 55,0,0,Urban area,Less deprived 20-30%,8,2,1,Single carriageway,30,0,Darkness - lights lit,1,1,0,Non-trunk,1,1,1,1,Both,1,2020-01-22,18:17:00,Wednesday,Manchester,E08000003,Urban,53.474241,-2.248051,E01033677,28.74259681,27,610,371,209,27,3,679,109,36,45,37,11,3,4,6,390,38,39.32844462,1019,25.91,285,268,46,6,2,1,1,1,390,32,29,32,3,3,67,3,3,106,7,0.964170017,3.71e-6,1,37,325,4004.664031,2.691640104
06A268245,2020,Severe/Fatal,Female,26 - 35,0,0,Urban area,More deprived 40-50%,5,2,1,Single carriageway,30,0,Daylight,0,1,0,Non-trunk,1,1,1,1,Both,4,2020-01-31,15:50:00,Friday,Manchester,E08000003,Urban,53.516418,-2.168927,E01005247,42.75759717,44,623,128,304,158,33,704,72,115,155,79,6,4,7,4,175,87,59.18367347,1421,24.01,199,213,99,78,23,8,2,1,175,19,0,33,9,0,362,47,22,25,12,0.075578296,3.12e-7,0,14,3,6017.069694,0.183225234
06A268804,2020,Slight,Male,26 - 35,0,0,Urban area,More deprived 20-30%,3,2,1,Single carriageway,30,0,Daylight,0,0,0,Non-trunk,1,1,1,1,Both,1,2020-02-17,16:45:00,Monday,Manchester,E08000003,Urban,53.471152,-2.26346,E01033660,31.03346457,30,863,365,423,70,5,1270,163,164,83,84,22,8,12,12,684,38,148.7073423,1438,9.67,329,494,32,6,1,0,0,0,684,99,17,26,13,0,191,11,27,196,5,0.618593971,6.15e-6,1,4,17,3368.259545,0.5500903
06A269024,2020,Slight,Male,56 - 65,0,0,Urban area,More deprived 10-20%,2,2,1,Single carriageway,30,0,Darkness - lights lit,0,1,0,Non-trunk,1,1,1,1,Both,3,2020-02-19,18:40:00,Wednesday,Manchester,E08000003,Urban,53.463304,-2.219234,E01005062,27.63575,26,419.5,213.5,161.5,36.5,8,491.5,137.5,67,41.5,33,11,2.5,6,4,144.5,44.5,51.12359551,1501.5,29.37,119.5,106,74.5,65.5,35,8.5,6.5,4.5,144.5,3,10,64,7,0.5,103.5,11.5,17,121.5,7,3.633340733,6.18e-6,0,28,244,8894.878973,2.017187943
06A272209,2020,Slight,Male,26 - 35,0,0,Urban area,More deprived 10-20%,2,2,1,Single carriageway,30,0,Daylight,1,0,0,Non-trunk,1,1,1,1,Both,3,2020-06-22,18:08:00,Monday,Manchester,E08000003,Urban,53.489255,-2.241582,E01033655,31.1631644,30,745,417,267,60,1,1059,178,105,52,59,25,12,11,10,566,41,109.7920277,1267,11.54,288,412,34,8,3,0,0,0,566,33,36,23,8,2,164,7,14,198,9,0.213897058,1.86e-6,0,3,10,1899.718906,0.546789646
06A273109,2020,Slight,Male,26 - 35,0,0,Urban area,Less deprived 10-20%,9,2,1,Single carriageway,30,0,Daylight,0,0,0,Non-trunk,1,1,1,1,Both,1,2020-07-13,07:00:00,Monday,Manchester,E08000003,Urban,53.508373,-2.241827,E01005145,30.68934316,30,776,248,358,140,30,890,173,126,108,47,7,14,8,12,163,232,156.8146214,3003,19.15,137,124,101,125,118,84,47,40,163,17,8,104,29,3,365,54,9,99,38,0.35565786,1.88e-6,0,5,6,2975.959705,0.350504559
06A274552,2020,Slight,Male,26 - 35,0,0,Urban area,More deprived 30-40%,4,2,1,Single carriageway,30,0,Darkness - lights lit,1,0,0,Non-trunk,1,1,1,1,Both,4,2020-08-29,22:35:00,Saturday,Manchester,E08000003,Urban,53.506689,-2.238862,E01005145,30.68934316,30,776,248,358,140,30,890,173,126,108,47,7,14,8,12,163,232,156.8146214,3003,19.15,137,124,101,125,118,84,47,40,163,17,8,104,29,3,365,54,9,99,38,0.35565786,1.88e-6,0,5,6,2975.959705,0.350504559
06A275338,2020,Slight,Male,36 - 45,0,0,Urban area,Most deprived 10%,1,2,1,Dual carriageway,30,0,Daylight,0,0,0,Non-trunk,1,1,1,1,Both,4,2020-09-04,18:24:00,Friday,Manchester,E08000003,Urban,53.47521,-2.216417,E01005061,32.54834606,32,656,278,295,70,13,588,97,109,100,57,9,5,12,18,92,89,20.77922078,1792,86.24,210,141,108,95,53,28,15,9,92,11,9,130,16,1,229,18,22,56,6,0.483626085,5.58e-7,1,22,2,8783.493896,3.927293337
06A275966,2020,Slight,Male,26 - 35,0,0,Urban area,More deprived 10-20%,2,2,1,Single carriageway,30,1,Daylight,0,0,0,Non-trunk,1,1,1,1,Both,3,2020-10-14,13:41:00,Wednesday,Manchester,E08000003,Urban,53.532966,-2.227725,E01005103,39.03415454,38,862,372,367,105,18,684,82,109,158,67,7,1,5,9,120,126,40.85637823,1832,44.84,384,212,128,81,41,10,2,4,120,14,5,76,27,2,322,39,13,53,10,0.272966437,6.04e-7,0,21,7,3734.059781,0.421772819
06A276634,2020,Slight,Male,56 - 65,0,0,Urban area,Most deprived 10%,1,2,1,Single carriageway,30,0,Daylight,0,0,0,Non-trunk,1,1,1,1,Both,4,2020-10-25,12:23:00,Sunday,Manchester,E08000003,Urban,53.455645,-2.19897,E01005234,30.98636364,31,650,263,283,82,22,686,100,127,114,66,9,7,8,5,103,147,115.2466368,2313,20.07,154,107,77,99,83,60,32,37,103,5,5,132,15,1,251,44,17,91,20,0,0,0,6,13,3600.917605,1.878270481
06A276678,2020,Slight,Male,46 - 55,0,0,Urban area,Less deprived 10-20%,9,2,1,Dual carriageway,30,0,Darkness - lights lit,0,0,0,Non-trunk,1,1,1,1,Both,1,2020-10-14,06:00:00,Wednesday,Manchester,E08000003,Urban,53.534017,-2.233026,E01005102,39.10948905,38,624,191,303,109,21,650,69,87,147,58,7,4,4,3,164,107,75.69060773,1370,18.1,202,219,114,66,17,5,0,0,164,18,1,52,9,2,302,38,9,45,7,0.680491593,3.69e-6,0,7,2,2583.953149,0.909956362
06A278056,2020,Slight,Female,26 - 35,0,0,Urban area,Most deprived 10%,1,2,1,Single carriageway,30,0,Darkness - lights lit,0,1,0,Non-trunk,1,1,1,1,Both,1,2020-12-08,20:00:00,Tuesday,Manchester,E08000003,Urban,53.503322,-2.218234,E01005203,33.55587949,34,858,465,330,57,6,651,100,176,97,65,15,4,10,15,89,80,31.46277009,2024,64.33,343,197,129,104,54,17,6,8,89,19,8,160,14,1,248,29,10,67,6,2.122889411,3.32e-6,0,25,9,6970.472567,1.945809671
06A366843,2020,Slight,Male,26 - 35,0,0,Urban area,More deprived 10-20%,2,2,1,Single carriageway,30,0,Darkness - lights lit,1,1,0,Non-trunk,1,1,1,1,Both,1,2020-01-02,18:45:00,Thursday,Manchester,E08000003,Urban,53.450119,-2.19274,E01005194,30.5024255,31,474,188.5,226,42.5,17,476.5,62.5,93.5,80.5,39.5,8.5,4,5,4.5,72,106.5,125.7869249,1558.5,12.39,99.5,106.5,72,67.5,67.5,33.5,19,11,72,1.5,3.5,91,10,0.5,195.5,24.5,20.5,44,12,0.123366239,4.89e-7,0,11,8,4726.32033,0.35580465
06A367112,2020,Slight,Male,26 - 35,0,0,Urban area,Most deprived 10%,1,2,1,Dual carriageway,30,0,Darkness - lighting unknown,0,0,0,Non-trunk,1,1,1,1,Both,3,2020-01-06,07:00:00,Monday,Manchester,E08000003,Urban,53.420557,-2.240728,E01005173,39.25641026,37,722,152,312,213,45,887,47,81,170,49,16,9,10,15,440,50,19.72208679,1618,82.04,231,262,101,98,23,3,1,1,440,18,5,30,2,1,291,11,36,49,6,2.384125171,2.9e-6,0,7,9,5785.249123,2.341560972
06A368195,2020,Slight,Male,46 - 55,0,0,Urban area,Most deprived 10%,1,2,1,One way street,30,0,Darkness - lights lit,0,0,0,Non-trunk,1,1,1,1,Both,4,2020-01-13,05:40:00,Monday,Manchester,E08000003,Urban,53.481689,-2.226847,E01033661,32.40400216,29,1201,619,489,87,6,1582,243,135,112,127,18,18,20,6,838,65,35.6527977,1988,55.76,532,570,84,12,3,0,0,0,838,51,53,50,13,0,292,11,30,242,6,1.700048683,3.05e-6,2,27,76,8391.114324,2.601711064
06A368252,2020,Severe/Fatal,Male,46 - 55,0,0,Urban area,Most deprived 10%,1,2,1,Single carriageway,30,0,Darkness - lights lit,0,1,0,Non-trunk,1,1,1,1,Both,1,2020-01-25,17:45:00,Saturday,Manchester,E08000003,Urban,53.42167,-2.218568,E01005125,34.85853977,33,614,170,296,118,30,702,69,103,143,41,12,6,8,4,224,92,68.70362287,1574,22.91,183,154,122,91,39,12,10,1,224,4,25,35,10,0,296,23,38,48,0,0.318344883,1.4e-6,1,7,21,4695.112427,1.41869149
06A369094,2020,Slight,Male,26 - 35,0,0,Urban area,More deprived 20-30%,3,2,1,Single carriageway,30,0,Daylight,0,1,0,Non-trunk,1,1,1,1,Both,2,2020-02-12,16:30:00,Wednesday,Manchester,E08000003,Urban,53.454224,-2.252378,E01005240,28.19362113,27,630.5,301,261,59,9.5,608,93,129,80.5,29.5,9,6,3.5,5.5,141.5,110.5,73.13583233,1814.5,24.81,198,144.5,91,80.5,46,30.5,24,16,141.5,4.5,10,87.5,18.5,1,209.5,20.5,35.5,63.5,15.5,1.921115883,3.87e-6,0,10,11,6484.102852,1.648596829
06A370897,2020,Slight,Male,36 - 45,0,0,Urban area,Less deprived 20-30%,8,2,1,Single carriageway,30,0,Daylight,0,0,0,Non-trunk,1,1,1,1,Both,2,2020-04-27,15:54:00,Monday,Manchester,E08000003,Urban,53.445361,-2.276702,E01005159,36.6254093,35,681,149,359,148,25,959,45,161,118,29,12,8,7,3,506,70,65.44715447,1610,24.6,198,226,142,77,30,7,1,2,506,48,7,30,2,2,234,11,70,41,9,1.272699721,5.1e-6,0,4,17,3093.973118,2.189877646
06A371759,2020,Slight,Male,26 - 35,0,0,Urban area,Most deprived 10%,1,2,1,Single carriageway,30,0,Daylight,0,0,0,Non-trunk,1,1,1,1,Both,3,2020-06-01,18:20:00,Monday,Manchester,E08000003,Urban,53.489618,-2.201254,E01033668,30.31804734,30,595,230,313,50,2,683,66,120,97,45,6,4,11,5,268,61,37.05844573,1154,31.14,259,214,61,37,14,8,0,2,268,47,16,50,12,4,195,17,18,50,6,2.933827522,9.19e-6,0,10,17,5918.384059,2.182839713
06A372210,2020,Slight,Male,36 - 45,0,0,Urban area,Less deprived 30-40%,7,2,1,Single carriageway,30,0,Daylight,0,0,0,Non-trunk,1,1,1,1,Both,1,2020-06-01,17:45:00,Monday,Manchester,E08000003,Urban,53.456935,-2.173043,E01005197,36.56088782,36,705,351,275,61,18,636,59,124,128,70,8,5,4,10,129,99,58.98224044,1727,29.28,285,154,100,72,55,33,5,5,129,2,3,150,10,3,239,38,15,42,6,0.384045472,1.31e-6,0,11,37,5744.568225,0.876376508
06A374145,2020,Slight,Male,56 - 65,0,0,Urban area,Less deprived 30-40%,7,2,1,Single carriageway,30,0,Daylight,0,0,0,Non-trunk,1,1,1,1,Both,3,2020-08-20,14:45:00,Thursday,Manchester,E08000003,Urban,53.387611,-2.242782,E01005290,36.91645078,36,683,253,303,102,25,669,103,156,70,50,12,0,3,13,148,114,50.4784689,1688,33.44,221,174,137,87,46,13,5,3,148,37,3,42,14,6,285,28,23,74,9,1.071936492,3.19e-6,0,11,7,2596.92826,1.404763799
06A374174,2020,Severe/Fatal,Female,11 - 15,1,0,Urban area,Most deprived 10%,1,2,1,Single carriageway,30,0,Daylight,0,0,0,Non-trunk,1,1,1,1,Both,1,2020-08-21,14:00:00,Friday,Manchester,E08000003,Urban,53.472516,-2.150614,E01033666,35.47425474,35,731,263.5,333.5,115.5,18.5,813.5,58.5,123,207,81.5,9,9,11,11.5,195.5,107.5,64.13617021,1884,29.375,232.5,191.5,128,95.5,50,18,6.5,9.5,195.5,13,13,127.5,9,1.5,338.5,33.5,20.5,48.5,13.5,1.616376739,2.76e-6,0,21,32,8846.831034,2.932651907
06A374219,2020,Severe/Fatal,Male,11 - 15,1,0,Urban area,Most deprived 10%,1,2,1,Single carriageway,30,0,Daylight,0,0,0,Non-trunk,1,1,1,1,Both,1,2020-08-14,12:40:00,Friday,Manchester,E08000003,Urban,53.450335,-2.168845,E01005196,29.10753769,30,522.5,167,241,100.5,14,594.5,55.5,108,127,68.5,10.5,3,5,10,113,94,66.28677994,1599.5,24.13,129,93.5,103,87,63,26.5,12,9,113,6,9.5,82.5,14.5,2,274.5,25,17.5,41,6,1.93064102,4.02e-6,0,18,9,2735.410364,0.417637262
06A374778,2020,Slight,Female,26 - 35,0,0,Urban area,More deprived 20-30%,3,2,1,Single carriageway,20,0,Daylight,1,1,0,Non-trunk,1,1,1,1,Both,1,2020-09-07,07:30:00,Monday,Manchester,E08000003,Urban,53.484137,-2.229844,E01033659,30.4703504,29,710,410,253.5,42.5,4,999.5,135.5,76.5,56.5,65.5,9.5,9,7,6.5,587,46.5,136.5543898,1236.5,9.055,251.5,402,47,7,0.5,1,0.5,0,587,24,31,35,8,1,136.5,7,15.5,149,4,0.689303361,3.8e-6,0,20,84,5561.582659,1.993134897
06A374796,2020,Slight,Male,21 - 25,0,0,Urban area,Most deprived 10%,1,2,1,Single carriageway,30,0,Daylight,0,1,0,Non-trunk,1,1,1,1,Both,3,2020-08-18,08:55:00,Tuesday,Manchester,E08000003,Urban,53.462922,-2.178972,E01005186,34.52177149,34,1052,352,518,146,36,1096,114,247,167,99,22,11,15,25,202,194,39.37992929,2896,73.54,308,251,201,172,74,32,10,5,202,11,9,189,11,0,503,40,23,85,22,0.062605979,8.56e-8,0,16,10,6094.552431,2.337786926
06A374878,2020,Slight,Female,16 - 20,1,0,Urban area,Most deprived 10%,1,2,1,Single carriageway,30,0,Daylight,0,1,0,Non-trunk,1,1,1,1,Both,2,2020-09-08,13:45:00,Tuesday,Manchester,E08000003,Urban,53.482085,-2.216708,E01033688,36.23062731,35,701,317,295,75,14,631,78,129,80,46,4,8,17,12,170,87,18.50368125,1709,92.36,266,188,97,75,50,15,9,3,170,21,18,75,10,0,219,18,13,74,13,4.181791696,4.48e-6,1,36,38,10505.28321,3.445742733
06A374990,2020,Slight,Male,11 - 15,1,0,Urban area,More deprived 30-40%,4,2,1,Single carriageway,30,0,Daylight,0,0,0,Non-trunk,1,1,1,1,Both,1,2020-09-11,17:05:00,Friday,Manchester,E08000003,Urban,53.440933,-2.283161,E01005155,37.12074948,38,668,130,363,157,18,911,20,98,159,46,12,10,10,3,490,63,38.13829787,1434,37.6,223,250,90,85,19,2,0,0,490,26,3,19,6,0,268,13,48,34,2,0.280617858,7.39e-7,0,6,6,2731.016228,0.232455843
06A375112,2020,Severe/Fatal,Male,11 - 15,1,0,Urban area,Most deprived 10%,1,2,1,Single carriageway,30,1,Daylight,0,0,0,Non-trunk,1,1,1,1,Both,1,2020-09-12,19:33:00,Saturday,Manchester,E08000003,Urban,53.473713,-2.181262,E01005107,31.64444444,31,744,323,326,82,13,701,85,161,135,83,9,5,4,17,100,102,28.12283857,2033,72.29,240,156,136,106,66,28,7,3,100,16,14,125,10,1,317,43,8,65,6,2.994796102,4.17e-6,0,12,9,10399.49279,2.850167885
06A375932,2020,Severe/Fatal,Male,46 - 55,0,0,Urban area,Most deprived 10%,1,2,1,Single carriageway,30,0,Daylight,0,0,0,Non-trunk,1,1,1,1,Both,2,2020-10-10,12:34:00,Saturday,Manchester,E08000003,Urban,53.431862,-2.259606,E01005081,34.59106529,34,773,317,322,119,15,723,80,124,142,28,8,2,5,3,232,99,43.45337467,1822,41.93,301,192,109,102,33,15,14,5,232,52,2,35,10,2,287,24,24,46,9,1.214560907,2.89e-6,0,14,15,2544.509209,1.130160282
06A376058,2020,Slight,Male,26 - 35,0,0,Urban area,More deprived 10-20%,2,2,1,Single carriageway,30,0,Darkness - lights lit,0,0,0,Non-trunk,1,1,1,1,Both,1,2020-10-02,19:15:00,Friday,Manchester,E08000003,Urban,53.435515,-2.2125880000000002,E01005311,31.11082996,27,660,210,303,122,25,813,59,160,142,48,8,10,10,14,271,91,86.94616484,1825,20.99,179,189,102,89,45,28,19,9,271,5,23,81,12,0,286,20,49,53,13,0.312664683,1.51e-6,0,10,2,3670.824441,0.498599207
06A376705,2020,Slight,Male,26 - 35,0,0,Urban area,Most deprived 10%,1,2,1,Single carriageway,30,0,Daylight,0,0,0,Non-trunk,1,1,1,1,Both,1,2020-10-11,13:30:00,Sunday,Manchester,E08000003,Urban,53.448099,-2.179376,E01005200,32.78013877,33,962,315,472,152,23,985,76,138,177,76,9,4,12,7,331,155,45.96261682,2459,53.5,305,252,169,109,72,36,11,6,331,4,14,82,19,2,404,29,35,45,16,0.533427049,9.94e-7,0,16,7,4685.204358,1.290949041
06E167235,2020,Slight,Female,21 - 25,0,0,Urban area,More deprived 30-40%,4,2,1,Single carriageway,30,0,Daylight,0,0,0,Non-trunk,1,1,1,1,Both,1,2020-01-15,13:00:00,Wednesday,Manchester,E08000003,Urban,53.457825,-2.226856,E01005244,27.35116868,24,813,476,247,64,26,888,160,183,85,65,16,6,18,21,205,129,158.3597884,2993,18.9,226,171,107,138,74,70,16,12,205,12,13,164,15,1,219,29,37,167,23,1.289353585,6.75e-6,0,9,40,6017.132507,0.696996425
06E167991,2020,Slight,Male,46 - 55,0,0,Urban area,Less deprived 40-50%,6,2,1,Single carriageway,30,0,Darkness - lights lit,0,1,0,Non-trunk,1,1,1,1,Both,1,2020-01-17,17:15:00,Friday,Manchester,E08000003,Urban,53.470497,-2.262899,E01033660,31.03346457,30,863,365,423,70,5,1270,163,164,83,84,22,8,12,12,684,38,148.7073423,1438,9.67,329,494,32,6,1,0,0,0,684,99,17,26,13,0,191,11,27,196,5,0.618593971,6.15e-6,1,4,17,3368.259545,0.5500903
06E168332,2020,Slight,Male,26 - 35,0,0,Urban area,More deprived 20-30%,3,2,1,Single carriageway,30,1,Daylight,0,0,0,Non-trunk,1,1,1,1,Both,1,2020-02-07,15:15:00,Friday,Manchester,E08000003,Urban,53.45556,-2.235955,E01005242,27.83606557,28,553.5,285.5,229.5,31,7.5,479.5,115,92.5,52.5,31.5,8,4,4.5,6,84.5,81,169.4143167,1562,9.22,140,145.5,100.5,78.5,47.5,24,10.5,7,84.5,4,4.5,97,11.5,1,144.5,15.5,25,83,7.5,0.6385101,3.49e-6,0,8,2,4450.396974,0.94817143
06E168412,2020,Slight,Male,26 - 35,0,0,Urban area,Less deprived 20-30%,8,2,1,Single carriageway,30,0,Darkness - lighting unknown,0,0,0,Non-trunk,1,1,1,1,Both,1,2020-02-04,17:45:00,Tuesday,Manchester,E08000003,Urban,53.465753,-2.257778,E01005214,29.6342537,29,987,444,441,82,20,1219,189,183,139,79,14,7,5,13,489,101,99.79114453,2389,23.94,296,319,170,117,39,26,7,10,489,20,13,137,20,3,242,21,68,184,26,0.427851726,1.79e-6,0,13,28,3746.053306,0.573590045
06E168637,2020,Slight,Male,56 - 65,0,0,Urban area,More deprived 10-20%,2,2,1,Single carriageway,30,0,Daylight,0,0,0,Non-trunk,1,1,1,1,Both,4,2020-02-13,10:35:00,Thursday,Manchester,E08000003,Urban,53.469177,-2.240716,E01005212,25.91968447,22,761,433,299,26,3,871,144,94,72,55,27,7,25,29,335,83,112.4820144,3127,27.8,324,243,108,52,23,6,3,2,335,17,34,99,14,2,172,16,37,136,10,2.112358829,7.57e-6,0,19,211,8200.01292,1.446376403
06E168989,2020,Slight,Female,36 - 45,0,0,Urban area,More deprived 30-40%,4,2,1,Single carriageway,30,0,Daylight,0,1,0,Non-trunk,1,1,1,1,Both,3,2020-02-11,10:45:00,Tuesday,Manchester,E08000003,Urban,53.460029,-2.248617,E01005208,27.87914344,27,1101,559,472,58,12,1266,244,198,105,60,13,12,19,26,489,100,60.7923793,2808,46.19,378,399,178,88,37,16,2,2,489,19,14,136,24,1,267,35,63,200,18,3.312792357,7.16e-6,0,17,64,9952.721586,1.757917145
06E169137,2020,Slight,Male,26 - 35,0,0,Urban area,More deprived 30-40%,4,2,1,Single carriageway,30,0,Darkness - lights lit,1,1,0,Non-trunk,1,1,1,1,Both,1,2020-02-26,22:40:00,Wednesday,Manchester,E08000003,Urban,53.455547,-2.214435,E01005231,25.72738733,23,698,430,204,43,21,777,176,154,80,34,13,7,8,26,226,53,146.8035191,2503,17.05,268,158,125,83,40,14,7,3,226,11,7,129,17,1,133,17,55,172,9,0.323587167,1.89e-6,0,3,21,2308.148359,0.441955897
06E170463,2020,Slight,Male,26 - 35,0,0,Urban area,Most deprived 10%,1,2,1,Single carriageway,30,1,Daylight,0,0,0,Non-trunk,1,1,1,1,Both,1,2020-04-03,07:55:00,Friday,Manchester,E08000003,Urban,53.454728,-2.224852,E01005288,29.0377249,26,676,377,219,58,22,658,91,138,74,58,8,0,5,8,178,98,97.95808705,1823,18.61,206,138,159,78,49,30,13,4,178,9,11,129,13,2,171,19,35,77,11,0.696751759,3.73e-6,0,4,39,5263.907801,0.245468301
06E171009,2020,Slight,Male,21 - 25,0,0,Urban area,Less deprived 20-30%,8,2,1,Single carriageway,30,0,Daylight,0,0,0,Non-trunk,1,1,1,1,Both,3,2020-04-23,17:40:00,Thursday,Manchester,E08000003,Urban,53.456281,-2.225719,E01005288,29.0377249,26,676,377,219,58,22,658,91,138,74,58,8,0,5,8,178,98,97.95808705,1823,18.61,206,138,159,78,49,30,13,4,178,9,11,129,13,2,171,19,35,77,11,0.696751759,3.73e-6,0,4,39,5263.907801,0.245468301
06E172323,2020,Slight,Male,26 - 35,0,0,Urban area,Less deprived 20-30%,8,2,1,Single carriageway,30,0,Daylight,0,0,0,Non-trunk,1,1,1,1,Both,3,2020-06-25,16:37:00,Thursday,Manchester,E08000003,Urban,53.453305,-2.195495,E01005234,30.98636364,31,650,263,283,82,22,686,100,127,114,66,9,7,8,5,103,147,115.2466368,2313,20.07,154,107,77,99,83,60,32,37,103,5,5,132,15,1,251,44,17,91,20,0,0,0,6,13,3600.917605,1.878270481
06E173426,2020,Slight,Male,6 - 10,1,0,Urban area,More deprived 10-20%,2,2,1,One way street,30,1,Daylight,0,0,0,Non-trunk,1,1,1,1,Both,1,2020-07-22,19:58:00,Wednesday,Manchester,E08000003,Urban,53.456026,-2.191502,E01005233,28.98832528,29,786,302,358,103,23,862,92,158,150,79,18,10,8,11,135,201,284.3175218,2937,10.33,121,120,138,158,116,55,37,41,135,3,7,141,32,0,348,65,21,71,36,0,0,0,2,4,818.9879329,0
06E173922,2020,Slight,Male,26 - 35,0,0,Urban area,Most deprived 10%,1,2,1,Single carriageway,30,0,Darkness - lighting unknown,1,0,0,Non-trunk,1,1,1,1,Both,1,2020-08-12,22:35:00,Wednesday,Manchester,E08000003,Urban,53.452676,-2.226377,E01005285,31.45419255,28,510,274,173,53,10,467,81,72,65,29,6,6,8,8,127,65,132.5280414,1536,11.59,176,99,60,63,38,27,23,25,127,5,11,74,16,1,129,8,15,61,21,0.534108136,4.59e-6,0,1,17,1330.754971,0.209257678
06E175735,2020,Slight,Male,36 - 45,0,0,Urban area,More deprived 20-30%,3,2,1,Single carriageway,30,0,Darkness - lights lit,0,0,0,Non-trunk,1,1,1,1,Both,1,2020-10-04,20:10:00,Sunday,Manchester,E08000003,Urban,53.453206,-2.195525,E01005234,30.98636364,31,650,263,283,82,22,686,100,127,114,66,9,7,8,5,103,147,115.2466368,2313,20.07,154,107,77,99,83,60,32,37,103,5,5,132,15,1,251,44,17,91,20,0,0,0,6,13,3600.917605,1.878270481
06E176387,2020,Slight,Male,16 - 20,1,0,Urban area,More deprived 10-20%,2,2,1,Single carriageway,30,0,Darkness - lights lit,0,1,0,Non-trunk,1,1,1,1,Both,2,2020-10-17,06:28:00,Saturday,Manchester,E08000003,Urban,53.456507,-2.200028,E01005232,32.98723613,32,706,271,296,113,26,699,109,131,99,51,24,5,9,9,127,135,21.65748341,1926,88.93,245,141,99,97,59,30,23,10,127,5,6,87,16,1,321,39,13,75,10,0.911346723,1.02e-6,0,27,21,7741.583399,3.047226638
06E176721,2020,Slight,Male,26 - 35,0,0,Urban area,More deprived 20-30%,3,2,1,Roundabout,30,0,Daylight,0,0,0,Non-trunk,1,1,1,1,Both,2,2020-10-11,13:50:00,Sunday,Manchester,E08000003,Urban,53.4703,-2.241355,E01005212,25.91968447,22,761,433,299,26,3,871,144,94,72,55,27,7,25,29,335,83,112.4820144,3127,27.8,324,243,108,52,23,6,3,2,335,17,34,99,14,2,172,16,37,136,10,2.112358829,7.57e-6,0,19,211,8200.01292,1.446376403
06E177635,2020,Severe/Fatal,Male,36 - 45,0,0,Urban area,More deprived 10-20%,2,2,1,Single carriageway,30,0,Darkness - lights lit,1,0,0,Non-trunk,1,1,1,1,Both,1,2020-11-05,17:26:00,Thursday,Manchester,E08000003,Urban,53.467263,-2.249517,E01005208,27.87914344,27,1101,559,472,58,12,1266,244,198,105,60,13,12,19,26,489,100,60.7923793,2808,46.19,378,399,178,88,37,16,2,2,489,19,14,136,24,1,267,35,63,200,18,3.312792357,7.16e-6,0,17,64,9952.721586,1.757917145
06E178405,2020,Slight,Male,26 - 35,0,0,Urban area,Most deprived 10%,1,2,1,Single carriageway,30,0,Darkness - lights lit,1,0,0,Non-trunk,1,1,1,1,Both,1,2020-11-12,17:00:00,Thursday,Manchester,E08000003,Urban,53.452724,-2.234027,E01005242,27.83606557,28,553.5,285.5,229.5,31,7.5,479.5,115,92.5,52.5,31.5,8,4,4.5,6,84.5,81,169.4143167,1562,9.22,140,145.5,100.5,78.5,47.5,24,10.5,7,84.5,4,4.5,97,11.5,1,144.5,15.5,25,83,7.5,0.6385101,3.49e-6,0,8,2,4450.396974,0.94817143
06E267993,2020,Slight,Male,26 - 35,0,0,Urban area,Less deprived 40-50%,6,2,1,Single carriageway,30,0,Daylight,0,0,0,Non-trunk,1,1,1,1,Both,3,2020-01-31,07:55:00,Friday,Manchester,E08000003,Urban,53.441674,-2.257513,E01005181,36.04164625,33,688,139,313,168,68,918,84,148,119,48,8,4,16,13,359,119,54.73321859,2226,40.67,199,157,90,82,72,44,24,22,359,9,2,51,7,0,370,34,29,45,11,2.514112921,6.19e-6,0,11,11,5769.021727,1.658119891
06E268019,2020,Slight,Male,26 - 35,0,0,Urban area,Less deprived 30-40%,7,2,1,Single carriageway,30,0,Daylight,0,0,0,Non-trunk,1,1,1,1,Both,4,2020-01-29,07:45:00,Wednesday,Manchester,E08000003,Urban,53.433605,-2.214596,E01005311,31.11082996,27,660,210,303,122,25,813,59,160,142,48,8,10,10,14,271,91,86.94616484,1825,20.99,179,189,102,89,45,28,19,9,271,5,23,81,12,0,286,20,49,53,13,0.312664683,1.51e-6,0,10,2,3670.824441,0.498599207
06E268134,2020,Slight,Male,56 - 65,0,0,Urban area,Least deprived 10%,10,2,1,Single carriageway,30,0,Darkness - lighting unknown,1,0,0,Non-trunk,1,1,1,1,Both,3,2020-01-28,07:45:00,Tuesday,Manchester,E08000003,Urban,53.439189,-2.186955,E01005216,38.10569106,38,607,139,338,109,21,790,39,119,127,38,14,5,4,8,346,90,48.05153991,1529,31.82,155,228,95,73,23,17,9,8,346,5,15,46,2,2,260,17,43,42,10,0.810574761,2.53e-6,0,5,9,4112.319547,1.203158335
06E269337,2020,Slight,Male,21 - 25,0,0,Urban area,Less deprived 30-40%,7,2,1,Dual carriageway,40,0,Darkness - lights lit,1,1,0,Non-trunk,1,1,1,1,Both,4,2020-02-18,18:26:00,Tuesday,Manchester,E08000003,Urban,53.420871,-2.213463,E01005126,36.74427083,34,803,156,399,202,46,1008,58,125,182,52,23,9,7,8,428,116,68.87895461,2003,29.08,242,260,112,93,58,29,5,4,428,16,11,44,9,1,383,33,22,42,18,0.139045768,4.77e-7,0,13,17,4873.274727,2.274514205
06E269878,2020,Slight,Male,36 - 45,0,0,Urban area,Less deprived 20-30%,8,2,1,Single carriageway,30,0,Daylight,1,1,0,Non-trunk,1,1,1,1,Both,1,2020-03-03,08:30:00,Tuesday,Manchester,E08000003,Urban,53.438861,-2.22096,E01005309,29.74169121,25,950,478,341,92,39,886,70,171,157,43,9,2,12,25,339,58,105.9942912,2228,21.02,390,321,76,39,41,28,26,29,339,6,10,172,9,1,193,21,44,82,9,0.747030956,3.51e-6,0,6,30,5308.982111,0.600192459
06E270452,2020,Slight,Male,36 - 45,0,0,Urban area,More deprived 20-30%,3,2,1,Single carriageway,30,1,Daylight,0,1,0,Non-trunk,1,1,1,1,Both,4,2020-03-03,16:15:00,Tuesday,Manchester,E08000003,Urban,53.441643,-2.218641,E01005185,22.51164519,21,511,236,169,71,35,736,59,166,92,39,15,14,13,49,200,89,139.4354149,3260,23.38,109,100,67,71,53,60,42,7,200,6,22,184,10,0,145,17,58,66,23,1.800599604,7.81e-6,0,7,69,3777.948894,0.427055009
06E271584,2020,Slight,Male,26 - 35,0,0,Urban area,More deprived 20-30%,3,2,1,Single carriageway,20,0,Daylight,0,0,0,Non-trunk,1,1,1,1,Both,1,2020-05-30,19:53:00,Saturday,Manchester,E08000003,Urban,53.445385,-2.231533,E01005180,34.99317585,34,763,299,355,92,17,705,121,157,114,27,17,3,3,8,148,107,37.14451538,1920,51.69,264,196,102,110,54,21,8,7,148,2,3,82,18,2,292,33,36,79,8,2.20912779,4.3e-6,0,12,13,4411.239226,1.883103917
06E271734,2020,Severe/Fatal,Male,16 - 20,1,0,Urban area,Less deprived 30-40%,7,2,1,Single carriageway,30,0,Darkness - lights lit,0,0,0,Non-trunk,1,1,1,1,Both,1,2020-06-02,22:20:00,Tuesday,Manchester,E08000003,Urban,53.447011,-2.191326,E01005194,30.5024255,31,474,188.5,226,42.5,17,476.5,62.5,93.5,80.5,39.5,8.5,4,5,4.5,72,106.5,125.7869249,1558.5,12.39,99.5,106.5,72,67.5,67.5,33.5,19,11,72,1.5,3.5,91,10,0.5,195.5,24.5,20.5,44,12,0.123366239,4.89e-7,0,11,8,4726.32033,0.35580465
06E271887,2020,Slight,Male,26 - 35,0,0,Urban area,More deprived 20-30%,3,2,1,Single carriageway,30,1,Daylight,0,0,0,Non-trunk,1,1,1,1,Both,3,2020-05-25,19:15:00,Monday,Manchester,E08000003,Urban,53.439889,-2.251495,E01005279,34.67746615,33,817,226,390,153,48,939,101,152,145,53,17,11,8,14,312,126,35.07177033,2199,62.7,214,242,139,109,60,35,7,11,312,23,6,75,20,0,369,25,23,68,17,3.69823359,5.85e-6,0,15,6,10333.21579,3.195711009
06E272190,2020,Slight,Male,26 - 35,0,0,Urban area,Most deprived 10%,1,2,1,Single carriageway,30,0,Darkness - lights lit,0,0,0,Non-trunk,1,1,1,1,Both,2,2020-05-25,22:20:00,Monday,Manchester,E08000003,Urban,53.420604,-2.211566,E01005124,33.02296337,32,672,210,315,119,28,720,110,120,133,34,8,2,3,13,184,113,77.93132328,1861,23.88,158,184,138,97,56,30,4,5,184,4,9,79,11,1,299,34,27,57,11,0,0,0,5,15,3552.589445,0.474489396
06E273014,2020,Slight,Male,6 - 10,1,0,Urban area,More deprived 10-20%,2,2,1,Single carriageway,20,0,Daylight,0,0,0,Non-trunk,1,1,1,1,Both,3,2020-07-13,17:49:00,Monday,Manchester,E08000003,Urban,53.441983,-2.193802,E01005216,38.10569106,38,607,139,338,109,21,790,39,119,127,38,14,5,4,8,346,90,48.05153991,1529,31.82,155,228,95,73,23,17,9,8,346,5,15,46,2,2,260,17,43,42,10,0.810574761,2.53e-6,0,5,9,4112.319547,1.203158335
06E273752,2020,Slight,Male,21 - 25,0,0,Urban area,Most deprived 10%,1,2,1,Single carriageway,30,0,Daylight,0,0,0,Non-trunk,1,1,1,1,Both,1,2020-08-03,15:55:00,Monday,Manchester,E08000003,Urban,53.440473,-2.219643,E01005271,27.53744701,24,620,275,220,90,35,663,60,141,110,25,8,10,5,29,214,61,108.529251,1985,18.29,209,145,52,69,57,44,22,22,214,9,8,146,3,2,161,13,30,69,10,0.32074513,1.77e-6,0,5,51,2698.604569,0
06E274478,2020,Slight,Male,26 - 35,0,0,Urban area,Most deprived 10%,1,2,1,Single carriageway,30,0,Daylight,1,1,0,Non-trunk,1,1,1,1,Both,3,2020-08-25,18:40:00,Tuesday,Manchester,E08000003,Urban,53.46322,-2.210829,E01005063,30.93912123,31,763,336,328,82,17,709,155,133,78,64,13,5,5,7,147,102,74.44639719,2118,28.45,245,167,105,121,67,37,10,12,147,6,6,103,18,3,242,20,20,130,16,1.162963766,4.01e-6,0,10,11,6054.505427,1.617631672
06E275026,2020,Slight,Male,11 - 15,1,0,Urban area,More deprived 10-20%,2,2,1,Single carriageway,30,0,Daylight,0,0,0,Non-trunk,1,1,1,1,Both,3,2020-09-15,16:55:00,Tuesday,Manchester,E08000003,Urban,53.441409,-2.21879,E01005185,22.51164519,21,511,236,169,71,35,736,59,166,92,39,15,14,13,49,200,89,139.4354149,3260,23.38,109,100,67,71,53,60,42,7,200,6,22,184,10,0,145,17,58,66,23,1.800599604,7.81e-6,0,7,69,3777.948894,0.427055009
06E275285,2020,Slight,Male,26 - 35,0,0,Urban area,Most deprived 10%,1,2,1,Single carriageway,30,0,Daylight,0,0,0,Non-trunk,1,1,1,1,Both,1,2020-09-21,08:22:00,Monday,Manchester,E08000003,Urban,53.434002,-2.228265,E01005304,31.24815595,26,665,237,248,129,51,827,57,131,142,41,19,9,9,11,344,64,93.24131366,1959,21.01,214,174,96,70,33,24,22,32,344,13,17,91,5,0,229,14,56,53,8,0.221664532,1.06e-6,0,3,32,3799.61594,0.280435288
06E275689,2020,Slight,Male,21 - 25,0,0,Urban area,Most deprived 10%,1,2,1,Single carriageway,30,0,Daylight,0,0,0,Non-trunk,1,1,1,1,Both,4,2020-09-17,14:19:00,Thursday,Manchester,E08000003,Urban,53.467975,-2.239639,E01005210,24.77453788,23,447,276,146,20,5,520,100,53,66,31,10,7,11,44,121,77,121.6651334,2645,21.74,221,108,38,34,19,17,5,5,121,13,6,111,13,0,138,11,14,83,6,1.604325499,7.4e-6,0,15,54,4912.098336,1.117948888
06E275754,2020,Slight,Male,16 - 20,1,0,Urban area,More deprived 30-40%,4,2,1,Single carriageway,30,1,Daylight,1,1,0,Non-trunk,1,1,1,1,Both,2,2020-10-05,16:15:00,Monday,Manchester,E08000003,Urban,53.442051,-2.257455,E01005300,38.01088534,37,480,42,226,146,66,676,43,110,92,38,14,3,10,3,258,105,56.52173913,1547,27.37,81,103,108,82,61,26,10,8,258,22,4,17,13,1,282,23,23,18,12,0.746883608,2.71e-6,0,6,3,3714.212232,0.901798186
06E276748,2020,Slight,Male,46 - 55,0,0,Urban area,More deprived 30-40%,4,2,1,Single carriageway,30,0,Daylight,1,1,0,Non-trunk,1,1,1,1,Both,1,2020-10-26,12:33:00,Monday,Manchester,E08000003,Urban,53.441848,-2.251582,E01005181,36.04164625,33,688,139,313,168,68,918,84,148,119,48,8,4,16,13,359,119,54.73321859,2226,40.67,199,157,90,82,72,44,24,22,359,9,2,51,7,0,370,34,29,45,11,2.514112921,6.19e-6,0,11,11,5769.021727,1.658119891
06E277118,2020,Slight,Female,21 - 25,0,0,Urban area,More deprived 30-40%,4,2,1,Single carriageway,30,0,Daylight,0,1,0,Non-trunk,1,1,1,1,Both,3,2020-11-11,07:50:00,Wednesday,Manchester,E08000003,Urban,53.438996,-2.220961,E01005271,27.53744701,24,620,275,220,90,35,663,60,141,110,25,8,10,5,29,214,61,108.529251,1985,18.29,209,145,52,69,57,44,22,22,214,9,8,146,3,2,161,13,30,69,10,0.32074513,1.77e-6,0,5,51,2698.604569,0
06E277121,2020,Slight,Male,21 - 25,0,0,Urban area,More deprived 30-40%,4,2,1,Dual carriageway,30,1,Daylight,0,0,0,Non-trunk,1,1,1,1,Both,2,2020-11-12,14:48:00,Thursday,Manchester,E08000003,Urban,53.444781,-2.218085,E01005185,22.51164519,21,511,236,169,71,35,736,59,166,92,39,15,14,13,49,200,89,139.4354149,3260,23.38,109,100,67,71,53,60,42,7,200,6,22,184,10,0,145,17,58,66,23,1.800599604,7.81e-6,0,7,69,3777.948894,0.427055009
06E277790,2020,Severe/Fatal,Male,26 - 35,0,0,Urban area,Most deprived 10%,1,2,1,Dual carriageway,40,0,Darkness - lights lit,0,0,0,Non-trunk,1,1,1,1,Both,3,2020-11-28,00:25:00,Saturday,Manchester,E08000003,Urban,53.420898,-2.213343,E01005125,34.85853977,33,614,170,296,118,30,702,69,103,143,41,12,6,8,4,224,92,68.70362287,1574,22.91,183,154,122,91,39,12,10,1,224,4,25,35,10,0,296,23,38,48,0,0.318344883,1.4e-6,1,7,21,4695.112427,1.41869149
06E278708,2020,Severe/Fatal,Female,16 - 20,1,0,Urban area,More deprived 30-40%,4,2,1,Single carriageway,30,0,Darkness - lights lit,0,0,0,Non-trunk,1,1,1,1,Both,1,2020-12-28,16:27:00,Monday,Manchester,E08000003,Urban,53.457637,-2.226675,E01005244,27.35116868,24,813,476,247,64,26,888,160,183,85,65,16,6,18,21,205,129,158.3597884,2993,18.9,226,171,107,138,74,70,16,12,205,12,13,164,15,1,219,29,37,167,23,1.289353585,6.75e-6,0,9,40,6017.132507,0.696996425
06E278777,2020,Slight,Male,26 - 35,0,0,Urban area,More deprived 30-40%,4,2,1,Single carriageway,30,1,Darkness - lighting unknown,1,1,0,Non-trunk,1,1,1,1,Both,1,2020-12-31,06:30:00,Thursday,Manchester,E08000003,Urban,53.43049,-2.231573,E01005276,33.67254408,29,616,184,286,110,36,816,55,89,153,41,8,0,10,8,400,52,72.72727273,1464,20.13,211,228,65,57,22,21,7,4,400,38,3,62,5,3,194,13,42,50,5,1.668525154,8.22e-6,0,9,30,3761.861351,0.720229157
06E369048,2020,Slight,Male,36 - 45,0,0,Urban area,More deprived 30-40%,4,2,1,Single carriageway,30,0,Daylight,0,0,0,Non-trunk,1,1,1,1,Both,3,2020-02-13,07:45:00,Thursday,Manchester,E08000003,Urban,53.442615,-2.270933,E01005301,37.33783784,36,587,128,264,154,41,780,42,130,119,35,12,3,7,0,381,51,57.22007722,1482,25.9,201,168,78,73,31,20,10,8,381,55,1,22,5,1,233,11,30,36,2,1.173838382,4.55e-6,0,12,17,4316.226883,1.163870773
06E369077,2020,Severe/Fatal,Male,56 - 65,0,0,Urban area,More deprived 20-30%,3,2,1,Single carriageway,30,1,Daylight,0,1,0,Non-trunk,1,1,1,1,Both,3,2020-02-18,10:20:00,Tuesday,Manchester,E08000003,Urban,53.417362,-2.21981,E01005126,36.74427083,34,803,156,399,202,46,1008,58,125,182,52,23,9,7,8,428,116,68.87895461,2003,29.08,242,260,112,93,58,29,5,4,428,16,11,44,9,1,383,33,22,42,18,0.139045768,4.77e-7,0,13,17,4873.274727,2.274514205
06E369819,2020,Slight,Female,26 - 35,0,0,Urban area,Less deprived 20-30%,8,2,1,Single carriageway,30,1,Darkness - lights lit,0,0,0,Non-trunk,1,1,1,1,Both,2,2020-03-10,18:30:00,Tuesday,Manchester,E08000003,Urban,53.447896,-2.276823,E01005159,36.6254093,35,681,149,359,148,25,959,45,161,118,29,12,8,7,3,506,70,65.44715447,1610,24.6,198,226,142,77,30,7,1,2,506,48,7,30,2,2,234,11,70,41,9,1.272699721,5.1e-6,0,4,17,3093.973118,2.189877646
06E371615,2020,Slight,Female,26 - 35,0,0,Urban area,More deprived 30-40%,4,2,1,Single carriageway,30,1,Daylight,0,0,0,Non-trunk,1,1,1,1,Both,3,2020-05-29,16:32:00,Friday,Manchester,E08000003,Urban,53.41021,-2.228078,E01005169,42.00158228,44,597,64,297,193,43,738,22,75,151,48,20,8,9,7,347,51,18.36844224,1369,74.53,171,228,86,81,24,4,1,1,347,15,7,27,2,1,275,17,16,28,4,2.11200453,2.82e-6,0,11,11,7323.680438,1.700201412
06E371669,2020,Severe/Fatal,Male,36 - 45,0,0,Urban area,Less deprived 30-40%,7,2,1,Single carriageway,30,0,Daylight,0,0,0,Non-trunk,1,1,1,1,Both,1,2020-05-27,19:00:00,Wednesday,Manchester,E08000003,Urban,53.442486,-2.27593,E01005150,34.95905588,32,841,340,359,109,33,1163,51,168,157,64,14,11,9,5,607,77,69.13982878,1696,24.53,390,277,71,59,25,12,2,6,607,88,9,46,11,1,239,19,74,56,10,1.850597177,7.56e-6,1,16,45,6661.275763,2.305838714
06E373826,2020,Slight,Male,26 - 35,0,0,Urban area,Less deprived 40-50%,6,2,1,Single carriageway,40,0,Daylight,0,0,0,Non-trunk,1,1,1,1,Both,1,2020-08-08,08:56:00,Saturday,Manchester,E08000003,Urban,53.4092,-2.220385,E01005171,37.6742379,35,700,145,317,202,36,911,49,94,197,62,7,11,11,6,393,81,32.60504202,1746,53.55,187,257,92,94,46,18,5,1,393,23,18,42,5,1,337,32,12,38,9,1.1770006,2.17e-6,1,25,60,10638.44397,3.200990704
06E375815,2020,Slight,Male,26 - 35,0,0,Urban area,More deprived 40-50%,5,2,1,Dual carriageway,30,0,Daylight,0,0,0,Non-trunk,1,1,1,1,Both,1,2020-10-06,10:47:00,Tuesday,Manchester,E08000003,Urban,53.416135,-2.231871,E01005176,35.24986508,33,895,241,484,151,19,1130,74,81,194,69,21,16,11,9,589,66,61.25273125,1682,27.46,337,399,104,44,8,2,2,0,589,46,12,46,2,0,317,8,28,77,4,2.39721576,8.59e-6,1,12,47,4918.748899,1.634605461
06E377060,2020,Severe/Fatal,Male,36 - 45,0,0,Urban area,Less deprived 10-20%,9,2,1,Single carriageway,30,0,Darkness - lights lit,1,1,0,Non-trunk,1,1,1,1,Both,3,2020-10-22,20:05:00,Thursday,Manchester,E08000003,Urban,53.380864,-2.274373,E01005319,34.78519856,33,896,284,422,162,28,1028,208,191,158,88,20,4,7,11,185,156,49.75369458,2323,46.69,225,272,192,118,56,24,5,5,185,20,5,96,18,5,459,86,37,101,15,1.334782015,2.85e-6,0,12,5,6785.850334,1.110385742
06E377546,2020,Slight,Male,26 - 35,0,0,Urban area,Less deprived 20-30%,8,2,1,Single carriageway,30,1,Darkness - lights lit,1,1,0,Non-trunk,1,1,1,1,Both,2,2020-11-25,07:40:00,Wednesday,Manchester,E08000003,Urban,53.420888,-2.241632,E01005172,39.06157793,37,795,256,334,167,38,867,55,90,172,38,13,8,4,9,421,57,49.43420627,1529,30.93,371,257,72,69,20,3,1,1,421,30,2,42,3,3,275,9,28,47,7,0.772987684,2.51e-6,1,10,18,5254.037361,1.540571502
06E377588,2020,Slight,Male,46 - 55,0,0,Urban area,More deprived 40-50%,5,2,1,Single carriageway,30,0,Darkness - lights lit,0,0,0,Non-trunk,1,1,1,1,Both,2,2020-11-27,07:35:00,Friday,Manchester,E08000003,Rural,53.415672,-2.247305,E01005078,39.28571429,35,833,233,430,155,15,949,43,110,183,65,14,6,8,2,466,52,42.37380628,1553,36.65,426,310,51,31,9,6,2,0,466,28,8,38,1,0,307,13,33,48,6,1.805419836,4.96e-6,0,6,12,4046.972988,1.848304515
06E378415,2020,Slight,Male,26 - 35,0,0,Urban area,Less deprived 40-50%,6,2,1,Single carriageway,20,0,Darkness - lights lit,0,0,0,Non-trunk,1,1,1,1,Both,1,2020-11-25,17:40:00,Wednesday,Manchester,E08000003,Urban,53.445379,-2.280375,E01005150,34.95905588,32,841,340,359,109,33,1163,51,168,157,64,14,11,9,5,607,77,69.13982878,1696,24.53,390,277,71,59,25,12,2,6,607,88,9,46,11,1,239,19,74,56,10,1.850597177,7.56e-6,1,16,45,6661.275763,2.305838714
06E378512,2020,Slight,Male,46 - 55,0,0,Urban area,More deprived 10-20%,2,2,1,Single carriageway,30,0,Daylight,0,0,0,Non-trunk,1,1,1,1,Both,4,2020-12-23,16:35:00,Wednesday,Manchester,E08000003,Urban,53.442331,-2.277103,E01005150,34.95905588,32,841,340,359,109,33,1163,51,168,157,64,14,11,9,5,607,77,69.13982878,1696,24.53,390,277,71,59,25,12,2,6,607,88,9,46,11,1,239,19,74,56,10,1.850597177,7.56e-6,1,16,45,6661.275763,2.305838714
06E471387,2020,Slight,Male,21 - 25,0,0,Urban area,Most deprived 10%,1,2,1,Single carriageway,30,0,Darkness - lights lit,0,0,0,Non-trunk,1,1,1,1,Both,1,2020-05-17,00:45:00,Sunday,Manchester,E08000003,Urban,53.390289,-2.256135,E01005295,36.3117757,35,1140,226,593,277,44,1391,98,249,243,107,35,4,9,13,454,179,29.31187569,2641,90.1,382,392,194,115,42,15,2,0,454,27,10,74,17,1,651,39,17,87,14,2.423416104,2.7e-6,0,10,10,7176.454556,5.565346088
06E478407,2020,Slight,Female,46 - 55,0,0,Urban area,More deprived 10-20%,2,2,1,Single carriageway,30,0,Daylight,0,1,0,Non-trunk,1,1,1,1,Both,3,2020-11-14,14:45:00,Saturday,Manchester,E08000003,Urban,53.38967,-2.271874,E01005088,32.46105742,31,725,310,320,73,22,676,181,121,104,56,10,3,2,5,90,104,54.65083404,1933,35.37,181,202,145,116,53,17,8,3,90,18,3,82,17,2,304,54,27,74,7,1.352854424,3.81e-6,0,11,3,4602.391052,1.379846642
06F168172,2020,Slight,Male,11 - 15,1,0,Urban area,More deprived 10-20%,2,2,1,Single carriageway,30,1,Daylight,0,0,0,Non-trunk,1,1,1,1,Both,1,2020-01-31,16:00:00,Friday,Salford,E08000006,Urban,53.520405,-2.397788,E01005712,40.11232544,38,842,208,421,186,27,955,56,100,184,152,24,7,4,1,279,148,61.45101973,1838,29.91,323,269,131,77,25,12,4,3,279,3,22,59,11,2,462,45,6,53,12,0.211192761,7e-7,1,13,11,5226.288131,2.194563254
06F168712,2020,Slight,Male,26 - 35,0,0,Urban area,Less deprived 10-20%,9,2,1,Roundabout,30,0,Daylight,0,0,0,Non-trunk,1,1,1,1,Both,4,2020-03-31,12:55:00,Tuesday,Salford,E08000006,Rural,53.502105,-2.386837,E01005738,44.63374266,46,822,77,309,347,89,970,30,122,128,105,20,14,13,17,416,105,5.972316629,1933,323.66,229,319,127,111,33,4,0,1,416,6,2,20,3,4,462,18,7,29,8,3.228366505,1e-6,0,19,10,6944.948077,9.584708154
06F171248,2020,Slight,Female,21 - 25,0,0,Urban area,More deprived 20-30%,3,2,1,Single carriageway,30,0,Daylight,0,0,0,Non-trunk,1,1,1,1,Both,3,2020-05-13,09:30:00,Wednesday,Salford,E08000006,Urban,53.47646,-2.369805,E01005605,37.6754386,36,737,203,354,150,30,827,111,165,134,66,21,4,11,4,185,126,15.42325581,1658,107.5,248,222,153,82,27,4,1,0,185,6,4,67,9,2,431,51,26,42,4,2.842097513,2.63e-6,0,17,8,9881.957974,3.715679137
06F171288,2020,Slight,Male,11 - 15,1,0,Urban area,Most deprived 10%,1,2,1,Single carriageway,30,1,Daylight,0,0,0,Non-trunk,1,1,1,1,Both,3,2020-05-14,16:40:00,Thursday,Salford,E08000006,Urban,53.528234,-2.426674,E01005661,33.52103049,33,757,201,345,177,34,777,69,86,127,136,27,9,5,10,175,133,27.29100833,1900,69.62,218,227,141,97,49,12,8,4,175,1,3,52,10,4,424,43,7,47,11,0.936386731,1.36e-6,0,11,3,4450.875545,2.589635177
06F171680,2020,Severe/Fatal,Male,26 - 35,0,0,Urban area,More deprived 40-50%,5,2,1,Single carriageway,30,0,Daylight,0,0,0,Non-trunk,1,1,1,1,Both,1,2020-06-01,18:35:00,Monday,Salford,E08000006,Urban,53.509049,-2.344002,E01005690,41.93005671,43,691,161,319,178,33,806,87,144,128,65,16,3,11,2,219,131,45.3048252,1568,34.61,204,259,113,84,23,7,2,0,219,0,6,53,8,3,385,39,8,73,12,0.957217589,2.76e-6,0,6,14,2961.360582,0.622851004
06F171823,2020,Severe/Fatal,Female,26 - 35,0,0,Urban area,Less deprived 20-30%,8,4,2,Single carriageway,30,0,Daylight,0,0,0,Non-trunk,1,1,1,1,Both,1,2020-05-07,17:48:00,Thursday,Salford,E08000006,Urban,53.506214,-2.354503,E01005697,42.5680593,45,649,80,293,218,58,754,39,114,121,62,12,6,4,7,318,71,48.94501279,1531,31.28,180,230,109,93,31,3,1,0,318,1,0,20,1,2,360,12,12,22,4,0.80584752,2.57e-6,0,8,9,5878.60107,1.900594293
06F171859,2020,Slight,Male,66 - 75,0,1,Urban area,More deprived 40-50%,5,2,1,Single carriageway,30,0,Daylight,0,0,0,Non-trunk,1,1,1,1,Both,1,2020-06-07,16:00:00,Sunday,Salford,E08000006,Urban,53.492018,-2.355696,E01005637,40.76287051,42,658,161,299,171,27,755,62,124,93,56,7,7,8,5,311,82,44.6390169,1453,32.55,209,246,101,74,17,9,2,0,311,8,4,27,4,0,295,27,19,53,7,0.826858883,2.51e-6,0,10,6,6421.17853,1.351339358
06F172483,2020,Slight,Male,46 - 55,0,0,Urban area,Less deprived 40-50%,6,2,1,Single carriageway,50,0,Daylight,0,0,0,Non-trunk,1,1,1,1,Both,3,2020-07-01,14:20:00,Wednesday,Salford,E08000006,Rural,53.457618,-2.401162,E01005640,34.92118227,33,529,135,242,115,37,575,41,108,128,67,13,3,7,2,102,104,5.788958413,1360,234.93,134,148,124,79,31,7,4,0,102,1,4,48,4,2,333,23,9,40,8,1.948220651,8.25e-7,0,15,4,10142.1012,5.059823703
06F172906,2020,Slight,Male,26 - 35,0,0,Urban area,Least deprived 10%,10,2,1,Single carriageway,30,0,Daylight,0,0,0,Non-trunk,1,1,1,1,Both,4,2020-07-14,06:50:00,Tuesday,Salford,E08000006,Urban,53.523783,-2.398302,E01005708,40.29608586,38,723,269,332,104,18,628,62,70,108,92,23,6,3,6,153,105,38.158595,1434,37.58,328,215,96,54,24,3,1,2,153,1,5,52,6,2,295,35,6,68,5,0,0,0,14,43,7024.960738,0.736658668
06F173168,2020,Slight,Male,16 - 20,1,0,Urban area,More deprived 20-30%,3,2,1,Single carriageway,30,0,Daylight,0,0,0,Non-trunk,1,1,1,1,Both,2,2020-07-13,18:20:00,Monday,Salford,E08000006,Urban,53.515099,-2.337522,E01005686,37.83989501,37,634,202,272,137,23,718,77,110,147,50,9,9,3,6,190,117,46.16598296,1463,31.69,211,187,127,67,27,10,0,1,190,0,11,63,11,3,313,53,10,61,4,0,0,0,5,7,3904.791792,1.592655177
06F173192,2020,Slight,Male,16 - 20,1,0,Urban area,Most deprived 10%,1,3,1,Single carriageway,30,0,Daylight,0,0,0,Non-trunk,1,1,1,1,Both,2,2020-07-09,17:50:00,Thursday,Salford,E08000006,Urban,53.530755,-2.422777,E01005704,38.47272727,39,589,169,261,128,31,605,82,53,114,100,25,1,0,4,119,107,58.61317052,1344,22.93,188,208,84,71,25,10,1,1,119,1,5,49,9,5,324,30,9,53,5,1.230850239,5.37e-6,0,8,9,3749.190997,0.194211319
06F174049,2020,Slight,Male,26 - 35,0,0,Urban area,More deprived 30-40%,4,2,1,Single carriageway,30,0,Daylight,0,0,0,Non-trunk,1,1,1,1,Both,3,2020-08-08,16:25:00,Saturday,Salford,E08000006,Urban,53.524872,-2.403215,E01005708,40.29608586,38,723,269,332,104,18,628,62,70,108,92,23,6,3,6,153,105,38.158595,1434,37.58,328,215,96,54,24,3,1,2,153,1,5,52,6,2,295,35,6,68,5,0,0,0,14,43,7024.960738,0.736658668
06F174294,2020,Severe/Fatal,Male,16 - 20,1,0,Urban area,More deprived 10-20%,2,2,1,Single carriageway,30,0,Darkness - lights lit,1,1,0,Non-trunk,1,1,1,1,Both,1,2020-08-27,21:16:00,Thursday,Salford,E08000006,Urban,53.428186,-2.442934,E01005616,39.93859037,40,611,175,276,113,47,591,88,67,85,120,12,6,3,5,114,91,36.9443025,1446,39.14,205,172,105,79,39,9,0,2,114,0,6,37,7,7,329,29,19,39,3,0,0,0,7,2,6154.121593,0.096233925
06F175024,2020,Slight,Male,46 - 55,0,0,Urban area,Less deprived 20-30%,8,2,1,Single carriageway,30,0,Daylight,0,0,0,Non-trunk,1,1,1,1,Both,3,2020-09-14,18:53:00,Monday,Salford,E08000006,Urban,53.524854,-2.403214,E01005708,40.29608586,38,723,269,332,104,18,628,62,70,108,92,23,6,3,6,153,105,38.158595,1434,37.58,328,215,96,54,24,3,1,2,153,1,5,52,6,2,295,35,6,68,5,0,0,0,14,43,7024.960738,0.736658668
06F175201,2020,Slight,Female,36 - 45,0,0,Urban area,More deprived 20-30%,3,2,1,Single carriageway,30,0,Daylight,1,0,0,Non-trunk,1,1,1,1,Both,4,2020-09-23,09:46:00,Wednesday,Salford,E08000006,Urban,53.421496,-2.44604,E01005619,39.3371059,39,515,107,213,151,44,580,66,48,92,121,14,8,3,7,127,94,24.39072716,1231,50.47,148,172,89,65,29,10,1,0,127,1,13,20,6,6,325,30,16,29,5,1.793954149,3.51e-6,0,15,2,5822.634758,2.203881288
06F175308,2020,Slight,Male,36 - 45,0,0,Urban area,More deprived 10-20%,2,2,1,One way street,30,0,Daylight,0,0,0,Non-trunk,1,1,1,1,Both,1,2020-09-22,14:15:00,Tuesday,Salford,E08000006,Urban,53.482183,-2.356006,E01005638,35.00891862,34,971,368,432,149,22,1071,161,201,143,77,15,10,2,14,304,144,78.32093518,2211,28.23,376,289,152,95,25,11,25,3,304,21,16,94,14,6,415,48,26,120,5,0.512576461,1.81e-6,1,9,12,5563.776732,2.597591279
06F175372,2020,Slight,Male,11 - 15,1,0,Urban area,More deprived 20-30%,3,2,1,Single carriageway,30,0,Daylight,0,0,0,Non-trunk,1,1,1,1,Both,1,2020-09-20,15:32:00,Sunday,Salford,E08000006,Urban,53.481921,-2.356546,E01005603,32.80957877,32,749,235,378,110,26,915,149,162,170,70,11,8,7,8,211,119,76.68503603,1809,23.59,209,238,161,91,36,11,3,1,211,8,6,79,24,5,388,43,39,103,11,0.514849214,2.16e-6,0,7,6,4655.61047,0.816595819
06F175633,2020,Severe/Fatal,Male,56 - 65,0,0,Urban area,More deprived 30-40%,4,2,1,Single carriageway,30,0,Daylight,1,0,0,Non-trunk,1,1,1,1,Both,1,2020-09-27,13:22:00,Sunday,Salford,E08000006,Urban,53.517456,-2.330452,E01005670,38.60172911,37,820,302,360,121,37,791,74,119,169,98,21,3,1,9,185,112,43.78889719,1759,40.17,325,244,123,69,48,5,5,0,185,1,6,68,9,4,411,37,6,59,5,0.973880513,2.44e-6,0,11,6,4621.112528,0.872330655
06F176349,2020,Severe/Fatal,Male,16 - 20,1,0,Urban area,Most deprived 10%,1,2,1,Single carriageway,30,0,Darkness - lights lit,0,0,0,Non-trunk,1,1,1,1,Both,1,2020-10-16,22:18:00,Friday,Salford,E08000006,Urban,53.49652,-2.266028,E01005611,36.09944751,33,1050,480,439,105,26,1079,148,293,106,87,14,4,9,12,234,172,59.96182295,2513,41.91,384,276,152,128,69,26,10,5,234,11,17,168,39,1,361,48,29,147,24,0.79156282,1.88e-6,0,11,39,6900.623883,1.534860032
06F176772,2020,Slight,Male,11 - 15,1,0,Urban area,Most deprived 10%,1,2,1,Single carriageway,30,0,Daylight,0,0,0,Non-trunk,1,1,1,1,Both,1,2020-10-23,16:00:00,Friday,Salford,E08000006,Urban,53.504824,-2.34424,E01005696,39.67392697,40,715,102,335,231,47,893,88,137,114,74,22,7,7,8,318,118,43.15432995,1784,41.34,157,264,142,106,30,14,1,0,318,2,4,26,10,2,427,35,12,45,11,0.727188702,1.77e-6,0,6,2,4200.473065,0.947614482
06F178016,2020,Slight,Male,26 - 35,0,0,Urban area,More deprived 30-40%,4,2,1,Single carriageway,30,0,Darkness - lights lit,0,0,0,Non-trunk,1,1,1,1,Both,1,2020-12-08,16:05:00,Tuesday,Salford,E08000006,Urban,53.481169,-2.358393,E01005603,32.80957877,32,749,235,378,110,26,915,149,162,170,70,11,8,7,8,211,119,76.68503603,1809,23.59,209,238,161,91,36,11,3,1,211,8,6,79,24,5,388,43,39,103,11,0.514849214,2.16e-6,0,7,6,4655.61047,0.816595819
06F178188,2020,Severe/Fatal,Male,46 - 55,0,0,Urban area,Most deprived 10%,1,2,1,Single carriageway,30,1,Darkness - lights lit,1,1,0,Non-trunk,1,1,1,1,Both,1,2020-12-04,17:35:00,Friday,Salford,E08000006,Urban,53.480526,-2.360061,E01005603,32.80957877,32,749,235,378,110,26,915,149,162,170,70,11,8,7,8,211,119,76.68503603,1809,23.59,209,238,161,91,36,11,3,1,211,8,6,79,24,5,388,43,39,103,11,0.514849214,2.16e-6,0,7,6,4655.61047,0.816595819
06F178608,2020,Slight,Female,46 - 55,0,0,Urban area,Most deprived 10%,1,2,1,Single carriageway,30,1,Darkness - lights lit,0,0,0,Non-trunk,1,1,1,1,Both,3,2020-12-12,20:00:00,Saturday,Salford,E08000006,Urban,53.483325,-2.346914,E01005638,35.00891862,34,971,368,432,149,22,1071,161,201,143,77,15,10,2,14,304,144,78.32093518,2211,28.23,376,289,152,95,25,11,25,3,304,21,16,94,14,6,415,48,26,120,5,0.512576461,1.81e-6,1,9,12,5563.776732,2.597591279
06F268190,2020,Slight,Male,21 - 25,0,0,Urban area,Most deprived 10%,1,2,1,Single carriageway,30,0,Darkness - lights lit,0,0,0,Non-trunk,1,1,1,1,Both,4,2020-01-28,22:00:00,Tuesday,Salford,E08000006,Urban,53.483475,-2.255112,E01032687,29.73187415,29,669.5,434.5,203,29.5,2.5,844,184,79.5,42.5,48.5,9.5,7,5.5,6.5,414.5,46.5,97.27348993,1159.5,11.92,271.5,327.5,55.5,13.5,2,0,0,0,414.5,24,18.5,47,7,1.5,106,9,17,193,7,1.016733708,4.23e-6,0,7,35,3854.863336,1.763475575
06F268510,2020,Slight,Male,46 - 55,0,0,Urban area,More deprived 20-30%,3,2,1,Single carriageway,30,0,Daylight,0,0,0,Non-trunk,1,1,1,1,Both,3,2020-01-30,08:39:00,Thursday,Salford,E08000006,Urban,53.48556,-2.250648,E01032909,29.94518717,29,1043,543,428,63,9,1421,242,123,91,85,26,24,15,13,738,64,120.3366059,1716,14.26,466,494,72,9,2,0,0,0,738,44,46,55,11,1,231,12,17,257,9,0.899797701,6.28e-6,0,35,17,2179.868782,1.766364869
06F269719,2020,Slight,Male,26 - 35,0,0,Urban area,Least deprived 10%,10,2,1,Single carriageway,30,0,Daylight,1,1,0,Non-trunk,1,1,1,1,Both,2,2020-03-09,18:10:00,Monday,Salford,E08000006,Urban,53.493371,-2.259361,E01033330,37.01411043,36,826,474,283,55,14,652,119,107,49,67,9,7,5,6,178,105,41.39135106,1541,37.23,491,189,77,41,14,10,2,0,178,15,15,62,12,0,213,16,26,104,12,2.531656196,6.76e-6,0,7,28,5556.352195,1.013379272
06F269751,2020,Severe/Fatal,Male,36 - 45,0,0,Urban area,More deprived 40-50%,5,2,1,Single carriageway,30,0,Daylight,0,0,0,Non-trunk,1,1,1,1,Both,1,2020-03-09,09:30:00,Monday,Salford,E08000006,Urban,53.483538,-2.255157,E01032687,29.73187415,29,669.5,434.5,203,29.5,2.5,844,184,79.5,42.5,48.5,9.5,7,5.5,6.5,414.5,46.5,97.27348993,1159.5,11.92,271.5,327.5,55.5,13.5,2,0,0,0,414.5,24,18.5,47,7,1.5,106,9,17,193,7,1.016733708,4.23e-6,0,7,35,3854.863336,1.763475575
06F270988,2020,Slight,Male,36 - 45,0,0,Urban area,More deprived 40-50%,5,2,1,Single carriageway,30,0,Daylight,0,0,0,Non-trunk,1,1,1,1,Both,1,2020-05-06,18:40:00,Wednesday,Salford,E08000006,Urban,53.483645,-2.291055,E01005654,32.4994877,31,924,368,422,121,13,1083,120,229,95,89,18,7,14,15,389,107,107.9034029,1966,18.22,327,343,127,77,34,8,4,2,389,40,12,109,15,5,322,23,33,125,10,0.749572063,4.16e-6,0,6,12,3472.813058,0.953982824
06F271075,2020,Slight,Male,26 - 35,0,0,Urban area,Most deprived 10%,1,2,1,Single carriageway,30,0,Daylight,0,0,0,Non-trunk,1,1,1,1,Both,1,2020-05-02,13:38:00,Saturday,Salford,E08000006,Urban,53.493299,-2.259346,E01033330,37.01411043,36,826,474,283,55,14,652,119,107,49,67,9,7,5,6,178,105,41.39135106,1541,37.23,491,189,77,41,14,10,2,0,178,15,15,62,12,0,213,16,26,104,12,2.531656196,6.76e-6,0,7,28,5556.352195,1.013379272
06F271876,2020,Slight,Male,26 - 35,0,0,Urban area,More deprived 20-30%,3,2,1,Single carriageway,30,0,Daylight,0,0,0,Non-trunk,1,1,1,1,Both,1,2020-06-08,17:50:00,Monday,Salford,E08000006,Urban,53.514976,-2.269024,E01005647,36.98476298,33,623,186,278,135,24,612,126,99,52,28,8,4,5,4,222,64,54.66132556,1501,27.46,279,166,66,39,29,12,19,14,222,6,2,32,6,1,261,16,5,57,7,0.834117706,3.06e-6,0,7,2,2637.546961,1.317595529
06F271985,2020,Severe/Fatal,Male,26 - 35,0,0,Urban area,More deprived 10-20%,2,2,1,Dual carriageway,30,0,Daylight,0,0,0,Non-trunk,1,1,1,1,Both,4,2020-06-07,18:50:00,Sunday,Salford,E08000006,Urban,53.478502,-2.260582,E01032906,32.61217773,31,1139,647,423,57,12,1329,271,173,74,92,21,9,10,13,580,86,60.73127229,2043,33.64,553,441,97,29,13,3,2,1,580,22,21,108,12,2,225,14,40,296,13,3.280546995,9.65e-6,1,20,34,7009.530946,3.27626851
06F272099,2020,Slight,Male,16 - 20,1,0,Urban area,More deprived 20-30%,3,2,1,Roundabout,30,0,Daylight,0,1,0,Non-trunk,1,1,1,1,Both,4,2020-06-19,19:40:00,Friday,Salford,E08000006,Urban,53.497126,-2.276419,E01032919,30.7196162,25,582.5,288,230.5,53.5,10.5,683.5,84.5,193.5,61.5,60,15.5,9.5,15,22,125.5,96.5,35.77374196,1891,52.86,164.5,182,121.5,65.5,23,9,2.5,14.5,125.5,7,20,132,27.5,2,205.5,34.5,29,95.5,5,4.936042991,4.63e-6,0,23,43,6472.37124,5.486146859
06F272194,2020,Slight,Female,26 - 35,0,0,Urban area,Less deprived 30-40%,7,2,1,Single carriageway,30,1,Daylight,0,1,0,Non-trunk,1,1,1,1,Both,1,2020-05-04,10:55:00,Monday,Salford,E08000006,Urban,53.500648,-2.317176,E01005626,42.50561798,45,516,80,233,154,49,665,93,132,74,63,16,3,8,1,181,94,36.24577227,1286,35.48,125,185,102,72,26,7,0,0,181,2,0,28,13,1,338,25,8,61,5,0.566356891,1.62e-6,0,12,1,3666.104713,0.90338555
06F272777,2020,Slight,Male,26 - 35,0,0,Urban area,More deprived 10-20%,2,2,1,Single carriageway,30,1,Daylight,1,1,0,Non-trunk,1,1,1,1,Both,4,2020-07-04,19:29:00,Saturday,Salford,E08000006,Urban,53.483895,-2.31993,E01005720,32.68389463,31,701.5,293,310,81.5,17,756.5,144.5,185.5,58.5,48.5,9.5,2.5,5.5,6.5,211.5,84,31.4480308,1593,50.655,247,235,103,61.5,24,23,3.5,2.5,211.5,54,6,68,11,2.5,249.5,29.5,26.5,86.5,11,3.7746526,3.69e-6,1,41,16,9695.809573,6.292528708
06F272952,2020,Slight,Male,16 - 20,1,0,Urban area,More deprived 20-30%,3,2,1,Single carriageway,30,0,Darkness - lights lit,1,1,0,Non-trunk,1,1,1,1,Both,3,2020-06-16,21:20:00,Tuesday,Salford,E08000006,Urban,53.510373,-2.252846,E01005651,29.09602328,23,553,192,268,73,20,788,340,74,76,42,6,2,3,3,145,97,100.4852228,2278,22.67,97,124,76,49,53,46,32,77,145,2,2,56,12,1,271,49,6,226,18,0.008510041,3.7e-8,0,6,23,3038.420335,0.462015274
06F273453,2020,Severe/Fatal,Male,21 - 25,0,0,Urban area,More deprived 30-40%,4,3,1,Single carriageway,30,1,Daylight,1,1,0,Non-trunk,1,1,1,1,Both,2,2020-07-03,11:35:00,Friday,Salford,E08000006,Urban,53.50248,-2.303908,E01005624,35.68937644,35,729,266,319,121,23,767,91,210,82,57,18,3,2,5,168,131,63.52657005,1841,28.98,212,220,121,95,50,23,6,4,168,1,4,86,18,2,335,49,22,69,15,0.76885277,2.7e-6,0,12,0,6242.265426,0.588369301
06F273914,2020,Slight,Male,16 - 20,1,0,Urban area,Most deprived 10%,1,2,1,Single carriageway,20,0,Daylight,0,0,0,Non-trunk,1,1,1,1,Both,3,2020-08-12,12:14:00,Wednesday,Salford,E08000006,Urban,53.476066,-2.276689,E01005667,35.00405885,34,1031,462,451,105,13,1105,187,238,90,77,11,11,12,17,349,113,60.83467095,2274,37.38,386,306,168,112,38,17,6,0,349,67,14,33,21,6,322,43,54,185,12,0.145905027,3.83e-7,0,9,20,7428.312097,0.949927768
06F274032,2020,Slight,Male,11 - 15,1,0,Urban area,Most deprived 10%,1,2,1,Roundabout,30,0,Daylight,0,0,0,Non-trunk,1,1,1,1,Both,1,2020-08-15,08:55:00,Saturday,Salford,E08000006,Urban,53.497269,-2.276827,E01032919,30.7196162,25,582.5,288,230.5,53.5,10.5,683.5,84.5,193.5,61.5,60,15.5,9.5,15,22,125.5,96.5,35.77374196,1891,52.86,164.5,182,121.5,65.5,23,9,2.5,14.5,125.5,7,20,132,27.5,2,205.5,34.5,29,95.5,5,4.936042991,4.63e-6,0,23,43,6472.37124,5.486146859
06F274973,2020,Slight,Male,36 - 45,0,0,Urban area,More deprived 10-20%,2,2,1,Single carriageway,30,0,Daylight,0,0,0,Non-trunk,1,1,1,1,Both,4,2020-09-08,09:30:00,Tuesday,Salford,E08000006,Urban,53.518039,-2.257597,E01005649,35.97181572,32,645,166,299,145,35,732,258,114,47,29,6,4,5,8,195,66,46.83337864,1723,36.79,219,202,63,58,37,27,16,22,195,2,3,36,13,1,302,25,5,143,4,0.514444356,1.4e-6,0,12,4,5467.591748,0.54853452
06F275352,2020,Slight,Male,36 - 45,0,0,Urban area,Least deprived 10%,10,2,1,Single carriageway,30,0,Daylight,0,0,0,Non-trunk,1,1,1,1,Both,1,2020-09-21,18:00:00,Monday,Salford,E08000006,Urban,53.484717,-2.308016,E01005720,32.68389463,31,701.5,293,310,81.5,17,756.5,144.5,185.5,58.5,48.5,9.5,2.5,5.5,6.5,211.5,84,31.4480308,1593,50.655,247,235,103,61.5,24,23,3.5,2.5,211.5,54,6,68,11,2.5,249.5,29.5,26.5,86.5,11,3.7746526,3.69e-6,1,41,16,9695.809573,6.292528708
06F276049,2020,Slight,Female,26 - 35,0,0,Urban area,More deprived 20-30%,3,2,1,Single carriageway,30,0,Daylight,0,0,0,Non-trunk,1,1,1,1,Both,1,2020-10-05,10:30:00,Monday,Salford,E08000006,Urban,53.488747,-2.257087,E01033330,37.01411043,36,826,474,283,55,14,652,119,107,49,67,9,7,5,6,178,105,41.39135106,1541,37.23,491,189,77,41,14,10,2,0,178,15,15,62,12,0,213,16,26,104,12,2.531656196,6.76e-6,0,7,28,5556.352195,1.013379272
06F276246,2020,Slight,Male,26 - 35,0,0,Urban area,More deprived 40-50%,5,2,1,Dual carriageway,20,0,Darkness - lights lit,0,0,0,Non-trunk,1,1,1,1,Both,1,2020-10-15,18:40:00,Thursday,Salford,E08000006,Urban,53.483113,-2.268612,E01032907,32.121873,30,772,357.5,336,75.5,3,993,155,134,55,72,13.5,8.5,13.5,16,475.5,50,29.16132847,1479.5,50.735,294,334,87.5,37,14,5,0.5,0.5,475.5,20,17,46.5,12.5,0.5,203.5,14.5,36.5,157.5,7.5,5.731015748,5.67e-6,0,23,50,10069.59698,8.922447558
06F276518,2020,Slight,Male,26 - 35,0,0,Urban area,Most deprived 10%,1,2,1,Single carriageway,30,0,Darkness - lights lit,0,1,0,Non-trunk,1,1,1,1,Both,1,2020-10-20,19:40:00,Tuesday,Salford,E08000006,Urban,53.49969,-2.26736,E01005611,36.09944751,33,1050,480,439,105,26,1079,148,293,106,87,14,4,9,12,234,172,59.96182295,2513,41.91,384,276,152,128,69,26,10,5,234,11,17,168,39,1,361,48,29,147,24,0.79156282,1.88e-6,0,11,39,6900.623883,1.534860032
06F277486,2020,Slight,Male,46 - 55,0,0,Urban area,Less deprived 40-50%,6,2,1,Single carriageway,30,0,Darkness - lights lit,1,1,0,Non-trunk,1,1,1,1,Both,1,2020-11-17,06:39:00,Tuesday,Salford,E08000006,Urban,53.494202,-2.320987,E01005630,39.8968254,39,650,161,350,117,22,789,133,136,104,60,13,1,13,5,233,91,67.23834653,1529,22.74,212,201,104,82,39,7,1,0,233,7,7,56,15,1,313,23,14,109,9,0.170316628,7.49e-7,0,7,21,1814.731525,0.56812889
06F278499,2020,Slight,Male,26 - 35,0,0,Urban area,Most deprived 10%,1,2,1,Single carriageway,30,1,Daylight,0,0,0,Non-trunk,1,1,1,1,Both,1,2020-12-22,15:02:00,Tuesday,Salford,E08000006,Urban,53.492326,-2.284512,E01005681,32.87342437,25,549,357,154,26,12,371,44,96,28,36,13,3,6,14,80,51,67.81038375,1502,22.15,269,157,79,26,8,9,3,0,80,7,11,67,12,2,105,18,10,55,5,1.026261091,4.66e-6,0,11,66,5848.650036,1.585660292
06F369391,2020,Slight,Female,46 - 55,0,0,Urban area,Less deprived 20-30%,8,2,1,Single carriageway,30,1,Daylight,1,1,1,Non-trunk,1,1,1,1,Both,4,2020-03-03,13:18:00,Tuesday,Salford,E08000006,Urban,53.473919,-2.291516,E01032685,34.35296557,33,723.3333333,350.6666667,295,72.66666667,5,930,81,169.3333333,53,60.66666667,14.66666667,11.33333333,12.66666667,10,471,46.33333333,59.59339263,1250.666667,20.98666667,305,327.3333333,72,16.66666667,1.333333333,0.333333333,0,0,471,89,25.33333333,25,8.666666667,1.333333333,184.6666667,13,20.66666667,86,5.666666667,1.516102537,2.42e-6,3,38,86,7715.692772,3.288553108
06G167696,2020,Slight,Male,36 - 45,0,0,Urban area,More deprived 40-50%,5,2,1,Single carriageway,30,0,Daylight,0,1,0,Non-trunk,1,1,1,1,Both,4,2020-01-21,07:47:00,Tuesday,Tameside,E08000008,Urban,53.46875,-2.087122,E01006008,35.73130377,36,613,112,293,175,33,741,107,128,115,82,15,6,7,5,172,104,9.96763754,1386,139.05,166,238,113,80,12,4,0,0,172,4,11,46,3,2,407,15,6,60,11,1.678404139,1.21e-6,0,24,6,9501.746444,7.165501002
06G170198,2020,Slight,Male,11 - 15,1,0,Urban area,Most deprived 10%,1,2,1,Single carriageway,20,0,Daylight,1,1,0,Non-trunk,1,1,1,1,Both,3,2020-03-18,07:47:00,Wednesday,Tameside,E08000008,Urban,53.5025,-2.089873,E01005934,39.88516746,41,628,148,279,153,48,687,131,110,103,74,7,0,6,6,159,91,52.76610644,1507,28.56,159,241,113,76,26,6,2,4,159,9,8,33,9,1,356,26,6,70,8,0.058146843,2.05e-7,0,8,3,3986.508918,0
06G170763,2020,Slight,Male,11 - 15,1,0,Urban area,More deprived 10-20%,2,2,1,Single carriageway,30,0,Daylight,0,0,0,Non-trunk,1,1,1,1,Both,1,2020-04-11,18:14:00,Saturday,Tameside,E08000008,Urban,53.500225,-2.078366,E01005946,38.15232632,39,689,238,291,129,31,719,156,101,88,89,11,2,3,7,165,97,77.07625061,1587,20.59,220,219,122,91,30,6,1,1,165,10,2,28,12,4,343,48,4,94,8,0,0,0,8,4,3663.549945,0.039231849
06G171378,2020,Slight,Male,36 - 45,0,0,Rural,Less deprived 10-20%,9,2,1,Single carriageway,30,0,Daylight,1,1,0,Non-trunk,1,1,1,1,Both,1,2020-05-19,07:15:00,Tuesday,Tameside,E08000008,Urban,53.488018,-2.063469,E01006064,40.88686131,42,798,343,300,123,32,643,123,112,67,94,9,3,13,8,88,126,43.14606742,1728,40.05,329,208,125,87,38,7,4,0,88,2,19,33,13,3,364,44,6,69,1,0.239753347,5.97e-7,0,11,3,3743.173755,0.211772693
06G172887,2020,Slight,Male,66 - 75,0,1,Urban area,More deprived 10-20%,2,2,1,Single carriageway,30,0,Daylight,0,0,0,Non-trunk,1,1,1,1,Both,2,2020-06-20,14:30:00,Saturday,Tameside,E08000008,Urban,53.499846,-2.104069,E01005954,45.7891492,49,762,275,331,130,26,570,88,118,83,50,11,3,3,3,122,89,35.46704599,1496,42.18,403,179,90,55,23,8,2,2,122,6,4,33,9,0,308,22,12,48,7,0.347126662,8.24e-7,0,15,8,3489.36654,1.481892435
06G173265,2020,Slight,Male,36 - 45,0,0,Urban area,Less deprived 10-20%,9,2,1,Single carriageway,30,0,Daylight,0,0,0,Non-trunk,1,1,1,1,Both,4,2020-07-19,14:48:00,Sunday,Tameside,E08000008,Urban,53.456224,-2.114489,E01005974,39.25442739,38,819,265,394,133,27,804,105,133,151,77,8,4,4,11,184,127,33.96908251,1692,49.81,313,292,119,68,20,6,1,3,184,1,5,86,3,4,378,45,16,78,9,0.277841269,5.58e-7,0,24,19,7439.926728,2.129865986
06G173497,2020,Slight,Male,36 - 45,0,0,Urban area,More deprived 10-20%,2,2,1,Single carriageway,30,0,Daylight,0,1,0,Non-trunk,1,1,1,1,Both,1,2020-07-25,10:20:00,Saturday,Tameside,E08000008,Urban,53.450293,-2.078681,E01006029,33.13638703,33,715,218,327,137,33,795,119,106,108,125,24,2,7,9,177,118,87.07789284,1934,22.21,209,195,108,88,65,32,12,6,177,2,9,55,16,1,390,53,7,79,7,0,0,0,4,5,4543.737887,0.373871258
06G174663,2020,Severe/Fatal,Male,26 - 35,0,0,Urban area,More deprived 10-20%,2,2,1,Single carriageway,30,1,Daylight,0,0,0,Non-trunk,1,1,1,1,Both,1,2020-09-01,18:15:00,Tuesday,Tameside,E08000008,Urban,53.496324,-2.077605,E01005947,36.07967378,36,815,392,331,83,9,764,178,118,105,94,13,6,3,3,131,113,124.5934959,1839,14.76,304,235,142,72,42,8,7,5,131,17,8,69,24,2,306,46,4,144,13,0,0,0,9,4,4221.738149,0.610928524
06G175121,2020,Slight,Female,11 - 15,1,0,Urban area,More deprived 20-30%,3,2,1,Single carriageway,30,1,Daylight,0,0,0,Non-trunk,1,1,1,1,Both,3,2020-09-09,15:00:00,Wednesday,Tameside,E08000008,Urban,53.49713,-2.068834,E01005945,36.05122289,34,750,271,315,136,28,806,164,115,112,109,19,6,5,9,134,133,75.69470174,2043,26.99,208,191,162,107,50,17,11,2,134,9,10,80,16,4,360,51,12,120,10,0.149640258,5.5e-7,0,15,7,3231.881245,0.448462249
06G175361,2020,Slight,Male,11 - 15,1,0,Urban area,More deprived 10-20%,2,2,1,Single carriageway,20,0,Daylight,0,0,0,Non-trunk,1,1,1,1,Both,1,2020-09-11,18:09:00,Friday,Tameside,E08000008,Urban,53.488061,-2.104703,E01005950,28.75854109,27,642,192,307,114,29,695,124,105,110,55,10,6,7,6,128,144,28.25409197,2175,76.98,143,146,70,91,78,56,29,27,128,9,5,54,18,1,322,51,6,77,25,2.315762742,3.02e-6,1,14,9,6187.751304,2.184527343
06G177428,2020,Severe/Fatal,Male,46 - 55,0,0,Urban area,Most deprived 10%,1,2,1,Roundabout,30,0,Darkness - lights lit,0,0,0,Non-trunk,1,1,1,1,Both,4,2020-11-10,17:02:00,Tuesday,Tameside,E08000008,Urban,53.481202,-2.161645,E01006007,39.04828974,41,646,166,286,155,39,760,55,170,163,60,5,4,3,7,178,115,33.74673629,1551,45.96,185,196,143,93,17,11,2,1,178,13,3,40,7,0,388,49,14,54,16,1.076767376,2.32e-6,0,7,5,2485.246607,0.151123426
06G177556,2020,Slight,Male,Over 75,0,1,Urban area,Less deprived 40-50%,6,2,1,Dual carriageway,30,0,Daylight,0,0,0,Non-trunk,1,1,1,1,Both,2,2020-11-09,10:00:00,Monday,Tameside,E08000008,Urban,53.478971,-2.126574,E01005962,42.06241234,45,596,111,269,162,54,645,61,98,122,54,6,3,2,3,194,102,45.59768638,1419,31.12,174,212,94,72,23,12,2,5,194,14,2,39,2,1,336,20,4,28,4,1.104682315,3.59e-6,1,8,4,5411.428676,1.84682363
06G178450,2020,Slight,Female,36 - 45,0,0,Urban area,Most deprived 10%,1,2,1,One way street,30,0,Daylight,1,1,0,Non-trunk,1,1,1,1,Both,1,2020-12-22,09:45:00,Tuesday,Tameside,E08000008,Urban,53.47889,-2.126348,E01005951,34.3439759,33,754,278,354,97,25,756,124,127,139,71,11,4,1,4,153,122,17.89879518,1857,103.75,254,203,132,87,45,16,12,8,153,4,13,89,10,2,335,31,15,98,7,4.379786836,4.23e-6,2,22,13,12265.30797,6.041988299
06G268511,2020,Slight,Male,36 - 45,0,0,Urban area,More deprived 30-40%,4,2,1,Single carriageway,30,0,Daylight,0,0,0,Non-trunk,1,1,1,1,Both,0,2020-02-12,15:34:00,Wednesday,Tameside,E08000008,Urban,53.476173,-2.136359,E01005961,36.76449704,36,1108,104,476,436,92,1537,102,225,308,124,22,11,16,9,518,202,14.60552268,2962,202.8,232,358,220,216,61,17,2,3,518,9,25,60,6,0,806,48,12,42,8,1.735143675,8.55e-7,1,19,5,8283.505378,6.13432536
06G269859,2020,Slight,Male,56 - 65,0,0,Urban area,Less deprived 20-30%,8,2,1,Single carriageway,30,0,Daylight,0,0,0,Non-trunk,1,1,1,1,Both,3,2020-03-11,07:20:00,Wednesday,Tameside,E08000008,Urban,53.461577,-2.074154,E01006033,35.53419811,34,791,193,377,185,36,880,120,171,97,112,10,6,4,8,222,130,78.5079929,1768,22.52,257,267,138,88,32,5,3,0,222,0,21,24,14,6,459,30,14,79,9,0,0,0,9,3,3710.944244,1.047549399
06G271046,2020,Slight,Male,36 - 45,0,0,Urban area,Less deprived 10-20%,9,2,1,Single carriageway,30,0,Daylight,0,0,0,Non-trunk,1,1,1,1,Both,3,2020-04-21,18:25:00,Tuesday,Tameside,E08000008,Urban,53.451672,-2.056022,E01006024,42.84988962,48,688,43,244,269,132,953,76,158,113,112,16,15,11,12,315,125,7.610382891,1765,231.92,123,259,160,108,27,7,1,3,315,0,16,18,1,6,533,34,2,24,10,3.961931539,1.71e-6,2,20,2,5917.146273,4.067153729
06G271295,2020,Slight,Male,36 - 45,0,0,Urban area,More deprived 20-30%,3,2,1,Single carriageway,30,1,Daylight,0,0,0,Non-trunk,1,1,1,1,Both,4,2020-05-14,15:00:00,Thursday,Tameside,E08000008,Urban,53.478921,-2.138703,E01005969,44.30678233,48,568,98,272,151,47,634,51,116,103,66,7,5,7,4,174,101,40.74654956,1299,31.88,162,213,106,56,20,10,0,1,174,17,4,28,1,0,346,21,3,33,8,0.131350673,4.06e-7,0,12,0,4145.545376,1.246021472
06G271792,2020,Slight,Male,26 - 35,0,0,Urban area,Less deprived 30-40%,7,2,1,Single carriageway,30,0,Daylight,0,0,0,Non-trunk,1,1,1,1,Both,1,2020-05-28,17:10:00,Thursday,Tameside,E08000008,Urban,53.459547,-2.071756,E01006035,39.68327578,41,1014,290,445,225,54,1074,138,185,134,155,12,17,16,11,281,125,32.08787924,2147,66.91,410,305,144,106,32,15,3,1,281,2,40,73,11,5,514,53,12,76,9,0.404529001,6.09e-7,1,19,4,5735.95502,2.139980597
06G272444,2020,Slight,Male,11 - 15,1,0,Urban area,More deprived 10-20%,2,2,1,Single carriageway,30,0,Daylight,0,0,0,Non-trunk,1,1,1,1,Both,1,2020-06-22,14:00:00,Monday,Tameside,E08000008,Urban,53.480271,-2.145066,E01006000,46.00990099,48,936,401,393,112,30,775,71,136,165,74,9,4,4,4,186,122,56.58644712,1787,31.58,454,271,100,75,26,6,2,1,186,38,4,77,4,3,339,38,16,57,17,0.267274826,8.44e-7,1,21,13,5480.401349,1.580155911
06G273996,2020,Slight,Male,16 - 20,1,0,Urban area,More deprived 20-30%,3,2,1,Single carriageway,30,1,Daylight,0,0,0,Non-trunk,1,1,1,1,Both,2,2020-08-02,13:30:00,Sunday,Tameside,E08000008,Urban,53.462487,-2.117096,E01005966,34.69442533,35,624,126,273,182,43,766,88,139,140,64,9,3,6,8,192,117,56.07675906,1578,28.14,171,189,124,91,35,12,4,3,192,1,5,29,2,2,410,43,18,57,6,0.174136389,6.2e-7,0,10,17,2362.731329,0.362838112
06G275488,2020,Slight,Male,11 - 15,1,0,Urban area,Most deprived 10%,1,2,1,Dual carriageway,30,0,Daylight,0,0,0,Non-trunk,1,1,1,1,Both,1,2020-09-25,08:00:00,Friday,Tameside,E08000008,Urban,53.456683,-2.011556,E01006048,47.66340509,52,757,123,336,217,81,719,15,68,95,144,32,3,9,5,226,122,13.82268827,1595,115.39,275,294,83,79,18,7,0,0,226,3,6,22,0,1,402,26,3,19,7,0,0,0,19,0,3618.998705,4.47747061
06G278672,2020,Slight,Male,36 - 45,0,0,Urban area,Less deprived 40-50%,6,2,1,Single carriageway,30,0,Daylight,0,0,0,Non-trunk,1,1,1,1,Both,2,2020-12-19,14:20:00,Saturday,Tameside,E08000008,Urban,53.449164,-2.143649,E01005987,46.83704188,50,699,103,334,200,62,761,48,121,156,66,6,5,7,5,216,131,39.9158559,1518,38.03,221,269,109,78,16,7,1,0,216,3,8,25,1,2,438,24,14,25,6,0,0,0,10,0,4612.4818,1.530432621
06J167494,2020,Slight,Male,36 - 45,0,0,Urban area,More deprived 30-40%,4,2,1,Single carriageway,30,0,Daylight,0,0,0,Non-trunk,1,1,1,1,Both,4,2020-01-15,13:50:00,Wednesday,Stockport,E08000007,Urban,53.406455,-2.154546,E01005758,40.28343558,40,861,479.5,314,55.5,12,654.5,90,111,98,59,5,3,5,5.5,192,86,27.78151745,1444.5,51.995,488,232.5,95.5,28.5,10,3.5,0,1.5,192,0.5,35,82.5,5.5,1.5,217.5,24.5,14,79.5,4,5.619360184,5.41e-6,0,79,129,15025.43001,6.337720315
06J171072,2020,Slight,Male,26 - 35,0,0,Urban area,More deprived 30-40%,4,2,1,Single carriageway,30,0,Daylight,0,0,0,Non-trunk,1,1,1,1,Both,1,2020-05-06,08:15:00,Wednesday,Stockport,E08000007,Urban,53.412988,-2.155277,E01005758,40.28343558,40,861,479.5,314,55.5,12,654.5,90,111,98,59,5,3,5,5.5,192,86,27.78151745,1444.5,51.995,488,232.5,95.5,28.5,10,3.5,0,1.5,192,0.5,35,82.5,5.5,1.5,217.5,24.5,14,79.5,4,5.619360184,5.41e-6,0,79,129,15025.43001,6.337720315
06J171226,2020,Slight,Female,36 - 45,0,0,Urban area,Most deprived 10%,1,2,1,Single carriageway,30,1,Daylight,0,0,0,Non-trunk,1,1,1,1,Both,1,2020-03-23,18:57:00,Monday,Stockport,E08000007,Urban,53.393899,-2.184817,E01005762,34.98618307,34,799,250,336,179,34,847,112,187,123,72,10,6,3,13,211,110,40.13425549,1973,49.16,236,246,152,90,44,18,12,3,211,2,18,53,7,2,399,37,20,87,13,0.240697745,4.91e-7,0,9,2,4664.26291,1.801953982
06J171559,2020,Slight,Male,56 - 65,0,0,Urban area,More deprived 30-40%,4,2,1,Dual carriageway,30,0,Daylight,0,0,0,Non-trunk,1,1,1,1,Both,0,2020-05-14,15:10:00,Thursday,Stockport,E08000007,Urban,53.411787,-2.166119,E01005917,36.66438746,36,900,330,423,133,14,916,142,145,155,79,13,4,9,7,256,106,36.00236081,1830,50.83,369,312,116,60,29,8,1,5,256,2,17,119,10,5,362,28,12,98,4,2.345506175,4.65e-6,0,52,31,6777.506159,4.483092588
06J172053,2020,Slight,Female,46 - 55,0,0,Urban area,Less deprived 20-30%,8,2,1,Single carriageway,30,0,Daylight,0,0,0,Non-trunk,1,1,1,1,Both,4,2020-06-11,17:18:00,Thursday,Stockport,E08000007,Urban,53.424301,-2.164603,E01005915,39.11381074,39,716,206,334,149,27,763,125,147,113,53,11,4,2,8,183,117,23.72491959,1549,65.29,258,237,119,75,20,5,1,3,183,0,6,56,10,2,371,38,9,76,7,1.783677941,2.73e-6,0,13,11,8776.897343,2.402479995
06J172865,2020,Slight,Male,11 - 15,1,0,Urban area,Less deprived 20-30%,8,2,1,Single carriageway,30,0,Daylight,0,0,0,Non-trunk,1,1,1,1,Both,3,2020-07-01,17:45:00,Wednesday,Stockport,E08000007,Urban,53.419949,-2.189549,E01005867,44.6673428,48,646,91,318,177,60,679,34,72,131,28,12,1,6,6,322,67,43.38407494,1482,34.16,220,206,93,99,20,4,3,2,322,6,8,12,1,0,260,17,23,29,3,0.305989559,8.86e-7,0,10,11,4125.501003,0.768535803
06J173636,2020,Slight,Female,26 - 35,0,0,Urban area,More deprived 10-20%,2,2,1,One way street,20,0,Daylight,0,0,0,Non-trunk,1,1,1,1,Both,4,2020-07-31,18:30:00,Friday,Stockport,E08000007,Urban,53.444077,-2.157031,E01005889,42.76775568,44,674,225,296,119,34,654,47,109,133,56,3,5,3,8,184,106,51.80196578,1423,27.47,253,219,104,76,15,3,0,0,184,1,10,61,0,2,326,21,11,35,3,1.765651712,6.37e-6,0,13,6,5070.814616,1.490317827
06J174752,2020,Severe/Fatal,Male,46 - 55,0,0,Urban area,Most deprived 10%,1,2,1,Roundabout,30,0,Daylight,0,0,0,Non-trunk,1,1,1,1,Both,1,2020-09-05,08:50:00,Saturday,Stockport,E08000007,Urban,53.418688,-2.161016,E01005915,39.11381074,39,716,206,334,149,27,763,125,147,113,53,11,4,2,8,183,117,23.72491959,1549,65.29,258,237,119,75,20,5,1,3,183,0,6,56,10,2,371,38,9,76,7,1.783677941,2.73e-6,0,13,11,8776.897343,2.402479995
06J175275,2020,Slight,Male,6 - 10,1,0,Urban area,Less deprived 20-30%,8,3,1,Single carriageway,20,0,Daylight,0,0,0,Non-trunk,1,1,1,1,Both,3,2020-09-18,16:20:00,Friday,Stockport,E08000007,Urban,53.447207,-2.148732,E01005888,36.41908976,37,589,116,276,154,43,722,30,148,154,63,5,3,7,5,195,112,81.68713294,1530,18.73,142,180,112,104,31,13,5,1,195,2,14,47,5,1,388,22,11,32,4,0.120884304,6.54e-7,0,7,2,1875.348581,0.855370501
06J177837,2020,Slight,Male,36 - 45,0,0,Urban area,More deprived 20-30%,3,2,1,Roundabout,30,0,Darkness - lights lit,0,1,0,Non-trunk,1,1,1,1,Both,2,2020-12-01,07:00:00,Tuesday,Stockport,E08000007,Urban,53.409782,-2.166834,E01005861,43.77010724,47,711,124,359,191,37,767,66,95,120,54,8,2,6,7,307,102,31.91973521,1543,48.34,274,203,107,97,27,2,1,0,307,4,15,23,3,5,325,13,20,47,8,2.122696892,4.39e-6,0,9,5,6793.108641,1.734187331
06J178283,2020,Slight,Female,21 - 25,0,0,Urban area,Least deprived 10%,10,2,1,Single carriageway,30,0,Darkness - lights lit,0,1,0,Non-trunk,1,1,1,1,Both,4,2020-11-23,17:05:00,Monday,Stockport,E08000007,Urban,53.398746,-2.158399,E01005766,38.18758527,37,801,320,347,104,30,808,143,156,104,67,9,1,1,3,219,105,59.31863727,1776,29.94,324,210,144,63,27,21,5,5,219,0,20,84,17,3,307,26,18,110,4,0.536515904,1.77e-6,0,21,13,7314.316004,2.75772031
06J178471,2020,Severe/Fatal,Male,16 - 20,1,0,Urban area,Most deprived 10%,1,2,1,Single carriageway,30,0,Darkness - lights lit,0,1,0,Non-trunk,1,1,1,1,Both,1,2020-12-14,22:00:00,Monday,Stockport,E08000007,Urban,53.426885,-2.132423,E01005753,36.72717332,34,690,244,304,116,26,672,83,145,123,66,6,1,4,3,129,112,60.98208361,1838,30.14,195,202,134,102,35,14,6,2,129,1,9,75,7,0,321,42,18,61,5,0.606459195,2.04e-6,1,21,6,2726.40122,1.178829164
06J269918,2020,Severe/Fatal,Male,56 - 65,0,0,Urban area,Less deprived 30-40%,7,2,1,Single carriageway,30,0,Daylight,0,0,0,Non-trunk,1,1,1,1,Both,1,2020-03-15,14:30:00,Sunday,Stockport,E08000007,Urban,53.423145,-2.168316,E01005916,37.86412023,36,724,171,361,161,31,848,96,102,174,63,10,3,6,8,284,102,41.49100257,1614,38.9,240,269,107,67,32,5,1,3,284,0,13,75,5,5,352,29,20,56,11,0.531245734,1.36e-6,0,11,14,3713.229782,1.95052741
06J270855,2020,Severe/Fatal,Male,46 - 55,0,0,Urban area,More deprived 30-40%,4,2,1,Dual carriageway,30,0,Daylight,0,0,0,Non-trunk,1,1,1,1,Both,1,2020-04-09,09:38:00,Thursday,Stockport,E08000007,Urban,53.396031,-2.111243,E01005835,44.04545455,49,580,39,218,228,95,707,43,115,104,98,10,6,12,4,234,81,8.434756282,1393,165.15,151,218,96,78,24,8,2,1,234,0,4,12,3,0,397,29,7,13,7,1.117741162,6.72e-7,0,18,0,7116.19963,3.730476207
06J273484,2020,Severe/Fatal,Male,26 - 35,0,0,Urban area,Less deprived 20-30%,8,3,1,Single carriageway,30,0,Daylight,0,0,0,Non-trunk,1,1,1,1,Both,1,2020-07-23,11:10:00,Thursday,Stockport,E08000007,Urban,53.395679,-2.153575,E01005797,36.86182833,36,677,193,360,107,17,786,97,148,79,63,14,3,4,3,292,83,74.97348887,1414,18.86,240,245,118,62,11,3,0,1,292,1,17,52,6,1,304,25,19,67,2,0.843361435,4.53e-6,0,6,5,3410.666663,1.17434116
06J276023,2020,Slight,Male,16 - 20,1,0,Urban area,Less deprived 40-50%,6,2,1,Single carriageway,30,0,Darkness - lights lit,0,0,0,Non-trunk,1,1,1,1,Both,2,2020-09-29,20:26:00,Tuesday,Stockport,E08000007,Urban,53.395756,-2.070985,E01005882,46.60088692,51,493,35,188,191,79,535,29,44,70,67,9,2,3,4,254,53,11.42754791,1276,111.66,101,199,75,98,19,4,0,0,254,0,10,6,2,0,222,12,7,19,4,2.241806771,2.01e-6,0,7,2,2278.620345,2.089193656
06J276285,2020,Slight,Female,26 - 35,0,0,Urban area,Less deprived 40-50%,6,2,1,Single carriageway,30,0,Darkness - lights lit,1,1,0,Non-trunk,1,1,1,1,Both,4,2020-10-09,20:45:00,Friday,Stockport,E08000007,Urban,53.386178,-2.130538,E01005801,36.54923305,36,895,183,394,277,41,1191,218,142,121,141,13,10,6,8,408,124,28.41956967,2219,78.08,251,257,193,147,34,10,3,0,408,2,27,43,4,3,488,32,15,172,5,0.955063241,1.23e-6,0,11,24,6248.939939,2.123686005
06J277704,2020,Severe/Fatal,Male,56 - 65,0,0,Urban area,More deprived 30-40%,4,2,1,Single carriageway,30,0,Darkness - lights lit,0,0,0,Non-trunk,1,1,1,1,Both,1,2020-10-01,18:53:00,Thursday,Stockport,E08000007,Urban,53.393744,-2.017478,E01005908,45.06438026,49,638,27,212,270,129,790,21,43,81,113,19,4,7,10,429,63,1.645728014,1644,998.95,123,251,102,120,28,6,4,0,429,0,17,5,0,1,308,12,8,11,3,9.134656757,9.14e-7,0,28,0,7089.166288,5.523711853
06J279108,2020,Severe/Fatal,Male,11 - 15,1,0,Urban area,Most deprived 10%,1,2,1,Single carriageway,30,0,Daylight,0,1,0,Non-trunk,1,1,1,1,Both,0,2020-11-10,07:40:00,Tuesday,Stockport,E08000007,Urban,53.416857,-2.120596,E01005743,44.61988304,49,568,80,249,181,58,622,45,121,85,74,8,5,5,5,175,99,29.59349593,1274,43.05,168,210,96,73,17,2,1,0,175,2,8,10,4,3,357,25,5,29,2,0.91809014,2.15e-6,0,8,0,5697.695018,2.451417281
06J370157,2020,Slight,Male,26 - 35,0,0,Urban area,Less deprived 30-40%,7,2,1,Single carriageway,30,0,Daylight,0,0,0,Non-trunk,1,1,1,1,Both,2,2020-03-22,16:11:00,Sunday,Stockport,E08000007,Urban,53.390944,-2.239148,E01005775,43.38662614,44,643,74,260,243,66,806,57,90,125,77,21,4,7,7,346,72,38.04844607,1665,43.76,171,197,108,121,31,7,3,5,346,0,10,9,4,0,361,20,6,40,8,0.316941949,7.28e-7,0,6,5,3382.4356,0.928221084
06J371205,2020,Slight,Female,36 - 45,0,0,Urban area,More deprived 40-50%,5,2,1,Single carriageway,30,1,Daylight,0,0,0,Non-trunk,1,1,1,1,Both,1,2020-05-13,14:30:00,Wednesday,Stockport,E08000007,Urban,53.359189,-2.193712,E01005795,42.90824981,45,530,43,195,217,75,652,44,78,78,86,14,10,7,7,263,65,33.96367256,1365,40.19,113,185,97,98,29,5,2,2,263,1,8,7,2,3,325,12,8,19,7,0,0,0,5,2,3039.024762,0.659604521
06J371457,2020,Severe/Fatal,Male,36 - 45,0,0,Urban area,Less deprived 40-50%,6,1,1,Single carriageway,40,1,Daylight,0,0,0,Non-trunk,1,1,1,1,Both,1,2020-05-24,11:57:00,Sunday,Stockport,E08000007,Rural,53.333793,-2.184828,E01005926,44.06598985,47,858,28,269,419,142,1207,25,95,180,160,30,15,7,18,594,83,3.892834199,2242,575.93,157,315,164,181,30,9,1,1,594,3,7,8,1,0,529,31,7,9,12,0,0,0,21,2,16323.09168,4.659610079
06J372150,2020,Slight,Male,26 - 35,0,0,Urban area,Less deprived 40-50%,6,2,1,Dual carriageway,30,0,Daylight,0,0,0,Non-trunk,1,1,1,1,Both,2,2020-06-21,15:26:00,Sunday,Stockport,E08000007,Rural,53.380333,-2.218357,E01005784,42.92239011,45,547,40,184,254,69,644,39,74,90,63,11,5,10,9,282,61,13.96914446,1494,106.95,105,189,88,109,41,10,3,3,282,1,6,7,2,1,293,14,14,15,8,1.464053494,1.36e-6,0,15,16,14224.95709,2.196719833
06J372234,2020,Slight,Male,16 - 20,1,0,Urban area,More deprived 10-20%,2,2,1,Slip road,30,0,Daylight,0,0,0,Non-trunk,1,1,1,1,Both,1,2020-06-08,17:30:00,Monday,Stockport,E08000007,Urban,53.388123,-2.188295,E01005781,40.01348039,39,905,380,381,119,25,745,101,139,80,76,3,4,8,7,206,121,35.94530063,1656,46.07,493,206,108,74,16,6,1,1,206,2,6,39,8,6,334,36,18,83,4,0.703174781,1.54e-6,0,5,11,3975.236693,1.173139514
06J372422,2020,Slight,Male,46 - 55,0,0,Urban area,Less deprived 40-50%,6,2,1,Roundabout,30,0,Daylight,0,0,0,Non-trunk,1,1,1,1,Both,1,2020-06-28,12:21:00,Sunday,Stockport,E08000007,Rural,53.38036,-2.218402,E01005784,42.92239011,45,547,40,184,254,69,644,39,74,90,63,11,5,10,9,282,61,13.96914446,1494,106.95,105,189,88,109,41,10,3,3,282,1,6,7,2,1,293,14,14,15,8,1.464053494,1.36e-6,0,15,16,14224.95709,2.196719833
06J372442,2020,Severe/Fatal,Male,46 - 55,0,0,Urban area,Least deprived 10%,10,2,1,Roundabout,30,0,Daylight,0,1,0,Non-trunk,1,1,1,1,Both,4,2020-06-18,18:10:00,Thursday,Stockport,E08000007,Urban,53.342413,-2.159843,E01005926,44.06598985,47,858,28,269,419,142,1207,25,95,180,160,30,15,7,18,594,83,3.892834199,2242,575.93,157,315,164,181,30,9,1,1,594,3,7,8,1,0,529,31,7,9,12,0,0,0,21,2,16323.09168,4.659610079
06J372561,2020,Slight,Female,46 - 55,0,0,Urban area,Less deprived 20-30%,8,2,1,Roundabout,30,0,Daylight,0,0,0,Non-trunk,1,1,1,1,Both,1,2020-05-25,13:15:00,Monday,Stockport,E08000007,Urban,53.372587,-2.146143,E01005813,44.50492264,49,598,46,246,242,64,637,61,89,78,64,13,2,4,5,256,65,28.11534501,1365,48.55,172,226,91,87,15,4,2,0,256,0,9,10,1,0,314,18,7,22,9,0.161848177,3.29e-7,0,12,2,2987.646309,1.84812103
06J372795,2020,Slight,Male,46 - 55,0,0,Urban area,More deprived 10-20%,2,2,1,Single carriageway,30,0,Daylight,0,0,0,Non-trunk,1,1,1,1,Both,1,2020-07-11,11:32:00,Saturday,Stockport,E08000007,Urban,53.37115,-2.22596,E01005845,41.88882247,43,611,72,229,229,81,735,45,112,113,84,18,3,5,5,264,86,44.92950108,1657,36.88,143,199,97,106,43,16,3,7,264,6,8,7,2,2,383,29,7,19,7,1.067321879,2.87e-6,0,10,11,4004.063872,1.103838114
06J373879,2020,Slight,Male,26 - 35,0,0,Urban area,More deprived 10-20%,2,2,1,Single carriageway,30,1,Daylight,0,0,0,Non-trunk,1,1,1,1,Both,3,2020-08-13,12:55:00,Thursday,Stockport,E08000007,Urban,53.370322,-2.216787,E01005846,39.30411449,40,618,63,248,234,73,789,61,78,128,92,17,2,8,5,264,134,44.08436214,1714,38.88,154,175,104,95,46,24,12,9,264,0,13,15,5,1,413,25,6,41,8,0.282596974,7.17e-7,0,9,5,8783.534432,1.708044762
06J374678,2020,Severe/Fatal,Male,11 - 15,1,0,Urban area,Less deprived 30-40%,7,2,1,Single carriageway,30,0,Daylight,0,0,0,Non-trunk,1,1,1,1,Both,1,2020-08-24,17:23:00,Monday,Stockport,E08000007,Urban,53.397379,-2.200548,E01005778,42.0399729,43,603,90,272,193,48,762,71,122,116,68,12,2,4,4,279,84,43.12404288,1408,32.65,166,222,116,77,20,4,1,0,279,5,4,26,4,3,354,26,9,50,6,0.70612792,2.19e-6,0,5,6,4022.700335,1.039242642
06K168901,2020,Slight,Male,66 - 75,0,1,Urban area,More deprived 40-50%,5,2,1,Single carriageway,30,0,Daylight,1,1,0,Non-trunk,1,1,1,1,Both,4,2020-02-15,12:00:00,Saturday,Bolton,E08000001,Urban,53.574752,-2.440432,E01004849,31.55711775,30,498,167,229,80,22,518,117,59,46,60,33,4,0,14,90,95,60.99965998,1794,29.41,92,110,63,77,76,30,24,28,90,1,9,36,23,0,238,37,1,69,14,0.389452229,1.32e-6,0,9,16,6767.892546,1.866336344
06K172126,2020,Slight,Male,56 - 65,0,0,Urban area,Less deprived 30-40%,7,2,1,Single carriageway,40,0,Daylight,0,0,0,Non-trunk,1,1,1,1,Both,4,2020-06-20,10:00:00,Saturday,Bolton,E08000001,Rural,53.630478,-2.383565,E01004789,46.90513001,52,608,47,222,255,84,710,39,115,91,87,24,3,7,3,252,89,2.563333569,1453,566.84,139,247,101,96,19,5,2,0,252,0,4,7,5,2,392,23,1,19,4,0.666645146,1.18e-7,0,42,0,17499.47769,4.680406709
06K173011,2020,Slight,Male,36 - 45,0,0,Urban area,More deprived 20-30%,3,2,1,Single carriageway,30,0,Daylight,0,0,0,Non-trunk,1,1,1,1,Both,3,2020-07-11,10:00:00,Saturday,Bolton,E08000001,Urban,53.570909,-2.451491,E01004827,32.23676171,32,671,259,308,80,24,622,142,113,59,64,31,2,1,6,82,122,124.6086412,1990,15.97,190,149,94,100,72,32,19,15,82,0,4,51,18,1,305,56,4,90,10,0,0,0,4,6,3455.029481,0.384568853
06K173253,2020,Slight,Male,26 - 35,0,0,Urban area,More deprived 30-40%,4,2,1,Single carriageway,30,0,Daylight,1,0,0,Non-trunk,1,1,1,1,Both,1,2020-07-10,09:40:00,Friday,Bolton,E08000001,Urban,53.574736,-2.434905,E01004848,37.41883304,33,779,458,263,43,15,636,164,84,77,90,25,5,1,4,101,85,23.96239395,2090,87.22,404,161,77,56,31,27,14,11,101,0,34,60,23,1,231,43,20,113,10,3.87064219,4.41e-6,1,96,64,13337.0054,6.750953205
06K173733,2020,Severe/Fatal,Male,46 - 55,0,0,Urban area,Less deprived 20-30%,8,2,1,Dual carriageway,40,0,Daylight,0,0,0,Non-trunk,1,1,1,1,Both,2,2020-07-30,09:20:00,Thursday,Bolton,E08000001,Urban,53.580891,-2.527149,E01004781,37.91752577,38,954,153,467,276,58,1158,150,68,206,125,82,17,9,13,364,124,7.806324111,2133,273.24,306,327,156,129,24,8,1,0,364,1,19,25,8,5,583,45,5,94,8,5.582448301,2.04e-6,0,19,13,9007.455858,4.49975795
06K175336,2020,Slight,Male,26 - 35,0,0,Urban area,More deprived 10-20%,2,2,1,Dual carriageway,30,0,Daylight,0,0,0,Non-trunk,1,1,1,1,Both,4,2020-09-18,12:10:00,Friday,Bolton,E08000001,Urban,53.574718,-2.434874,E01004848,37.41883304,33,779,458,263,43,15,636,164,84,77,90,25,5,1,4,101,85,23.96239395,2090,87.22,404,161,77,56,31,27,14,11,101,0,34,60,23,1,231,43,20,113,10,3.87064219,4.41e-6,1,96,64,13337.0054,6.750953205
06K177111,2020,Slight,Female,36 - 45,0,0,Urban area,Most deprived 10%,1,1,1,Single carriageway,20,0,Daylight,0,0,0,Non-trunk,1,1,1,1,Both,4,2020-11-11,09:10:00,Wednesday,Bolton,E08000001,Urban,53.590277,-2.447165,E01004867,35.03416718,34,592,174,297,96,25,594,122,107,55,64,29,6,0,4,96,111,85.12623491,1551,18.22,176,152,111,81,39,18,12,3,96,0,10,45,8,4,320,36,3,62,11,0,0,0,6,0,3878.511226,0
06K267201,2020,Severe/Fatal,Male,56 - 65,0,0,Urban area,More deprived 20-30%,3,2,1,Single carriageway,30,0,Daylight,0,0,0,Non-trunk,1,1,1,1,Both,3,2020-01-10,15:25:00,Friday,Bolton,E08000001,Urban,53.579946,-2.459819,E01004845,39.5572306,40,716,100,295,237,84,873,96,161,89,86,49,7,1,11,288,85,36.77799607,1872,50.9,199,212,110,113,52,17,10,4,288,0,14,18,16,0,468,22,4,32,9,1.191574521,2.32e-6,0,10,3,8234.283161,1.114528818
06K270329,2020,Slight,Male,36 - 45,0,0,Small town,More deprived 40-50%,5,2,1,Dual carriageway,30,0,Daylight,0,0,0,Non-trunk,1,1,1,1,Both,3,2020-03-25,09:53:00,Wednesday,Bolton,E08000001,Urban,53.583412,-2.421852,E01033220,34.03192848,33,736,430,247,51,8,469,102,50,63,65,20,4,1,9,68,87,14.27019983,1314,92.08,441,161,60,31,23,9,5,5,68,0,25,55,16,3,189,26,8,68,10,3.388058386,3.69e-6,0,24,8,10729.17752,6.765796551
06K270356,2020,Severe/Fatal,Male,6 - 10,1,0,Urban area,Most deprived 10%,1,2,1,Single carriageway,30,1,Darkness - lights lit,0,0,0,Non-trunk,1,1,1,1,Both,3,2020-03-06,18:30:00,Friday,Bolton,E08000001,Urban,53.572763,-2.394866,E01004801,33.69785009,33,664,249,295,100,20,572,71,160,66,58,13,2,2,5,89,106,31.94046938,1674,52.41,196,189,129,84,40,15,6,5,89,1,4,37,33,1,297,41,10,46,12,2.329340489,4.42e-6,0,6,6,4567.165306,0.849243404
06K271031,2020,Slight,Male,26 - 35,0,0,Urban area,Most deprived 10%,1,2,1,Single carriageway,30,0,Daylight,0,0,0,Non-trunk,1,1,1,1,Both,1,2020-05-01,15:35:00,Friday,Bolton,E08000001,Urban,53.599629,-2.545757,E01004890,42.98992081,44,683,163,306,178,36,695,74,58,145,75,37,13,1,7,177,108,44.80856587,1381,30.82,268,237,97,61,16,3,0,0,177,0,6,36,10,1,376,27,3,59,3,0.231732748,7.46e-7,0,15,1,4925.536906,1.184690713
06K271124,2020,Slight,Male,56 - 65,0,0,Urban area,More deprived 40-50%,5,2,2,Single carriageway,30,0,Daylight,0,0,0,Non-trunk,1,1,1,1,Both,1,2020-04-03,13:40:00,Friday,Bolton,E08000001,Urban,53.599646,-2.545802,E01004890,42.98992081,44,683,163,306,178,36,695,74,58,145,75,37,13,1,7,177,108,44.80856587,1381,30.82,268,237,97,61,16,3,0,0,177,0,6,36,10,1,376,27,3,59,3,0.231732748,7.46e-7,0,15,1,4925.536906,1.184690713
06K272577,2020,Slight,Male,11 - 15,1,0,Urban area,More deprived 20-30%,3,2,1,Single carriageway,30,0,Daylight,0,0,0,Non-trunk,1,1,1,1,Both,1,2020-05-30,19:20:00,Saturday,Bolton,E08000001,Urban,53.602366,-2.393601,E01004786,47.11893033,51,686,113,299,218,56,681,38,135,95,96,25,5,2,5,162,118,16.55629139,1450,87.58,229,266,97,74,18,2,0,0,162,3,6,13,3,2,417,37,6,22,10,1.83824044,2.1e-6,0,6,1,2884.646365,0.935672643
06K272799,2020,Slight,Male,56 - 65,0,0,Urban area,More deprived 40-50%,5,2,1,Single carriageway,30,0,Daylight,0,0,0,Non-trunk,1,1,1,1,Both,1,2020-06-25,20:45:00,Thursday,Bolton,E08000001,Urban,53.593011,-2.483741,E01004840,41.96871166,45,722,103,311,234,74,765,29,159,87,97,33,9,5,2,253,91,4.152017412,1736,418.11,212,272,93,92,33,14,1,5,253,0,7,23,6,3,403,39,6,16,9,4.547097875,1.09e-6,0,23,3,14316.32252,4.074199375
06K273046,2020,Severe/Fatal,Male,26 - 35,0,0,Urban area,More deprived 10-20%,2,2,1,Single carriageway,60,1,Daylight,1,1,0,Non-trunk,1,1,1,1,Both,1,2020-07-15,13:50:00,Wednesday,Bolton,E08000001,Rural,53.598797,-2.593767,E01004780,40.42677824,42,978,101,416,360,101,1192,73,109,173,173,76,19,5,12,382,170,3.665785468,2288,624.15,267,350,192,125,38,7,1,0,382,0,15,14,11,4,670,40,6,41,10,5.092545477,8.18e-7,1,30,1,18462.41317,14.08133513
06K274038,2020,Slight,Male,26 - 35,0,0,Small town,Less deprived 20-30%,8,2,1,Single carriageway,30,0,Daylight,0,0,0,Non-trunk,1,1,1,1,Both,3,2020-08-09,12:30:00,Sunday,Bolton,E08000001,Urban,53.598841,-2.535094,E01004884,50.42402827,56,696,60,256,292,88,664,29,24,142,61,36,15,2,6,252,97,2.592885375,1476,569.25,201,319,97,57,15,6,1,0,252,0,4,7,3,1,348,19,2,18,10,8.007778584,1.41e-6,0,12,0,8900.725912,2.991516922
06K274267,2020,Slight,Male,11 - 15,1,0,Urban area,More deprived 30-40%,4,3,1,Single carriageway,30,0,Daylight,0,0,0,Non-trunk,1,1,1,1,Both,1,2020-08-21,19:40:00,Friday,Bolton,E08000001,Urban,53.588083,-2.466146,E01004919,42.92066667,45,648,97,304,206,41,708,48,162,52,75,40,6,2,8,217,98,37.78167251,1509,39.94,188,244,93,76,36,7,0,1,217,0,7,16,9,2,386,24,6,35,6,0.925910022,2.3e-6,0,13,0,8587.272996,0.84167243
06K274917,2020,Severe/Fatal,Male,36 - 45,0,0,Urban area,Less deprived 30-40%,7,2,1,Single carriageway,30,0,Daylight,0,0,0,Non-trunk,1,1,1,1,Both,1,2020-09-14,12:45:00,Monday,Bolton,E08000001,Urban,53.592581,-2.54204,E01004781,37.91752577,38,954,153,467,276,58,1158,150,68,206,125,82,17,9,13,364,124,7.806324111,2133,273.24,306,327,156,129,24,8,1,0,364,1,19,25,8,5,583,45,5,94,8,5.582448301,2.04e-6,0,19,13,9007.455858,4.49975795
06K275575,2020,Slight,Male,66 - 75,0,1,Urban area,More deprived 40-50%,5,2,1,Single carriageway,30,0,Daylight,0,0,0,Non-trunk,1,1,1,1,Both,1,2020-09-16,10:30:00,Wednesday,Bolton,E08000001,Urban,53.592173,-2.536732,E01004883,40.07250163,41,795,149,355,234,57,967,124,54,165,87,57,12,6,14,301,147,36.46912557,1760,48.26,232,308,132,101,15,5,1,0,301,1,4,31,9,2,485,45,4,77,10,0.547516717,1.13e-6,0,9,1,1806.758538,0.681498151
06K277766,2020,Slight,Female,46 - 55,0,0,Urban area,More deprived 30-40%,4,2,1,Dual carriageway,30,0,Darkness - lights lit,0,0,0,Non-trunk,1,1,1,1,Both,4,2020-12-01,17:50:00,Tuesday,Bolton,E08000001,Urban,53.581173,-2.387529,E01004796,40.72960822,41,669,151,271,200,47,746,65,180,92,90,14,2,2,7,163,131,30.88984712,1576,51.02,208,203,131,87,31,7,1,2,163,3,2,38,12,1,414,34,6,56,16,1.412956499,2.77e-6,0,14,4,5244.303453,1.201573865
06K278145,2020,Severe/Fatal,Male,66 - 75,0,1,Urban area,Most deprived 10%,1,2,1,Single carriageway,30,0,Darkness - lights lit,1,1,0,Non-trunk,1,1,1,1,Both,1,2020-11-29,15:49:00,Sunday,Bolton,E08000001,Urban,53.593011,-2.483726,E01004840,41.96871166,45,722,103,311,234,74,765,29,159,87,97,33,9,5,2,253,91,4.152017412,1736,418.11,212,272,93,92,33,14,1,5,253,0,7,23,6,3,403,39,6,16,9,4.547097875,1.09e-6,0,23,3,14316.32252,4.074199375
06K366738,2020,Slight,Male,36 - 45,0,0,Urban area,More deprived 40-50%,5,2,1,Single carriageway,30,0,Daylight,0,0,0,Non-trunk,1,1,1,1,Both,3,2020-01-03,12:00:00,Friday,Bolton,E08000001,Urban,53.567227,-2.464664,E01004838,33.55608974,32,652,238,286,99,29,620,95,165,52,56,24,5,0,3,102,118,24.9070632,2010,80.7,181,159,87,82,61,43,26,13,102,0,10,43,21,1,312,57,6,60,8,2.003841918,2.49e-6,0,14,6,9242.205273,3.000822055
06K369032,2020,Slight,Male,56 - 65,0,0,Urban area,More deprived 20-30%,3,2,1,Roundabout,40,0,Daylight,0,0,0,Non-trunk,1,1,1,1,Both,4,2020-02-06,15:30:00,Thursday,Bolton,E08000001,Rural,53.550992,-2.498734,E01004891,47.13235294,51,741,124,334,215,68,735,43,91,164,73,47,5,2,8,196,106,14.15831571,1540,108.77,267,270,98,83,16,4,0,0,196,0,6,11,6,0,451,28,2,29,4,0.697522403,6.38e-7,0,9,0,10038.00434,3.581083399
06K372333,2020,Slight,Female,6 - 10,1,0,Urban area,Less deprived 30-40%,7,2,1,Single carriageway,30,1,Daylight,0,0,0,Non-trunk,1,1,1,1,Both,3,2020-06-25,20:00:00,Thursday,Bolton,E08000001,Urban,53.533942,-2.529765,E01004933,41.5320959,45,575,70,259,181,65,726,28,78,172,90,39,4,4,5,181,125,17.17422559,1314,76.51,161,207,115,71,14,3,1,1,181,0,5,13,7,3,432,53,6,20,8,0.142484558,1.87e-7,0,14,0,3915.328511,0.290448878
06K373954,2020,Slight,Male,21 - 25,0,0,Urban area,More deprived 10-20%,2,2,1,Single carriageway,30,1,Daylight,0,0,0,Non-trunk,1,1,1,1,Both,2,2020-07-31,12:30:00,Friday,Bolton,E08000001,Urban,53.548858,-2.425161,E01004875,39.36148238,39,654,141,287,194,32,714,133,118,78,73,28,5,5,4,157,113,31.58591976,1669,52.84,160,219,119,100,34,14,5,2,157,1,6,26,22,3,363,34,4,90,7,0.344084746,6.47e-7,0,14,2,6324.058824,1.560993681
06K374613,2020,Slight,Male,46 - 55,0,0,Urban area,Less deprived 20-30%,8,2,1,Single carriageway,40,0,Daylight,0,0,0,Non-trunk,1,1,1,1,Both,3,2020-09-05,11:10:00,Saturday,Bolton,E08000001,Urban,53.547912,-2.469252,E01004892,48.49585195,51,708,96,292,244,76,686,18,117,93,90,20,3,3,6,228,108,4.569379374,1580,345.78,216,276,103,81,21,10,2,0,228,1,3,6,1,1,388,28,3,17,9,0.445594928,1.29e-7,0,21,1,7560.253093,4.269163039
06K374948,2020,Slight,Male,11 - 15,1,0,Urban area,More deprived 10-20%,2,2,1,Single carriageway,30,1,Darkness - lights lit,0,1,0,Non-trunk,1,1,1,1,Both,2,2020-09-06,20:30:00,Sunday,Bolton,E08000001,Urban,53.547959,-2.399088,E01004859,45.15477707,46,698,337,256,80,25,507,64,126,55,52,13,5,2,2,81,107,44.19014085,1506,34.08,349,169,78,56,27,13,3,2,81,0,5,46,16,5,235,32,6,74,9,0.842905887,2.44e-6,1,31,22,5017.450111,1.059828106
06K376777,2020,Slight,Male,16 - 20,1,0,Urban area,More deprived 10-20%,2,2,1,Single carriageway,30,0,Daylight,0,0,0,Non-trunk,1,1,1,1,Both,1,2020-10-30,17:30:00,Friday,Bolton,E08000001,Urban,53.561627,-2.363255,E01004916,42.35252809,44,675,198,286,152,39,648,48,130,112,66,27,9,3,10,125,118,33.9819319,1467,43.17,246,215,111,78,22,3,2,1,125,6,2,34,7,2,381,32,5,42,7,0.71718254,1.67e-6,0,13,2,3538.618271,0.804687797
06L167559,2020,Slight,Male,46 - 55,0,0,Urban area,Less deprived 10-20%,9,2,1,Single carriageway,30,0,Daylight,1,1,0,Non-trunk,1,1,1,1,Both,2,2020-01-26,14:15:00,Sunday,Wigan,E08000010,Urban,53.544501,-2.607494,E01006307,39.35615491,39,607,179,247,137,44,640,138,86,87,65,34,7,2,8,93,120,33.13238486,1374,41.47,204,193,109,74,22,7,2,0,93,0,2,21,7,6,383,41,9,74,1,0.695316944,1.71e-6,0,12,10,4032.789642,1.458266493
06L167968,2020,Severe/Fatal,Male,11 - 15,1,0,Urban area,Less deprived 10-20%,9,2,1,Single carriageway,30,0,Daylight,0,0,0,Non-trunk,1,1,1,1,Both,3,2020-01-31,08:30:00,Friday,Wigan,E08000010,Urban,53.520571,-2.647258,E01006410,44.83508246,49,534,55,219,184,76,623,57,127,61,58,35,11,2,4,153,115,20.23222523,1272,62.87,121,213,105,76,14,5,1,0,153,0,5,10,3,0,385,28,4,30,9,0,0,0,8,3,1954.209613,0.820933696
06L168652,2020,Slight,Male,36 - 45,0,0,Urban area,Most deprived 10%,1,2,1,Roundabout,30,0,Daylight,1,1,0,Non-trunk,1,1,1,1,Both,4,2020-02-15,13:20:00,Saturday,Wigan,E08000010,Urban,53.560737,-2.634494,E01006373,43.7819398,46,630,80,281,215,54,706,126,68,54,88,49,8,1,4,213,95,53.65943362,1459,27.19,170,244,111,83,22,3,0,0,213,0,9,12,1,1,366,20,4,78,3,1.260196516,4.62e-6,0,10,1,2368.545139,1.189693793
06L170173,2020,Severe/Fatal,Male,16 - 20,1,0,Urban area,Least deprived 10%,10,2,1,Dual carriageway,60,0,Daylight,0,0,0,Non-trunk,1,1,1,1,Both,3,2020-03-25,14:53:00,Wednesday,Wigan,E08000010,Rural,53.474026,-2.527179,E01006301,42.49967084,46,587,39,191,259,98,725,76,51,73,131,32,11,6,7,238,100,10.96659769,1484,135.32,107,243,93,117,25,2,1,0,238,0,0,8,0,1,423,19,3,24,7,0.027075899,2.01e-8,0,3,0,16444.49592,1.779989343
06L170659,2020,Slight,Male,21 - 25,0,0,Urban area,More deprived 30-40%,4,2,1,Single carriageway,30,0,Daylight,0,0,0,Non-trunk,1,1,1,1,Both,4,2020-04-06,12:09:00,Monday,Wigan,E08000010,Urban,53.54706,-2.62205,E01006386,45.62888735,50,933,589,284,53,7,493,155,57,41,59,20,7,1,7,52,94,67.41716228,1587,23.54,593,209,66,35,16,6,3,3,52,0,7,32,10,2,200,36,7,138,8,0.211577111,8.83e-7,0,15,15,3539.342935,0.914515988
06L171286,2020,Slight,Male,16 - 20,1,0,Urban area,Most deprived 10%,1,2,1,Dual carriageway,20,0,Daylight,0,0,0,Non-trunk,1,1,1,1,Both,1,2020-05-14,19:40:00,Thursday,Wigan,E08000010,Urban,53.547305,-2.596895,E01006311,36.60155317,37,637,176,286,135,40,642,104,135,85,76,43,3,1,3,85,107,17.88504139,1534,85.77,186,216,102,80,31,15,4,2,85,1,6,29,6,2,389,56,8,56,2,0.58025601,6.77e-7,0,15,4,6202.64473,0.636647651
06L172090,2020,Slight,Male,26 - 35,0,0,Urban area,Most deprived 10%,1,2,1,Single carriageway,30,0,Daylight,0,0,0,Non-trunk,1,1,1,1,Both,1,2020-06-06,20:55:00,Saturday,Wigan,E08000010,Urban,53.537095,-2.66637,E01006354,43.23016393,44,631,196,272,128,35,626,94,109,69,80,24,18,0,9,99,124,72.57171616,1442,19.87,221,195,123,63,22,2,4,1,99,0,7,34,10,2,332,52,13,68,8,0.592740933,3.03e-6,0,7,4,4680.978507,0.544755244
06L172549,2020,Slight,Female,36 - 45,0,0,Urban area,More deprived 20-30%,3,2,1,Single carriageway,30,0,Daylight,1,0,0,Non-trunk,1,1,1,1,Both,4,2020-06-13,11:00:00,Saturday,Wigan,E08000010,Urban,53.530656,-2.670252,E01006359,38.1975968,38,594,177,255,134,28,621,114,122,69,68,25,12,1,4,98,108,38.86548722,1384,35.61,187,179,106,84,31,4,1,0,98,0,6,25,4,2,359,46,12,69,3,0.079669788,2.24e-7,0,18,7,3733.020266,1.491623779
06L172675,2020,Slight,Male,46 - 55,0,0,Rural,Less deprived 10-20%,9,2,1,Single carriageway,30,1,Daylight,0,0,0,Non-trunk,1,1,1,1,Both,1,2020-07-01,10:00:00,Wednesday,Wigan,E08000010,Urban,53.540049,-2.709211,E01006362,44.51642651,47,730,93,309,258,70,758,39,114,106,106,53,22,6,9,187,116,9.590327503,1634,170.38,208,285,120,89,25,2,0,0,187,0,7,13,1,1,467,41,5,25,8,0,0,0,18,4,7365.930325,3.957949981
06L172822,2020,Severe/Fatal,Male,26 - 35,0,0,Urban area,Less deprived 10-20%,9,2,1,Single carriageway,30,1,Daylight,1,1,0,Non-trunk,1,1,1,1,Both,2,2020-07-08,15:50:00,Wednesday,Wigan,E08000010,Urban,53.58122,-2.707226,E01006320,46.05927052,50,562,50,217,221,74,604,54,34,105,90,43,14,10,6,166,82,7.976799301,1279,160.34,143,234,100,67,15,3,0,0,166,1,0,10,2,2,368,22,5,23,2,0.044105531,2.76e-8,0,18,0,5791.922843,1.748262589
06L173788,2020,Slight,Male,16 - 20,1,0,Urban area,More deprived 20-30%,3,2,1,One way street,30,0,Daylight,0,0,0,Non-trunk,1,1,1,1,Both,1,2020-08-08,13:15:00,Saturday,Wigan,E08000010,Urban,53.554994,-2.642801,E01006371,40.62581486,42,649,134,330,157,28,777,177,72,60,95,41,10,2,8,206,106,55.6561086,1476,26.52,208,227,100,71,24,14,2,0,206,0,18,18,11,5,345,44,13,108,7,0,0,0,4,6,1808.050413,1.229732771
06L174188,2020,Slight,Male,11 - 15,1,0,Urban area,More deprived 10-20%,2,2,1,Single carriageway,30,1,Daylight,0,0,0,Non-trunk,1,1,1,1,Both,1,2020-08-17,14:10:00,Monday,Wigan,E08000010,Urban,53.542037,-2.652037,E01006349,37.75339147,35,1015,294,489,188,44,1175,237,176,134,133,69,17,10,12,245,142,15.2572841,2037,133.51,400,367,134,75,32,4,1,1,245,0,31,42,18,4,613,65,17,131,12,8.547569076,6.42e-6,1,37,54,14557.90405,11.27398403
06L174674,2020,Slight,Male,46 - 55,0,0,Urban area,Less deprived 40-50%,6,2,1,Single carriageway,30,0,Daylight,0,1,0,Non-trunk,1,1,1,1,Both,1,2020-09-05,17:00:00,Saturday,Wigan,E08000010,Urban,53.587767,-2.654295,E01006237,41.07164002,45,797,54,273,370,100,1039,48,115,153,132,77,35,1,7,343,128,14.73813358,1922,130.41,190,288,163,122,23,9,0,0,343,0,3,3,0,1,614,39,7,24,7,0.50506142,3.88e-7,0,18,0,4755.432061,2.435329308
06L175221,2020,Slight,Male,56 - 65,0,0,Urban area,More deprived 40-50%,5,2,1,One way street,30,0,Daylight,0,0,0,Non-trunk,1,1,1,1,Both,2,2020-09-19,17:05:00,Saturday,Wigan,E08000010,Urban,53.549678,-2.635174,E01006369,38.97105729,38,1043,447,437,137,22,1023,237,130,96,127,52,13,3,5,198,162,29.58648806,2032,68.68,481,309,142,82,21,7,0,0,198,0,38,60,14,6,445,67,18,162,13,0.723912701,1.06e-6,1,93,104,8547.137497,4.148218838
06L177482,2020,Severe/Fatal,Male,36 - 45,0,0,Urban area,Less deprived 20-30%,8,2,1,Single carriageway,30,0,Daylight,0,0,0,Non-trunk,1,1,1,1,Both,1,2020-11-06,08:45:00,Friday,Wigan,E08000010,Urban,53.545308,-2.613271,E01006307,39.35615491,39,607,179,247,137,44,640,138,86,87,65,34,7,2,8,93,120,33.13238486,1374,41.47,204,193,109,74,22,7,2,0,93,0,2,21,7,6,383,41,9,74,1,0.695316944,1.71e-6,0,12,10,4032.789642,1.458266493
06L266985,2020,Slight,Female,46 - 55,0,0,Urban area,More deprived 10-20%,2,2,1,Roundabout,30,0,Darkness - lights lit,0,0,0,Non-trunk,1,1,1,1,Both,1,2020-01-06,15:55:00,Monday,Wigan,E08000010,Urban,53.495172,-2.494566,E01006252,44.94857916,48,625,97,302,172,54,668,97,77,85,114,30,8,4,6,135,112,55.25276461,1399,25.32,187,228,114,70,22,4,0,0,135,0,5,18,5,2,406,33,11,50,3,0.408557932,1.64e-6,0,9,2,3514.551726,0.650648766
06L267379,2020,Severe/Fatal,Male,66 - 75,0,1,Urban area,More deprived 40-50%,5,2,1,Single carriageway,20,0,Daylight,0,0,0,Non-trunk,1,1,1,1,Both,4,2020-01-18,14:00:00,Saturday,Wigan,E08000010,Urban,53.513424,-2.473576,E01006293,43.79785969,46,760,221,316,176,47,735,68,113,96,119,30,11,0,8,166,124,17.12894347,1618,94.46,283,246,119,81,16,6,2,3,166,0,2,34,5,2,439,31,11,45,1,2.316412755,2.44e-6,0,6,5,2682.967195,0.541335948
06L271461,2020,Severe/Fatal,Male,11 - 15,1,0,Urban area,Less deprived 40-50%,6,2,1,Single carriageway,30,0,Daylight,1,0,0,Non-trunk,1,1,1,1,Both,3,2020-05-23,16:45:00,Saturday,Wigan,E08000010,Urban,53.50787,-2.518567,E01006337,42.39094909,45,669,127,298,192,52,729,85,76,115,130,35,8,3,4,148,125,35.84950875,1496,41.73,201,250,116,72,23,5,2,0,148,0,1,37,6,0,440,30,12,48,3,0.472287681,1.14e-6,0,6,6,5085.384815,1.300708002
06L272095,2020,Slight,Female,26 - 35,0,0,Urban area,More deprived 30-40%,4,2,1,Single carriageway,30,0,Daylight,1,1,0,Non-trunk,1,1,1,1,Both,1,2020-06-18,08:40:00,Thursday,Wigan,E08000010,Urban,53.522949,-2.498449,E01006242,43.22602356,45,869,173,419,227,50,952,97,106,158,123,36,7,5,9,235,176,24.25879397,1931,79.6,260,356,129,92,25,5,2,0,235,0,7,48,6,0,539,40,12,51,13,0.314682225,3.97e-7,0,16,5,9055.655378,1.771514519
06L273051,2020,Slight,Male,16 - 20,1,0,Urban area,More deprived 30-40%,4,2,1,Single carriageway,30,0,Daylight,0,0,0,Non-trunk,1,1,1,1,Both,3,2020-07-12,12:35:00,Sunday,Wigan,E08000010,Urban,53.507889,-2.518341,E01006338,37.5658867,36,783,240,348,166,29,792,152,97,130,93,23,11,1,3,131,151,79.84681666,1668,20.89,303,239,129,74,31,4,1,2,131,0,2,37,8,6,430,65,11,88,14,1.150254482,5.48e-6,0,8,7,3229.798466,0.961694734
06L273377,2020,Slight,Female,26 - 35,0,0,Urban area,Most deprived 10%,1,2,1,Dual carriageway,40,0,Daylight,0,0,0,Non-trunk,1,1,1,1,Both,1,2020-07-28,10:54:00,Tuesday,Wigan,E08000010,Urban,53.504382,-2.522836,E01006334,38.26725664,37,994,392,452,131,19,966,180,76,163,174,33,9,4,8,148,171,66.07256525,2076,31.42,404,295,157,96,30,9,1,1,148,1,4,66,14,6,474,76,19,147,10,0.36478861,1.18e-6,0,8,10,5261.5797,0.873307405
06L274028,2020,Slight,Male,26 - 35,0,0,Urban area,Most deprived 10%,1,2,1,Single carriageway,30,0,Daylight,0,0,0,Non-trunk,1,1,1,1,Both,1,2020-08-01,14:20:00,Saturday,Wigan,E08000010,Urban,53.497903,-2.54059,E01006325,40.59104844,43,635,108,281,187,59,712,86,88,107,98,42,9,1,7,129,145,35.52880076,1505,42.36,162,240,134,71,17,13,1,1,129,0,5,16,6,6,435,50,9,44,13,0.167832785,3.98e-7,0,9,2,4087.806195,1.32750842
06L274242,2020,Slight,Male,11 - 15,1,0,Urban area,More deprived 20-30%,3,2,1,Single carriageway,30,0,Daylight,0,0,0,Non-trunk,1,1,1,1,Both,4,2020-08-14,15:30:00,Friday,Wigan,E08000010,Urban,53.476703,-2.551546,E01006302,41.0585723,44,777,69,332,282,94,1018,66,120,143,176,59,23,6,9,265,151,18.71685027,1835,98.04,199,291,146,106,29,8,2,0,265,0,4,18,2,5,609,53,5,49,6,0.185752532,1.92e-7,0,6,4,8191.664719,1.59860768
06L276394,2020,Slight,Male,26 - 35,0,0,Urban area,Less deprived 30-40%,7,2,1,Single carriageway,30,0,Darkness - lights lit,0,1,0,Non-trunk,1,1,1,1,Both,4,2020-10-22,06:10:00,Thursday,Wigan,E08000010,Urban,53.529208,-2.544866,E01006285,44.35254989,49,823,81,320,318,104,983,63,112,179,103,80,12,1,10,246,177,27.21204374,1916,70.41,191,364,114,124,26,3,1,1,246,0,9,13,0,4,622,46,7,29,5,0,0,0,21,1,7181.306956,0
06L278139,2020,Severe/Fatal,Male,26 - 35,0,0,Small town,More deprived 40-50%,5,2,1,Single carriageway,30,1,Darkness - lights lit,1,1,0,Non-trunk,1,1,1,1,Both,1,2020-12-14,21:00:00,Monday,Wigan,E08000010,Rural,53.501466,-2.483272,E01006249,37.75759417,38,665,187,272,162,44,677,67,98,78,115,17,8,2,5,146,141,13.48928193,1655,122.69,171,228,112,99,41,8,5,1,146,0,5,50,7,2,368,40,9,42,6,1.013066404,8.23e-7,0,17,2,3969.964566,0.838903382
06L278408,2020,Slight,Male,56 - 65,0,0,Urban area,Less deprived 20-30%,8,2,1,Single carriageway,30,0,Daylight,0,0,0,Non-trunk,1,1,1,1,Both,1,2020-11-15,13:50:00,Sunday,Wigan,E08000010,Urban,53.489496,-2.522924,E01006299,39.58575581,40,872,104,429,266,73,1039,116,80,145,163,54,19,2,7,302,151,13.68264743,1935,141.42,284,291,156,112,22,6,1,0,302,0,1,32,4,2,594,42,8,42,12,7.949803263,5.6e-6,0,14,7,7531.701586,2.717351975
06L278414,2020,Slight,Male,66 - 75,0,1,Urban area,More deprived 20-30%,3,2,1,Roundabout,60,0,Daylight,0,0,0,Non-trunk,1,1,1,1,Both,4,2020-11-24,09:45:00,Tuesday,Wigan,E08000010,Rural,53.480146,-2.500327,E01006297,36.93329398,37,739,241,356,121,21,674,95,101,79,123,29,7,5,12,95,128,13.26072498,1595,120.28,286,211,127,83,25,5,2,0,95,0,2,33,15,7,381,49,4,82,7,1.026381261,8.49e-7,0,21,5,14846.80433,2.671595824
06M167782,2020,Severe/Fatal,Male,46 - 55,0,0,Urban area,More deprived 10-20%,2,2,1,Single carriageway,30,1,Daylight,0,1,0,Non-trunk,1,1,1,1,Both,1,2020-01-16,13:08:00,Thursday,Trafford,E08000009,Urban,53.461549,-2.288223,E01006186,34.47029204,34,947,354,376,182,35,1094,129,239,118,65,10,2,9,16,371,135,29.4599018,2160,73.32,345,292,132,110,38,16,7,7,371,59,7,63,12,3,387,36,43,96,15,2.582238089,3.57e-6,1,26,64,8739.468288,2.622165561
06M168502,2020,Severe/Fatal,Male,36 - 45,0,0,Urban area,Less deprived 40-50%,6,2,1,Dual carriageway,30,0,Darkness - lights lit,1,1,0,Non-trunk,1,1,1,1,Both,4,2020-01-02,18:15:00,Thursday,Trafford,E08000009,Urban,53.450946,-2.301493,E01006142,40.9544688,41,752,229,326,151,46,744,61,125,115,38,5,5,5,8,297,85,26.57169402,1716,64.58,292,211,111,78,34,13,5,8,297,35,2,23,6,6,294,17,23,35,8,1.939546408,3e-6,0,7,9,6885.404253,2.6848450169999998
06M168950,2020,Slight,Male,56 - 65,0,0,Urban area,More deprived 40-50%,5,2,1,Single carriageway,30,0,Darkness - lights lit,1,1,0,Non-trunk,1,1,1,1,Both,4,2020-02-24,05:25:00,Monday,Trafford,E08000009,Urban,53.443438,-2.312972,E01006179,43.18583569,46,850,290,356,149,55,859,62,155,142,57,7,6,5,8,305,112,26.63316583,1802,67.66,367,239,116,80,32,16,3,0,305,19,4,50,11,1,354,31,33,48,2,2.066249982,3.06e-6,0,11,9,7093.096753,2.504520221
06M170226,2020,Slight,Male,36 - 45,0,0,Urban area,More deprived 20-30%,3,2,1,Single carriageway,30,0,Daylight,1,1,0,Non-trunk,1,1,1,1,Both,4,2020-03-18,05:43:00,Wednesday,Trafford,E08000009,Urban,53.44342,-2.312957,E01006179,43.18583569,46,850,290,356,149,55,859,62,155,142,57,7,6,5,8,305,112,26.63316583,1802,67.66,367,239,116,80,32,16,3,0,305,19,4,50,11,1,354,31,33,48,2,2.066249982,3.06e-6,0,11,9,7093.096753,2.504520221
06M170334,2020,Severe/Fatal,Male,56 - 65,0,0,Urban area,More deprived 10-20%,2,2,1,Dual carriageway,30,0,Daylight,0,0,0,Non-trunk,1,1,1,1,Both,1,2020-03-23,12:45:00,Monday,Trafford,E08000009,Rural,53.469517,-2.362528,E01006121,41.53514589,45,597,78,306,168,45,694,117,98,119,51,5,1,8,5,189,101,2.647166362,1448,547,136,224,127,84,25,3,0,0,189,7,3,29,10,4,357,24,21,44,6,19.54034386,3.58e-6,2,112,117,31815.02923,18.20887304
06M170717,2020,Severe/Fatal,Female,36 - 45,0,0,Urban area,Least deprived 10%,10,2,1,Dual carriageway,40,0,Daylight,0,0,0,Non-trunk,1,1,1,1,Both,4,2020-04-13,14:15:00,Monday,Trafford,E08000009,Urban,53.443039,-2.31056,E01006179,43.18583569,46,850,290,356,149,55,859,62,155,142,57,7,6,5,8,305,112,26.63316583,1802,67.66,367,239,116,80,32,16,3,0,305,19,4,50,11,1,354,31,33,48,2,2.066249982,3.06e-6,0,11,9,7093.096753,2.504520221
06M170736,2020,Slight,Female,6 - 10,1,0,Urban area,Less deprived 20-30%,8,2,1,Single carriageway,30,0,Daylight,0,0,0,Non-trunk,1,1,1,1,Both,3,2020-04-14,16:00:00,Tuesday,Trafford,E08000009,Urban,53.447505,-2.384851,E01006131,41.45364032,44,623,95,238,217,73,756,56,87,105,95,21,6,3,5,278,100,25.17701301,1529,60.73,178,194,114,87,35,8,6,0,278,3,11,19,4,1,354,29,16,31,7,0.04667355,7.68e-8,0,14,1,5732.149266,2.293930198
06M171453,2020,Severe/Fatal,Male,16 - 20,1,0,Urban area,Less deprived 10-20%,9,2,1,Roundabout,30,0,Daylight,0,0,0,Non-trunk,1,1,1,1,Both,4,2020-05-20,14:30:00,Wednesday,Trafford,E08000009,Urban,53.457317,-2.357304,E01006118,41.65563808,43,668,150,305,158,55,706,87,82,127,58,4,6,1,5,256,80,39.0491453,1462,37.44,249,198,109,88,19,5,3,0,256,5,2,29,4,1,329,16,8,50,9,0.794491674,2.13e-6,0,9,4,6020.637123,1.25658874
06M171832,2020,Slight,Female,26 - 35,0,0,Urban area,More deprived 30-40%,4,2,1,Single carriageway,30,0,Daylight,0,0,0,Non-trunk,1,1,1,1,Both,1,2020-06-02,19:50:00,Tuesday,Trafford,E08000009,Urban,53.452403,-2.343997,E01006119,42.49149338,46,634,66,269,230,69,802,100,106,131,72,10,5,5,10,291,72,63.1842714,1639,25.94,116,242,128,107,28,8,3,2,291,4,7,17,8,6,388,24,8,39,9,0.524778281,2.03e-6,0,3,1,5396.779685,1.084064643
06M172189,2020,Slight,Female,36 - 45,0,0,Urban area,Less deprived 10-20%,9,2,1,Dual carriageway,20,0,Darkness - lights lit,0,0,0,Non-trunk,1,1,1,1,Both,1,2020-06-21,23:00:00,Sunday,Trafford,E08000009,Urban,53.451793,-2.300611,E01006142,40.9544688,41,752,229,326,151,46,744,61,125,115,38,5,5,5,8,297,85,26.57169402,1716,64.58,292,211,111,78,34,13,5,8,297,35,2,23,6,6,294,17,23,35,8,1.939546408,3e-6,0,7,9,6885.404253,2.6848450169999998
06M172899,2020,Slight,Male,46 - 55,0,0,Urban area,More deprived 30-40%,4,2,1,Single carriageway,30,0,Daylight,0,0,0,Non-trunk,1,1,1,1,Both,3,2020-07-10,18:33:00,Friday,Trafford,E08000009,Urban,53.45838,-2.293955,E01006186,34.47029204,34,947,354,376,182,35,1094,129,239,118,65,10,2,9,16,371,135,29.4599018,2160,73.32,345,292,132,110,38,16,7,7,371,59,7,63,12,3,387,36,43,96,15,2.582238089,3.57e-6,1,26,64,8739.468288,2.622165561
06M174031,2020,Slight,Female,26 - 35,0,0,Urban area,Most deprived 10%,1,2,1,Single carriageway,30,0,Daylight,0,0,0,Non-trunk,1,1,1,1,Both,3,2020-08-13,09:15:00,Thursday,Trafford,E08000009,Rural,53.474066,-2.353091,E01006121,41.53514589,45,597,78,306,168,45,694,117,98,119,51,5,1,8,5,189,101,2.647166362,1448,547,136,224,127,84,25,3,0,0,189,7,3,29,10,4,357,24,21,44,6,19.54034386,3.58e-6,2,112,117,31815.02923,18.20887304
06M174043,2020,Slight,Male,56 - 65,0,0,Urban area,Less deprived 10-20%,9,2,1,Single carriageway,30,1,Daylight,0,0,0,Non-trunk,1,1,1,1,Both,3,2020-08-15,17:15:00,Saturday,Trafford,E08000009,Urban,53.459528,-2.291478,E01006186,34.47029204,34,947,354,376,182,35,1094,129,239,118,65,10,2,9,16,371,135,29.4599018,2160,73.32,345,292,132,110,38,16,7,7,371,59,7,63,12,3,387,36,43,96,15,2.582238089,3.57e-6,1,26,64,8739.468288,2.622165561
06M174141,2020,Slight,Male,36 - 45,0,0,Urban area,More deprived 20-30%,3,2,1,Single carriageway,40,1,Daylight,0,0,0,Non-trunk,1,1,1,1,Both,3,2020-07-08,14:30:00,Wednesday,Trafford,E08000009,Rural,53.468732,-2.348377,E01006121,41.53514589,45,597,78,306,168,45,694,117,98,119,51,5,1,8,5,189,101,2.647166362,1448,547,136,224,127,84,25,3,0,0,189,7,3,29,10,4,357,24,21,44,6,19.54034386,3.58e-6,2,112,117,31815.02923,18.20887304
06M174530,2020,Slight,Female,26 - 35,0,0,Urban area,Least deprived 10%,10,2,1,Single carriageway,30,1,Daylight,0,0,0,Non-trunk,1,1,1,1,Both,3,2020-09-05,19:10:00,Saturday,Trafford,E08000009,Urban,53.463453,-2.269513,E01006185,32.97516556,32,766.5,389,305,57.5,15,727,78,147,78,50.5,7.5,4,7.5,13.5,259,82,51.1627907,1441,28.165,383.5,230,76,42.5,21.5,6.5,5.5,2.5,259,61,9,66,11,2,203,11,27,72.5,7.5,2.590106272,4.62e-6,0,19,16,9021.975772,3.497449349
06M174581,2020,Slight,Male,36 - 45,0,0,Urban area,Less deprived 20-30%,8,2,1,Roundabout,30,0,Daylight,0,0,0,Non-trunk,1,1,1,1,Both,1,2020-08-27,18:29:00,Thursday,Trafford,E08000009,Urban,53.457911,-2.357174,E01006118,41.65563808,43,668,150,305,158,55,706,87,82,127,58,4,6,1,5,256,80,39.0491453,1462,37.44,249,198,109,88,19,5,3,0,256,5,2,29,4,1,329,16,8,50,9,0.794491674,2.13e-6,0,9,4,6020.637123,1.25658874
06M175039,2020,Slight,Male,16 - 20,1,0,Urban area,More deprived 30-40%,4,2,1,Single carriageway,30,0,Daylight,0,0,0,Non-trunk,1,1,1,1,Both,4,2020-08-26,17:00:00,Wednesday,Trafford,E08000009,Urban,53.452903,-2.298842,E01006187,34.24146054,35,1141,349,556,198,38,1395,187,280,203,74,12,4,6,5,460,164,32.14197378,2599,80.86,376,369,200,122,48,19,3,2,460,24,5,91,22,3,509,46,76,147,13,2.072991397,2.57e-6,0,7,10,5190.919143,2.923855866
06M177300,2020,Slight,Male,56 - 65,0,0,Urban area,Less deprived 40-50%,6,2,1,Roundabout,40,0,Darkness - lights lit,1,1,0,Non-trunk,1,1,1,1,Both,2,2020-11-17,17:21:00,Tuesday,Trafford,E08000009,Urban,53.475724,-2.326573,E01006121,41.53514589,45,597,78,306,168,45,694,117,98,119,51,5,1,8,5,189,101,2.647166362,1448,547,136,224,127,84,25,3,0,0,189,7,3,29,10,4,357,24,21,44,6,19.54034386,3.58e-6,2,112,117,31815.02923,18.20887304
06M178452,2020,Slight,Male,16 - 20,1,0,Urban area,More deprived 40-50%,5,2,1,Single carriageway,30,0,Daylight,0,1,0,Non-trunk,1,1,1,1,Both,1,2020-12-08,08:50:00,Tuesday,Trafford,E08000009,Urban,53.453391,-2.267221,E01006115,38.37007389,39,592,167,248,134,43,713,50,126,79,42,11,2,10,8,317,68,79.18622848,1518,19.17,212,151,86,71,38,17,9,10,317,19,5,29,8,3,238,24,34,30,7,1.238829982,6.57e-6,0,7,6,3674.428642,0.686809723
06M266986,2020,Slight,Male,56 - 65,0,0,Urban area,Most deprived 10%,1,4,1,Single carriageway,30,0,Darkness - lights lit,0,1,0,Non-trunk,1,1,1,1,Both,1,2020-01-08,16:40:00,Wednesday,Trafford,E08000009,Urban,53.37655,-2.36497,E01006085,43.54370738,46,626,53,247,246,80,706,57,26,43,105,25,3,14,7,369,57,36.8723099,1542,41.82,176,220,92,107,22,8,0,1,369,5,3,4,1,0,266,5,10,40,5,0,0,0,12,2,6097.36953,1.212901169
06M267334,2020,Severe/Fatal,Male,36 - 45,0,0,Urban area,More deprived 20-30%,3,2,1,Single carriageway,30,0,Darkness - lights lit,1,1,0,Non-trunk,1,1,1,1,Both,1,2020-01-14,07:03:00,Tuesday,Trafford,E08000009,Urban,53.402325,-2.332463,E01006093,40.68965517,43,619,76,279,212,52,779,69,79,78,59,13,6,5,5,388,77,61.49818768,1527,24.83,154,209,113,111,25,7,0,0,388,22,0,1,3,1,289,17,11,41,6,0,0,0,9,1,3960.046175,0.666623969
06M268916,2020,Slight,Female,36 - 45,0,0,Urban area,Less deprived 10-20%,9,2,1,Roundabout,30,0,Darkness - lights lit,1,1,0,Non-trunk,1,1,1,1,Both,4,2020-02-18,18:10:00,Tuesday,Trafford,E08000009,Urban,53.400005,-2.30951,E01006204,45.31265823,48,705,138,262,252,53,685,61,102,110,38,16,6,8,6,283,55,42.81183932,1620,37.84,234,225,94,112,33,5,2,0,283,5,2,12,3,1,324,24,11,17,5,1.079106932,2.83e-6,0,11,5,6180.59391,2.989912216
06M269717,2020,Slight,Male,36 - 45,0,0,Urban area,More deprived 30-40%,4,2,1,Single carriageway,30,0,Daylight,0,0,0,Non-trunk,1,1,1,1,Both,1,2020-03-11,17:15:00,Wednesday,Trafford,E08000009,Urban,53.392794,-2.352403,E01006075,41.1002627,41,1038,260,489,233,56,1136,106,87,76,106,23,18,13,10,625,72,28.65918803,2146,74.88,423,334,112,134,30,5,0,0,625,29,7,7,10,1,338,10,16,84,12,0.256629443,3.43e-7,2,90,146,10698.31429,3.354748454
06M270412,2020,Slight,Female,66 - 75,0,1,Urban area,Least deprived 10%,10,2,1,Single carriageway,30,0,Daylight,0,0,0,Non-trunk,1,1,1,1,Both,4,2020-04-01,09:34:00,Wednesday,Trafford,E08000009,Urban,53.424408,-2.326677,E01006150,42.2645644,42,865,230,389,194,52,921,78,129,136,54,12,3,5,8,408,88,57.47229709,1919,33.39,359,253,100,110,33,11,1,0,408,42,3,26,5,2,310,23,30,60,14,0.441323423,1.33e-6,0,11,30,6990.146403,1.77655681
06M270626,2020,Slight,Male,46 - 55,0,0,Urban area,Less deprived 20-30%,8,2,1,Roundabout,30,0,Daylight,0,0,0,Non-trunk,1,1,1,1,Both,4,2020-04-11,19:03:00,Saturday,Trafford,E08000009,Rural,53.427318,-2.293019,E01006164,41.41699056,43,725,109,302,252,62,824,43,97,148,60,8,4,2,6,386,70,17.18353813,1762,102.54,199,236,114,137,31,6,1,0,386,26,1,11,3,3,331,15,16,29,6,5.187137453,5.06e-6,0,8,14,5394.572537,3.920997357
06M270785,2020,Slight,Male,46 - 55,0,0,Urban area,More deprived 20-30%,3,2,1,Single carriageway,60,1,Daylight,0,0,0,Non-trunk,1,1,1,1,Both,4,2020-04-13,16:48:00,Monday,Trafford,E08000009,Rural,53.407415,-2.382593,E01006087,44.23277592,49,562,24,170,250,118,684,16,47,64,110,24,11,2,7,342,61,0.775844104,1452,1871.51,105,226,99,88,31,5,5,3,342,13,2,8,0,0,281,9,2,20,8,9.016234241,4.82e-7,0,68,1,37242.49574,23.45759839
06M271431,2020,Severe/Fatal,Male,36 - 45,0,0,Urban area,Least deprived 10%,10,2,1,Single carriageway,40,0,Daylight,0,0,0,Non-trunk,1,1,1,1,Both,2,2020-05-25,07:30:00,Monday,Trafford,E08000009,Rural,53.399933,-2.43852,E01006087,44.23277592,49,562,24,170,250,118,684,16,47,64,110,24,11,2,7,342,61,0.775844104,1452,1871.51,105,226,99,88,31,5,5,3,342,13,2,8,0,0,281,9,2,20,8,9.016234241,4.82e-7,0,68,1,37242.49574,23.45759839
06M271607,2020,Severe/Fatal,Male,Over 75,0,1,Urban area,Less deprived 20-30%,8,2,1,Single carriageway,40,0,Daylight,0,0,0,Non-trunk,1,1,1,1,Both,1,2020-05-28,15:40:00,Thursday,Trafford,E08000009,Urban,53.380437,-2.375075,E01006087,44.23277592,49,562,24,170,250,118,684,16,47,64,110,24,11,2,7,342,61,0.775844104,1452,1871.51,105,226,99,88,31,5,5,3,342,13,2,8,0,0,281,9,2,20,8,9.016234241,4.82e-7,0,68,1,37242.49574,23.45759839
06M271611,2020,Severe/Fatal,Male,Over 75,0,1,Urban area,Least deprived 10%,10,1,1,Single carriageway,30,0,Daylight,0,0,1,Non-trunk,1,1,1,1,Both,0,2020-05-31,11:50:00,Sunday,Trafford,E08000009,Urban,53.391105,-2.316767,E01006208,39.6392638,42,621,95,260,207,59,671,60,140,81,61,12,3,7,7,217,83,35.27405049,1551,43.97,186,192,101,83,37,17,6,2,217,13,4,16,8,3,324,32,12,42,2,0.621986636,1.4e-6,0,3,1,3944.98634,0.222949341
06M271941,2020,Severe/Fatal,Male,26 - 35,0,0,Urban area,More deprived 10-20%,2,2,1,Single carriageway,30,0,Daylight,0,0,0,Non-trunk,1,1,1,1,Both,4,2020-06-12,14:09:00,Friday,Trafford,E08000009,Urban,53.471936,-2.331365,E01006121,41.53514589,45,597,78,306,168,45,694,117,98,119,51,5,1,8,5,189,101,2.647166362,1448,547,136,224,127,84,25,3,0,0,189,7,3,29,10,4,357,24,21,44,6,19.54034386,3.58e-6,2,112,117,31815.02923,18.20887304
06M276950,2020,Slight,Male,26 - 35,0,0,Urban area,Less deprived 10-20%,9,2,1,Single carriageway,30,0,Daylight,0,0,0,Non-trunk,1,1,1,1,Both,2,2020-11-03,08:25:00,Tuesday,Trafford,E08000009,Urban,53.396709,-2.311847,E01006206,37.83935113,38,752,146,337,205,64,796,95,131,106,75,11,8,8,12,247,103,59.78886756,1869,31.26,248,191,122,114,53,16,3,3,247,11,5,27,11,0,397,36,17,37,8,1.907678819,6.02e-6,0,14,2,6766.369449,0.831731162
06M277962,2020,Slight,Male,46 - 55,0,0,Urban area,Most deprived 10%,1,2,1,Dual carriageway,30,0,Darkness - lights lit,1,1,0,Non-trunk,1,1,1,1,Both,3,2020-12-03,18:07:00,Thursday,Trafford,E08000009,Urban,53.431342,-2.318663,E01006165,35.82638215,36,909,214,459,217,19,1104,62,141,164,78,12,8,11,7,530,91,23.98709215,2007,83.67,278,345,151,111,22,4,0,2,530,43,4,23,3,3,383,21,25,60,8,5.259925317,6.27e-6,1,9,9,7297.707431,4.69643733
06M470493,2020,Slight,Female,26 - 35,0,0,Urban area,Less deprived 10-20%,9,2,1,Roundabout,30,0,Daylight,0,0,0,Non-trunk,1,1,1,1,Both,4,2020-03-24,10:40:00,Tuesday,Trafford,E08000009,Rural,53.427345,-2.292884,E01006176,40.71774194,41,725,95,316,250,64,848,29,139,163,42,16,3,7,4,344,101,12.5216763,1733,138.4,202,245,138,105,23,7,0,2,344,25,0,17,7,1,388,18,13,23,11,0.702297752,5.05e-7,1,9,2,4986.547192,6.998896488
06N171647,2020,Slight,Male,66 - 75,0,1,Urban area,Less deprived 10-20%,9,2,1,Single carriageway,30,0,Daylight,0,0,0,Non-trunk,1,1,1,1,Both,3,2020-05-28,18:53:00,Thursday,Bury,E08000002,Urban,53.625088,-2.337749,E01005048,46.3452381,51,660,33,218,309,100,730,28,85,100,108,43,8,6,4,285,63,20.20731707,1657,82,104,304,105,112,29,5,1,0,285,8,3,5,0,0,372,23,7,22,5,1.698543884,2.06e-6,0,14,1,6618.93864,2.227019303
06N171900,2020,Slight,Male,36 - 45,0,0,Urban area,Less deprived 30-40%,7,2,1,Single carriageway,30,0,Daylight,0,0,0,Non-trunk,1,1,1,1,Both,2,2020-06-02,17:30:00,Tuesday,Bury,E08000002,Urban,53.644847,-2.303146,E01005022,41.79749216,46,635,41,240,274,80,780,47,74,88,116,27,6,5,11,324,82,4.854715268,1497,308.36,169,222,130,85,21,7,1,0,324,4,0,3,3,2,399,18,3,23,1,2.436744314,7.9e-7,0,32,2,9446.115745,8.393517379
06N172443,2020,Slight,Male,46 - 55,0,0,Urban area,More deprived 10-20%,2,2,1,Single carriageway,40,1,Daylight,0,0,0,Non-trunk,1,1,1,1,Both,3,2020-06-09,18:44:00,Tuesday,Bury,E08000002,Rural,53.621462,-2.326033,E01005046,51.62171508,56,678,76,296,233,73,595,30,76,79,77,26,4,2,5,229,67,30.62280157,1480,48.33,215,264,84,87,25,4,0,0,229,3,0,7,0,1,316,20,5,14,0,1.169311039,2.42e-6,0,17,1,5903.010736,2.235808082
06N173069,2020,Slight,Male,46 - 55,0,0,Urban area,Less deprived 20-30%,8,2,1,Dual carriageway,30,0,Daylight,0,0,0,Non-trunk,1,1,1,1,Both,2,2020-07-17,11:25:00,Friday,Bury,E08000002,Urban,53.59477,-2.307908,E01004964,37.30984456,35,839,233,410,160,36,932,168,116,106,141,25,2,4,5,237,128,46.26530102,1852,40.03,315,267,137,85,24,10,1,2,237,20,1,35,26,0,453,43,15,93,8,2.249194312,5.61e-6,0,16,4,8346.767417,2.182492503
06N173384,2020,Slight,Male,56 - 65,0,0,Urban area,More deprived 30-40%,4,2,1,Single carriageway,60,1,Daylight,0,0,0,Non-trunk,1,1,1,1,Both,3,2020-07-24,15:40:00,Friday,Bury,E08000002,Rural,53.619807,-2.355107,E01005047,49.81980743,53,590,50,182,250,108,687,17,75,119,80,24,7,3,7,279,76,2.252691944,1477,655.66,130,264,75,100,19,2,0,0,279,4,0,2,5,2,353,11,5,23,5,2.191460804,3.35e-7,0,30,1,18564.40426,4.702858305
06N173898,2020,Slight,Male,56 - 65,0,0,Urban area,Less deprived 20-30%,8,2,1,Single carriageway,30,0,Daylight,0,0,0,Non-trunk,1,1,1,1,Both,1,2020-08-10,14:25:00,Monday,Bury,E08000002,Urban,53.519796,-2.259553,E01005043,29.18518519,25,490,51,222,167,50,738,251,86,85,28,8,1,7,9,199,64,87.62376238,1947,22.22,75,107,60,66,62,33,37,50,199,8,1,16,6,3,352,28,5,111,4,0.207481723,9.19e-7,0,4,4,3919.602755,0.527730323
06N175188,2020,Slight,Male,46 - 55,0,0,Urban area,Least deprived 10%,10,2,1,Single carriageway,30,0,Daylight,0,0,0,Non-trunk,1,1,1,1,Both,1,2020-09-19,17:30:00,Saturday,Bury,E08000002,Urban,53.592335,-2.321413,E01004953,44.93802817,48,639,112,252,210,65,718,87,97,61,90,20,3,4,7,238,111,31.73256055,1533,48.31,167,225,104,108,25,4,1,2,238,10,2,10,8,2,384,28,7,25,4,0.143863887,2.97e-7,0,5,1,2451.003212,0.484035593
06N178653,2020,Slight,Male,36 - 45,0,0,Urban area,Less deprived 20-30%,8,2,1,Single carriageway,30,0,Daylight,1,1,0,Non-trunk,1,1,1,1,Both,1,2020-09-07,19:00:00,Monday,Bury,E08000002,Urban,53.617526,-2.294861,E01004981,45.43551654,49,622,94,252,214,62,663,21,132,92,102,26,6,2,6,183,93,5.636175671,1472,261.17,183,231,100,76,18,13,1,1,183,5,2,29,4,2,390,23,5,14,5,3.044593097,1.17e-6,0,44,1,6130.728432,4.038345656
06N269802,2020,Severe/Fatal,Male,26 - 35,0,0,Urban area,More deprived 20-30%,3,2,1,Single carriageway,20,0,Darkness - lights lit,1,1,0,Non-trunk,1,1,1,1,Both,1,2020-03-12,19:25:00,Thursday,Bury,E08000002,Urban,53.547616,-2.286829,E01004942,33.90393795,34,639,261,269,94,15,574,90,81,108,50,15,2,3,8,113,104,76.02862254,1700,22.36,188,162,118,82,62,19,5,7,113,27,3,40,10,2,271,37,6,58,6,0.2190368,9.8e-7,0,6,5,3831.990731,0.562900607
06N271364,2020,Slight,Female,46 - 55,0,0,Urban area,Less deprived 10-20%,9,2,1,Single carriageway,30,0,Daylight,0,0,0,Non-trunk,1,1,1,1,Both,1,2020-05-18,11:07:00,Monday,Bury,E08000002,Urban,53.531991,-2.284415,E01005036,42.94766547,44,1067,395,451,173,48,974,81,100,195,93,25,5,9,11,354,101,47.95548028,1982,41.33,543,306,103,72,36,8,0,0,354,56,3,32,8,3,399,29,16,67,6,0.194841659,4.7e-7,1,21,22,7220.537101,1.644864972
06N271594,2020,Slight,Female,56 - 65,0,0,Urban area,Less deprived 40-50%,6,2,1,Single carriageway,30,0,Daylight,0,0,0,Non-trunk,1,1,1,1,Both,1,2020-05-20,13:10:00,Wednesday,Bury,E08000002,Urban,53.520271,-2.272572,E01005044,26.43204134,19,476,112,243,97,24,688,265,86,72,28,1,2,5,5,129,95,136.3888889,1964,14.4,106,78,49,48,45,51,41,57,129,7,0,40,4,1,295,49,4,152,10,0.294659898,2.06e-6,0,9,17,3242.027588,0.278095451
06N273745,2020,Severe/Fatal,Male,11 - 15,1,0,Urban area,Less deprived 30-40%,7,2,1,Single carriageway,30,0,Daylight,0,0,0,Non-trunk,1,1,1,1,Both,4,2020-08-07,11:15:00,Friday,Bury,E08000002,Urban,53.518389,-2.265984,E01005044,26.43204134,19,476,112,243,97,24,688,265,86,72,28,1,2,5,5,129,95,136.3888889,1964,14.4,106,78,49,48,45,51,41,57,129,7,0,40,4,1,295,49,4,152,10,0.294659898,2.06e-6,0,9,17,3242.027588,0.278095451
06N274284,2020,Slight,Male,26 - 35,0,0,Urban area,More deprived 20-30%,3,2,1,Single carriageway,30,0,Daylight,1,1,0,Non-trunk,1,1,1,1,Both,4,2020-08-25,17:40:00,Tuesday,Bury,E08000002,Urban,53.553727,-2.275731,E01004946,38.88317191,38,775,336,336,83,20,629,78,118,121,52,10,3,2,8,119,118,43.35140718,1679,38.73,304,217,139,74,33,5,4,0,119,25,2,49,17,2,302,42,4,60,8,0,0,0,10,5,1384.707776,0.856908661
06N274660,2020,Severe/Fatal,Male,16 - 20,1,0,Urban area,Most deprived 10%,1,2,1,One way street,30,0,Darkness - lights unlit,0,0,0,Non-trunk,1,1,1,1,Both,1,2020-09-01,22:18:00,Tuesday,Bury,E08000002,Urban,53.541249,-2.28828,E01004983,39.14541213,38,568,97,284,154,33,735,60,72,160,60,14,12,5,4,251,97,39.48135198,1355,34.32,167,192,102,61,31,8,5,2,251,52,1,31,6,3,309,25,10,41,9,0.492596055,1.46e-6,0,13,5,3535.407068,1.664318409
06N275520,2020,Slight,Male,36 - 45,0,0,Urban area,Less deprived 40-50%,6,2,1,Single carriageway,30,1,Daylight,0,0,0,Non-trunk,1,1,1,1,Both,4,2020-09-10,15:50:00,Thursday,Bury,E08000002,Urban,53.524344,-2.263955,E01005041,33.88644264,32,523,51,208,195,69,801,109,101,118,58,10,3,10,7,286,99,56.03500302,1857,33.14,60,136,102,73,75,43,19,19,286,24,4,19,9,1,381,16,5,40,7,1.010805842,3.05e-6,0,17,4,5061.558217,0.382564427
06N276778,2020,Slight,Male,26 - 35,0,0,Urban area,Least deprived 10%,10,2,1,Single carriageway,30,0,Daylight,1,1,0,Non-trunk,1,1,1,1,Both,4,2020-10-29,08:50:00,Thursday,Bury,E08000002,Urban,53.567138,-2.335384,E01005003,37.41055718,37,681,206,326,115,34,672,84,147,93,88,16,3,3,3,130,105,94.76707084,1485,15.67,257,203,109,77,27,6,1,1,130,15,4,27,18,3,358,38,13,51,9,0.068562063,4.38e-7,0,9,1,3848.425682,0.537328738
06P170097,2020,Slight,Male,46 - 55,0,0,Urban area,Less deprived 10-20%,9,2,1,Single carriageway,30,0,Daylight,0,0,0,Non-trunk,1,1,1,1,Both,1,2020-03-13,13:24:00,Friday,Rochdale,E08000005,Urban,53.602415,-2.183173,E01005474,41.53139357,42,476,92,211,141,32,487,49,105,58,41,11,5,9,10,116,83,13.81985949,1318,95.37,123,168,62,63,33,18,5,3,116,5,5,17,5,0,271,33,0,25,6,0,0,0,9,1,2167.593462,1.572606185
06P171169,2020,Slight,Female,21 - 25,0,0,Urban area,Most deprived 10%,1,2,1,Single carriageway,30,0,Daylight,0,0,0,Non-trunk,1,1,1,1,Both,2,2020-04-16,16:30:00,Thursday,Rochdale,E08000005,Urban,53.62202,-2.142483,E01033258,29.38347261,28,465,147.5,195.5,86,36,550,140,59.5,68,81,29,11,4,8.5,80.5,68.5,88.37928369,1715,19.405,86,78,67,76.5,76.5,34.5,22,22.5,80.5,13.5,8,27,23,3.5,277.5,45.5,2.5,51.5,16.5,0.762257876,1.95e-6,0,12,9,4551.337336,1.286265006
06P171716,2020,Slight,Male,66 - 75,0,1,Urban area,More deprived 40-50%,5,2,1,Single carriageway,20,0,Daylight,0,0,0,Non-trunk,1,1,1,1,Both,2,2020-05-27,10:30:00,Wednesday,Rochdale,E08000005,Urban,53.610092,-2.156922,E01005485,34.32141131,33,672,242,252,102,76,791,191,65,92,84,18,16,10,12,161,142,97.6945245,2373,24.29,192,105,67,93,90,61,29,36,161,17,19,40,24,1,362,49,7,101,8,0.044351277,1.83e-7,1,12,13,4845.192626,1.205418124
06P172413,2020,Slight,Male,16 - 20,1,0,Urban area,More deprived 10-20%,2,2,1,Single carriageway,30,0,Darkness - lights lit,0,0,0,Non-trunk,1,1,1,1,Both,1,2020-06-05,21:55:00,Friday,Rochdale,E08000005,Urban,53.620581,-2.163946,E01005483,35.32126437,35,561,295,180,53,33,465,104,68,72,48,13,5,6,2,64,83,81.01472995,1485,18.33,246,108,46,67,32,30,18,15,64,23,4,42,22,0,201,36,5,52,18,0.635056,3.5e-6,0,8,3,3254.435826,1.040203403
06P174311,2020,Slight,Male,36 - 45,0,0,Urban area,Less deprived 40-50%,6,2,1,Single carriageway,30,0,Daylight,0,0,0,Non-trunk,1,1,1,1,Both,3,2020-08-29,14:40:00,Saturday,Rochdale,E08000005,Urban,53.624223,-2.155735,E01005580,32.31066823,32,574,161,279,103,31,611,131,112,70,48,26,8,3,1,99,113,39.32664756,1647,41.88,154,157,91,77,41,31,16,11,99,9,7,21,18,0,332,37,5,70,12,1.012406557,2.41e-6,0,15,5,4697.528613,0.914049919
06P176722,2020,Severe/Fatal,Male,46 - 55,0,0,Urban area,More deprived 30-40%,4,2,1,Roundabout,30,0,Darkness - lights lit,1,1,0,Non-trunk,1,1,1,1,Both,1,2020-10-26,18:23:00,Monday,Rochdale,E08000005,Urban,53.627215,-2.156517,E01005495,42.51540284,44,697,166,307,156,68,727,141,117,84,80,20,11,6,7,133,128,27.81009275,1769,63.61,234,226,84,65,42,23,13,11,133,4,9,18,17,3,416,51,7,61,10,1.067508369,1.66e-6,0,32,5,4810.290234,0.490788258
06P178186,2020,Slight,Male,36 - 45,0,0,Urban area,Most deprived 10%,1,2,1,Single carriageway,20,0,Darkness - lights lit,0,1,0,Non-trunk,1,1,1,1,Both,1,2020-12-05,01:00:00,Saturday,Rochdale,E08000005,Urban,53.605988,-2.15458,E01005470,31.28592666,29,511,161,223,94,33,582,181,43,54,60,18,7,4,5,110,100,150.2583026,2036,13.55,56,97,69,113,77,50,28,21,110,4,25,18,22,0,274,32,1,80,11,0.104841476,7.8e-7,0,9,2,4108.26056,0
06P273397,2020,Slight,Male,36 - 45,0,0,Urban area,Less deprived 20-30%,8,2,1,Single carriageway,30,0,Daylight,0,0,0,Non-trunk,1,1,1,1,Both,4,2020-07-25,16:45:00,Saturday,Rochdale,E08000005,Urban,53.609552,-2.109281,E01005556,41.65149545,45,698,166,292,181,59,750,79,119,116,84,21,5,4,4,207,111,32.86021505,1528,46.5,218,255,133,73,16,1,2,1,207,36,6,17,3,3,377,34,9,55,4,0.458899009,9.8e-7,1,23,4,4671.124822,1.813350674
06P276118,2020,Severe/Fatal,Male,46 - 55,0,0,Urban area,More deprived 40-50%,5,2,1,Single carriageway,30,1,Daylight,0,0,0,Non-trunk,1,1,1,1,Both,1,2020-10-02,16:20:00,Friday,Rochdale,E08000005,Urban,53.573161,-2.175465,E01005479,40.01614531,41,786,131,345,243,67,895,50,184,168,89,18,16,5,5,225,135,14.52193724,1976,136.07,191,283,143,110,37,14,4,2,225,4,9,46,6,4,498,49,5,44,8,2.660297854,1.97e-6,0,19,3,12391.40224,3.332697483
06P276212,2020,Slight,Male,26 - 35,0,0,Urban area,More deprived 40-50%,5,2,1,Dual carriageway,30,0,Darkness - no lighting,0,0,0,Non-trunk,1,1,1,1,Both,2,2020-10-19,07:40:00,Monday,Rochdale,E08000005,Urban,53.600232,-2.098543,E01005562,39.57575758,41,679,155,298,172,54,713,46,143,122,79,30,8,3,9,148,125,21.61581435,1509,69.81,221,232,127,75,16,6,3,1,148,28,2,8,9,5,421,36,6,43,8,0.726217345,1.04e-6,0,22,5,2141.860592,2.107636543
06P278177,2020,Severe/Fatal,Female,46 - 55,0,0,Urban area,Less deprived 10-20%,9,2,1,Single carriageway,30,0,Daylight,0,0,0,Non-trunk,1,1,1,1,Both,1,2020-11-07,10:37:00,Saturday,Rochdale,E08000005,Rural,53.633895,-2.095945,E01005521,45.27854195,50,673,101,295,224,53,751,66,77,75,122,53,20,2,7,239,90,0.900867364,1452,1611.78,211,282,87,77,12,4,0,0,239,7,12,9,1,3,395,28,7,44,4,10.4817246,6.51e-7,0,41,1,17116.29717,6.354965393
06P370529,2020,Severe/Fatal,Male,26 - 35,0,0,Urban area,Most deprived 10%,1,2,1,Roundabout,40,0,Darkness - lights lit,0,0,0,Non-trunk,1,1,1,1,Both,2,2020-02-18,18:45:00,Tuesday,Rochdale,E08000005,Rural,53.576123,-2.205757,E01005508,42.05852417,46,785,60,295,314,116,956,70,108,204,109,24,14,17,11,280,119,4.624317253,2015,435.74,172,274,148,135,35,12,4,3,280,5,5,16,4,2,571,40,3,26,6,1.634337451,3.75e-7,0,20,2,10756.73202,7.643477637
06P370739,2020,Slight,Male,66 - 75,0,1,Urban area,Less deprived 10-20%,9,2,1,Single carriageway,30,0,Daylight,0,0,0,Non-trunk,1,1,1,1,Both,4,2020-04-22,11:15:00,Wednesday,Rochdale,E08000005,Urban,53.577903,-2.215991,E01005508,42.05852417,46,785,60,295,314,116,956,70,108,204,109,24,14,17,11,280,119,4.624317253,2015,435.74,172,274,148,135,35,12,4,3,280,5,5,16,4,2,571,40,3,26,6,1.634337451,3.75e-7,0,20,2,10756.73202,7.643477637
06P370900,2020,Slight,Male,56 - 65,0,0,Urban area,More deprived 10-20%,2,2,1,Roundabout,30,0,Daylight,0,0,0,Non-trunk,1,1,1,1,Both,1,2020-04-26,12:35:00,Sunday,Rochdale,E08000005,Urban,53.550404,-2.197316,E01005539,41.01789264,42,667,279,275,101,12,534,85,85,115,48,6,3,3,4,96,89,28.00085434,1311,46.82,312,201,86,36,23,8,0,1,96,2,5,59,12,1,263,29,2,61,5,0.628310924,1.35e-6,0,35,14,7724.257178,2.765546267
06P371963,2020,Slight,Male,66 - 75,0,1,Urban area,More deprived 20-30%,3,2,1,Single carriageway,30,0,Daylight,0,0,0,Non-trunk,1,1,1,1,Both,1,2020-06-04,15:06:00,Thursday,Rochdale,E08000005,Urban,53.548828,-2.204387,E01005548,42.37875289,44,621,252,242,112,15,540,50,86,141,48,8,7,5,7,114,74,19.05260012,1275,66.92,294,163,78,60,15,7,3,0,114,2,0,70,8,0,258,33,5,44,6,1.027122777,1.53e-6,0,53,20,3181.724833,1.365394781
06P372528,2020,Severe/Fatal,Female,36 - 45,0,0,Urban area,More deprived 10-20%,2,2,1,Single carriageway,40,0,Daylight,0,0,0,Non-trunk,1,1,1,1,Both,1,2020-06-14,10:30:00,Sunday,Rochdale,E08000005,Rural,53.581154,-2.231685,E01005508,42.05852417,46,785,60,295,314,116,956,70,108,204,109,24,14,17,11,280,119,4.624317253,2015,435.74,172,274,148,135,35,12,4,3,280,5,5,16,4,2,571,40,3,26,6,1.634337451,3.75e-7,0,20,2,10756.73202,7.643477637
06P373386,2020,Slight,Male,26 - 35,0,0,Urban area,Most deprived 10%,1,2,1,Single carriageway,30,0,Daylight,0,0,0,Non-trunk,1,1,1,1,Both,4,2020-07-22,16:30:00,Wednesday,Rochdale,E08000005,Urban,53.534704,-2.206582,E01005544,41.83898869,42,588,69,221,240,58,722,47,89,182,54,8,11,4,10,214,103,37.62755102,1475,39.2,141,197,102,113,26,8,1,0,214,1,0,19,5,1,422,22,4,28,4,0.393131626,9.86e-7,0,10,2,3404.243301,1.529228548
06P374451,2020,Slight,Male,11 - 15,1,0,Urban area,Most deprived 10%,1,2,1,Single carriageway,20,1,Daylight,0,0,0,Non-trunk,1,1,1,1,Both,3,2020-08-13,15:03:00,Thursday,Rochdale,E08000005,Urban,53.558403,-2.218337,E01005554,39.61016949,40,878,125,381,308,64,1118,39,154,265,145,26,13,10,15,289,162,6.87227196,2157,313.87,233,279,185,129,34,5,8,3,289,3,2,65,15,3,656,44,10,24,8,5.415541857,1.72e-6,0,24,0,12816.83698,7.223836561
06P374819,2020,Slight,Male,26 - 35,0,0,Urban area,More deprived 10-20%,2,2,1,Roundabout,40,0,Daylight,0,0,0,Non-trunk,1,1,1,1,Both,4,2020-08-08,14:19:00,Saturday,Rochdale,E08000005,Rural,53.575106,-2.20684,E01005508,42.05852417,46,785,60,295,314,116,956,70,108,204,109,24,14,17,11,280,119,4.624317253,2015,435.74,172,274,148,135,35,12,4,3,280,5,5,16,4,2,571,40,3,26,6,1.634337451,3.75e-7,0,20,2,10756.73202,7.643477637
06P374932,2020,Slight,Male,26 - 35,0,0,Urban area,Less deprived 40-50%,6,2,1,Single carriageway,30,1,Daylight,0,0,0,Non-trunk,1,1,1,1,Both,3,2020-09-13,16:15:00,Sunday,Rochdale,E08000005,Urban,53.604326,-2.10357,E01005560,46.15196744,50,689,109,348,178,54,660,59,96,123,69,22,9,3,5,161,113,11.57011713,1462,126.36,234,287,81,67,15,6,1,0,161,25,3,11,3,2,385,34,5,27,4,1.167141968,9.24e-7,0,18,4,8443.713764,4.397569574
06P376901,2020,Slight,Male,56 - 65,0,0,Urban area,More deprived 20-30%,3,2,1,Single carriageway,20,0,Darkness - lights lit,0,0,0,Non-trunk,1,1,1,1,Both,2,2020-10-31,18:14:00,Saturday,Rochdale,E08000005,Urban,53.537655,-2.193651,E01005550,46.54312188,50,617,83,266,214,54,671,60,90,142,48,17,6,8,8,194,98,42.67404602,1465,34.33,168,223,100,87,31,7,1,0,194,0,3,20,3,0,383,29,7,29,2,0,0,0,10,1,3854.17831,1.066009881
06P378958,2020,Slight,Male,46 - 55,0,0,Urban area,Less deprived 10-20%,9,2,1,Roundabout,30,0,Daylight,0,1,0,Non-trunk,1,1,1,1,Both,4,2020-12-15,11:30:00,Tuesday,Rochdale,E08000005,Rural,53.576114,-2.205773,E01005508,42.05852417,46,785,60,295,314,116,956,70,108,204,109,24,14,17,11,280,119,4.624317253,2015,435.74,172,274,148,135,35,12,4,3,280,5,5,16,4,2,571,40,3,26,6,1.634337451,3.75e-7,0,20,2,10756.73202,7.643477637
06Q169456,2020,Slight,Male,26 - 35,0,0,Urban area,Most deprived 10%,1,2,1,Roundabout,30,0,Daylight,0,1,0,Non-trunk,1,1,1,1,Both,1,2020-03-04,06:58:00,Wednesday,Oldham,E08000004,Urban,53.548326,-2.096324,E01032920,34.9278306,33,1058,395,437,195,31,1145,268,148,151,125,25,7,5,8,206,202,48.92127176,2585,52.84,322,308,204,145,50,25,2,5,206,75,4,40,27,4,580,69,13,107,20,0.111255117,2.1e-7,0,47,13,3632.81005,0.66994933
06Q170538,2020,Slight,Male,36 - 45,0,0,Urban area,More deprived 10-20%,2,2,1,Single carriageway,30,0,Darkness - lights lit,1,1,0,Non-trunk,1,1,1,1,Both,3,2020-03-31,05:20:00,Tuesday,Oldham,E08000004,Urban,53.542189,-2.123381,E01005350,36.81850534,35,1063,705,295,46,17,655,172,112,103,74,20,17,13,13,52,79,48.35341365,2408,49.8,580,191,90,63,52,44,19,24,52,43,11,119,21,1,222,48,10,111,14,1.314913908,2.64e-6,0,95,12,7135.68755,1.392160945
06Q171119,2020,Severe/Fatal,Male,46 - 55,0,0,Urban area,Most deprived 10%,1,2,1,Single carriageway,30,0,Darkness - lights lit,0,0,0,Non-trunk,1,1,1,1,Both,3,2020-05-15,20:20:00,Friday,Oldham,E08000004,Urban,53.526786,-2.11148,E01005438,32.15752461,32,1005,330,445,191,39,1199,209,211,177,144,20,13,8,8,223,186,43.101945980000004,2968,68.86,256,262,191,127,89,40,13,24,223,25,6,101,24,0,542,80,9,157,33,0.49385523,7.16e-7,0,12,7,6610.341725,2.040234528
06Q173394,2020,Slight,Male,11 - 15,1,0,Urban area,More deprived 10-20%,2,2,1,Single carriageway,30,0,Darkness - lighting unknown,0,0,0,Non-trunk,1,1,1,1,Both,1,2020-07-26,01:40:00,Sunday,Oldham,E08000004,Urban,53.555023,-2.083493,E01005421,36.37565308,35,772,307,327,114,24,726,149,165,93,68,8,2,1,11,99,130,36.03889661,1816,50.39,251,253,148,86,24,6,3,3,99,29,1,37,31,2,364,53,3,95,8,0,0,0,15,6,4997.51183,1.345286262
06Q174379,2020,Severe/Fatal,Male,46 - 55,0,0,Urban area,Least deprived 10%,10,2,2,Single carriageway,30,1,Daylight,0,0,0,Non-trunk,1,1,1,1,Both,1,2020-08-31,17:08:00,Monday,Oldham,E08000004,Urban,53.547143,-2.06656,E01005387,40.77622891,42,639,103,300,200,36,762,101,155,100,91,21,4,5,6,137,142,56.87258687,1473,25.9,179,235,124,78,21,0,1,2,137,17,0,40,11,1,457,44,5,46,4,0,0,0,4,2,2329.762554,0.599799169
06Q175416,2020,Severe/Fatal,Male,56 - 65,0,0,Urban area,More deprived 10-20%,2,2,1,Single carriageway,30,0,Daylight,0,0,0,Non-trunk,1,1,1,1,Both,3,2020-09-21,17:15:00,Monday,Oldham,E08000004,Urban,53.529311,-2.112377,E01005320,27.55678233,25,647,209,264,121,53,749,148,102,107,69,20,13,3,11,95,181,120.7513417,2700,22.36,131,104,94,96,87,50,25,62,95,21,4,43,32,1,406,51,4,86,7,0.764072656,3.43e-6,0,5,3,3410.158679,0.91981947
06Q176376,2020,Slight,Male,21 - 25,0,0,Urban area,Most deprived 10%,1,2,1,Single carriageway,30,0,Daylight,0,0,0,Non-trunk,1,1,1,1,Both,1,2020-10-11,14:15:00,Sunday,Oldham,E08000004,Urban,53.552029,-2.11695,E01005348,34.42591517,32,745,349,267,105,24,715,182,93,113,53,17,15,8,13,112,109,124.7040659,2423,19.43,249,136,106,93,42,31,24,64,112,30,5,47,18,1,315,72,4,106,7,0.204116171,1.05e-6,0,6,1,3379.889053,0.228858125
06Q269882,2020,Slight,Male,36 - 45,0,0,Small town,Less deprived 20-30%,8,2,1,Single carriageway,40,1,Darkness - lights lit,1,1,0,Non-trunk,1,1,1,1,Both,1,2020-03-09,19:18:00,Monday,Oldham,E08000004,Rural,53.55254,-2.035566,E01005416,43.52337662,45,670,69,278,251,72,778,26,71,133,83,26,16,6,6,304,107,3.68915084,1521,412.29,208,249,102,87,18,5,1,1,304,3,6,13,0,2,391,24,6,23,6,0.844691135,2.05e-7,0,33,0,21777.08602,3.929160636
06Q271343,2020,Severe/Fatal,Female,36 - 45,0,0,Urban area,Less deprived 40-50%,6,2,1,Single carriageway,40,0,Daylight,0,0,0,Non-trunk,1,1,1,1,Both,4,2020-05-14,12:30:00,Thursday,Oldham,E08000004,Rural,53.558446000000004,-2.032929,E01005416,43.52337662,45,670,69,278,251,72,778,26,71,133,83,26,16,6,6,304,107,3.68915084,1521,412.29,208,249,102,87,18,5,1,1,304,3,6,13,0,2,391,24,6,23,6,0.844691135,2.05e-7,0,33,0,21777.08602,3.929160636
06Q271776,2020,Slight,Male,16 - 20,1,0,Urban area,More deprived 30-40%,4,2,1,Roundabout,30,0,Daylight,0,0,0,Non-trunk,1,1,1,1,Both,1,2020-05-20,16:30:00,Wednesday,Oldham,E08000004,Urban,53.509013,-2.139359,E01005365,44.10942029,48,618,92,278,184,64,730,53,112,147,67,8,4,3,5,225,106,13.37282704,1377,102.97,180,229,111,73,18,4,0,0,225,5,1,21,7,3,386,29,6,36,10,1.443118736,1.41e-6,0,21,0,7729.358844,4.396998205
06Q272628,2020,Slight,Male,11 - 15,1,0,Rural,Least deprived 10%,10,2,1,Single carriageway,30,0,Daylight,1,1,0,Non-trunk,1,1,1,1,Both,1,2020-06-12,14:30:00,Friday,Oldham,E08000004,Urban,53.55364,-2.018978,E01005412,46.56930126,50,794,100,362,257,75,819,64,44,130,114,38,6,9,12,312,90,10.79556382,1684,155.99,265,309,111,82,24,0,1,0,312,5,4,12,4,1,387,34,6,45,6,1.972271656,1.26e-6,0,21,3,13802.04944,1.349903563
06Q272656,2020,Slight,Male,11 - 15,1,0,Urban area,Less deprived 10-20%,9,2,1,Single carriageway,30,0,Daylight,0,1,0,Non-trunk,1,1,1,1,Both,1,2020-06-18,14:45:00,Thursday,Oldham,E08000004,Urban,53.548291999999996,-2.069127,E01005387,40.77622891,42,639,103,300,200,36,762,101,155,100,91,21,4,5,6,137,142,56.87258687,1473,25.9,179,235,124,78,21,0,1,2,137,17,0,40,11,1,457,44,5,46,4,0,0,0,4,2,2329.762554,0.599799169
06Q273096,2020,Slight,Male,16 - 20,1,0,Urban area,More deprived 30-40%,4,2,1,Single carriageway,30,0,Daylight,0,0,0,Non-trunk,1,1,1,1,Both,1,2020-07-14,18:45:00,Tuesday,Oldham,E08000004,Urban,53.578598,-2.097238,E01005445,37.03868852,35,663,222,313,107,21,702,96,149,105,75,23,5,6,7,126,110,61.44890039,1425,23.19,251,187,138,62,21,3,4,0,126,40,1,29,8,2,359,39,4,89,6,0.031475735,1.37e-7,0,11,5,4859.366394,1.571997916
06Q273685,2020,Severe/Fatal,Male,56 - 65,0,0,Urban area,More deprived 40-50%,5,2,1,Single carriageway,30,0,Daylight,0,0,0,Non-trunk,1,1,1,1,Both,3,2020-08-06,17:10:00,Thursday,Oldham,E08000004,Urban,53.548705,-2.069233,E01005387,40.77622891,42,639,103,300,200,36,762,101,155,100,91,21,4,5,6,137,142,56.87258687,1473,25.9,179,235,124,78,21,0,1,2,137,17,0,40,11,1,457,44,5,46,4,0,0,0,4,2,2329.762554,0.599799169
06Q273791,2020,Slight,Male,11 - 15,1,0,Urban area,Most deprived 10%,1,2,1,Single carriageway,30,0,Daylight,0,0,0,Non-trunk,1,1,1,1,Both,1,2020-08-07,18:16:00,Friday,Oldham,E08000004,Urban,53.526797,-2.143053,E01005344,33.15326778,32,778,288,374,94,22,823,118,190,139,66,10,14,8,4,130,144,72.48957939,1913,26.39,260,204,151,70,54,32,6,1,130,74,4,31,24,3,392,47,9,91,18,0.134640899,5.13e-7,0,11,10,3591.478572,1.537057299
06Q276240,2020,Slight,Female,46 - 55,0,0,Urban area,More deprived 10-20%,2,2,1,Single carriageway,30,0,Daylight,0,0,0,Non-trunk,1,1,1,1,Both,2,2020-10-16,11:20:00,Friday,Oldham,E08000004,Urban,53.568981,-2.106684,E01005356,40.225,45,498,53,188,194,63,670,76,102,106,66,16,9,8,10,183,94,37.00857227,1252,33.83,97,193,114,67,24,4,1,1,183,11,0,10,3,0,390,32,3,36,7,0,0,0,3,3,967.646296,0.671782005
06Q277591,2020,Severe/Fatal,Male,36 - 45,0,0,Urban area,More deprived 40-50%,5,2,1,Single carriageway,30,0,Darkness - lights lit,0,0,0,Non-trunk,1,1,1,1,Both,1,2020-11-23,16:47:00,Monday,Oldham,E08000004,Urban,53.519871,-2.139425,E01005376,36.45668746,34,574,205,255,105,9,542,79,125,83,49,7,3,3,5,87,101,32.96803653,1444,43.8,180,159,98,74,29,24,5,4,87,19,4,39,14,2,279,40,5,48,7,1.762186775,4.03e-6,0,17,22,5732.143947,2.351364561
06Q467953,2020,Slight,Male,26 - 35,0,0,Urban area,More deprived 30-40%,4,2,1,Single carriageway,30,1,Darkness - lighting unknown,0,1,0,Non-trunk,1,1,1,1,Both,2,2020-02-01,19:04:00,Saturday,Oldham,E08000004,Urban,53.578844,-2.092693,E01005445,37.03868852,35,663,222,313,107,21,702,96,149,105,75,23,5,6,7,126,110,61.44890039,1425,23.19,251,187,138,62,21,3,4,0,126,40,1,29,8,2,359,39,4,89,6,0.031475735,1.37e-7,0,11,5,4859.366394,1.571997916
06Q468116,2020,Severe/Fatal,Male,46 - 55,0,0,Urban area,More deprived 10-20%,2,2,1,Single carriageway,30,1,Daylight,0,0,0,Non-trunk,1,1,1,1,Both,2,2020-02-02,08:20:00,Sunday,Oldham,E08000004,Urban,53.582084,-2.135702,E01005394,45.80513176,50,644,98,269,219,58,665,21,179,77,64,19,5,5,7,183,105,7.685376583,1450,188.67,196,236,100,83,24,5,0,0,183,5,3,16,5,1,397,22,3,25,5,1.452668183,7.7e-7,0,21,2,7942.585781,0.915779853
06XM74550,2020,Slight,Male,46 - 55,0,0,Urban area,Less deprived 40-50%,6,2,1,Single carriageway,30,0,Daylight,1,1,0,Non-trunk,1,1,1,1,Both,4,2020-09-02,18:30:00,Wednesday,Trafford,E08000009,Rural,53.427273,-2.293169,E01006164,41.41699056,43,725,109,302,252,62,824,43,97,148,60,8,4,2,6,386,70,17.18353813,1762,102.54,199,236,114,137,31,6,1,0,386,26,1,11,3,3,331,15,16,29,6,5.187137453,5.06e-6,0,8,14,5394.572537,3.920997357
06A010356,2016,Slight,Male,36 - 45,0,0,Urban area,Less deprived 20-30%,8,2,1,Single carriageway,30,0,Daylight,0,1,0,Non-trunk,1,0,0,0,Neither,Nearside,2016-01-04,08:30:00,Monday,Manchester,E08000003,Urban,53.480015,-2.229669,E01033659,30.4703504,29,710,410,253.5,42.5,4,999.5,135.5,76.5,56.5,65.5,9.5,9,7,6.5,587,46.5,136.5543898,1236.5,9.055,251.5,402,47,7,0.5,1,0.5,0,587,24,31,35,8,1,136.5,7,15.5,149,4,0.689303361,3.8e-6,0,20,84,5561.582659,1.993134897
06A010584,2016,Slight,Male,56 - 65,0,0,Urban area,More deprived 20-30%,3,2,1,Dual carriageway,30,0,Darkness - lights lit,0,1,0,Non-trunk,0,0,0,0,Neither,Front,2016-01-07,05:02:00,Thursday,Manchester,E08000003,Urban,53.476999,-2.21781,E01033688,36.23062731,35,701,317,295,75,14,631,78,129,80,46,4,8,17,12,170,87,18.50368125,1709,92.36,266,188,97,75,50,15,9,3,170,21,18,75,10,0,219,18,13,74,13,4.181791696,4.48e-6,1,36,38,10505.28321,3.445742733
06A010608,2016,Severe/Fatal,Male,36 - 45,0,0,Urban area,Less deprived 40-50%,6,2,1,Single carriageway,30,0,Darkness - lights lit,0,1,0,Non-trunk,0,0,0,0,Neither,Front,2016-01-07,18:57:00,Thursday,Manchester,E08000003,Urban,53.47484,-2.237717,E01005128,26.06866792,25,695,542,138,12,3,634,108,28,40,40,8,5,1,23,355,26,148.4249084,2026,13.65,365,298,25,6,0,0,1,0,355,20,25,32,4,0,51,13,7,123,5,0.834327504,6.09e-6,0,21,84,3570.664978,0.943179815
06A010928,2016,Severe/Fatal,Male,36 - 45,0,0,Urban area,Most deprived 10%,1,2,1,Single carriageway,30,0,Daylight,0,0,0,Non-trunk,0,1,0,0,Neither,Offside,2016-01-11,10:05:00,Monday,Manchester,E08000003,Urban,53.473976,-2.238058,E01005128,26.06866792,25,695,542,138,12,3,634,108,28,40,40,8,5,1,23,355,26,148.4249084,2026,13.65,365,298,25,6,0,0,1,0,355,20,25,32,4,0,51,13,7,123,5,0.834327504,6.09e-6,0,21,84,3570.664978,0.943179815
06A011100,2016,Slight,Male,36 - 45,0,0,Urban area,Most deprived 10%,1,2,1,Dual carriageway,30,0,Darkness - lights lit,0,0,0,Non-trunk,0,1,0,0,Neither,Front,2016-01-19,19:55:00,Tuesday,Manchester,E08000003,Urban,53.4741,-2.229788,E01033654,23.86747199,24,563,379,152,32,0,718,136,40,59,47,18,3,11,25,342,37,64.42446043,1791,27.8,263,263,33,3,0,1,0,0,342,21,28,40,5,0,104,17,22,138,3,2.26222364,8.06e-6,0,26,84,6137.358757,2.721121445
06A011653,2016,Slight,Male,16 - 20,1,0,Urban area,More deprived 30-40%,4,2,1,Single carriageway,30,0,Daylight,0,0,0,Non-trunk,0,0,0,0,Neither,Front,2016-01-23,16:00:00,Saturday,Manchester,E08000003,Urban,53.473352,-2.239908,E01033662,27.49096065,25,967,725,207,31,4,864,156,43,70,59,13,5,13,18,449,38,138.8965517,2014,14.5,498,393,68,7,0,1,0,0,449,35,35,55,12,0,81,8,22,158,8,0.774186249,5.33e-6,1,19,89,2751.929485,1.496405173
06A011835,2016,Slight,Male,26 - 35,0,0,Urban area,More deprived 40-50%,5,2,1,Single carriageway,30,0,Darkness - lights lit,1,1,0,Non-trunk,1,0,0,0,Neither,Front,2016-02-04,06:30:00,Thursday,Manchester,E08000003,Urban,53.47563,-2.238068,E01033662,27.49096065,25,967,725,207,31,4,864,156,43,70,59,13,5,13,18,449,38,138.8965517,2014,14.5,498,393,68,7,0,1,0,0,449,35,35,55,12,0,81,8,22,158,8,0.774186249,5.33e-6,1,19,89,2751.929485,1.496405173
06A012877,2016,Slight,Male,16 - 20,1,0,Urban area,Most deprived 10%,1,2,1,Dual carriageway,30,0,Daylight,0,0,0,Non-trunk,0,0,0,0,Neither,Front,2016-02-25,08:45:00,Thursday,Manchester,E08000003,Urban,53.49291,-2.249484,E01033674,33.54958131,32,667,351,262,46,8,823,154,90,72,56,19,8,10,8,316,90,28.66988284,2080,72.55,243,260,68,51,19,16,5,3,316,17,21,64,12,1,182,17,20,147,24,1.411308197,1.95e-6,0,24,11,11606.19432,2.853133102
06A012983,2016,Slight,Female,26 - 35,0,0,Urban area,More deprived 30-40%,4,2,1,One way street,30,0,Daylight,0,0,0,Non-trunk,1,0,0,0,Neither,Back,2016-03-05,13:30:00,Saturday,Manchester,E08000003,Urban,53.474229,-2.237261,E01005128,26.06866792,25,695,542,138,12,3,634,108,28,40,40,8,5,1,23,355,26,148.4249084,2026,13.65,365,298,25,6,0,0,1,0,355,20,25,32,4,0,51,13,7,123,5,0.834327504,6.09e-6,0,21,84,3570.664978,0.943179815
06A013044,2016,Slight,Male,26 - 35,0,0,Urban area,More deprived 10-20%,2,2,1,Single carriageway,30,0,Darkness - lights lit,1,1,0,Non-trunk,0,0,0,0,Neither,Front,2016-03-04,17:15:00,Friday,Manchester,E08000003,Urban,53.475951,-2.252232,E01033683,28.63319459,28,801.5,463,281.5,52,5,902,133.5,63.5,53.5,62.5,20,8,10.5,10,501,39.5,144.2200909,1428.5,9.905,374,360.5,63.5,6,0,0,0,0,501,34,28,18.5,12.5,0,157,7.5,12.5,119.5,9.5,1.759495145,9.05e-6,2,11,35,5263.196108,1.248287521
06A013762,2016,Slight,Male,21 - 25,0,0,Urban area,More deprived 30-40%,4,1,1,Single carriageway,30,0,Darkness - lights lit,0,0,0,Non-trunk,0,0,0,0,Neither,Front,2016-03-14,18:15:00,Monday,Manchester,E08000003,Urban,53.474184,-2.237141,E01005128,26.06866792,25,695,542,138,12,3,634,108,28,40,40,8,5,1,23,355,26,148.4249084,2026,13.65,365,298,25,6,0,0,1,0,355,20,25,32,4,0,51,13,7,123,5,0.834327504,6.09e-6,0,21,84,3570.664978,0.943179815
06A015213,2016,Slight,Male,46 - 55,0,0,Urban area,More deprived 10-20%,2,2,1,Single carriageway,30,0,Daylight,0,0,0,Non-trunk,0,0,0,0,Neither,Offside,2016-04-14,18:30:00,Thursday,Manchester,E08000003,Urban,53.503299,-2.218246,E01005203,33.55587949,34,858,465,330,57,6,651,100,176,97,65,15,4,10,15,89,80,31.46277009,2024,64.33,343,197,129,104,54,17,6,8,89,19,8,160,14,1,248,29,10,67,6,2.122889411,3.32e-6,0,25,9,6970.472567,1.945809671
06A015247,2016,Severe/Fatal,Male,56 - 65,0,0,Urban area,Most deprived 10%,1,2,1,Single carriageway,30,0,Darkness - lights lit,0,0,0,Non-trunk,1,0,0,0,Neither,Front,2016-04-21,23:30:00,Thursday,Manchester,E08000003,Urban,53.47084,-2.168425,E01005108,32.93987686,32,560.5,238,240,69.5,13,551,68.5,111.5,100,52,4,3,9,15,110,78,41.02254428,1528.5,37.26,147,150,103.5,78.5,49,23,4.5,5.5,110,9,7,95,7.5,2,225.5,19,15,51.5,11,1.288050225,1.73e-6,0,7,56,9936.003863,1.619117905
06A015540,2016,Slight,Male,36 - 45,0,0,Urban area,More deprived 30-40%,4,2,1,Single carriageway,30,0,Daylight,0,0,0,Non-trunk,0,0,0,0,Neither,Front,2016-05-03,10:27:00,Tuesday,Manchester,E08000003,Urban,53.477466,-2.250147,E01033682,33.96731154,31,751,344,342,56,9,958,138,69,67,57,9,8,13,3,551,43,72.05188679,1222,16.96,337,368,36,9,1,0,0,0,551,43,15,25,4,1,120,8,14,171,6,0.985640615,5.82e-6,0,5,39,4340.806628,1.082801986
06A015617,2016,Slight,Male,36 - 45,0,0,Urban area,Less deprived 40-50%,6,2,2,Dual carriageway,30,0,Daylight,0,0,0,Non-trunk,1,0,0,0,Neither,Nearside,2016-05-04,09:40:00,Wednesday,Manchester,E08000003,Urban,53.476644,-2.234367,E01033654,23.86747199,24,563,379,152,32,0,718,136,40,59,47,18,3,11,25,342,37,64.42446043,1791,27.8,263,263,33,3,0,1,0,0,342,21,28,40,5,0,104,17,22,138,3,2.26222364,8.06e-6,0,26,84,6137.358757,2.721121445
06A015819,2016,Slight,Male,36 - 45,0,0,Small town,Less deprived 20-30%,8,2,1,Single carriageway,30,1,Daylight,0,0,0,Non-trunk,0,0,0,0,Neither,Front,2016-05-02,18:30:00,Monday,Manchester,E08000003,Urban,53.443193,-2.191154,E01005221,31.55467446,32,873,330,407,107,29,1125,111,185,185,67,13,7,5,9,378,165,96.81818182,2556,26.4,226,219,141,112,78,49,21,18,378,9,28,168,19,1,361,31,42,73,17,0.657439081,2.53e-6,1,13,21,3657.523701,1.563878552
06A015823,2016,Slight,Male,46 - 55,0,0,Urban area,Most deprived 10%,1,2,1,Single carriageway,30,1,Daylight,0,0,0,Non-trunk,0,0,0,0,Neither,Offside,2016-04-29,19:20:00,Friday,Manchester,E08000003,Urban,53.465845,-2.240574,E01005210,24.77453788,23,447,276,146,20,5,520,100,53,66,31,10,7,11,44,121,77,121.6651334,2645,21.74,221,108,38,34,19,17,5,5,121,13,6,111,13,0,138,11,14,83,6,1.604325499,7.4e-6,0,15,54,4912.098336,1.117948888
06A016134,2016,Slight,Male,26 - 35,0,0,Urban area,More deprived 30-40%,4,2,1,Single carriageway,30,0,Daylight,1,1,0,Non-trunk,0,0,0,0,Neither,Front,2016-04-28,15:00:00,Thursday,Manchester,E08000003,Urban,53.45914,-2.244949,E01005245,32.41234568,29,960,488,362,96,14,868,159,170,103,74,12,0,6,20,184,140,89.50558214,2806,31.35,303,215,146,96,86,46,34,34,184,8,3,174,19,0,296,21,36,117,10,0.907345961,2.9e-6,0,9,13,7022.627444,0.969162622
06A016173,2016,Slight,Female,66 - 75,0,1,Urban area,More deprived 10-20%,2,2,1,Dual carriageway,30,0,Daylight,0,0,0,Non-trunk,1,1,0,0,Neither,Front,2016-05-25,10:40:00,Wednesday,Manchester,E08000003,Urban,53.431977,-2.269567,E01005082,36.09816972,35,750,232,347,141,30,841,51,132,113,48,10,5,3,4,377,98,23.22189235,1799,77.47,245,230,125,90,35,11,9,5,377,35,5,34,8,2,281,22,37,36,5,2.580595286,3.33e-6,1,14,5,5540.209428,1.731976235
06A016212,2016,Severe/Fatal,Male,36 - 45,0,0,Urban area,Most deprived 10%,1,2,1,Dual carriageway,30,0,Daylight,0,0,0,Non-trunk,0,0,0,0,Neither,Front,2016-05-22,13:10:00,Sunday,Manchester,E08000003,Urban,53.491678,-2.240705,E01033655,31.1631644,30,745,417,267,60,1,1059,178,105,52,59,25,12,11,10,566,41,109.7920277,1267,11.54,288,412,34,8,3,0,0,0,566,33,36,23,8,2,164,7,14,198,9,0.213897058,1.86e-6,0,3,10,1899.718906,0.546789646
06A016375,2016,Slight,Male,36 - 45,0,0,Urban area,More deprived 20-30%,3,2,1,Dual carriageway,30,0,Daylight,1,1,0,Non-trunk,0,0,0,0,Neither,Nearside,2016-05-10,19:00:00,Tuesday,Manchester,E08000003,Urban,53.51123,-2.244616,E01005142,30.1905232,31,702,276,331,78,17,680,129,94,106,72,13,5,3,9,112,137,83.80847953,2293,27.36,199,122,93,84,94,60,26,25,112,7,13,92,17,1,278,45,10,91,17,0.621028001,2.3e-6,0,16,3,4372.48526,0.755764099
06A016378,2016,Slight,Male,21 - 25,0,0,Urban area,More deprived 30-40%,4,2,1,Single carriageway,30,0,Daylight,0,0,0,Non-trunk,0,0,0,0,Neither,Front,2016-05-11,08:47:00,Wednesday,Manchester,E08000003,Urban,53.439907,-2.220134,E01005271,27.53744701,24,620,275,220,90,35,663,60,141,110,25,8,10,5,29,214,61,108.529251,1985,18.29,209,145,52,69,57,44,22,22,214,9,8,146,3,2,161,13,30,69,10,0.32074513,1.77e-6,0,5,51,2698.604569,0
06A017116,2016,Slight,Male,46 - 55,0,0,Urban area,More deprived 30-40%,4,2,1,Single carriageway,30,0,Daylight,0,0,0,Non-trunk,0,0,0,0,Neither,Nearside,2016-06-15,07:45:00,Wednesday,Manchester,E08000003,Urban,53.479076,-2.196725,E01005106,32.72684989,32,900,441,369,77,13,848,119,217,120,73,2,12,5,19,141,140,22.68662519,2334,102.88,263,242,160,130,62,28,14,4,141,18,8,180,8,4,306,37,28,106,9,1.417279348,1.37e-6,1,26,20,12838.65367,4.08856558
06A017137,2016,Slight,Female,36 - 45,0,0,Urban area,Most deprived 10%,1,3,1,Single carriageway,30,0,Daylight,0,0,1,Non-trunk,0,0,0,0,Neither,Offside,2016-06-06,15:35:00,Monday,Manchester,E08000003,Urban,53.476941,-2.243168,E01033662,27.49096065,25,967,725,207,31,4,864,156,43,70,59,13,5,13,18,449,38,138.8965517,2014,14.5,498,393,68,7,0,1,0,0,449,35,35,55,12,0,81,8,22,158,8,0.774186249,5.33e-6,1,19,89,2751.929485,1.496405173
06A017165,2016,Slight,Male,56 - 65,0,0,Urban area,Most deprived 10%,1,3,1,Single carriageway,30,1,Daylight,0,0,0,Non-trunk,1,0,0,0,Neither,Offside,2016-06-16,17:10:00,Thursday,Manchester,E08000003,Urban,53.462436,-2.180622,E01005201,28.65562633,29,787,411,309,55,12,738,80,173,137,83,7,7,6,15,95,135,93.08533917,2127,22.85,214,224,130,101,68,39,11,4,95,10,14,222,15,2,267,20,22,64,7,0.404483694,1.72e-6,1,14,17,3749.375497,1.402875593
06A017377,2016,Severe/Fatal,Male,6 - 10,1,0,Urban area,More deprived 40-50%,5,2,1,Single carriageway,30,1,Daylight,0,0,0,Non-trunk,1,0,0,0,Neither,Offside,2016-06-22,18:10:00,Wednesday,Manchester,E08000003,Urban,53.516762,-2.163042,E01005254,40.83367278,42,705,148,328,178,51,806,65,121,184,84,0,8,10,4,202,128,66.09053498,1606,24.3,219,224,147,80,22,9,2,0,202,19,4,38,9,1,446,31,14,38,5,0,0,0,9,7,2475.315264,0
06A017494,2016,Slight,Female,26 - 35,0,0,Urban area,More deprived 30-40%,4,2,1,Single carriageway,30,0,Daylight,1,1,0,Non-trunk,0,0,0,0,Neither,Offside,2016-06-20,07:45:00,Monday,Manchester,E08000003,Urban,53.484568,-2.245381,E01033658,30.9487666,30,712,531,163,17,1,831,162,64,58,41,10,5,12,10,427,42,22.81132384,1394,61.11,363,307,34,4,2,0,0,1,427,37,33,56,0,1,68,5,17,180,6,2.915548222,4.78e-6,4,100,687,11257.07516,5.344013367
06A017500,2016,Slight,Male,21 - 25,0,0,Urban area,Most deprived 10%,1,2,1,Single carriageway,30,0,Daylight,0,0,0,Non-trunk,1,0,0,0,Neither,Offside,2016-06-21,14:15:00,Tuesday,Manchester,E08000003,Urban,53.480606,-2.235323,E01033653,29.28743041,26,1146,865,253,21,7,1139,205,68,77,60,17,10,5,10,598,89,59.26993276,1851,31.23,597,466,67,16,1,0,0,0,598,43,43,58,3,0,112,16,36,219,11,1.692927985,5.52e-6,1,107,453,7402.768836,3.240507463
06A017784,2016,Slight,Male,36 - 45,0,0,Urban area,More deprived 20-30%,3,2,1,Single carriageway,30,0,Daylight,1,1,0,Non-trunk,0,0,0,0,Neither,Front,2016-06-28,19:04:00,Tuesday,Manchester,E08000003,Urban,53.481453,-2.252039,E01033681,32.06413545,30,850,367,428,51,4,1098,163,89,54,49,14,6,14,8,661,40,38.76420869,1330,34.31,415,395,35,5,0,0,0,0,661,21,18,22,6,1,156,10,19,177,8,2.21916639,6.49e-6,0,21,46,6095.436681,2.266261708
06A017873,2016,Slight,Male,21 - 25,0,0,Urban area,More deprived 30-40%,4,2,1,Single carriageway,30,0,Daylight,0,0,0,Non-trunk,0,0,0,0,Neither,Front,2016-06-26,19:27:00,Sunday,Manchester,E08000003,Urban,53.479425,-2.237004,E01033653,29.28743041,26,1146,865,253,21,7,1139,205,68,77,60,17,10,5,10,598,89,59.26993276,1851,31.23,597,466,67,16,1,0,0,0,598,43,43,58,3,0,112,16,36,219,11,1.692927985,5.52e-6,1,107,453,7402.768836,3.240507463
06A017973,2016,Slight,Male,16 - 20,1,0,Urban area,Most deprived 10%,1,2,1,Single carriageway,30,0,Darkness - lights lit,0,0,0,Non-trunk,1,0,0,0,Neither,Offside,2016-08-19,22:20:00,Friday,Manchester,E08000003,Urban,53.445518,-2.181318,E01005220,31.86577514,32,745,268,363,104,10,845,71,125,129,44,6,3,7,14,286,160,85.78883982,2137,24.91,203,212,91,97,60,46,28,6,286,4,14,96,29,4,286,21,28,57,20,0,0,0,5,6,1883.857827,0.67297376
06A018178,2016,Slight,Female,26 - 35,0,0,Urban area,Most deprived 10%,1,2,1,Single carriageway,30,0,Daylight,0,0,0,Non-trunk,0,0,0,0,Neither,Front,2016-07-02,20:30:00,Saturday,Manchester,E08000003,Urban,53.518785,-2.233136,E01005164,30.48695247,32,784,294,354,115,21,762,115,137,124,55,10,1,9,9,153,149,37.75987107,2343,62.05,252,153,116,118,61,43,25,12,153,34,8,88,12,2,314,34,11,92,17,0.25090906,4.02e-7,0,15,2,5965.605185,2.528446401
06A018345,2016,Slight,Male,26 - 35,0,0,Urban area,More deprived 20-30%,3,2,1,Single carriageway,30,0,Daylight,0,0,0,Non-trunk,1,0,0,0,Neither,Front,2016-07-18,09:12:00,Monday,Manchester,E08000003,Urban,53.457956,-2.225212,E01005284,25.45450292,23,654,408,195,44,7,740,155,121,59,57,14,7,5,36,232,54,87.59271746,2598,29.66,269,190,77,67,31,7,4,9,232,8,7,109,18,1,123,35,31,171,7,1.450401873,4.9e-6,0,9,125,5009.24423,0.893620935
06A019290,2016,Slight,Male,16 - 20,1,0,Urban area,Most deprived 10%,1,3,1,Single carriageway,30,1,Daylight,0,0,0,Non-trunk,0,0,0,0,Neither,Front,2016-08-08,18:33:00,Monday,Manchester,E08000003,Urban,53.455563,-2.172626,E01005195,32.61900326,33,875,343,358,150,24,861,123,166,147,71,9,3,7,11,187,137,56.774942,2447,43.1,238,209,151,144,81,28,18,7,187,3,8,129,18,1,370,31,24,76,11,1.14895951,2.68e-6,1,11,7,5460.503014,0.541605061
06A019515,2016,Slight,Male,46 - 55,0,0,Urban area,More deprived 10-20%,2,2,1,Single carriageway,30,0,Daylight,0,0,0,Non-trunk,0,0,0,0,Neither,Front,2016-08-23,08:43:00,Tuesday,Manchester,E08000003,Urban,53.492308,-2.231393,E01033665,31.64111705,30,916,506,338,65,7,1106,169,112,71,69,10,7,8,19,572,69,21.61624769,1522,70.41,436,400,49,18,11,2,0,0,572,47,16,42,10,2,183,14,25,183,10,1.222301241,1.74e-6,0,9,27,7565.812413,4.476098363
06A019524,2016,Slight,Male,36 - 45,0,0,Urban area,Less deprived 10-20%,9,2,1,Single carriageway,30,0,Daylight,0,0,0,Non-trunk,0,1,0,0,Neither,Front,2016-08-17,16:45:00,Wednesday,Manchester,E08000003,Urban,53.475951,-2.252263,E01033683,28.63319459,28,801.5,463,281.5,52,5,902,133.5,63.5,53.5,62.5,20,8,10.5,10,501,39.5,144.2200909,1428.5,9.905,374,360.5,63.5,6,0,0,0,0,501,34,28,18.5,12.5,0,157,7.5,12.5,119.5,9.5,1.759495145,9.05e-6,2,11,35,5263.196108,1.248287521
06A019869,2016,Slight,Female,36 - 45,0,0,Urban area,Most deprived 10%,1,2,1,Single carriageway,30,0,Darkness - lights lit,0,0,0,Non-trunk,1,1,0,0,Neither,Front,2016-08-29,23:00:00,Monday,Manchester,E08000003,Urban,53.490625,-2.241256,E01033655,31.1631644,30,745,417,267,60,1,1059,178,105,52,59,25,12,11,10,566,41,109.7920277,1267,11.54,288,412,34,8,3,0,0,0,566,33,36,23,8,2,164,7,14,198,9,0.213897058,1.86e-6,0,3,10,1899.718906,0.546789646
06A020239,2016,Slight,Male,26 - 35,0,0,Urban area,More deprived 10-20%,2,2,1,Dual carriageway,30,0,Daylight,1,1,0,Non-trunk,0,0,0,0,Neither,Back,2016-09-04,08:00:00,Sunday,Manchester,E08000003,Urban,53.489845,-2.201387,E01005257,33.6538055,33,806,385,331,80,10,722,83,221,92,70,4,8,17,16,100,111,11.62346679,2009,172.84,276,198,126,112,62,23,9,0,100,19,13,133,15,1,301,42,23,67,10,4.326402325,2.5e-6,0,33,10,15513.16205,6.887151125
06A020296,2016,Severe/Fatal,Male,16 - 20,1,0,Urban area,Most deprived 10%,1,2,1,Single carriageway,30,0,Darkness - lights lit,0,0,0,Non-trunk,0,0,0,0,Neither,Nearside,2016-09-11,01:10:00,Sunday,Manchester,E08000003,Urban,53.47669,-2.233885,E01033654,23.86747199,24,563,379,152,32,0,718,136,40,59,47,18,3,11,25,342,37,64.42446043,1791,27.8,263,263,33,3,0,1,0,0,342,21,28,40,5,0,104,17,22,138,3,2.26222364,8.06e-6,0,26,84,6137.358757,2.721121445
06A020365,2016,Severe/Fatal,Male,56 - 65,0,0,Urban area,Most deprived 10%,1,2,1,Single carriageway,30,0,Daylight,0,0,0,Non-trunk,0,0,0,0,Neither,Front,2016-09-11,09:52:00,Sunday,Manchester,E08000003,Urban,53.49339,-2.225099,E01033665,31.64111705,30,916,506,338,65,7,1106,169,112,71,69,10,7,8,19,572,69,21.61624769,1522,70.41,436,400,49,18,11,2,0,0,572,47,16,42,10,2,183,14,25,183,10,1.222301241,1.74e-6,0,9,27,7565.812413,4.476098363
06A020811,2016,Slight,Male,36 - 45,0,0,Urban area,More deprived 40-50%,5,2,1,Single carriageway,30,0,Daylight,0,0,0,Non-trunk,0,0,0,0,Neither,Nearside,2016-09-13,07:13:00,Tuesday,Manchester,E08000003,Urban,53.503537,-2.194863,E01005202,33.30341207,33,856,447,324,83,2,694,89,172,133,84,7,6,10,16,96,81,29.23209028,2383,81.52,268,218,135,89,64,32,22,28,96,26,10,157,11,2,274,30,10,70,6,0.209724937,2.54e-7,1,31,20,6706.905134,2.1661325
06A021157,2016,Slight,Male,36 - 45,0,0,Urban area,More deprived 10-20%,2,2,1,One way street,30,0,Daylight,0,1,0,Non-trunk,1,0,0,0,Neither,Offside,2016-09-26,11:30:00,Monday,Manchester,E08000003,Urban,53.485495,-2.211931,E01033663,31.24622136,30,624.5,324,259.5,36,5,848,101,85.5,42.5,50.5,14.5,12,10,8,498,26,97.25274725,1062,10.92,281.5,275,43,19.5,3.5,1,0,0,498,27.5,26,20.5,6,1,115.5,10.5,14.5,122.5,5,2.031653652,9.44e-6,1,18,15,5871.801981,2.19396314
06A021488,2016,Slight,Male,26 - 35,0,0,Urban area,More deprived 10-20%,2,2,1,Dual carriageway,30,0,Daylight,0,0,0,Non-trunk,0,0,0,0,Neither,Back,2016-09-17,18:03:00,Saturday,Manchester,E08000003,Urban,53.473902,-2.194321,E01005106,32.72684989,32,900,441,369,77,13,848,119,217,120,73,2,12,5,19,141,140,22.68662519,2334,102.88,263,242,160,130,62,28,14,4,141,18,8,180,8,4,306,37,28,106,9,1.417279348,1.37e-6,1,26,20,12838.65367,4.08856558
06A022303,2016,Slight,Male,36 - 45,0,0,Urban area,Most deprived 10%,1,2,1,Single carriageway,30,0,Darkness - lights lit,0,0,0,Non-trunk,0,0,0,0,Neither,Did not impact,2016-10-24,20:40:00,Monday,Manchester,E08000003,Urban,53.477468,-2.240172,E01033653,29.28743041,26,1146,865,253,21,7,1139,205,68,77,60,17,10,5,10,598,89,59.26993276,1851,31.23,597,466,67,16,1,0,0,0,598,43,43,58,3,0,112,16,36,219,11,1.692927985,5.52e-6,1,107,453,7402.768836,3.240507463
06A022381,2016,Slight,Male,21 - 25,0,0,Urban area,Most deprived 10%,1,2,1,Single carriageway,30,0,Darkness - lights lit,0,1,0,Non-trunk,1,0,0,0,Neither,Front,2016-10-27,18:30:00,Thursday,Manchester,E08000003,Urban,53.508172,-2.217201,E01005203,33.55587949,34,858,465,330,57,6,651,100,176,97,65,15,4,10,15,89,80,31.46277009,2024,64.33,343,197,129,104,54,17,6,8,89,19,8,160,14,1,248,29,10,67,6,2.122889411,3.32e-6,0,25,9,6970.472567,1.945809671
06A022631,2016,Severe/Fatal,Male,36 - 45,0,0,Urban area,More deprived 10-20%,2,2,1,Single carriageway,30,0,Daylight,0,1,0,Non-trunk,0,1,0,0,Neither,Offside,2016-11-12,11:50:00,Saturday,Manchester,E08000003,Urban,53.462562,-2.180924,E01005186,34.52177149,34,1052,352,518,146,36,1096,114,247,167,99,22,11,15,25,202,194,39.37992929,2896,73.54,308,251,201,172,74,32,10,5,202,11,9,189,11,0,503,40,23,85,22,0.062605979,8.56e-8,0,16,10,6094.552431,2.337786926
06A023468,2016,Slight,Male,11 - 15,1,0,Urban area,Most deprived 10%,1,2,1,Single carriageway,20,0,Darkness - lights lit,1,1,0,Non-trunk,0,0,0,0,Neither,Did not impact,2016-11-14,19:57:00,Monday,Manchester,E08000003,Urban,53.482837,-2.22016,E01005133,35.81272633,32,774,358,341,62.5,12.5,1038,150,92.5,90,62,11,13,21.5,12,522,64,92.75976977,1531,16.505,279,355.5,81,32.5,17,4.5,7,0.5,522,33,22,37.5,7.5,0,188.5,26,26.5,166.5,8.5,1.500260271,4.55e-6,0,14,34,4814.352522,0.096344442
06A023731,2016,Severe/Fatal,Male,21 - 25,0,0,Urban area,More deprived 40-50%,5,2,1,Single carriageway,30,0,Darkness - lights lit,1,1,0,Non-trunk,0,0,0,0,Neither,Front,2016-11-14,18:30:00,Monday,Manchester,E08000003,Urban,53.47831,-2.237299,E01033653,29.28743041,26,1146,865,253,21,7,1139,205,68,77,60,17,10,5,10,598,89,59.26993276,1851,31.23,597,466,67,16,1,0,0,0,598,43,43,58,3,0,112,16,36,219,11,1.692927985,5.52e-6,1,107,453,7402.768836,3.240507463
06A024190,2016,Slight,Male,21 - 25,0,0,Urban area,Most deprived 10%,1,2,1,Single carriageway,30,0,Daylight,0,1,0,Non-trunk,0,0,0,0,Neither,Front,2016-11-10,08:18:00,Thursday,Manchester,E08000003,Urban,53.50835,-2.2419,E01005145,30.68934316,30,776,248,358,140,30,890,173,126,108,47,7,14,8,12,163,232,156.8146214,3003,19.15,137,124,101,125,118,84,47,40,163,17,8,104,29,3,365,54,9,99,38,0.35565786,1.88e-6,0,5,6,2975.959705,0.350504559
06A024465,2016,Severe/Fatal,Male,36 - 45,0,0,Urban area,Most deprived 10%,1,2,1,Single carriageway,20,0,Daylight,0,0,0,Non-trunk,0,0,0,0,Neither,Did not impact,2016-12-01,14:45:00,Thursday,Manchester,E08000003,Urban,53.480964,-2.244909,E01033658,30.9487666,30,712,531,163,17,1,831,162,64,58,41,10,5,12,10,427,42,22.81132384,1394,61.11,363,307,34,4,2,0,0,1,427,37,33,56,0,1,68,5,17,180,6,2.915548222,4.78e-6,4,100,687,11257.07516,5.344013367
06A025066,2016,Slight,Female,36 - 45,0,0,Urban area,More deprived 20-30%,3,2,1,Single carriageway,30,0,Daylight,0,1,0,Non-trunk,0,1,0,0,Neither,Front,2016-12-22,08:40:00,Thursday,Manchester,E08000003,Urban,53.488349,-2.223972,E01033651,29.47225305,29,957,601,301,47,8,1251,205,114,108,85,9,10,10,7,647,56,56.85944855,1691,29.74,362,484,90,15,5,0,0,0,647,49,35,59,10,0,177,8,19,246,2,0.793273918,2.66e-6,0,11,41,6390.757662,1.900970654
06A025300,2016,Slight,Male,11 - 15,1,0,Urban area,More deprived 30-40%,4,2,1,Single carriageway,30,0,Daylight,0,0,0,Non-trunk,0,0,0,0,Neither,Front,2016-12-28,15:51:00,Wednesday,Manchester,E08000003,Urban,53.519538,-2.182252,E01005252,39.22407407,41,765,247,363,126,29,764,69,148,165,71,5,8,11,10,137,140,72.46431255,1929,26.62,234,219,140,84,51,23,6,1,137,5,6,113,22,3,363,40,13,44,16,0.106009865,4.08e-7,0,11,8,8267.322253,1.0011263989999999
06A025468,2016,Slight,Male,6 - 10,1,0,Urban area,More deprived 30-40%,4,2,1,Dual carriageway,30,0,Darkness - lights lit,0,1,0,Non-trunk,0,0,0,0,Neither,Nearside,2016-12-29,18:35:00,Thursday,Manchester,E08000003,Urban,53.474199,-2.194352,E01005106,32.72684989,32,900,441,369,77,13,848,119,217,120,73,2,12,5,19,141,140,22.68662519,2334,102.88,263,242,160,130,62,28,14,4,141,18,8,180,8,4,306,37,28,106,9,1.417279348,1.37e-6,1,26,20,12838.65367,4.08856558
06E010481,2016,Slight,Female,6 - 10,1,0,Urban area,Most deprived 10%,1,2,1,Single carriageway,30,0,Daylight,0,0,0,Non-trunk,0,0,0,0,Neither,Nearside,2016-01-01,12:40:00,Friday,Manchester,E08000003,Urban,53.432613,-2.270595,E01005158,38.84768212,38,697,237,324,119,17,772,42,92,137,46,5,4,1,4,360,81,43.70240187,1492,34.14,283,205,100,74,24,3,4,4,360,40,2,22,9,1,229,19,36,48,8,2.736027458,8.01e-6,0,17,24,3874.183435,0.773492181
06E010560,2016,Severe/Fatal,Male,56 - 65,0,0,Urban area,Most deprived 10%,1,2,1,Single carriageway,30,0,Darkness - lights lit,1,1,0,Non-trunk,1,0,0,0,Neither,Back,2016-01-02,16:51:00,Saturday,Manchester,E08000003,Urban,53.443313,-2.205668,E01005282,29.48272727,24,445,155,173,81,36,575.5,43.5,109.5,90,32.5,12,7,12,23,165,81,71.59286947,1867.5,26.085,68.5,91,85,74.5,60.5,34.5,17.5,12.5,165,5,14.5,85,10.5,0.5,202.5,19.5,21.5,42.5,8.5,1.057850168,2.89e-6,0,11,10,7296.203006,1.885133971
06E010601,2016,Slight,Male,46 - 55,0,0,Urban area,Most deprived 10%,1,2,1,Single carriageway,30,0,Daylight,0,0,0,Non-trunk,0,0,0,0,Neither,Offside,2016-01-06,08:57:00,Wednesday,Manchester,E08000003,Urban,53.469678,-2.238712,E01005212,25.91968447,22,761,433,299,26,3,871,144,94,72,55,27,7,25,29,335,83,112.4820144,3127,27.8,324,243,108,52,23,6,3,2,335,17,34,99,14,2,172,16,37,136,10,2.112358829,7.57e-6,0,19,211,8200.01292,1.446376403
06E011269,2016,Slight,Female,21 - 25,0,0,Urban area,Most deprived 10%,1,2,1,Single carriageway,30,0,Daylight,1,1,0,Non-trunk,1,0,0,0,Neither,Back,2016-01-07,11:00:00,Thursday,Manchester,E08000003,Urban,53.464451,-2.236318,E01005209,25.67972941,23,463.5,287,152,20,4.5,427.5,94,66.5,46,33.5,5,2,5,17,111.5,47,40.65491184,1614,39.7,207,137,51.5,35,13.5,9,8,2.5,111.5,2,5.5,68,11,0.5,98,10.5,15,97,8.5,4.453173924,5.61e-6,0,24,132,6833.455028,2.225000983
06E011488,2016,Severe/Fatal,Male,21 - 25,0,0,Urban area,Less deprived 40-50%,6,2,1,Single carriageway,30,0,Daylight,0,0,0,Non-trunk,0,0,0,0,Neither,Front,2016-01-23,13:55:00,Saturday,Manchester,E08000003,Urban,53.453716,-2.223955,E01005288,29.0377249,26,676,377,219,58,22,658,91,138,74,58,8,0,5,8,178,98,97.95808705,1823,18.61,206,138,159,78,49,30,13,4,178,9,11,129,13,2,171,19,35,77,11,0.696751759,3.73e-6,0,4,39,5263.907801,0.245468301
06E011528,2016,Severe/Fatal,Female,46 - 55,0,0,Urban area,More deprived 10-20%,2,2,1,Single carriageway,30,0,Daylight,0,0,0,Non-trunk,0,0,0,0,Neither,Offside,2016-01-14,12:45:00,Thursday,Manchester,E08000003,Urban,53.454007,-2.25793,E01033686,35.16886326,34,648,253,296,79,20,692,42,138,81,34,5,5,4,4,292,87,87.56648936,1317,15.04,332,137,78,59,18,15,5,3,292,13,4,50,7,2,194,14,54,57,7,0,0,0,2,17,1703.160544,0.445197643
06E011727,2016,Slight,Male,11 - 15,1,0,Urban area,Most deprived 10%,1,2,1,Single carriageway,30,0,Darkness - lights lit,1,1,0,Non-trunk,0,0,0,0,Neither,Front,2016-02-01,16:30:00,Monday,Manchester,E08000003,Urban,53.388238,-2.277169,E01005074,36.71210106,37,647,215,288,116,28,691,140,124,91,64,16,4,5,5,125,117,35.62335382,1623,45.56,185,177,141,93,28,14,6,3,125,27,3,43,16,1,300,50,21,97,8,0.762569481,1.68e-6,0,11,6,5339.504857,1.195603542
06E012066,2016,Slight,Male,26 - 35,0,0,Urban area,More deprived 10-20%,2,1,2,Single carriageway,30,0,Daylight,1,1,0,Non-trunk,0,0,0,0,Neither,Nearside,2016-01-30,14:15:00,Saturday,Manchester,E08000003,Urban,53.444109,-2.191701,E01005221,31.55467446,32,873,330,407,107,29,1125,111,185,185,67,13,7,5,9,378,165,96.81818182,2556,26.4,226,219,141,112,78,49,21,18,378,9,28,168,19,1,361,31,42,73,17,0.657439081,2.53e-6,1,13,21,3657.523701,1.563878552
06E012573,2016,Slight,Female,36 - 45,0,0,Urban area,More deprived 30-40%,4,2,1,Single carriageway,30,0,Daylight,0,0,0,Non-trunk,0,0,0,0,Neither,Offside,2016-01-20,14:20:00,Wednesday,Manchester,E08000003,Urban,53.401496,-2.253146,E01005263,41.39605849,43,802,285,349,140,28,713,39,131,151,51,10,5,4,8,236,78,14.85665383,1736,116.85,356,191,108,94,39,8,4,2,236,6,2,67,4,2,318,21,20,34,6,2.117155261,1.81e-6,0,12,8,4445.998613,4.365295683
06E012798,2016,Slight,Male,26 - 35,0,0,Urban area,More deprived 10-20%,2,2,1,Single carriageway,30,0,Darkness - lights lit,1,1,0,Non-trunk,0,0,0,0,Neither,Nearside,2016-02-21,22:00:00,Sunday,Manchester,E08000003,Urban,53.455231,-2.216298,E01005284,25.45450292,23,654,408,195,44,7,740,155,121,59,57,14,7,5,36,232,54,87.59271746,2598,29.66,269,190,77,67,31,7,4,9,232,8,7,109,18,1,123,35,31,171,7,1.450401873,4.9e-6,0,9,125,5009.24423,0.893620935
06E012806,2016,Severe/Fatal,Male,21 - 25,0,0,Urban area,More deprived 20-30%,3,2,1,Single carriageway,30,0,Daylight,0,0,0,Non-trunk,0,0,0,0,Neither,Offside,2016-02-23,09:56:00,Tuesday,Manchester,E08000003,Urban,53.457992,-2.225228,E01005284,25.45450292,23,654,408,195,44,7,740,155,121,59,57,14,7,5,36,232,54,87.59271746,2598,29.66,269,190,77,67,31,7,4,9,232,8,7,109,18,1,123,35,31,171,7,1.450401873,4.9e-6,0,9,125,5009.24423,0.893620935
06E012889,2016,Slight,Male,36 - 45,0,0,Urban area,Most deprived 10%,1,2,1,Single carriageway,30,0,Daylight,0,1,0,Non-trunk,0,0,0,0,Neither,Front,2016-03-07,14:29:00,Monday,Manchester,E08000003,Urban,53.456169,-2.229134,E01005244,27.35116868,24,813,476,247,64,26,888,160,183,85,65,16,6,18,21,205,129,158.3597884,2993,18.9,226,171,107,138,74,70,16,12,205,12,13,164,15,1,219,29,37,167,23,1.289353585,6.75e-6,0,9,40,6017.132507,0.696996425
06E013480,2016,Slight,Male,46 - 55,0,0,Urban area,More deprived 10-20%,2,2,1,Single carriageway,20,0,Darkness - lights lit,1,1,0,Non-trunk,1,0,0,0,Neither,Back,2016-03-01,20:07:00,Tuesday,Manchester,E08000003,Urban,53.452637,-2.228994,E01005285,31.45419255,28,510,274,173,53,10,467,81,72,65,29,6,6,8,8,127,65,132.5280414,1536,11.59,176,99,60,63,38,27,23,25,127,5,11,74,16,1,129,8,15,61,21,0.534108136,4.59e-6,0,1,17,1330.754971,0.209257678
06E013909,2016,Slight,Male,36 - 45,0,0,Urban area,Most deprived 10%,1,2,1,Single carriageway,30,0,Daylight,0,0,0,Non-trunk,0,0,0,0,Neither,Front,2016-03-14,13:11:00,Monday,Manchester,E08000003,Urban,53.436847,-2.226847,E01005273,28.42218021,24,593,243,228,91,31,652,47,105,129,44,8,4,4,10,249,52,114.5704467,1667,14.55,181,154,80,81,35,25,19,18,249,13,4,92,7,0,177,8,43,52,7,0.404619718,2.75e-6,0,8,5,3471.037294,0.817653207
06E014331,2016,Slight,Female,26 - 35,0,0,Urban area,More deprived 20-30%,3,2,1,Single carriageway,20,1,Daylight,0,0,0,Non-trunk,0,0,0,0,Neither,Front,2016-03-18,08:40:00,Friday,Manchester,E08000003,Urban,53.449881,-2.262227,E01005297,33.57217742,33,948,301,410,175,62,1223,82,261,149,60,8,5,10,6,500,142,74.51820128,2436,32.69,344,249,139,101,50,35,16,14,500,23,8,87,11,2,362,40,99,74,16,0,0,0,4,10,4832.972905,1.050230804
06E015067,2016,Slight,Male,16 - 20,1,0,Urban area,More deprived 10-20%,2,2,1,Single carriageway,30,1,Daylight,0,0,0,Non-trunk,0,0,0,0,Neither,Back,2016-04-21,17:45:00,Thursday,Manchester,E08000003,Urban,53.41731,-2.219822,E01005126,36.74427083,34,803,156,399,202,46,1008,58,125,182,52,23,9,7,8,428,116,68.87895461,2003,29.08,242,260,112,93,58,29,5,4,428,16,11,44,9,1,383,33,22,42,18,0.139045768,4.77e-7,0,13,17,4873.274727,2.274514205
06E016039,2016,Slight,Female,26 - 35,0,0,Urban area,Less deprived 20-30%,8,2,1,Single carriageway,30,0,Darkness - lights lit,0,0,0,Non-trunk,0,1,0,0,Neither,Front,2016-05-05,23:05:00,Thursday,Manchester,E08000003,Urban,53.450543,-2.20876,E01005280,30.98942065,28,538,164,215,111,48,707,81,167,96,52,7,4,9,8,145,138,75.95952547,2177,28.66,89,76,70,76,86,77,35,28,145,3,10,108,17,1,298,49,12,48,16,0.608892724,2.11e-6,0,7,1,5342.61532,0.963354825
06E016290,2016,Slight,Male,21 - 25,0,0,Urban area,More deprived 30-40%,4,2,1,Single carriageway,30,0,Daylight,0,0,0,Non-trunk,1,1,0,0,Neither,Front,2016-04-17,17:50:00,Sunday,Manchester,E08000003,Urban,53.446607,-2.218136,E01005281,30.05034815,23,529,287,195,35,12,558,77,96,54,25,3,5,19,30,191,58,56.5026362,2572,45.52,283,165,34,10,18,6,4,8,191,4,6,100,9,0,144,12,21,60,11,1.238410879,2.74e-6,0,9,53,3869.057074,0.763102558
06E016600,2016,Slight,Male,26 - 35,0,0,Urban area,More deprived 30-40%,4,2,1,Single carriageway,30,1,Daylight,0,0,0,Non-trunk,0,1,0,0,Neither,Front,2016-05-23,20:01:00,Monday,Manchester,E08000003,Urban,53.426047,-2.229408,E01005306,40.0405954,40,722,176,303,203,40,868,73,82,133,44,13,5,6,12,457,43,47.57603132,1580,33.21,246,255,96,95,27,4,1,0,457,18,0,26,2,0,265,8,34,54,1,0.788331833,2.35e-6,0,6,8,3396.192232,0.314947963
06E016886,2016,Slight,Female,21 - 25,0,0,Urban area,More deprived 30-40%,4,2,1,Single carriageway,30,1,Daylight,1,1,0,Non-trunk,0,0,0,0,Neither,Front,2016-06-14,09:26:00,Tuesday,Manchester,E08000003,Urban,53.456024,-2.199465,E01005234,30.98636364,31,650,263,283,82,22,686,100,127,114,66,9,7,8,5,103,147,115.2466368,2313,20.07,154,107,77,99,83,60,32,37,103,5,5,132,15,1,251,44,17,91,20,0,0,0,6,13,3600.917605,1.878270481
06E016902,2016,Slight,Male,26 - 35,0,0,Urban area,Most deprived 10%,1,2,1,Single carriageway,30,0,Daylight,1,1,0,Non-trunk,0,1,0,0,Neither,Front,2016-06-13,07:35:00,Monday,Manchester,E08000003,Urban,53.443352,-2.255321,E01005181,36.04164625,33,688,139,313,168,68,918,84,148,119,48,8,4,16,13,359,119,54.73321859,2226,40.67,199,157,90,82,72,44,24,22,359,9,2,51,7,0,370,34,29,45,11,2.514112921,6.19e-6,0,11,11,5769.021727,1.658119891
06E017350,2016,Slight,Male,21 - 25,0,0,Urban area,More deprived 10-20%,2,2,1,Single carriageway,30,0,Daylight,0,0,0,Non-trunk,0,1,0,0,Neither,Front,2016-06-22,12:14:00,Wednesday,Manchester,E08000003,Urban,53.456642,-2.226004,E01005244,27.35116868,24,813,476,247,64,26,888,160,183,85,65,16,6,18,21,205,129,158.3597884,2993,18.9,226,171,107,138,74,70,16,12,205,12,13,164,15,1,219,29,37,167,23,1.289353585,6.75e-6,0,9,40,6017.132507,0.696996425
06E017477,2016,Slight,Male,21 - 25,0,0,Urban area,More deprived 30-40%,4,2,1,Single carriageway,30,0,Daylight,0,0,0,Non-trunk,0,0,0,0,Neither,Front,2016-06-27,17:00:00,Monday,Manchester,E08000003,Urban,53.42272,-2.24799,E01005078,39.28571429,35,833,233,430,155,15,949,43,110,183,65,14,6,8,2,466,52,42.37380628,1553,36.65,426,310,51,31,9,6,2,0,466,28,8,38,1,0,307,13,33,48,6,1.805419836,4.96e-6,0,6,12,4046.972988,1.848304515
06E017518,2016,Slight,Female,26 - 35,0,0,Urban area,More deprived 20-30%,3,3,1,Single carriageway,30,0,Daylight,0,0,0,Non-trunk,0,0,0,0,Neither,Front,2016-06-21,15:20:00,Tuesday,Manchester,E08000003,Urban,53.452614,-2.25753,E01033680,34.15229111,34,674,309,298,60,7,720,47,158,68,37,3,6,3,6,302,90,77.26715686,1261,16.32,346,196,64,39,19,6,1,3,302,10,4,79,6,1,199,11,48,54,9,0.1527487,9.27e-7,0,6,4,2823.361454,1.051908947
06E017677,2016,Slight,Male,26 - 35,0,0,Urban area,More deprived 30-40%,4,3,1,Single carriageway,40,1,Darkness - lights lit,0,1,1,Non-trunk,0,0,0,0,Neither,Front,2016-06-28,23:15:00,Tuesday,Manchester,E08000003,Urban,53.441941,-2.213641,E01005283,24.25409836,22,445,155,173,81,36,575.5,43.5,109.5,90,32.5,12,7,12,23,165,81,71.59286947,1867.5,26.085,68.5,91,85,74.5,60.5,34.5,17.5,12.5,165,5,14.5,85,10.5,0.5,202.5,19.5,21.5,42.5,8.5,1.002800459,6.45e-6,0,4,15,3327.665176,0.327146746
06E017754,2016,Slight,Male,36 - 45,0,0,Urban area,Less deprived 40-50%,6,2,1,Single carriageway,30,0,Daylight,0,1,0,Non-trunk,0,1,0,0,Neither,Front,2016-06-27,08:50:00,Monday,Manchester,E08000003,Urban,53.443173,-2.2186,E01005185,22.51164519,21,511,236,169,71,35,736,59,166,92,39,15,14,13,49,200,89,139.4354149,3260,23.38,109,100,67,71,53,60,42,7,200,6,22,184,10,0,145,17,58,66,23,1.800599604,7.81e-6,0,7,69,3777.948894,0.427055009
06E017855,2016,Slight,Male,26 - 35,0,0,Urban area,Less deprived 40-50%,6,2,1,Single carriageway,30,0,Daylight,1,1,0,Non-trunk,0,1,0,0,Neither,Front,2016-06-29,16:30:00,Wednesday,Manchester,E08000003,Urban,53.455549,-2.214507,E01005231,25.72738733,23,698,430,204,43,21,777,176,154,80,34,13,7,8,26,226,53,146.8035191,2503,17.05,268,158,125,83,40,14,7,3,226,11,7,129,17,1,133,17,55,172,9,0.323587167,1.89e-6,0,3,21,2308.148359,0.441955897
06E018006,2016,Slight,Female,36 - 45,0,0,Urban area,More deprived 20-30%,3,2,1,Single carriageway,30,0,Daylight,0,0,0,Non-trunk,0,1,0,0,Neither,Front,2016-07-02,06:06:00,Saturday,Manchester,E08000003,Urban,53.431392,-2.195843,E01005122,33.64643489,33,647,179,300,141,27,713,68,141,116,66,9,4,6,9,166,128,55.42658154,1910,34.46,162,142,119,104,67,36,6,12,166,4,7,69,18,3,335,46,21,42,6,0.903792071,2.65e-6,0,8,7,5174.569643,1.007844231
06E018294,2016,Slight,Female,26 - 35,0,0,Urban area,Most deprived 10%,1,2,1,Roundabout,30,0,Daylight,0,0,0,Non-trunk,1,0,0,0,Neither,Nearside,2016-07-02,07:20:00,Saturday,Manchester,E08000003,Urban,53.397978,-2.26296,E01005295,36.3117757,35,1140,226,593,277,44,1391,98,249,243,107,35,4,9,13,454,179,29.31187569,2641,90.1,382,392,194,115,42,15,2,0,454,27,10,74,17,1,651,39,17,87,14,2.423416104,2.7e-6,0,10,10,7176.454556,5.565346088
06E018329,2016,Slight,Male,21 - 25,0,0,Urban area,More deprived 10-20%,2,2,1,Single carriageway,30,0,Daylight,0,0,0,Non-trunk,0,1,0,0,Neither,Front,2016-07-20,11:00:00,Wednesday,Manchester,E08000003,Urban,53.399747,-2.255391,E01005263,41.39605849,43,802,285,349,140,28,713,39,131,151,51,10,5,4,8,236,78,14.85665383,1736,116.85,356,191,108,94,39,8,4,2,236,6,2,67,4,2,318,21,20,34,6,2.117155261,1.81e-6,0,12,8,4445.998613,4.365295683
06E019077,2016,Slight,Male,21 - 25,0,0,Urban area,Most deprived 10%,1,2,1,Single carriageway,30,0,Daylight,0,0,0,Non-trunk,0,0,0,0,Neither,Front,2016-07-27,18:20:00,Wednesday,Manchester,E08000003,Urban,53.423605,-2.250598,E01005083,31.38564761,30,954,310,438,176,30,1302,82,119,237,62,16,15,15,8,675,73,50.36996437,1838,36.49,444,331,64,75,26,8,2,5,675,58,8,60,7,1,342,15,52,78,5,0.859594539,2.34e-6,0,20,19,8399.178472,1.865815306
06E019478,2016,Slight,Male,11 - 15,1,0,Urban area,More deprived 10-20%,2,2,1,Single carriageway,30,0,Darkness - lights lit,0,0,0,Non-trunk,0,0,0,0,Neither,Nearside,2016-08-03,22:00:00,Wednesday,Manchester,E08000003,Urban,53.40928,-2.292726,E01005262,35.76923077,36,851,266,406,157,22,869,51,204,169,40,9,5,5,5,276,105,64.83835815,1785,27.53,342,266,127,89,21,9,2,0,276,47,5,35,9,1,398,28,16,48,6,0.249522902,9.07e-7,1,4,6,2586.63018,1.237716163
06E019621,2016,Slight,Male,36 - 45,0,0,Urban area,Most deprived 10%,1,2,1,Roundabout,30,0,Darkness - lights lit,0,0,0,Non-trunk,1,0,0,0,Neither,Front,2016-08-22,22:09:00,Monday,Manchester,E08000003,Urban,53.47006,-2.222685,E01005065,31.72524407,29,802,394,321,72,15,774,192,104,72,69,6,7,11,17,186,110,32.95420079,2173,65.94,260,212,130,111,46,30,9,5,186,12,8,105,19,1,233,19,17,164,12,2.480693669,3.79e-6,0,17,23,9047.417741,3.23352833
06E019633,2016,Slight,Male,36 - 45,0,0,Urban area,Less deprived 10-20%,9,2,1,Single carriageway,30,0,Daylight,0,0,0,Non-trunk,0,0,0,0,Neither,Front,2016-08-17,17:45:00,Wednesday,Manchester,E08000003,Urban,53.468426,-2.226398,E01005065,31.72524407,29,802,394,321,72,15,774,192,104,72,69,6,7,11,17,186,110,32.95420079,2173,65.94,260,212,130,111,46,30,9,5,186,12,8,105,19,1,233,19,17,164,12,2.480693669,3.79e-6,0,17,23,9047.417741,3.23352833
06E019708,2016,Slight,Male,11 - 15,1,0,Urban area,Most deprived 10%,1,2,1,Single carriageway,20,0,Daylight,0,0,0,Non-trunk,0,0,0,0,Neither,Front,2016-08-17,15:55:00,Wednesday,Manchester,E08000003,Urban,53.386096,-2.270405,E01005088,32.46105742,31,725,310,320,73,22,676,181,121,104,56,10,3,2,5,90,104,54.65083404,1933,35.37,181,202,145,116,53,17,8,3,90,18,3,82,17,2,304,54,27,74,7,1.352854424,3.81e-6,0,11,3,4602.391052,1.379846642
06E020448,2016,Severe/Fatal,Male,26 - 35,0,0,Urban area,Most deprived 10%,1,2,1,Single carriageway,30,0,Daylight,0,0,0,Non-trunk,0,0,0,0,Neither,Front,2016-08-27,07:07:00,Saturday,Manchester,E08000003,Urban,53.453343,-2.239976,E01005240,28.19362113,27,630.5,301,261,59,9.5,608,93,129,80.5,29.5,9,6,3.5,5.5,141.5,110.5,73.13583233,1814.5,24.81,198,144.5,91,80.5,46,30.5,24,16,141.5,4.5,10,87.5,18.5,1,209.5,20.5,35.5,63.5,15.5,1.921115883,3.87e-6,0,10,11,6484.102852,1.648596829
06E020512,2016,Slight,Male,26 - 35,0,0,Urban area,More deprived 20-30%,3,2,1,Single carriageway,30,0,Daylight,0,0,0,Non-trunk,0,1,0,0,Neither,Offside,2016-09-01,18:00:00,Thursday,Manchester,E08000003,Urban,53.453716,-2.223955,E01005288,29.0377249,26,676,377,219,58,22,658,91,138,74,58,8,0,5,8,178,98,97.95808705,1823,18.61,206,138,159,78,49,30,13,4,178,9,11,129,13,2,171,19,35,77,11,0.696751759,3.73e-6,0,4,39,5263.907801,0.245468301
06E020625,2016,Slight,Male,26 - 35,0,0,Urban area,More deprived 30-40%,4,2,1,Single carriageway,30,0,Daylight,0,0,0,Non-trunk,0,0,0,0,Neither,Front,2016-09-11,14:48:00,Sunday,Manchester,E08000003,Urban,53.455116,-2.225152,E01005288,29.0377249,26,676,377,219,58,22,658,91,138,74,58,8,0,5,8,178,98,97.95808705,1823,18.61,206,138,159,78,49,30,13,4,178,9,11,129,13,2,171,19,35,77,11,0.696751759,3.73e-6,0,4,39,5263.907801,0.245468301
06E020967,2016,Slight,Male,16 - 20,1,0,Urban area,More deprived 20-30%,3,3,1,Single carriageway,30,0,Darkness - lights lit,0,0,0,Non-trunk,0,0,0,0,Neither,Back,2016-09-17,23:15:00,Saturday,Manchester,E08000003,Urban,53.432398,-2.270217,E01005082,36.09816972,35,750,232,347,141,30,841,51,132,113,48,10,5,3,4,377,98,23.22189235,1799,77.47,245,230,125,90,35,11,9,5,377,35,5,34,8,2,281,22,37,36,5,2.580595286,3.33e-6,1,14,5,5540.209428,1.731976235
06E021092,2016,Slight,Male,16 - 20,1,0,Urban area,More deprived 30-40%,4,2,1,Single carriageway,30,0,Daylight,1,1,0,Non-trunk,0,1,0,0,Neither,Front,2016-09-26,12:45:00,Monday,Manchester,E08000003,Urban,53.45596,-2.225383,E01005284,25.45450292,23,654,408,195,44,7,740,155,121,59,57,14,7,5,36,232,54,87.59271746,2598,29.66,269,190,77,67,31,7,4,9,232,8,7,109,18,1,123,35,31,171,7,1.450401873,4.9e-6,0,9,125,5009.24423,0.893620935
06E021425,2016,Slight,Male,36 - 45,0,0,Urban area,Most deprived 10%,1,2,1,Single carriageway,30,0,Daylight,0,0,0,Non-trunk,0,0,0,0,Neither,Front,2016-09-20,19:30:00,Tuesday,Manchester,E08000003,Urban,53.441384,-2.218772,E01005185,22.51164519,21,511,236,169,71,35,736,59,166,92,39,15,14,13,49,200,89,139.4354149,3260,23.38,109,100,67,71,53,60,42,7,200,6,22,184,10,0,145,17,58,66,23,1.800599604,7.81e-6,0,7,69,3777.948894,0.427055009
06E021796,2016,Severe/Fatal,Male,21 - 25,0,0,Urban area,More deprived 20-30%,3,2,1,Single carriageway,30,0,Daylight,0,0,0,Non-trunk,0,0,0,0,Neither,Front,2016-09-28,17:05:00,Wednesday,Manchester,E08000003,Urban,53.441357000000004,-2.218802,E01005185,22.51164519,21,511,236,169,71,35,736,59,166,92,39,15,14,13,49,200,89,139.4354149,3260,23.38,109,100,67,71,53,60,42,7,200,6,22,184,10,0,145,17,58,66,23,1.800599604,7.81e-6,0,7,69,3777.948894,0.427055009
06E021818,2016,Slight,Male,6 - 10,1,0,Urban area,Most deprived 10%,1,2,1,Single carriageway,30,0,Daylight,0,0,0,Non-trunk,1,0,0,0,Neither,Front,2016-10-06,16:55:00,Thursday,Manchester,E08000003,Urban,53.449988,-2.227519,E01005180,34.99317585,34,763,299,355,92,17,705,121,157,114,27,17,3,3,8,148,107,37.14451538,1920,51.69,264,196,102,110,54,21,8,7,148,2,3,82,18,2,292,33,36,79,8,2.20912779,4.3e-6,0,12,13,4411.239226,1.883103917
06E022549,2016,Severe/Fatal,Male,16 - 20,1,0,Urban area,More deprived 30-40%,4,2,1,Single carriageway,30,1,Daylight,0,0,0,Non-trunk,0,0,0,0,Neither,Front,2016-10-18,15:55:00,Tuesday,Manchester,E08000003,Urban,53.466074,-2.233751,E01005209,25.67972941,23,463.5,287,152,20,4.5,427.5,94,66.5,46,33.5,5,2,5,17,111.5,47,40.65491184,1614,39.7,207,137,51.5,35,13.5,9,8,2.5,111.5,2,5.5,68,11,0.5,98,10.5,15,97,8.5,4.453173924,5.61e-6,0,24,132,6833.455028,2.225000983
06E022632,2016,Slight,Male,36 - 45,0,0,Urban area,More deprived 10-20%,2,2,1,Dual carriageway,30,0,Daylight,0,0,1,Non-trunk,1,0,0,0,Neither,Front,2016-11-08,09:04:00,Tuesday,Manchester,E08000003,Urban,53.47101,-2.237982,E01005212,25.91968447,22,761,433,299,26,3,871,144,94,72,55,27,7,25,29,335,83,112.4820144,3127,27.8,324,243,108,52,23,6,3,2,335,17,34,99,14,2,172,16,37,136,10,2.112358829,7.57e-6,0,19,211,8200.01292,1.446376403
06E022747,2016,Severe/Fatal,Female,21 - 25,0,0,Urban area,More deprived 30-40%,4,2,1,Single carriageway,30,0,Darkness - lights lit,0,0,0,Non-trunk,1,0,0,0,Neither,Did not impact,2016-10-25,18:20:00,Tuesday,Manchester,E08000003,Urban,53.458689,-2.258425,E01005302,34.91047619,34,1005,414,436,132,23,1104,74,197,113,59,20,6,9,5,489,132,78.7528006,2109,26.78,457,279,133,77,39,11,5,4,489,27,14,72,9,2,298,26,78,83,8,0.084956383,3.17e-7,0,5,9,3177.16374,1.342585605
06E022985,2016,Slight,Male,21 - 25,0,0,Urban area,More deprived 20-30%,3,2,1,Single carriageway,30,1,Daylight,0,0,0,Non-trunk,1,0,0,0,Neither,Offside,2016-10-31,11:04:00,Monday,Manchester,E08000003,Urban,53.451282,-2.222542,E01005286,28.69647153,24,763,357,283,83,40,928,143,159,94,47,16,9,11,18,346,85,79.6398892,2300,28.88,233,183,120,98,46,36,38,11,346,8,11,122,10,2,204,30,44,131,22,1.308229132,4.5e-6,0,7,31,5318.788671,1.151403545
06E023083,2016,Slight,Male,46 - 55,0,0,Urban area,More deprived 30-40%,4,2,1,Single carriageway,30,0,Darkness - lights lit,0,0,0,Non-trunk,0,0,0,0,Neither,Nearside,2016-11-11,19:00:00,Friday,Manchester,E08000003,Urban,53.454756,-2.264817,E01005302,34.91047619,34,1005,414,436,132,23,1104,74,197,113,59,20,6,9,5,489,132,78.7528006,2109,26.78,457,279,133,77,39,11,5,4,489,27,14,72,9,2,298,26,78,83,8,0.084956383,3.17e-7,0,5,9,3177.16374,1.342585605
06E023199,2016,Slight,Male,36 - 45,0,0,Urban area,Most deprived 10%,1,2,1,Single carriageway,30,0,Daylight,0,1,0,Non-trunk,0,0,0,0,Neither,Front,2016-10-21,07:59:00,Friday,Manchester,E08000003,Urban,53.442786,-2.267362,E01005301,37.33783784,36,587,128,264,154,41,780,42,130,119,35,12,3,7,0,381,51,57.22007722,1482,25.9,201,168,78,73,31,20,10,8,381,55,1,22,5,1,233,11,30,36,2,1.173838382,4.55e-6,0,12,17,4316.226883,1.163870773
06E023278,2016,Slight,Female,21 - 25,0,0,Urban area,More deprived 20-30%,3,2,1,Single carriageway,30,0,Darkness - lights lit,1,1,0,Non-trunk,0,0,0,0,Neither,Back,2016-11-21,01:00:00,Monday,Manchester,E08000003,Urban,53.451903,-2.222259,E01005286,28.69647153,24,763,357,283,83,40,928,143,159,94,47,16,9,11,18,346,85,79.6398892,2300,28.88,233,183,120,98,46,36,38,11,346,8,11,122,10,2,204,30,44,131,22,1.308229132,4.5e-6,0,7,31,5318.788671,1.151403545
06E023298,2016,Slight,Male,46 - 55,0,0,Urban area,Most deprived 10%,1,2,1,Single carriageway,30,0,Daylight,1,0,0,Non-trunk,1,0,0,0,Neither,Back,2016-11-19,09:45:00,Saturday,Manchester,E08000003,Urban,53.390729,-2.276915,E01005073,40.30815109,39,611,127,239,190,55,766,119,93,129,67,12,2,4,7,218,115,36.72883788,1536,41.82,149,206,117,95,30,9,4,1,218,29,2,24,10,2,369,42,14,49,8,0.315758856,7.58e-7,0,8,3,2516.619614,1.674835316
06E023358,2016,Slight,Male,26 - 35,0,0,Urban area,More deprived 10-20%,2,2,1,Single carriageway,30,0,Daylight,0,0,0,Non-trunk,1,0,0,0,Neither,Front,2016-11-17,08:00:00,Thursday,Manchester,E08000003,Urban,53.443222,-2.248847,E01005181,36.04164625,33,688,139,313,168,68,918,84,148,119,48,8,4,16,13,359,119,54.73321859,2226,40.67,199,157,90,82,72,44,24,22,359,9,2,51,7,0,370,34,29,45,11,2.514112921,6.19e-6,0,11,11,5769.021727,1.658119891
06E023449,2016,Slight,Female,21 - 25,0,0,Urban area,More deprived 20-30%,3,2,1,Single carriageway,30,0,Darkness - lights lit,0,0,0,Non-trunk,0,1,0,0,Neither,Back,2016-11-26,19:35:00,Saturday,Manchester,E08000003,Urban,53.455071,-2.225017,E01005284,25.45450292,23,654,408,195,44,7,740,155,121,59,57,14,7,5,36,232,54,87.59271746,2598,29.66,269,190,77,67,31,7,4,9,232,8,7,109,18,1,123,35,31,171,7,1.450401873,4.9e-6,0,9,125,5009.24423,0.893620935
06E023490,2016,Slight,Male,46 - 55,0,0,Urban area,More deprived 30-40%,4,2,1,Single carriageway,30,0,Daylight,0,0,0,Non-trunk,0,0,0,0,Neither,Front,2016-11-08,09:06:00,Tuesday,Manchester,E08000003,Urban,53.446083,-2.251799,E01005181,36.04164625,33,688,139,313,168,68,918,84,148,119,48,8,4,16,13,359,119,54.73321859,2226,40.67,199,157,90,82,72,44,24,22,359,9,2,51,7,0,370,34,29,45,11,2.514112921,6.19e-6,0,11,11,5769.021727,1.658119891
06E023958,2016,Slight,Female,21 - 25,0,0,Urban area,Most deprived 10%,1,2,1,Single carriageway,30,0,Daylight,0,0,0,Non-trunk,0,0,0,0,Neither,Front,2016-11-22,09:30:00,Tuesday,Manchester,E08000003,Urban,53.455116,-2.225137,E01005288,29.0377249,26,676,377,219,58,22,658,91,138,74,58,8,0,5,8,178,98,97.95808705,1823,18.61,206,138,159,78,49,30,13,4,178,9,11,129,13,2,171,19,35,77,11,0.696751759,3.73e-6,0,4,39,5263.907801,0.245468301
06E024021,2016,Slight,Female,26 - 35,0,0,Urban area,More deprived 40-50%,5,2,1,Single carriageway,30,0,Daylight,0,0,0,Non-trunk,0,1,0,0,Neither,Front,2016-11-02,09:20:00,Wednesday,Manchester,E08000003,Urban,53.443351,-2.290882,E01005151,39.4517696,39,703,231,318,122,32,803,29,99,128,33,7,4,3,6,412,82,77.56174461,1476,19.03,338,201,56,65,29,5,2,5,412,28,3,44,8,0,209,10,48,38,4,0.479840552,2.53e-6,0,6,1,2520.939129,0.877703698
06E024055,2016,Slight,Male,26 - 35,0,0,Urban area,More deprived 30-40%,4,2,1,Single carriageway,30,0,Darkness - lights lit,0,0,0,Non-trunk,0,0,0,0,Neither,Front,2016-11-07,17:30:00,Monday,Manchester,E08000003,Urban,53.449217,-2.230768,E01005241,28.61126849,29,596,247.5,274,66.5,8,672.5,110,132,68,35.5,8.5,5.5,6.5,8.5,223,75,151.6080402,1508.5,9.95,167.5,169.5,128,75.5,35.5,16.5,3,2,223,8.5,5.5,80.5,11,1.5,194.5,13,51.5,73.5,9.5,0.866221578,4.29e-6,0,4,20,3137.363213,0.124074169
06E024326,2016,Slight,Male,11 - 15,1,0,Urban area,More deprived 10-20%,2,2,1,Single carriageway,20,0,Darkness - lights lit,0,1,0,Non-trunk,0,0,0,0,Neither,Nearside,2016-12-03,18:45:00,Saturday,Manchester,E08000003,Urban,53.434831,-2.233113,E01005274,34.06706231,30,697,241,329,107,20,808,85,104,160,37,15,8,11,15,305,68,69.12751678,1751,25.33,199,209,139,83,31,24,10,2,305,30,10,92,4,0,225,22,41,73,7,0.277991872,1.09e-6,0,10,28,4966.012921,0.698852378
06E024368,2016,Slight,Female,21 - 25,0,0,Urban area,More deprived 30-40%,4,2,1,Single carriageway,30,0,Darkness - lights lit,0,0,0,Non-trunk,0,1,0,0,Neither,Front,2016-11-29,17:15:00,Tuesday,Manchester,E08000003,Urban,53.446589,-2.218241,E01005184,28.86400686,24,778,307,320,104,47,854,80,210,113,52,19,7,10,23,275,65,54.62985004,2295,42.01,206,180,135,103,78,49,12,13,275,11,12,143,12,0,262,23,40,68,8,2.569748334,6.02e-6,0,17,26,6473.280664,1.158648125
06E024446,2016,Slight,Male,56 - 65,0,0,Urban area,More deprived 30-40%,4,2,1,Dual carriageway,30,0,Daylight,0,1,0,Non-trunk,0,0,0,0,Neither,Offside,2016-12-05,16:09:00,Monday,Manchester,E08000003,Urban,53.400263,-2.307539,E01005114,46.17586796,48,815,130,384,234,67,790,49,120,124,59,15,5,13,10,337,58,32.76995305,1745,53.25,303,286,104,78,32,6,5,1,337,17,3,7,6,3,347,25,8,33,5,1.042591509,1.97e-6,0,9,7,6515.814018,1.487813438
06E024628,2016,Slight,Male,26 - 35,0,0,Urban area,Less deprived 40-50%,6,2,1,Single carriageway,30,0,Darkness - lights lit,0,0,0,Non-trunk,1,1,0,0,Neither,Nearside,2016-12-07,17:15:00,Wednesday,Manchester,E08000003,Urban,53.460733,-2.210617,E01033657,26.42676623,23,381.5,208.5,135.5,28,9.5,389.5,107,70,43.5,29.5,6.5,4,6,7.5,74,41.5,58.40998686,1333.5,22.83,136,94,55,39.5,28.5,20,5.5,5.5,74,5.5,7.5,65,9.5,1,98.5,14.5,8.5,97.5,8.5,0.365786881,2.13e-6,0,5,11,4101.993787,1.059249805
06E024841,2016,Slight,Male,46 - 55,0,0,Urban area,More deprived 20-30%,3,2,1,Dual carriageway,30,0,Daylight,0,1,0,Non-trunk,0,1,0,0,Neither,Front,2016-12-14,09:15:00,Wednesday,Manchester,E08000003,Urban,53.467185,-2.206808,E01005232,32.98723613,32,706,271,296,113,26,699,109,131,99,51,24,5,9,9,127,135,21.65748341,1926,88.93,245,141,99,97,59,30,23,10,127,5,6,87,16,1,321,39,13,75,10,0.911346723,1.02e-6,0,27,21,7741.583399,3.047226638
06E024880,2016,Slight,Male,46 - 55,0,0,Urban area,More deprived 30-40%,4,2,1,Single carriageway,20,1,Darkness - lights lit,1,0,0,Non-trunk,0,0,0,0,Neither,Offside,2016-12-16,16:35:00,Friday,Manchester,E08000003,Urban,53.449519,-2.271365,E01005298,33.33277499,33,624,150,321,123,30,844,60,130,101,39,9,3,4,4,375,119,100.0551572,1814,18.13,158,162,114,85,44,29,14,17,375,28,3,28,11,1,257,26,53,40,16,0.151217205,8.5e-7,0,1,6,1867.359801,0.285871165
06E025064,2016,Slight,Male,46 - 55,0,0,Urban area,Less deprived 10-20%,9,2,1,Single carriageway,30,0,Darkness - lights lit,0,0,0,Non-trunk,1,0,0,0,Neither,Offside,2016-12-22,21:50:00,Thursday,Manchester,E08000003,Urban,53.435861,-2.200259,E01005118,38.78347768,39,476,87,209,126,54,591,69,105,95,38,4,1,5,12,150,112,66.90909091,1472,22,101,132,73,70,45,34,17,7,150,1,11,40,10,2,279,31,21,36,9,0,0,1,5,5,4402.225078,1.243939409
06E025491,2016,Slight,Male,26 - 35,0,0,Urban area,Less deprived 40-50%,6,2,1,Single carriageway,30,0,Darkness - lights lit,0,1,0,Non-trunk,0,0,0,0,Neither,Front,2016-12-31,22:25:00,Saturday,Manchester,E08000003,Urban,53.435314,-2.215008,E01005312,29.27536232,23,643,316,213,82,32,544,52,98,84,29,2,4,4,20,186,65,162.193126,1982,12.22,240,118,61,61,55,41,25,43,186,6,8,98,4,3,126,21,41,47,7,0.242756499,1.99e-6,0,3,16,1575.143076,0.441504828
06E026676,2016,Slight,Male,46 - 55,0,0,Urban area,Less deprived 20-30%,8,2,1,Single carriageway,30,0,Darkness - lights lit,1,1,0,Non-trunk,0,0,0,0,Neither,Back,2016-12-15,18:34:00,Thursday,Manchester,E08000003,Urban,53.437731,-2.230028,E01005273,28.42218021,24,593,243,228,91,31,652,47,105,129,44,8,4,4,10,249,52,114.5704467,1667,14.55,181,154,80,81,35,25,19,18,249,13,4,92,7,0,177,8,43,52,7,0.404619718,2.75e-6,0,8,5,3471.037294,0.817653207
06EM18580,2016,Slight,Female,26 - 35,0,0,Urban area,More deprived 30-40%,4,2,1,Single carriageway,30,0,Daylight,0,0,0,Non-trunk,0,1,0,0,Neither,Front,2016-07-25,17:58:00,Monday,Manchester,E08000003,Urban,53.451761,-2.269722,E01005298,33.33277499,33,624,150,321,123,30,844,60,130,101,39,9,3,4,4,375,119,100.0551572,1814,18.13,158,162,114,85,44,29,14,17,375,28,3,28,11,1,257,26,53,40,16,0.151217205,8.5e-7,0,1,6,1867.359801,0.285871165
06EM20156,2016,Slight,Male,36 - 45,0,0,Urban area,More deprived 30-40%,4,2,1,Single carriageway,30,0,Daylight,0,0,0,Non-trunk,1,0,0,0,Neither,Offside,2016-08-23,18:45:00,Tuesday,Manchester,E08000003,Urban,53.467283,-2.24959,E01005208,27.87914344,27,1101,559,472,58,12,1266,244,198,105,60,13,12,19,26,489,100,60.7923793,2808,46.19,378,399,178,88,37,16,2,2,489,19,14,136,24,1,267,35,63,200,18,3.312792357,7.16e-6,0,17,64,9952.721586,1.757917145
06EM21502,2016,Slight,Female,26 - 35,0,0,Urban area,More deprived 10-20%,2,2,1,Single carriageway,30,0,Daylight,0,0,0,Non-trunk,0,0,0,0,Neither,Did not impact,2016-09-25,11:10:00,Sunday,Manchester,E08000003,Urban,53.458608,-2.258576,E01005302,34.91047619,34,1005,414,436,132,23,1104,74,197,113,59,20,6,9,5,489,132,78.7528006,2109,26.78,457,279,133,77,39,11,5,4,489,27,14,72,9,2,298,26,78,83,8,0.084956383,3.17e-7,0,5,9,3177.16374,1.342585605
06F010585,2016,Slight,Male,11 - 15,1,0,Urban area,More deprived 10-20%,2,2,1,Single carriageway,30,0,Darkness - lights lit,0,0,0,Non-trunk,0,0,0,0,Neither,Offside,2016-01-04,17:37:00,Monday,Salford,E08000006,Urban,53.49839,-2.38005,E01005738,44.63374266,46,822,77,309,347,89,970,30,122,128,105,20,14,13,17,416,105,5.972316629,1933,323.66,229,319,127,111,33,4,0,1,416,6,2,20,3,4,462,18,7,29,8,3.228366505,1e-6,0,19,10,6944.948077,9.584708154
06F011302,2016,Slight,Male,26 - 35,0,0,Small town,More deprived 30-40%,4,3,1,Dual carriageway,30,0,Darkness - lights lit,0,1,0,Non-trunk,0,0,0,0,Neither,Offside,2016-01-25,17:24:00,Monday,Salford,E08000006,Urban,53.487293,-2.330413,E01005635,44.82659314,45,681,171,288,166,56,812,102,98,94,72,17,0,10,7,304,108,43.17107093,1552,35.95,270,213,84,79,24,10,0,2,304,10,9,37,4,1,335,18,19,68,8,0.853706577,2.38e-6,1,11,7,5403.922711,2.006197306
06F011361,2016,Slight,Male,46 - 55,0,0,Urban area,Less deprived 30-40%,7,2,1,Single carriageway,30,0,Darkness - lights lit,1,1,0,Non-trunk,1,0,0,0,Neither,Nearside,2016-01-08,06:45:00,Friday,Salford,E08000006,Urban,53.480328,-2.306309,E01005723,35.17831483,33,653,284,252,100,17,728,147,166,56,49,10,5,3,12,186,94,25.89647646,1661,64.14,193,187,105,97,41,20,7,0,186,23,2,63,13,0,258,36,37,103,10,1.12086968,1.75e-6,1,22,20,4051.729564,2.761762858
06F011594,2016,Slight,Male,26 - 35,0,0,Urban area,More deprived 10-20%,2,2,1,Roundabout,30,0,Darkness - lights lit,0,0,0,Non-trunk,0,0,0,0,Neither,Nearside,2016-01-29,17:16:00,Friday,Salford,E08000006,Rural,53.500298,-2.382253,E01005738,44.63374266,46,822,77,309,347,89,970,30,122,128,105,20,14,13,17,416,105,5.972316629,1933,323.66,229,319,127,111,33,4,0,1,416,6,2,20,3,4,462,18,7,29,8,3.228366505,1e-6,0,19,10,6944.948077,9.584708154
06F012499,2016,Slight,Male,26 - 35,0,0,Urban area,Most deprived 10%,1,2,2,Single carriageway,30,1,Darkness - lights lit,1,1,0,Non-trunk,1,0,0,0,Neither,Front,2016-02-04,21:25:00,Thursday,Salford,E08000006,Urban,53.504474,-2.267826,E01005650,34.57126633,30,633,302,241,65,25,657,248,74,35,38,13,1,4,8,159,77,45.62728938,1993,43.68,274,99,76,30,32,23,28,69,159,1,6,33,11,0,222,24,19,183,2,0.966722862,2.23e-6,0,5,13,4934.185531,1.525958041
06F014866,2016,Slight,Male,16 - 20,1,0,Urban area,More deprived 20-30%,3,2,1,Single carriageway,30,0,Darkness - lights lit,0,0,0,Non-trunk,0,0,0,0,Neither,Front,2016-04-27,22:30:00,Wednesday,Salford,E08000006,Urban,53.43045,-2.434064,E01005621,39.22580645,38,785,233,336,167,49,791,116,41,142,154,15,4,5,5,198,111,2.007144072,1770,881.85,315,221,106,81,23,14,23,1,198,2,25,33,7,4,376,38,21,85,2,3.959258069,4.5e-7,1,11,12,6396.250769,3.986443332
06F014911,2016,Severe/Fatal,Female,36 - 45,0,0,Urban area,Most deprived 10%,1,2,1,Single carriageway,30,0,Daylight,0,0,0,Non-trunk,1,0,0,0,Neither,Front,2016-04-20,15:47:00,Wednesday,Salford,E08000006,Urban,53.508463,-2.33311,E01005674,41.03051059,40,622,154,283,163,22,716,88,138,101,45,12,4,4,4,219,101,49.24859111,1573,31.94,181,192,116,91,27,8,2,3,219,1,2,37,13,2,321,36,14,65,10,0,0,0,5,4,2617.909109,0.677450068
06F015430,2016,Severe/Fatal,Male,56 - 65,0,0,Urban area,Less deprived 20-30%,8,3,1,Single carriageway,30,0,Daylight,0,0,0,Non-trunk,1,0,0,0,Neither,Front,2016-05-04,08:55:00,Wednesday,Salford,E08000006,Urban,53.51601,-2.327665,E01005671,40.61391542,41,757,281,333,125,18,740,93,131,141,56,9,6,7,8,184,105,31.92746536,1567,49.08,315,221,122,72,20,5,0,0,184,4,4,71,10,0,331,29,11,82,14,0.867155816,1.76e-6,0,6,11,5899.977688,2.760251905
06F015492,2016,Severe/Fatal,Male,46 - 55,0,0,Urban area,More deprived 30-40%,4,2,1,Single carriageway,30,0,Daylight,0,0,0,Non-trunk,0,0,0,0,Neither,Did not impact,2016-05-09,17:20:00,Monday,Salford,E08000006,Urban,53.482622,-2.309083,E01005720,32.68389463,31,701.5,293,310,81.5,17,756.5,144.5,185.5,58.5,48.5,9.5,2.5,5.5,6.5,211.5,84,31.4480308,1593,50.655,247,235,103,61.5,24,23,3.5,2.5,211.5,54,6,68,11,2.5,249.5,29.5,26.5,86.5,11,3.7746526,3.69e-6,1,41,16,9695.809573,6.292528708
06F015537,2016,Severe/Fatal,Male,26 - 35,0,0,Urban area,More deprived 10-20%,2,2,1,Single carriageway,30,0,Daylight,0,0,0,Non-trunk,0,0,0,0,Neither,Front,2016-05-12,11:54:00,Thursday,Salford,E08000006,Urban,53.474879,-2.355688,E01005604,38.93952896,39,729,200,338,155,36,792,94,163,104,69,10,5,2,8,210,127,40.4062653,1651,40.86,243,228,126,94,27,8,1,1,210,9,1,37,16,4,390,30,19,65,11,0.19078707,4.62e-7,0,6,11,3804.771194,1.308473672
06F016135,2016,Slight,Male,36 - 45,0,0,Urban area,Least deprived 10%,10,2,1,Roundabout,30,0,Darkness - lights lit,1,1,0,Non-trunk,0,0,0,0,Neither,Front,2016-04-01,06:00:00,Friday,Salford,E08000006,Urban,53.491509,-2.284836,E01005681,32.87342437,25,549,357,154,26,12,371,44,96,28,36,13,3,6,14,80,51,67.81038375,1502,22.15,269,157,79,26,8,9,3,0,80,7,11,67,12,2,105,18,10,55,5,1.026261091,4.66e-6,0,11,66,5848.650036,1.585660292
06F016607,2016,Severe/Fatal,Male,56 - 65,0,0,Urban area,More deprived 10-20%,2,2,1,Single carriageway,30,0,Daylight,0,0,0,Non-trunk,0,0,0,0,Neither,Offside,2016-06-04,13:57:00,Saturday,Salford,E08000006,Urban,53.510763,-2.25268,E01005651,29.09602328,23,553,192,268,73,20,788,340,74,76,42,6,2,3,3,145,97,100.4852228,2278,22.67,97,124,76,49,53,46,32,77,145,2,2,56,12,1,271,49,6,226,18,0.008510041,3.7e-8,0,6,23,3038.420335,0.462015274
06F016689,2016,Severe/Fatal,Female,21 - 25,0,0,Urban area,Most deprived 10%,1,2,1,Single carriageway,30,1,Daylight,0,0,0,Non-trunk,0,0,0,0,Neither,Did not impact,2016-06-01,18:36:00,Wednesday,Salford,E08000006,Urban,53.487559,-2.255044,E01033330,37.01411043,36,826,474,283,55,14,652,119,107,49,67,9,7,5,6,178,105,41.39135106,1541,37.23,491,189,77,41,14,10,2,0,178,15,15,62,12,0,213,16,26,104,12,2.531656196,6.76e-6,0,7,28,5556.352195,1.013379272
06F016843,2016,Slight,Male,36 - 45,0,0,Urban area,Most deprived 10%,1,2,1,Single carriageway,30,0,Daylight,0,0,0,Non-trunk,0,1,0,0,Neither,Nearside,2016-06-06,15:25:00,Monday,Salford,E08000006,Urban,53.49217,-2.27542,E01005610,29.79360244,23,477,224,189,57,7,750,132,139,69,81,20,12,23,62,137,75,43.83010432,2941,67.1,122,137,82,84,30,14,3,5,137,4,34,97,17,2,273,46,23,111,5,2.081757245,3.1e-6,1,19,43,6976.616993,2.651402987
06F016934,2016,Slight,Male,11 - 15,1,0,Urban area,Most deprived 10%,1,2,1,Single carriageway,30,0,Darkness - lights lit,0,0,0,Non-trunk,1,0,0,0,Neither,Front,2016-06-10,22:28:00,Friday,Salford,E08000006,Urban,53.485467,-2.30728,E01005720,32.68389463,31,701.5,293,310,81.5,17,756.5,144.5,185.5,58.5,48.5,9.5,2.5,5.5,6.5,211.5,84,31.4480308,1593,50.655,247,235,103,61.5,24,23,3.5,2.5,211.5,54,6,68,11,2.5,249.5,29.5,26.5,86.5,11,3.7746526,3.69e-6,1,41,16,9695.809573,6.292528708
06F016955,2016,Slight,Male,46 - 55,0,0,Urban area,More deprived 20-30%,3,2,1,Single carriageway,30,0,Daylight,0,0,0,Non-trunk,0,0,0,0,Neither,Back,2016-06-07,18:00:00,Tuesday,Salford,E08000006,Urban,53.484811,-2.249361,E01032909,29.94518717,29,1043,543,428,63,9,1421,242,123,91,85,26,24,15,13,738,64,120.3366059,1716,14.26,466,494,72,9,2,0,0,0,738,44,46,55,11,1,231,12,17,257,9,0.899797701,6.28e-6,0,35,17,2179.868782,1.766364869
06F017923,2016,Severe/Fatal,Male,56 - 65,0,0,Urban area,More deprived 40-50%,5,2,1,Dual carriageway,30,0,Daylight,0,0,0,Non-trunk,0,1,0,0,Neither,Did not impact,2016-06-28,08:33:00,Tuesday,Salford,E08000006,Urban,53.504241,-2.259471,E01005612,35.15002143,36,1054,599,377,62,16,812,202,177,106,66,8,3,6,12,127,105,84.53151618,2481,29.35,548,192,101,72,53,22,21,43,127,6,4,120,23,3,261,33,19,206,9,1.676183903,5.75e-6,0,12,53,5111.83453,1.706085039
06F017963,2016,Slight,Male,21 - 25,0,0,Urban area,Most deprived 10%,1,2,1,Single carriageway,30,0,Daylight,0,0,0,Non-trunk,0,0,0,0,Neither,Nearside,2016-07-06,09:10:00,Wednesday,Salford,E08000006,Urban,53.509555,-2.26267,E01005650,34.57126633,30,633,302,241,65,25,657,248,74,35,38,13,1,4,8,159,77,45.62728938,1993,43.68,274,99,76,30,32,23,28,69,159,1,6,33,11,0,222,24,19,183,2,0.966722862,2.23e-6,0,5,13,4934.185531,1.525958041
06F018241,2016,Slight,Male,26 - 35,0,0,Urban area,More deprived 30-40%,4,2,1,Single carriageway,30,0,Daylight,0,0,0,Non-trunk,0,0,0,0,Neither,Offside,2016-07-14,20:45:00,Thursday,Salford,E08000006,Urban,53.530278,-2.400536,E01005708,40.29608586,38,723,269,332,104,18,628,62,70,108,92,23,6,3,6,153,105,38.158595,1434,37.58,328,215,96,54,24,3,1,2,153,1,5,52,6,2,295,35,6,68,5,0,0,0,14,43,7024.960738,0.736658668
06F019270,2016,Slight,Male,11 - 15,1,0,Urban area,Most deprived 10%,1,2,1,Single carriageway,30,0,Daylight,0,0,0,Non-trunk,0,0,0,0,Neither,Front,2016-08-12,16:38:00,Friday,Salford,E08000006,Urban,53.493077,-2.283173,E01005681,32.87342437,25,549,357,154,26,12,371,44,96,28,36,13,3,6,14,80,51,67.81038375,1502,22.15,269,157,79,26,8,9,3,0,80,7,11,67,12,2,105,18,10,55,5,1.026261091,4.66e-6,0,11,66,5848.650036,1.585660292
06F019379,2016,Severe/Fatal,Male,26 - 35,0,0,Rural,Less deprived 20-30%,8,2,1,Single carriageway,30,0,Daylight,0,0,0,Non-trunk,1,0,0,0,Neither,Front,2016-07-29,13:43:00,Friday,Salford,E08000006,Urban,53.477389,-2.309708,E01005720,32.68389463,31,701.5,293,310,81.5,17,756.5,144.5,185.5,58.5,48.5,9.5,2.5,5.5,6.5,211.5,84,31.4480308,1593,50.655,247,235,103,61.5,24,23,3.5,2.5,211.5,54,6,68,11,2.5,249.5,29.5,26.5,86.5,11,3.7746526,3.69e-6,1,41,16,9695.809573,6.292528708
06F019530,2016,Slight,Male,11 - 15,1,0,Urban area,Most deprived 10%,1,2,1,Single carriageway,30,0,Darkness - lights lit,0,0,0,Non-trunk,0,0,0,0,Neither,Front,2016-08-23,22:10:00,Tuesday,Salford,E08000006,Urban,53.495747,-2.26759,E01005611,36.09944751,33,1050,480,439,105,26,1079,148,293,106,87,14,4,9,12,234,172,59.96182295,2513,41.91,384,276,152,128,69,26,10,5,234,11,17,168,39,1,361,48,29,147,24,0.79156282,1.88e-6,0,11,39,6900.623883,1.534860032
06F019664,2016,Severe/Fatal,Male,16 - 20,1,0,Urban area,More deprived 10-20%,2,2,1,Single carriageway,30,0,Daylight,0,0,0,Non-trunk,0,0,0,0,Neither,Front,2016-08-17,08:16:00,Wednesday,Salford,E08000006,Urban,53.484104,-2.252296,E01032687,29.73187415,29,669.5,434.5,203,29.5,2.5,844,184,79.5,42.5,48.5,9.5,7,5.5,6.5,414.5,46.5,97.27348993,1159.5,11.92,271.5,327.5,55.5,13.5,2,0,0,0,414.5,24,18.5,47,7,1.5,106,9,17,193,7,1.016733708,4.23e-6,0,7,35,3854.863336,1.763475575
06F020077,2016,Slight,Male,46 - 55,0,0,Urban area,Less deprived 20-30%,8,2,1,Single carriageway,30,0,Daylight,0,0,0,Non-trunk,0,0,0,0,Neither,Front,2016-09-07,16:30:00,Wednesday,Salford,E08000006,Urban,53.526265,-2.399246,E01005708,40.29608586,38,723,269,332,104,18,628,62,70,108,92,23,6,3,6,153,105,38.158595,1434,37.58,328,215,96,54,24,3,1,2,153,1,5,52,6,2,295,35,6,68,5,0,0,0,14,43,7024.960738,0.736658668
06F020585,2016,Slight,Male,26 - 35,0,0,Urban area,More deprived 20-30%,3,2,1,Single carriageway,30,1,Daylight,0,0,0,Non-trunk,0,1,0,0,Neither,Front,2016-09-10,08:55:00,Saturday,Salford,E08000006,Rural,53.496939,-2.421582,E01005739,39.45034788,42,783,64,285,345,89,1087,33,63,199,177,38,17,9,12,425,114,29.6499555,1999,67.42,172,259,159,144,38,6,2,2,425,3,2,29,5,2,555,24,2,34,6,0.453206585,6.77e-7,0,2,1,865.6161703,0.647258756
06F021180,2016,Slight,Female,21 - 25,0,0,Urban area,Most deprived 10%,1,2,1,Dual carriageway,30,0,Daylight,0,0,0,Non-trunk,0,0,0,0,Neither,Offside,2016-09-27,17:30:00,Tuesday,Salford,E08000006,Urban,53.483276,-2.257158,E01032687,29.73187415,29,669.5,434.5,203,29.5,2.5,844,184,79.5,42.5,48.5,9.5,7,5.5,6.5,414.5,46.5,97.27348993,1159.5,11.92,271.5,327.5,55.5,13.5,2,0,0,0,414.5,24,18.5,47,7,1.5,106,9,17,193,7,1.016733708,4.23e-6,0,7,35,3854.863336,1.763475575
06F021424,2016,Slight,Female,36 - 45,0,0,Urban area,More deprived 40-50%,5,2,1,Single carriageway,30,0,Daylight,1,1,0,Non-trunk,0,0,0,0,Neither,Did not impact,2016-09-22,09:00:00,Thursday,Salford,E08000006,Urban,53.509546,-2.26267,E01005650,34.57126633,30,633,302,241,65,25,657,248,74,35,38,13,1,4,8,159,77,45.62728938,1993,43.68,274,99,76,30,32,23,28,69,159,1,6,33,11,0,222,24,19,183,2,0.966722862,2.23e-6,0,5,13,4934.185531,1.525958041
06F021465,2016,Slight,Male,26 - 35,0,0,Urban area,Most deprived 10%,1,2,1,Single carriageway,30,0,Daylight,0,0,0,Non-trunk,0,0,0,0,Neither,Front,2016-10-08,13:15:00,Saturday,Salford,E08000006,Urban,53.45505,-2.421996,E01005643,47.26468507,52,665,146,293,178,48,609,75,60,126,80,25,8,6,3,139,87,2.881983916,1369,475.02,256,244,87,60,9,7,2,2,139,0,6,21,5,1,365,25,12,28,5,0.422374088,8.88e-8,0,4,1,2835.824521,4.685932751
06F021498,2016,Slight,Male,11 - 15,1,0,Urban area,More deprived 20-30%,3,2,1,One way street,30,0,Daylight,0,0,0,Non-trunk,0,0,0,0,Neither,Front,2016-10-04,08:30:00,Tuesday,Salford,E08000006,Urban,53.520707,-2.397369,E01005712,40.11232544,38,842,208,421,186,27,955,56,100,184,152,24,7,4,1,279,148,61.45101973,1838,29.91,323,269,131,77,25,12,4,3,279,3,22,59,11,2,462,45,6,53,12,0.211192761,7e-7,1,13,11,5226.288131,2.194563254
06F021624,2016,Slight,Male,26 - 35,0,0,Urban area,Less deprived 40-50%,6,2,1,Roundabout,30,0,Daylight,0,0,0,Non-trunk,0,1,0,0,Neither,Offside,2016-10-12,07:50:00,Wednesday,Salford,E08000006,Urban,53.510612,-2.30232,E01005675,34.31879583,34,437,65.5,199,142,30.5,613.5,28.5,118,95,40,12.5,7,5.5,5.5,193.5,108,14.52902493,1535.5,105.685,113.5,136,84.5,76,21,5.5,1,0,193.5,0.5,13,34.5,7.5,1,287.5,26.5,9.5,30,9,4.332506655,2.05e-6,0,27,2,13242.96817,8.303524841
06F021793,2016,Slight,Female,26 - 35,0,0,Urban area,Less deprived 30-40%,7,2,1,Single carriageway,30,0,Darkness - lights lit,0,0,0,Non-trunk,0,0,0,0,Neither,Nearside,2016-10-17,19:18:00,Monday,Salford,E08000006,Urban,53.437922,-2.428359,E01005620,36.11808552,37,1048,174,444,358,72,1346,197,68,269,204,30,10,10,17,365,176,27.29023973,2550,93.44,293,338,187,162,46,17,2,3,365,4,16,50,9,1,714,46,31,96,13,2.185826605,2.32e-6,0,10,10,9323.964691,3.425943516
06F021941,2016,Slight,Male,56 - 65,0,0,Urban area,Less deprived 10-20%,9,2,1,Single carriageway,30,0,Daylight,0,0,0,Non-trunk,0,0,0,0,Neither,Front,2016-10-25,13:16:00,Tuesday,Salford,E08000006,Urban,53.50966,-2.308918,E01005673,35.84994069,34,659,139,322,158,40,759,85,129,113,64,14,6,5,6,209,128,15.7967471,1486,94.07,209,220,122,80,21,5,1,1,209,3,2,33,19,2,394,30,11,50,6,1.899312871,2.01e-6,0,11,2,7879.573357,3.223210882
06F022170,2016,Severe/Fatal,Male,26 - 35,0,0,Urban area,Less deprived 30-40%,7,2,1,Roundabout,30,0,Daylight,0,0,0,Non-trunk,1,0,0,0,Neither,Back,2016-10-25,10:00:00,Tuesday,Salford,E08000006,Urban,53.475891,-2.286735,E01032912,34.96933835,32,975,458,408,92,17,923,122,218,75,91,13,6,12,13,281,92,36.37674195,2271,62.43,373,324,140,74,34,27,2,2,281,73,10,56,15,0,301,31,25,119,11,2.837187205,4.54e-6,0,22,35,11459.58959,3.685796189
06F023607,2016,Slight,Male,16 - 20,1,0,Urban area,Less deprived 10-20%,9,2,1,Single carriageway,30,0,Darkness - lights lit,1,1,0,Non-trunk,0,0,0,0,Neither,Front,2016-11-22,19:45:00,Tuesday,Salford,E08000006,Urban,53.497383,-2.377509,E01005738,44.63374266,46,822,77,309,347,89,970,30,122,128,105,20,14,13,17,416,105,5.972316629,1933,323.66,229,319,127,111,33,4,0,1,416,6,2,20,3,4,462,18,7,29,8,3.228366505,1e-6,0,19,10,6944.948077,9.584708154
06F024296,2016,Slight,Male,16 - 20,1,0,Small town,More deprived 30-40%,4,2,1,Single carriageway,30,0,Daylight,0,0,0,Non-trunk,1,0,0,0,Neither,Offside,2016-12-05,08:10:00,Monday,Salford,E08000006,Urban,53.511046,-2.328607,E01005671,40.61391542,41,757,281,333,125,18,740,93,131,141,56,9,6,7,8,184,105,31.92746536,1567,49.08,315,221,122,72,20,5,0,0,184,4,4,71,10,0,331,29,11,82,14,0.867155816,1.76e-6,0,6,11,5899.977688,2.760251905
06F024913,2016,Slight,Male,46 - 55,0,0,Urban area,Most deprived 10%,1,2,1,Single carriageway,30,0,Darkness - lights lit,1,1,0,Non-trunk,1,0,0,0,Neither,Front,2016-12-16,22:00:00,Friday,Salford,E08000006,Urban,53.517235,-2.330012,E01005670,38.60172911,37,820,302,360,121,37,791,74,119,169,98,21,3,1,9,185,112,43.78889719,1759,40.17,325,244,123,69,48,5,5,0,185,1,6,68,9,4,411,37,6,59,5,0.973880513,2.44e-6,0,11,6,4621.112528,0.872330655
06F025062,2016,Slight,Male,56 - 65,0,0,Urban area,More deprived 30-40%,4,2,1,Single carriageway,30,0,Darkness - lights lit,0,0,0,Non-trunk,0,1,0,0,Neither,Front,2016-12-20,16:43:00,Tuesday,Salford,E08000006,Urban,53.478803,-2.263475,E01032907,32.121873,30,772,357.5,336,75.5,3,993,155,134,55,72,13.5,8.5,13.5,16,475.5,50,29.16132847,1479.5,50.735,294,334,87.5,37,14,5,0.5,0.5,475.5,20,17,46.5,12.5,0.5,203.5,14.5,36.5,157.5,7.5,5.731015748,5.67e-6,0,23,50,10069.59698,8.922447558
06FE14246,2016,Slight,Male,21 - 25,0,0,Urban area,More deprived 20-30%,3,2,1,Single carriageway,30,0,Daylight,0,0,0,Non-trunk,0,0,0,0,Neither,Front,2016-04-02,19:40:00,Saturday,Salford,E08000006,Urban,53.502477,-2.256295,E01005612,35.15002143,36,1054,599,377,62,16,812,202,177,106,66,8,3,6,12,127,105,84.53151618,2481,29.35,548,192,101,72,53,22,21,43,127,6,4,120,23,3,261,33,19,206,9,1.676183903,5.75e-6,0,12,53,5111.83453,1.706085039
06G010641,2016,Slight,Male,36 - 45,0,0,Urban area,Most deprived 10%,1,2,1,Single carriageway,30,0,Darkness - lights lit,1,1,0,Non-trunk,0,0,0,0,Neither,Back,2016-01-07,17:40:00,Thursday,Tameside,E08000008,Urban,53.497028,-2.077796,E01005945,36.05122289,34,750,271,315,136,28,806,164,115,112,109,19,6,5,9,134,133,75.69470174,2043,26.99,208,191,162,107,50,17,11,2,134,9,10,80,16,4,360,51,12,120,10,0.149640258,5.5e-7,0,15,7,3231.881245,0.448462249
06G013601,2016,Slight,Male,21 - 25,0,0,Urban area,More deprived 30-40%,4,3,1,Roundabout,30,0,Darkness - lights lit,0,1,0,Non-trunk,0,0,0,0,Neither,Offside,2016-02-29,19:15:00,Monday,Tameside,E08000008,Urban,53.481151,-2.161625,E01006003,39.37843269,39,632,184,284,138,26,717,72,145,157,54,7,4,5,5,176,92,85.37946429,1530,17.92,178,215,106,83,35,9,5,0,176,55,5,48,1,4,328,31,15,49,8,0,0,0,12,2,2938.47474,0.430582303
06G016121,2016,Slight,Male,36 - 45,0,0,Small town,More deprived 40-50%,5,2,1,Single carriageway,30,0,Daylight,0,0,0,Non-trunk,0,0,0,0,Neither,Offside,2016-05-18,17:55:00,Wednesday,Tameside,E08000008,Urban,53.487176,-2.06325,E01006066,40.20185449,39,604,184,283,112,25,645,117,104,55,106,8,4,1,5,143,102,42.5948224,1415,33.22,192,235,87,60,19,8,1,1,143,2,17,27,9,4,313,38,5,79,5,0.003003239,9.12e-9,0,12,3,5316.768072,0.87056798
06G016690,2016,Slight,Male,11 - 15,1,0,Urban area,More deprived 10-20%,2,2,1,Single carriageway,30,0,Daylight,0,0,0,Non-trunk,0,0,0,0,Neither,Front,2016-06-08,08:00:00,Wednesday,Tameside,E08000008,Urban,53.47326,-2.114152,E01005965,41.65794907,43,796,234,376,168,18,825,95,149,152,89,12,8,4,9,215,92,29.45275323,1733,58.84,278,295,115,70,26,5,6,2,215,7,23,49,12,2,406,54,14,45,4,1.559353695,2.65e-6,0,9,1,3540.720898,1.911102346
06G016804,2016,Slight,Male,6 - 10,1,0,Urban area,More deprived 30-40%,4,2,1,Single carriageway,30,0,Daylight,0,0,0,Non-trunk,0,0,0,0,Neither,Front,2016-06-09,13:44:00,Thursday,Tameside,E08000008,Urban,53.484199,-2.167363,E01006001,40.7805383,42,644,156,314,143,31,769,80,162,173,36,4,2,9,9,178,116,97.78621126,1546,15.81,179,230,107,85,30,5,3,5,178,37,6,47,8,2,377,47,22,41,4,0,0,0,6,1,2850.459454,0.03159655
06G018814,2016,Slight,Male,11 - 15,1,0,Urban area,More deprived 10-20%,2,2,1,Single carriageway,20,0,Daylight,0,1,0,Non-trunk,0,0,0,0,Neither,Front,2016-07-24,16:45:00,Sunday,Tameside,E08000008,Urban,53.478348,-2.113276,E01005951,34.3439759,33,754,278,354,97,25,756,124,127,139,71,11,4,1,4,153,122,17.89879518,1857,103.75,254,203,132,87,45,16,12,8,153,4,13,89,10,2,335,31,15,98,7,4.379786836,4.23e-6,2,22,13,12265.30797,6.041988299
06G020435,2016,Slight,Male,46 - 55,0,0,Urban area,More deprived 40-50%,5,2,2,Single carriageway,30,0,Daylight,0,0,0,Non-trunk,0,0,0,0,Neither,Back,2016-08-12,06:20:00,Friday,Tameside,E08000008,Urban,53.475355,-2.0797,E01006011,38.77220544,39,696,230,304,132,30,689,145,120,92,59,7,4,3,4,142,113,57.81990521,1708,29.54,225,195,118,88,45,12,7,4,142,1,5,50,11,4,344,40,10,75,7,0,0,0,16,0,4129.172999,0.264103141
06G021601,2016,Severe/Fatal,Male,16 - 20,1,0,Rural,More deprived 20-30%,3,2,1,Single carriageway,30,0,Daylight,0,0,0,Non-trunk,1,0,0,0,Neither,Front,2016-09-30,14:35:00,Friday,Tameside,E08000008,Urban,53.491215,-2.086889,E01005941,34.96673387,34,777,349,332,73,23,699,160,106,89,102,8,8,4,11,104,107,66.5019414,1884,28.33,285,205,135,79,42,14,5,11,104,18,6,76,28,3,305,34,11,108,8,0,0,0,10,14,5792.142275,0.556556306
06G024008,2016,Slight,Male,46 - 55,0,0,Urban area,More deprived 10-20%,2,2,1,Single carriageway,30,0,Darkness - lights lit,0,0,0,Non-trunk,1,0,0,0,Neither,Offside,2016-11-28,23:15:00,Monday,Tameside,E08000008,Urban,53.49178,-2.099581,E01005948,34.93173432,34,1172,702,372,82,16,841,192,130,127,108,10,3,4,9,143,115,23.81393434,2314,97.17,697,223,78,66,39,34,15,18,143,26,13,119,18,2,286,40,19,167,8,4.064870334,4.18e-6,2,102,154,19930.12146,8.239471905
06G024132,2016,Severe/Fatal,Male,46 - 55,0,0,Urban area,More deprived 10-20%,2,2,1,Single carriageway,30,0,Darkness - lights lit,0,0,0,Non-trunk,0,0,0,0,Neither,Front,2016-11-29,06:00:00,Tuesday,Tameside,E08000008,Urban,53.493934,-2.092622,E01005949,39.245086,39,710,252,321,116,21,717,147,101,97,72,20,5,1,7,163,104,58.12807882,1652,28.42,271,214,103,62,27,14,15,4,163,17,14,56,12,2,307,39,10,91,9,0.49711039,1.74e-6,0,11,2,6118.983812,0.623591729
06G193607,2016,Slight,Male,66 - 75,0,1,Rural,Less deprived 30-40%,7,2,1,Single carriageway,30,0,Daylight,0,0,0,Non-trunk,1,0,0,0,Neither,Front,2016-08-08,13:25:00,Monday,Tameside,E08000008,Urban,53.449891,-2.078402,E01006040,33.41249327,31,630,191,272,131,36,690,78,99,138,71,17,5,10,9,176,87,28.66020006,1891,65.98,187,163,88,71,65,27,17,12,176,1,3,55,14,1,308,45,4,61,21,1.392416526,2.13e-6,1,23,4,6400.421006,3.977028653
06J010862,2016,Slight,Male,16 - 20,1,0,Rural,Less deprived 20-30%,8,2,1,Single carriageway,40,0,Darkness - lights lit,1,1,0,Non-trunk,0,0,0,0,Neither,Front,2016-01-13,19:20:00,Wednesday,Stockport,E08000007,Rural,53.367525,-2.094046,E01005842,46.5133292,50,657,70,244,257,86,715,35,88,108,85,13,5,6,3,269,103,4.582343053,1581,345.02,143,268,116,96,29,3,2,0,269,0,6,12,2,2,364,16,10,29,6,2.563037854,7.41e-7,0,19,0,19209.5733,8.009905156
06J011315,2016,Slight,Male,46 - 55,0,0,Urban area,More deprived 10-20%,2,2,1,Single carriageway,30,1,Daylight,0,0,0,Non-trunk,0,0,0,0,Neither,Front,2016-01-20,11:15:00,Wednesday,Stockport,E08000007,Urban,53.359159,-2.195391,E01005793,41.82309125,43,628,82,263,226,57,713,51,103,84,98,16,7,7,6,263,78,16.28403631,1525,93.65,167,220,104,100,27,7,1,3,263,0,5,15,1,1,364,22,4,32,5,0.512759366,5.49e-7,0,23,19,23689.97755,3.393620425
06J011483,2016,Slight,Male,11 - 15,1,0,Urban area,More deprived 30-40%,4,2,1,Single carriageway,30,1,Daylight,0,0,0,Non-trunk,0,0,0,0,Neither,Did not impact,2016-01-29,08:25:00,Friday,Stockport,E08000007,Urban,53.43265,-2.153463,E01005892,39.63510561,39,550,123,254,142,31,632,65,109,118,45,6,3,4,4,172,106,16.26652972,1267,77.89,156,204,108,54,18,5,4,2,172,1,1,50,3,5,315,29,10,41,5,2.799289955,3.59e-6,1,5,14,7468.234698,2.408083741
06J011495,2016,Slight,Male,46 - 55,0,0,Urban area,Least deprived 10%,10,2,1,Single carriageway,30,0,Daylight,0,1,0,Non-trunk,0,0,0,0,Neither,Front,2016-01-22,16:10:00,Friday,Stockport,E08000007,Urban,53.40759,-2.145897,E01005872,38.51260997,38,797,194,415,159,29,877,131,154,115,62,12,3,3,6,252,139,61.25790845,1646,26.87,303,282,122,60,24,2,2,2,252,1,13,36,6,3,423,38,19,77,11,1.011588196,3.68e-6,0,7,4,3755.717065,1.271811685
06J012055,2016,Slight,Male,11 - 15,1,0,Urban area,More deprived 20-30%,3,2,1,Roundabout,30,0,Daylight,0,0,0,Non-trunk,0,0,0,0,Neither,Nearside,2016-01-28,07:59:00,Thursday,Stockport,E08000007,Urban,53.396758,-2.13816,E01005824,41.56923077,43,614,101,253,196,64,762,114,135,104,65,7,5,9,5,205,113,62.62458472,1508,24.08,169,192,115,93,31,9,3,0,205,0,4,25,7,1,415,22,20,60,2,0,0,0,10,3,3558.941489,1.050953879
06J012223,2016,Severe/Fatal,Male,56 - 65,0,0,Urban area,Least deprived 10%,10,2,1,Roundabout,30,0,Daylight,0,0,0,Non-trunk,0,0,0,0,Neither,Nearside,2016-02-11,10:00:00,Thursday,Stockport,E08000007,Rural,53.380315,-2.218414,E01005784,42.92239011,45,547,40,184,254,69,644,39,74,90,63,11,5,10,9,282,61,13.96914446,1494,106.95,105,189,88,109,41,10,3,3,282,1,6,7,2,1,293,14,14,15,8,1.464053494,1.36e-6,0,15,16,14224.95709,2.196719833
06J013016,2016,Slight,Male,21 - 25,0,0,Urban area,Less deprived 40-50%,6,2,1,Single carriageway,40,0,Daylight,0,0,0,Non-trunk,1,0,0,0,Neither,Offside,2016-02-25,17:35:00,Thursday,Stockport,E08000007,Urban,53.43213,-2.120559,E01005744,43.76146132,43,656,144,320,159,33,640,60,119,92,81,7,3,2,5,168,103,5.937189577,1554,261.74,224,203,120,75,21,4,6,1,168,0,12,34,0,1,355,27,7,31,6,3.558333916,1.36e-6,0,25,20,7609.700761,7.946907093
06J014093,2016,Slight,Male,36 - 45,0,0,Urban area,More deprived 30-40%,4,2,1,Single carriageway,30,0,Daylight,0,1,0,Non-trunk,0,0,0,0,Neither,Offside,2016-04-06,17:10:00,Wednesday,Stockport,E08000007,Urban,53.414161,-2.152825,E01005758,40.28343558,40,861,479.5,314,55.5,12,654.5,90,111,98,59,5,3,5,5.5,192,86,27.78151745,1444.5,51.995,488,232.5,95.5,28.5,10,3.5,0,1.5,192,0.5,35,82.5,5.5,1.5,217.5,24.5,14,79.5,4,5.619360184,5.41e-6,0,79,129,15025.43001,6.337720315
06J014991,2016,Severe/Fatal,Male,46 - 55,0,0,Urban area,More deprived 30-40%,4,2,1,Single carriageway,30,0,Daylight,0,0,0,Non-trunk,0,0,0,0,Neither,Did not impact,2016-04-22,13:25:00,Friday,Stockport,E08000007,Urban,53.422545,-2.114181,E01005751,39.81662592,42,615,100,301,175,39,700,76,128,108,79,11,3,3,2,192,98,60.3708495,1400,23.19,189,209,119,66,26,5,2,1,192,0,10,36,2,1,369,24,9,51,6,0.005693286,2.47e-8,0,5,1,3033.355879,1.209005214
06J015554,2016,Slight,Male,46 - 55,0,0,Urban area,More deprived 30-40%,4,2,1,Single carriageway,30,0,Daylight,0,0,0,Non-trunk,0,0,0,0,Neither,Offside,2016-05-12,18:27:00,Thursday,Stockport,E08000007,Urban,53.370267,-2.103867,E01005842,46.5133292,50,657,70,244,257,86,715,35,88,108,85,13,5,6,3,269,103,4.582343053,1581,345.02,143,268,116,96,29,3,2,0,269,0,6,12,2,2,364,16,10,29,6,2.563037854,7.41e-7,0,19,0,19209.5733,8.009905156
06J016634,2016,Slight,Male,26 - 35,0,0,Urban area,Less deprived 40-50%,6,2,1,Single carriageway,30,0,Daylight,0,0,0,Non-trunk,0,1,0,0,Neither,Front,2016-06-02,06:32:00,Thursday,Stockport,E08000007,Urban,53.41467,-2.068588,E01005897,40.18292683,39,597,105,265,175,52,694,38,84,136,96,8,7,6,4,208,107,19.62244767,1528,77.87,155,202,106,103,21,9,3,0,208,0,14,29,2,4,363,27,10,32,5,2.355428447,3.04e-6,0,12,1,5964.766228,2.983165378
06J017928,2016,Severe/Fatal,Female,46 - 55,0,0,Urban area,Less deprived 20-30%,8,2,1,Single carriageway,30,0,Daylight,0,0,0,Non-trunk,0,0,0,0,Neither,Front,2016-07-12,18:05:00,Tuesday,Stockport,E08000007,Urban,53.386114,-2.212865,E01005776,42.83354756,46,617,48,221,261,87,779,53,77,117,112,21,4,16,9,312,58,37.00668536,1716,46.37,138,184,114,99,47,17,12,6,312,3,10,12,0,0,379,29,6,19,11,0.725175148,1.57e-6,0,8,6,5802.921153,0.711325714
06J020108,2016,Slight,Male,46 - 55,0,0,Urban area,Less deprived 30-40%,7,2,1,Single carriageway,30,0,Daylight,0,0,0,Non-trunk,0,0,0,0,Neither,Front,2016-09-05,13:35:00,Monday,Stockport,E08000007,Urban,53.43401,-2.183106,E01005869,42.00981675,43,653,125,283,205,40,735,56,110,121,51,4,3,9,3,292,86,31.87912748,1593,49.97,187,210,101,110,27,15,1,1,292,2,9,37,2,2,302,25,11,41,9,0.691933284,1.38e-6,0,11,11,3826.093245,1.778924267
06J020591,2016,Slight,Male,16 - 20,1,0,Urban area,Most deprived 10%,1,2,1,Dual carriageway,30,0,Daylight,0,0,0,Non-trunk,0,1,0,0,Neither,Front,2016-09-15,08:38:00,Thursday,Stockport,E08000007,Urban,53.395047,-2.148907,E01005797,36.86182833,36,677,193,360,107,17,786,97,148,79,63,14,3,4,3,292,83,74.97348887,1414,18.86,240,245,118,62,11,3,0,1,292,1,17,52,6,1,304,25,19,67,2,0.843361435,4.53e-6,0,6,5,3410.666663,1.17434116
06J020989,2016,Severe/Fatal,Male,46 - 55,0,0,Rural,Less deprived 20-30%,8,2,1,Single carriageway,30,0,Daylight,0,0,0,Non-trunk,0,0,0,0,Neither,Front,2016-09-07,17:47:00,Wednesday,Stockport,E08000007,Urban,53.418406,-2.170851,E01005917,36.66438746,36,900,330,423,133,14,916,142,145,155,79,13,4,9,7,256,106,36.00236081,1830,50.83,369,312,116,60,29,8,1,5,256,2,17,119,10,5,362,28,12,98,4,2.345506175,4.65e-6,0,52,31,6777.506159,4.483092588
06J021046,2016,Severe/Fatal,Male,46 - 55,0,0,Urban area,Least deprived 10%,10,2,1,Single carriageway,30,0,Daylight,0,0,0,Non-trunk,0,0,0,0,Neither,Front,2016-09-24,12:07:00,Saturday,Stockport,E08000007,Urban,53.355008,-2.164918,E01005925,47.52254098,50,609,105,222,199,83,593,32,63,71,62,17,4,6,5,297,36,25.03052503,1435,57.33,196,199,89,98,20,4,3,0,297,0,10,7,0,2,226,13,3,27,9,0.3293221,5.72e-7,1,17,2,11596.83216,1.8621960339999999
06J021569,2016,Slight,Male,46 - 55,0,0,Urban area,More deprived 30-40%,4,2,1,Single carriageway,30,0,Daylight,0,0,0,Non-trunk,0,0,0,0,Neither,Offside,2016-10-03,12:30:00,Monday,Stockport,E08000007,Urban,53.374042,-2.191792,E01005786,41.4099419,43,807,135,339,259,74,1042,83,141,119,106,11,2,9,9,463,99,40.97560976,1848,45.1,294,219,121,135,22,11,2,1,463,2,25,19,5,2,427,29,29,36,7,0.183337391,4.09e-7,0,9,10,4057.5255,2.104023826
06J021639,2016,Severe/Fatal,Male,26 - 35,0,0,Urban area,More deprived 40-50%,5,2,1,Single carriageway,30,0,Daylight,0,0,1,Non-trunk,0,0,0,0,Neither,Front,2016-09-25,15:20:00,Sunday,Stockport,E08000007,Urban,53.410192,-2.163401,E01005758,40.28343558,40,861,479.5,314,55.5,12,654.5,90,111,98,59,5,3,5,5.5,192,86,27.78151745,1444.5,51.995,488,232.5,95.5,28.5,10,3.5,0,1.5,192,0.5,35,82.5,5.5,1.5,217.5,24.5,14,79.5,4,5.619360184,5.41e-6,0,79,129,15025.43001,6.337720315
06J022536,2016,Slight,Female,36 - 45,0,0,Urban area,More deprived 30-40%,4,2,1,Single carriageway,30,0,Daylight,0,0,0,Non-trunk,0,0,0,0,Neither,Front,2016-11-02,08:15:00,Wednesday,Stockport,E08000007,Urban,53.386779,-2.180121,E01005782,45.48063241,48,581,57,284,193,47,591,36,95,83,50,8,9,6,2,252,50,32.22306334,1277,39.63,174,242,75,64,20,3,1,1,252,0,3,9,2,0,270,13,10,30,2,0.640833653,1.61e-6,0,8,3,5847.220794,2.974807537
06J023286,2016,Severe/Fatal,Male,11 - 15,1,0,Urban area,Most deprived 10%,1,2,1,Single carriageway,30,0,Darkness - lights lit,1,1,0,Non-trunk,0,0,0,0,Neither,Front,2016-11-13,17:20:00,Sunday,Stockport,E08000007,Urban,53.372824,-2.238967,E01005851,43.59701493,46,604,57,225,237,85,721,41,89,112,71,20,7,9,4,276,92,30.3064275,1622,53.52,140,190,103,107,41,10,3,9,276,2,3,9,4,0,372,27,5,18,3,0.139606369,2.61e-7,0,6,4,3686.497618,1.582970319
06J023289,2016,Slight,Male,11 - 15,1,0,Urban area,Most deprived 10%,1,2,1,Single carriageway,30,1,Darkness - lights lit,1,1,0,Non-trunk,1,0,0,0,Neither,Offside,2016-11-21,17:07:00,Monday,Stockport,E08000007,Urban,53.39267,-2.128913,E01005827,43.70696843,45,736,82,316,252,86,848,108,126,102,95,9,9,3,8,271,117,54.0240518,1752,32.43,199,266,118,113,32,9,1,0,271,0,7,23,4,3,446,36,11,41,5,0.005732162,1.8e-8,0,4,4,3822.783109,0.877208938
06J023746,2016,Slight,Male,26 - 35,0,0,Urban area,More deprived 40-50%,5,2,1,Single carriageway,30,0,Daylight,0,0,0,Non-trunk,0,0,0,0,Neither,Front,2016-11-02,08:15:00,Wednesday,Stockport,E08000007,Urban,53.380688,-2.200556,E01005784,42.92239011,45,547,40,184,254,69,644,39,74,90,63,11,5,10,9,282,61,13.96914446,1494,106.95,105,189,88,109,41,10,3,3,282,1,6,7,2,1,293,14,14,15,8,1.464053494,1.36e-6,0,15,16,14224.95709,2.196719833
06J024510,2016,Severe/Fatal,Male,46 - 55,0,0,Urban area,Less deprived 30-40%,7,2,1,Single carriageway,30,0,Darkness - lights lit,0,1,0,Non-trunk,0,0,0,0,Neither,Front,2016-12-06,08:00:00,Tuesday,Stockport,E08000007,Urban,53.38833,-2.135832,E01005801,36.54923305,36,895,183,394,277,41,1191,218,142,121,141,13,10,6,8,408,124,28.41956967,2219,78.08,251,257,193,147,34,10,3,0,408,2,27,43,4,3,488,32,15,172,5,0.955063241,1.23e-6,0,11,24,6248.939939,2.123686005
06J024759,2016,Slight,Male,26 - 35,0,0,Urban area,Less deprived 20-30%,8,2,1,Single carriageway,30,0,Darkness - lights lit,1,1,0,Non-trunk,0,0,0,0,Neither,Nearside,2016-12-12,07:10:00,Monday,Stockport,E08000007,Urban,53.382331,-2.201706,E01005784,42.92239011,45,547,40,184,254,69,644,39,74,90,63,11,5,10,9,282,61,13.96914446,1494,106.95,105,189,88,109,41,10,3,3,282,1,6,7,2,1,293,14,14,15,8,1.464053494,1.36e-6,0,15,16,14224.95709,2.196719833
06K010467,2016,Slight,Male,46 - 55,0,0,Urban area,More deprived 20-30%,3,2,1,Single carriageway,30,0,Darkness - lights lit,0,1,0,Non-trunk,0,1,0,0,Neither,Front,2016-01-05,06:20:00,Tuesday,Bolton,E08000001,Urban,53.579952,-2.45979,E01004845,39.5572306,40,716,100,295,237,84,873,96,161,89,86,49,7,1,11,288,85,36.77799607,1872,50.9,199,212,110,113,52,17,10,4,288,0,14,18,16,0,468,22,4,32,9,1.191574521,2.32e-6,0,10,3,8234.283161,1.114528818
06K012968,2016,Slight,Male,26 - 35,0,0,Urban area,Most deprived 10%,1,2,1,Single carriageway,30,0,Daylight,0,0,0,Non-trunk,0,0,0,0,Neither,Front,2016-03-05,10:15:00,Saturday,Bolton,E08000001,Urban,53.600279,-2.546553,E01004890,42.98992081,44,683,163,306,178,36,695,74,58,145,75,37,13,1,7,177,108,44.80856587,1381,30.82,268,237,97,61,16,3,0,0,177,0,6,36,10,1,376,27,3,59,3,0.231732748,7.46e-7,0,15,1,4925.536906,1.184690713
06K013250,2016,Slight,Male,26 - 35,0,0,Urban area,More deprived 20-30%,3,2,1,Single carriageway,30,1,Darkness - lights lit,0,0,0,Non-trunk,0,0,0,0,Neither,Front,2016-02-25,22:59:00,Thursday,Bolton,E08000001,Urban,53.580727,-2.393627,E01004796,40.72960822,41,669,151,271,200,47,746,65,180,92,90,14,2,2,7,163,131,30.88984712,1576,51.02,208,203,131,87,31,7,1,2,163,3,2,38,12,1,414,34,6,56,16,1.412956499,2.77e-6,0,14,4,5244.303453,1.201573865
06K013439,2016,Slight,Male,21 - 25,0,0,Urban area,Most deprived 10%,1,2,1,Single carriageway,20,0,Daylight,0,0,0,Non-trunk,0,0,0,0,Neither,Front,2016-03-12,17:00:00,Saturday,Bolton,E08000001,Urban,53.590518,-2.387403,E01004787,33.83940299,34,754,356,269,101,28,635,62,163,90,85,18,1,0,6,95,115,56.8575233,1708,30.04,272,217,129,92,24,14,5,1,95,1,6,55,17,5,317,59,5,70,4,0,0,0,15,2,1663.282667,0
06K013975,2016,Slight,Male,46 - 55,0,0,Urban area,More deprived 10-20%,2,2,1,Roundabout,40,0,Daylight,0,0,0,Non-trunk,1,0,0,0,Neither,Front,2016-03-25,17:10:00,Friday,Bolton,E08000001,Urban,53.550716,-2.496966,E01004891,47.13235294,51,741,124,334,215,68,735,43,91,164,73,47,5,2,8,196,106,14.15831571,1540,108.77,267,270,98,83,16,4,0,0,196,0,6,11,6,0,451,28,2,29,4,0.697522403,6.38e-7,0,9,0,10038.00434,3.581083399
06K014458,2016,Severe/Fatal,Male,46 - 55,0,0,Small town,Less deprived 20-30%,8,3,1,Single carriageway,40,0,Daylight,0,0,0,Non-trunk,0,0,0,0,Neither,Front,2016-04-09,11:20:00,Saturday,Bolton,E08000001,Urban,53.579802,-2.501491,E01004844,45.69698832,50,616,35,176,299,106,684,7,117,88,70,51,7,7,12,281,44,17.94842538,1573,87.64,117,255,102,98,25,10,6,2,281,0,14,4,3,5,346,11,1,16,5,2.417111416,2.75e-6,1,11,0,4787.025426,1.738296933
06K014642,2016,Slight,Male,16 - 20,1,0,Urban area,Most deprived 10%,1,4,1,Single carriageway,30,0,Daylight,0,0,0,Non-trunk,0,0,0,0,Neither,Front,2016-03-25,17:35:00,Friday,Bolton,E08000001,Urban,53.589469,-2.408272,E01004928,38.58405172,37,684,251,323,95,15,642,113,103,93,70,16,4,5,1,110,127,75.17730496,1378,18.33,274,229,107,50,17,2,0,1,110,0,13,46,18,4,335,39,7,71,7,0.066635009,3.61e-7,0,11,5,4054.972642,1.012473836
06K014667,2016,Slight,Male,36 - 45,0,0,Urban area,Less deprived 40-50%,6,2,1,Single carriageway,30,0,Daylight,0,0,0,Non-trunk,0,0,0,0,Neither,Front,2016-04-11,16:20:00,Monday,Bolton,E08000001,Urban,53.547159,-2.392229,E01004859,45.15477707,46,698,337,256,80,25,507,64,126,55,52,13,5,2,2,81,107,44.19014085,1506,34.08,349,169,78,56,27,13,3,2,81,0,5,46,16,5,235,32,6,74,9,0.842905887,2.44e-6,1,31,22,5017.450111,1.059828106
06K015440,2016,Severe/Fatal,Male,46 - 55,0,0,Urban area,Least deprived 10%,10,2,1,Single carriageway,30,0,Daylight,0,0,0,Non-trunk,0,0,0,0,Neither,Offside,2016-05-09,06:51:00,Monday,Bolton,E08000001,Urban,53.582514,-2.440499,E01004823,36.71420883,37,858,446,321,76,15,573,140,62,62,63,27,2,1,7,100,109,64.65571699,2047,31.66,367,201,117,72,48,30,13,12,100,0,11,43,22,2,254,50,4,82,5,0.242308908,7.64e-7,0,11,10,6024.358681,1.135052977
06K016015,2016,Slight,Male,26 - 35,0,0,Urban area,Less deprived 40-50%,6,2,1,Single carriageway,40,0,Daylight,0,0,0,Non-trunk,0,0,0,0,Neither,Front,2016-04-30,07:30:00,Saturday,Bolton,E08000001,Urban,53.549922,-2.468868,E01004833,42.24183417,45,644,88,295,188,73,745,89,133,78,71,25,7,5,8,189,140,2.776013789,1530,551.15,180,225,120,72,30,12,2,2,189,2,6,18,12,0,408,38,6,56,5,6.431979495,1.17e-6,0,27,1,9697.939326,9.205973769
06K016376,2016,Slight,Male,26 - 35,0,0,Urban area,More deprived 20-30%,3,2,1,Single carriageway,30,0,Daylight,0,0,0,Non-trunk,0,1,0,0,Neither,Front,2016-05-20,08:30:00,Friday,Bolton,E08000001,Urban,53.585834,-2.429763,E01033220,34.03192848,33,736,430,247,51,8,469,102,50,63,65,20,4,1,9,68,87,14.27019983,1314,92.08,441,161,60,31,23,9,5,5,68,0,25,55,16,3,189,26,8,68,10,3.388058386,3.69e-6,0,24,8,10729.17752,6.765796551
06K017074,2016,Slight,Male,21 - 25,0,0,Urban area,Most deprived 10%,1,2,1,Single carriageway,30,0,Daylight,1,0,0,Non-trunk,0,1,0,0,Neither,Nearside,2016-06-19,17:00:00,Sunday,Bolton,E08000001,Urban,53.547249,-2.410974,E01004862,35.82742475,35,589,224,237,98,30,552,106,115,93,40,11,2,2,4,71,108,51.67326376,1436,27.79,196,159,103,67,48,8,9,0,71,0,3,28,21,2,303,49,8,61,6,0.10199355,3.67e-7,0,16,2,3413.074614,0.24332804
06K017226,2016,Severe/Fatal,Female,46 - 55,0,0,Urban area,More deprived 20-30%,3,2,1,Single carriageway,30,0,Daylight,0,0,0,Non-trunk,0,0,0,0,Neither,Nearside,2016-06-16,05:43:00,Thursday,Bolton,E08000001,Urban,53.563023,-2.373065,E01004911,41.87435233,45,724,224,338,126,36,668,56,162,85,84,19,3,3,2,124,130,49.45372751,1539,31.12,283,210,130,73,16,7,0,0,124,2,3,33,11,6,390,38,5,49,6,0,0,0,19,4,5121.592899,1.300146405
06K017245,2016,Severe/Fatal,Male,36 - 45,0,0,Urban area,More deprived 20-30%,3,2,1,Single carriageway,30,0,Daylight,0,0,0,Non-trunk,0,0,0,0,Neither,Front,2016-06-14,11:45:00,Tuesday,Bolton,E08000001,Urban,53.5601,-2.52425,E01004776,39.47979798,41,826,148,400,215,63,929,93,113,184,89,42,8,5,12,242,141,3.402364102,1822,535.51,276,280,137,97,30,5,1,0,242,0,19,16,6,4,509,51,8,67,8,5.179899474,9.66e-7,0,22,3,11968.95234,4.953827141
06K017563,2016,Slight,Male,26 - 35,0,0,Urban area,Less deprived 30-40%,7,2,1,Roundabout,30,0,Daylight,0,1,0,Non-trunk,0,0,0,0,Neither,Front,2016-06-27,08:48:00,Monday,Bolton,E08000001,Urban,53.582137,-2.541168,E01004781,37.91752577,38,954,153,467,276,58,1158,150,68,206,125,82,17,9,13,364,124,7.806324111,2133,273.24,306,327,156,129,24,8,1,0,364,1,19,25,8,5,583,45,5,94,8,5.582448301,2.04e-6,0,19,13,9007.455858,4.49975795
06K018039,2016,Severe/Fatal,Male,56 - 65,0,0,Rural,Less deprived 20-30%,8,2,1,Single carriageway,40,0,Daylight,0,0,0,Non-trunk,0,0,0,0,Neither,Front,2016-06-26,11:05:00,Sunday,Bolton,E08000001,Rural,53.597866,-2.516921,E01004884,50.42402827,56,696,60,256,292,88,664,29,24,142,61,36,15,2,6,252,97,2.592885375,1476,569.25,201,319,97,57,15,6,1,0,252,0,4,7,3,1,348,19,2,18,10,8.007778584,1.41e-6,0,12,0,8900.725912,2.991516922
06K018179,2016,Slight,Male,26 - 35,0,0,Urban area,Most deprived 10%,1,2,1,Single carriageway,30,0,Daylight,1,1,0,Non-trunk,0,0,0,0,Neither,Front,2016-07-09,17:45:00,Saturday,Bolton,E08000001,Urban,53.556199,-2.456363,E01004833,42.24183417,45,644,88,295,188,73,745,89,133,78,71,25,7,5,8,189,140,2.776013789,1530,551.15,180,225,120,72,30,12,2,2,189,2,6,18,12,0,408,38,6,56,5,6.431979495,1.17e-6,0,27,1,9697.939326,9.205973769
06K018268,2016,Slight,Male,26 - 35,0,0,Urban area,Less deprived 40-50%,6,2,1,Single carriageway,30,0,Daylight,0,0,0,Non-trunk,0,1,0,0,Neither,Front,2016-07-18,13:10:00,Monday,Bolton,E08000001,Urban,53.58051,-2.404772,E01004932,38.89921977,38,723,228,341,130,24,717,127,124,89,84,25,2,2,6,139,119,28.01512287,1482,52.9,290,238,109,57,15,8,2,3,139,3,6,41,28,3,376,48,3,63,6,1.401469316,2.62e-6,0,8,0,1072.907469,2.009236018
06K019714,2016,Slight,Male,6 - 10,1,0,Urban area,More deprived 20-30%,3,2,1,Single carriageway,30,0,Daylight,0,0,0,Non-trunk,1,0,0,0,Neither,Front,2016-08-22,13:42:00,Monday,Bolton,E08000001,Urban,53.561544,-2.415265,E01004812,29.71816881,28,682,204,320,132,26,837,110,165,83,90,28,6,2,7,147,199,29.80518675,2402,80.59,151,149,103,77,83,48,30,40,147,2,16,55,68,2,364,61,10,84,30,2.485048924,3.07e-6,0,14,5,4537.973943,5.935505776
06K019797,2016,Slight,Male,56 - 65,0,0,Urban area,Less deprived 30-40%,7,2,1,Single carriageway,30,0,Daylight,0,0,0,Non-trunk,0,0,0,0,Neither,Front,2016-08-10,15:10:00,Wednesday,Bolton,E08000001,Urban,53.572808,-2.444928,E01004849,31.55711775,30,498,167,229,80,22,518,117,59,46,60,33,4,0,14,90,95,60.99965998,1794,29.41,92,110,63,77,76,30,24,28,90,1,9,36,23,0,238,37,1,69,14,0.389452229,1.32e-6,0,9,16,6767.892546,1.866336344
06K020443,2016,Slight,Male,11 - 15,1,0,Urban area,More deprived 10-20%,2,2,1,Single carriageway,30,0,Daylight,0,0,0,Non-trunk,0,0,0,0,Neither,Back,2016-09-10,16:25:00,Saturday,Bolton,E08000001,Urban,53.591136,-2.409617,E01004926,33.63589744,32,521,182,225,92,22,552,98,119,93,65,17,2,2,5,63,88,64.4754615,1432,22.21,128,127,116,85,38,24,2,1,63,1,8,31,31,5,296,54,10,47,5,0.031356174,1.41e-7,0,4,1,2091.270748,0.57404403
06K020746,2016,Severe/Fatal,Female,16 - 20,1,0,Urban area,Less deprived 40-50%,6,2,1,Single carriageway,30,0,Daylight,1,1,0,Non-trunk,1,0,0,0,Neither,Did not impact,2016-09-08,08:30:00,Thursday,Bolton,E08000001,Urban,53.551215,-2.517031,E01004894,40.41164021,41,848,170,406,228,44,933,86,80,204,99,59,8,3,11,240,143,38.54625551,1925,49.94,266,293,141,111,28,11,0,0,240,0,19,22,9,8,508,39,12,73,9,0.042657404,8.47e-8,1,21,5,6091.288292,2.846966471
06K021829,2016,Slight,Male,46 - 55,0,0,Urban area,More deprived 20-30%,3,2,1,Single carriageway,30,0,Daylight,0,0,0,Non-trunk,0,0,0,0,Neither,Front,2016-10-11,08:00:00,Tuesday,Bolton,E08000001,Rural,53.542218,-2.383023,E01004905,38.87207093,39,673,189,289,154,41,748,77,100,155,102,17,5,3,4,157,128,46.437918,1597,34.39,220,189,138,75,33,17,2,1,157,0,5,42,13,5,413,41,10,56,4,1.066550832,3.16e-6,0,16,0,4596.45579,1.327773169
06K022709,2016,Slight,Male,56 - 65,0,0,Urban area,Least deprived 10%,10,2,1,Single carriageway,30,0,Darkness - lights lit,0,0,0,Non-trunk,0,0,0,0,Neither,Front,2016-11-07,17:45:00,Monday,Bolton,E08000001,Urban,53.563123,-2.375436,E01004911,41.87435233,45,724,224,338,126,36,668,56,162,85,84,19,3,3,2,124,130,49.45372751,1539,31.12,283,210,130,73,16,7,0,0,124,2,3,33,11,6,390,38,5,49,6,0,0,0,19,4,5121.592899,1.300146405
06K022732,2016,Slight,Male,46 - 55,0,0,Urban area,Least deprived 10%,10,2,1,Single carriageway,30,0,Daylight,0,0,0,Non-trunk,0,1,0,0,Neither,Front,2016-11-05,12:52:00,Saturday,Bolton,E08000001,Urban,53.587324,-2.529059,E01004886,41.00305344,42,622,182,278,126,36,631,107,41,133,58,33,4,3,8,153,91,58.84582982,1397,23.74,215,202,108,66,27,4,1,0,153,1,7,37,7,4,309,26,10,73,3,0.864306327,3.6e-6,0,10,3,2676.643871,0.618788633
06K023230,2016,Severe/Fatal,Male,21 - 25,0,0,Urban area,Most deprived 10%,1,3,1,Single carriageway,30,0,Daylight,0,0,0,Non-trunk,0,0,0,0,Neither,Front,2016-11-07,13:55:00,Monday,Bolton,E08000001,Urban,53.585273,-2.44799,E01004869,34.60052356,33,826,424,316,72,14,660,127,128,101,71,20,7,2,8,75,121,83.76722818,2188,26.12,288,213,118,99,46,20,5,38,75,0,10,69,49,5,279,49,14,97,13,0.232537004,8.96e-7,0,4,8,3566.772971,0.606318051
06K024285,2016,Slight,Male,56 - 65,0,0,Urban area,Least deprived 10%,10,2,1,Single carriageway,40,1,Darkness - no lighting,1,0,0,Non-trunk,1,0,0,0,Neither,Back,2016-12-09,16:50:00,Friday,Bolton,E08000001,Rural,53.638225,-2.447719,E01004803,43.43717617,46,715,54,300,277,84,796,23,60,144,95,47,10,7,8,281,121,6.596897015,1620,245.57,201,265,132,97,16,4,0,0,281,1,8,7,2,2,442,22,3,22,6,0.585588147,2.39e-7,0,15,0,10114.91194,2.587111061
06K024291,2016,Slight,Male,46 - 55,0,0,Small town,More deprived 30-40%,4,2,1,Roundabout,40,0,Darkness - lights lit,1,1,0,Non-trunk,0,0,0,0,Neither,Back,2016-11-22,18:10:00,Tuesday,Bolton,E08000001,Rural,53.572073,-2.550388,E01004775,42.5274345,42,927,82,400,331,114,1183,75,122,207,124,83,12,8,13,397,142,3.125839918,2326,744.12,243,326,152,148,42,12,3,0,397,3,18,15,7,8,641,42,6,37,10,10.14354452,1.36e-6,1,51,2,22712.73267,12.3606886
06K024591,2016,Slight,Male,66 - 75,0,1,Urban area,More deprived 10-20%,2,2,1,Single carriageway,30,1,Daylight,0,0,0,Non-trunk,0,0,0,0,Neither,Offside,2016-12-10,10:23:00,Saturday,Bolton,E08000001,Rural,53.617,-2.455748,E01004768,42.30272324,47,613,35,181,284,113,834,52,123,113,78,50,12,4,8,286,108,4.071461432,1593,391.26,101,252,117,109,22,7,0,5,286,0,4,5,1,1,473,29,3,23,11,4.714713052,1.21e-6,0,23,1,10791.83598,6.50186754
06K024751,2016,Severe/Fatal,Female,36 - 45,0,0,Urban area,Less deprived 10-20%,9,2,1,Dual carriageway,40,0,Daylight,1,1,0,Non-trunk,0,0,0,0,Neither,Front,2016-12-13,10:02:00,Tuesday,Bolton,E08000001,Urban,53.598686,-2.425043,E01004767,39.6272382,38,857,231,410,164,52,878,129,135,114,101,39,4,6,6,212,132,36.24856157,1890,52.14,348,258,119,62,41,14,7,5,212,3,14,24,20,3,454,58,5,74,14,0.330554968,6.34e-7,0,13,6,5863.798923,2.020146675
06L010447,2016,Slight,Male,11 - 15,1,0,Urban area,Less deprived 20-30%,8,2,1,Single carriageway,30,0,Daylight,0,1,0,Non-trunk,0,0,0,0,Neither,Back,2016-01-09,14:40:00,Saturday,Wigan,E08000010,Urban,53.494561,-2.501871,E01006335,39.91241336,40,767,229,369,139,30,790,158,76,82,153,25,4,0,9,140,143,83.93617021,1578,18.8,313,236,132,64,15,6,2,0,140,1,0,33,4,1,444,50,12,105,0,0,0,0,4,5,1165.259492,0.573507173
06L012451,2016,Slight,Male,46 - 55,0,0,Urban area,More deprived 10-20%,2,2,1,Single carriageway,30,0,Daylight,0,1,0,Non-trunk,0,0,0,0,Neither,Did not impact,2016-02-05,08:45:00,Friday,Wigan,E08000010,Urban,53.536983,-2.619869,E01006310,36.108299,34,711,235,307,144,25,698,140,123,77,69,39,2,4,9,72,163,6.321861945,1589,251.35,269,198,122,82,26,13,3,2,72,0,12,35,10,8,393,47,16,89,17,3.849517479,1.53e-6,0,13,18,5464.146242,5.192577819
06L013018,2016,Severe/Fatal,Male,16 - 20,1,0,Urban area,Most deprived 10%,1,2,1,Single carriageway,30,0,Darkness - lights lit,0,0,0,Non-trunk,0,0,0,0,Neither,Back,2016-02-13,17:40:00,Saturday,Wigan,E08000010,Urban,53.549604,-2.612643,E01006392,33.6326402,33,599,257,236,81,25,594,177,85,70,59,19,3,2,15,48,116,59.49214027,1476,24.81,207,141,105,88,39,12,2,4,48,0,6,38,7,3,289,62,9,115,8,0,0,0,12,6,2496.437176,0.173520035
06L013170,2016,Severe/Fatal,Male,46 - 55,0,0,Urban area,More deprived 30-40%,4,2,1,Single carriageway,30,0,Daylight,0,0,0,Non-trunk,0,0,0,0,Neither,Nearside,2016-02-28,12:00:00,Sunday,Wigan,E08000010,Urban,53.588415,-2.666849,E01006319,35.96771879,39,585,41,186,276,82,884,66,99,145,96,57,12,5,8,276,120,41.05977552,1573,38.31,102,186,132,129,30,5,1,0,276,0,3,7,6,1,503,35,3,41,8,0.44007948,1.15e-6,0,8,4,5302.474255,0.883808966
06L013614,2016,Slight,Male,56 - 65,0,0,Small town,More deprived 20-30%,3,2,1,Single carriageway,30,0,Daylight,0,0,0,Non-trunk,0,0,0,0,Neither,Front,2016-02-25,10:40:00,Thursday,Wigan,E08000010,Rural,53.566939,-2.582921,E01006236,46.49833887,51,695,63,265,269,98,742,22,118,114,86,49,11,5,10,213,114,3.489971601,1573,450.72,194,268,122,85,21,6,0,0,213,0,6,8,0,2,466,30,11,5,1,3.867628558,8.6e-7,0,27,0,11350.43237,4.985269486
06L014394,2016,Slight,Male,26 - 35,0,0,Small town,Less deprived 10-20%,9,2,1,Single carriageway,30,0,Daylight,0,0,0,Non-trunk,0,0,0,0,Neither,Front,2016-04-09,11:25:00,Saturday,Wigan,E08000010,Rural,53.586258,-2.684263,E01006316,41.90731995,45,842,54,300,390,98,1065,55,79,170,146,81,46,6,9,318,155,14.90248623,2002,134.34,194,343,143,129,23,8,3,0,318,1,3,11,7,0,656,35,4,23,6,0.11191525,8.33e-8,0,26,1,6889.433943,3.933847499
06L015109,2016,Severe/Fatal,Male,26 - 35,0,0,Urban area,More deprived 20-30%,3,2,1,Single carriageway,60,0,Darkness - no lighting,0,0,0,Non-trunk,0,0,0,0,Neither,Did not impact,2016-04-27,21:35:00,Wednesday,Wigan,E08000010,Rural,53.592539,-2.63576,E01006232,42.20195272,45,812,44,305,342,121,1062,36,143,124,135,78,31,9,10,368,128,2.914584646,1989,682.43,198,306,154,111,34,6,3,0,368,0,7,12,2,1,593,36,5,26,6,6.787740327,9.93e-7,0,23,1,15996.53454,6.066975812
06L015546,2016,Severe/Fatal,Male,26 - 35,0,0,Urban area,Less deprived 10-20%,9,2,1,Single carriageway,30,0,Daylight,0,0,0,Non-trunk,0,0,0,0,Neither,Nearside,2016-05-12,07:50:00,Thursday,Wigan,E08000010,Urban,53.488863,-2.499513,E01006297,36.93329398,37,739,241,356,121,21,674,95,101,79,123,29,7,5,12,95,128,13.26072498,1595,120.28,286,211,127,83,25,5,2,0,95,0,2,33,15,7,381,49,4,82,7,1.026381261,8.49e-7,0,21,5,14846.80433,2.671595824
06L016313,2016,Severe/Fatal,Male,11 - 15,1,0,Urban area,More deprived 10-20%,2,2,1,Single carriageway,30,0,Daylight,0,0,0,Non-trunk,0,0,0,0,Neither,Offside,2016-05-20,19:24:00,Friday,Wigan,E08000010,Urban,53.487772,-2.500389,E01006297,36.93329398,37,739,241,356,121,21,674,95,101,79,123,29,7,5,12,95,128,13.26072498,1595,120.28,286,211,127,83,25,5,2,0,95,0,2,33,15,7,381,49,4,82,7,1.026381261,8.49e-7,0,21,5,14846.80433,2.671595824
06L016699,2016,Slight,Male,66 - 75,0,1,Urban area,Most deprived 10%,1,2,1,Roundabout,60,0,Daylight,0,0,0,Non-trunk,0,0,0,0,Neither,Nearside,2016-05-24,09:40:00,Tuesday,Wigan,E08000010,Rural,53.480564,-2.500274,E01006247,44.90854573,50,553,65,241,172,75,628,61,69,77,123,25,6,2,7,120,138,26.6805411,1282,48.05,146,223,90,61,22,10,2,0,120,0,0,16,1,5,408,27,12,27,9,0.014705425,3.1e-8,0,13,2,10506.87722,0.808819876
06L016824,2016,Slight,Male,46 - 55,0,0,Urban area,More deprived 30-40%,4,2,1,Single carriageway,30,0,Daylight,0,0,0,Non-trunk,0,0,0,0,Neither,Front,2016-06-14,20:20:00,Tuesday,Wigan,E08000010,Urban,53.547661,-2.640325,E01006369,38.97105729,38,1043,447,437,137,22,1023,237,130,96,127,52,13,3,5,198,162,29.58648806,2032,68.68,481,309,142,82,21,7,0,0,198,0,38,60,14,6,445,67,18,162,13,0.723912701,1.06e-6,1,93,104,8547.137497,4.148218838
06L016930,2016,Slight,Male,11 - 15,1,0,Urban area,More deprived 10-20%,2,2,1,Single carriageway,30,0,Daylight,0,0,0,Non-trunk,0,0,0,0,Neither,Front,2016-06-14,17:41:00,Tuesday,Wigan,E08000010,Urban,53.476347,-2.592828,E01006342,40.42420382,40,706,193,315,144,54,701,91,68,159,83,36,6,6,6,135,111,32.96610169,1556,47.2,257,228,98,82,31,9,1,0,135,0,2,22,5,3,418,36,7,65,5,0,0,0,17,3,5483.549945,2.272612559
06L017291,2016,Slight,Male,56 - 65,0,0,Urban area,More deprived 20-30%,3,2,1,Single carriageway,30,0,Daylight,0,0,0,Non-trunk,0,0,0,0,Neither,Front,2016-06-08,15:23:00,Wednesday,Wigan,E08000010,Urban,53.504072,-2.534806,E01006323,37.75243033,37,642,148,304,150,40,681,122,84,101,100,33,8,1,10,95,127,22.83360306,1552,67.97,185,222,115,73,39,5,1,2,95,0,0,45,13,4,407,47,12,54,4,1.34286754,1.97e-6,0,4,5,1505.749971,0.811719595
06L017294,2016,Severe/Fatal,Male,26 - 35,0,0,Urban area,Less deprived 10-20%,9,2,1,Single carriageway,30,0,Daylight,1,0,0,Non-trunk,0,0,0,0,Neither,Front,2016-06-14,16:45:00,Tuesday,Wigan,E08000010,Urban,53.503497,-2.442529,E01006385,43.8567474,47,602,54,245,233,70,679,46,61,94,137,29,10,3,4,205,90,43.70840895,1445,33.06,131,250,107,80,29,5,0,0,205,0,1,18,4,0,394,23,10,25,2,0.073806087,2.22e-7,0,3,1,3208.724097,0.63399324
06L017436,2016,Slight,Male,11 - 15,1,0,Urban area,More deprived 20-30%,3,2,1,Single carriageway,30,0,Daylight,0,0,0,Non-trunk,0,0,0,0,Neither,Front,2016-06-23,15:00:00,Thursday,Wigan,E08000010,Urban,53.494798,-2.492604,E01006246,42.47640595,46,717,178,301,189,49,658,77,74,75,122,19,8,4,3,159,117,19.3764201,1535,79.22,254,256,90,90,21,5,1,0,159,0,3,24,3,3,370,28,8,54,8,1.098768409,1.38e-6,0,15,4,11128.35923,2.401297403
06L018492,2016,Slight,Male,6 - 10,1,0,Urban area,More deprived 20-30%,3,2,1,Single carriageway,20,1,Daylight,0,0,0,Non-trunk,0,0,0,0,Neither,Front,2016-07-22,15:30:00,Friday,Wigan,E08000010,Urban,53.561886,-2.649477,E01006260,39.27550357,42,635,183,282,132,38,634,115,127,61,74,35,10,1,3,89,119,31.49263027,1517,48.17,188,196,120,96,23,9,2,0,89,0,7,19,6,2,383,62,5,59,7,1.013166156,2.1e-6,0,17,5,6047.461596,0.847440693
06L019081,2016,Severe/Fatal,Male,21 - 25,0,0,Urban area,More deprived 20-30%,3,3,1,Single carriageway,30,0,Daylight,1,1,0,Non-trunk,0,0,0,0,Neither,Front,2016-07-28,14:04:00,Thursday,Wigan,E08000010,Urban,53.477561,-2.585477,E01006342,40.42420382,40,706,193,315,144,54,701,91,68,159,83,36,6,6,6,135,111,32.96610169,1556,47.2,257,228,98,82,31,9,1,0,135,0,2,22,5,3,418,36,7,65,5,0,0,0,17,3,5483.549945,2.272612559
06L019329,2016,Severe/Fatal,Female,56 - 65,0,0,Urban area,Most deprived 10%,1,2,1,Single carriageway,30,0,Daylight,0,0,0,Non-trunk,1,0,0,0,Neither,Offside,2016-08-03,18:25:00,Wednesday,Wigan,E08000010,Urban,53.50225,-2.52827,E01006283,36.61246787,37,722,223,306,161,32,668,87,89,106,94,37,8,0,5,108,134,20.71400549,1584,76.47,261,218,123,86,23,11,0,0,108,0,3,36,11,0,391,44,17,50,12,0.342572567,4.47e-7,0,16,21,3906.921505,0.902358508
06L019332,2016,Slight,Male,11 - 15,1,0,Urban area,More deprived 10-20%,2,2,1,Single carriageway,30,0,Daylight,1,1,0,Non-trunk,0,0,0,0,Neither,Front,2016-08-10,19:00:00,Wednesday,Wigan,E08000010,Urban,53.499779,-2.532159,E01006324,41.4188097,43,634,178,307,117,32,596,125,82,76,80,21,6,0,3,105,98,51.27084988,1291,25.18,253,216,99,37,17,7,1,2,105,0,1,31,6,3,329,40,13,61,6,0,0,0,10,5,3198.536177,0.644920705
06L019837,2016,Slight,Male,11 - 15,1,0,Urban area,More deprived 20-30%,3,2,1,One way street,30,0,Daylight,0,0,0,Non-trunk,0,0,0,0,Neither,Front,2016-07-05,13:05:00,Tuesday,Wigan,E08000010,Urban,53.504452,-2.518,E01006338,37.5658867,36,783,240,348,166,29,792,152,97,130,93,23,11,1,3,131,151,79.84681666,1668,20.89,303,239,129,74,31,4,1,2,131,0,2,37,8,6,430,65,11,88,14,1.150254482,5.48e-6,0,8,7,3229.798466,0.961694734
06L019867,2016,Slight,Male,11 - 15,1,0,Urban area,Most deprived 10%,1,2,1,Single carriageway,30,0,Daylight,1,0,0,Non-trunk,0,1,0,0,Neither,Front,2016-08-21,18:30:00,Sunday,Wigan,E08000010,Urban,53.551171,-2.665962,E01006361,33.71162528,33,659,267,271,102,19,610,152,113,61,60,22,6,1,2,83,110,13.30503044,1661,124.84,198,173,135,101,36,16,4,3,83,0,6,42,15,3,302,31,18,97,16,0.653651508,5.23e-7,0,14,24,5078.919126,4.426949409
06L020572,2016,Slight,Male,46 - 55,0,0,Urban area,More deprived 40-50%,5,2,1,Single carriageway,30,0,Darkness - lights unlit,1,0,0,Non-trunk,0,0,0,0,Neither,Offside,2016-09-07,05:50:00,Wednesday,Wigan,E08000010,Urban,53.546357,-2.623492,E01006386,45.62888735,50,933,589,284,53,7,493,155,57,41,59,20,7,1,7,52,94,67.41716228,1587,23.54,593,209,66,35,16,6,3,3,52,0,7,32,10,2,200,36,7,138,8,0.211577111,8.83e-7,0,15,15,3539.342935,0.914515988
06L020609,2016,Severe/Fatal,Male,26 - 35,0,0,Urban area,More deprived 20-30%,3,2,1,Single carriageway,30,1,Darkness - lights lit,0,0,0,Non-trunk,0,0,0,0,Neither,Back,2016-09-15,23:30:00,Thursday,Wigan,E08000010,Urban,53.475496,-2.59586,E01006342,40.42420382,40,706,193,315,144,54,701,91,68,159,83,36,6,6,6,135,111,32.96610169,1556,47.2,257,228,98,82,31,9,1,0,135,0,2,22,5,3,418,36,7,65,5,0,0,0,17,3,5483.549945,2.272612559
06L020743,2016,Severe/Fatal,Male,11 - 15,1,0,Urban area,More deprived 10-20%,2,2,1,Single carriageway,30,0,Daylight,0,0,0,Non-trunk,0,0,0,0,Neither,Did not impact,2016-09-08,19:30:00,Thursday,Wigan,E08000010,Urban,53.489185,-2.523044,E01006299,39.58575581,40,872,104,429,266,73,1039,116,80,145,163,54,19,2,7,302,151,13.68264743,1935,141.42,284,291,156,112,22,6,1,0,302,0,1,32,4,2,594,42,8,42,12,7.949803263,5.6e-6,0,14,7,7531.701586,2.717351975
06L021594,2016,Slight,Male,36 - 45,0,0,Urban area,Less deprived 10-20%,9,2,1,Single carriageway,30,0,Daylight,0,0,0,Non-trunk,0,0,0,0,Neither,Front,2016-10-06,17:30:00,Thursday,Wigan,E08000010,Urban,53.476652,-2.551578,E01006302,41.0585723,44,777,69,332,282,94,1018,66,120,143,176,59,23,6,9,265,151,18.71685027,1835,98.04,199,291,146,106,29,8,2,0,265,0,4,18,2,5,609,53,5,49,6,0.185752532,1.92e-7,0,6,4,8191.664719,1.59860768
06L023441,2016,Slight,Male,26 - 35,0,0,Urban area,More deprived 10-20%,2,2,1,Single carriageway,30,0,Daylight,0,0,0,Non-trunk,0,0,0,0,Neither,Front,2016-11-23,14:00:00,Wednesday,Wigan,E08000010,Rural,53.524623,-2.596941,E01006213,34.80106888,34,700,245,294,131,30,629,76,132,98,84,36,7,4,7,71,114,8.246584255,1521,184.44,269,192,131,75,22,8,1,1,71,1,4,41,12,2,376,57,12,43,10,3.099041628,1.69e-6,0,22,10,4174.704786,2.493162362
06M010915,2016,Slight,Male,11 - 15,1,0,Urban area,Most deprived 10%,1,2,1,Single carriageway,30,0,Darkness - lights lit,0,0,0,Non-trunk,0,0,0,0,Neither,Front,2016-01-14,18:18:00,Thursday,Trafford,E08000009,Urban,53.428504,-2.34436,E01006170,41.62813102,43,675,113,284,235,43,772,69,109,105,58,5,6,6,5,332,77,11.32555673,1602,141.45,200,217,112,114,29,3,2,0,332,8,2,8,5,3,336,25,9,43,3,3.119590435,2.21e-6,0,4,0,4694.589564,4.326460188
06M011048,2016,Slight,Male,21 - 25,0,0,Urban area,Most deprived 10%,1,2,1,Single carriageway,30,0,Daylight,0,0,0,Non-trunk,0,0,0,0,Neither,Front,2016-01-13,12:50:00,Wednesday,Trafford,E08000009,Urban,53.417098,-2.324843,E01006097,42.41354541,42,823,151,427,191,54,823,53,79,131,41,19,11,7,6,407,69,41.13311838,1786,43.42,322,271,90,99,36,5,1,1,407,41,2,6,2,2,292,15,12,34,7,1.35933469,3.11e-6,1,18,20,7987.158704,2.400165659
06M012717,2016,Severe/Fatal,Female,66 - 75,0,1,Urban area,Less deprived 30-40%,7,2,1,Single carriageway,30,0,Daylight,0,0,0,Non-trunk,1,0,0,0,Neither,Front,2016-02-28,09:05:00,Sunday,Trafford,E08000009,Urban,53.452598,-2.389806,E01006130,41.38290598,43,740,100,300,263,77,915,57,101,131,111,23,6,5,11,358,112,61.8629174,1760,28.45,210,245,135,112,31,7,4,0,358,4,4,16,3,2,438,29,16,38,6,0,0,0,4,4,3143.784119,0.793687723
06M013531,2016,Slight,Male,36 - 45,0,0,Urban area,Least deprived 10%,10,2,1,Dual carriageway,30,1,Daylight,0,0,0,Non-trunk,0,1,0,0,Neither,Front,2016-03-15,14:58:00,Tuesday,Trafford,E08000009,Urban,53.462801,-2.272714,E01006188,33.36680449,33,786,261,398,95,32,1039,98,217,118,56,17,7,10,4,423,89,32.96885355,1990,60.36,252,230,122,88,43,36,10,6,423,79,10,39,13,1,317,27,50,67,12,1.221111968,2.01e-6,1,21,11,12494.09906,5.466714416
06M013721,2016,Slight,Male,11 - 15,1,0,Urban area,Least deprived 10%,10,2,1,Dual carriageway,30,0,Daylight,1,1,0,Non-trunk,0,1,0,0,Neither,Front,2016-03-01,08:35:00,Tuesday,Trafford,E08000009,Urban,53.41027,-2.342648,E01006094,41.73934837,44,594,53,232,253,56,732,48,88,87,72,16,4,10,7,326,74,62.47077163,1603,25.66,141,162,102,133,37,16,1,1,326,4,3,12,3,2,331,16,3,27,6,0.043480237,1.71e-7,0,6,1,4547.544638,0.860687397
06M014031,2016,Slight,Male,46 - 55,0,0,Urban area,Least deprived 10%,10,2,1,Single carriageway,30,0,Daylight,0,0,0,Non-trunk,0,0,0,0,Neither,Offside,2016-03-05,13:35:00,Saturday,Trafford,E08000009,Rural,53.418487,-2.428721,E01006104,43.7041972,48,750,129,346,218,57,804,62,45,212,126,17,3,4,5,197,133,30.63373888,1687,55.07,249,262,119,71,36,12,0,1,197,6,1,34,3,7,458,33,14,44,6,0.884203369,1.63e-6,0,19,3,5678.847075,1.788474301
06M014490,2016,Slight,Male,16 - 20,1,0,Urban area,Less deprived 40-50%,6,2,1,Single carriageway,40,1,Daylight,0,0,0,Non-trunk,0,0,0,0,Neither,Front,2016-04-15,10:27:00,Friday,Trafford,E08000009,Urban,53.463053,-2.336204,E01006121,41.53514589,45,597,78,306,168,45,694,117,98,119,51,5,1,8,5,189,101,2.647166362,1448,547,136,224,127,84,25,3,0,0,189,7,3,29,10,4,357,24,21,44,6,19.54034386,3.58e-6,2,112,117,31815.02923,18.20887304
06M014627,2016,Slight,Male,16 - 20,1,0,Urban area,More deprived 20-30%,3,2,1,Single carriageway,30,0,Daylight,0,0,0,Non-trunk,0,1,0,0,Neither,Front,2016-04-15,08:42:00,Friday,Trafford,E08000009,Urban,53.451756,-2.35414,E01006198,44.55354752,46,701,217,301,144,39,744,93,92,113,55,13,4,6,8,282,78,48.84731039,1462,29.93,295,214,93,75,21,0,1,0,282,6,15,24,9,0,301,24,21,59,4,0.302616198,1e-6,0,10,21,3242.005554,1.248517126
06M016071,2016,Slight,Male,26 - 35,0,0,Urban area,More deprived 30-40%,4,2,1,Single carriageway,30,0,Daylight,0,0,0,Non-trunk,0,0,0,0,Neither,Nearside,2016-05-23,07:45:00,Monday,Trafford,E08000009,Urban,53.445423,-2.324246,E01006184,41.05225125,41,753,210,315,165,63,767,57,153,139,54,7,5,5,9,235,103,11.55782313,1699,147,283,224,102,93,34,15,4,0,235,9,3,49,6,4,375,21,21,36,5,4.849983879,3.32e-6,0,8,8,4984.059848,3.231423962
06M016217,2016,Slight,Male,26 - 35,0,0,Urban area,More deprived 20-30%,3,2,1,Roundabout,30,0,Daylight,1,1,0,Non-trunk,0,0,0,0,Neither,Nearside,2016-05-25,17:20:00,Wednesday,Trafford,E08000009,Urban,53.417666,-2.310448,E01006099,40.37788018,42,548,75,265,158,50,669,51,67,103,44,6,6,3,8,301,80,42.28680933,1324,31.31,157,167,99,100,13,8,2,0,301,16,2,14,4,1,262,17,13,33,6,0.312194774,9.85e-7,0,17,17,4889.269318,0.913651191
06M016305,2016,Slight,Male,11 - 15,1,0,Urban area,More deprived 40-50%,5,2,1,Single carriageway,30,0,Daylight,0,0,0,Non-trunk,0,0,0,0,Neither,Front,2016-05-14,17:10:00,Saturday,Trafford,E08000009,Urban,53.457361,-2.288734,E01006145,36.39518196,36,806,284,351,142,29,884,108,201,109,42,7,7,7,12,264,127,30.72659176,2051,66.75,249,231,135,92,57,23,10,8,264,68,9,62,8,2,337,20,34,70,9,2.501914564,3.73e-6,2,27,23,5594.826901,4.913355556
06M016891,2016,Severe/Fatal,Male,26 - 35,0,0,Urban area,Most deprived 10%,1,2,1,Single carriageway,40,1,Daylight,0,0,0,Non-trunk,1,0,0,0,Neither,Back,2016-06-07,20:35:00,Tuesday,Trafford,E08000009,Urban,53.39215,-2.323014,E01006205,45.46205357,48,551,57,215,210,69,614,48,91,67,69,10,3,5,5,261,55,52.8554549,1342,25.39,152,182,85,99,25,7,0,1,261,6,3,5,3,1,277,22,10,20,6,1.981380794,7.87e-6,0,5,4,3151.799278,1.431576337
06M016899,2016,Slight,Male,26 - 35,0,0,Urban area,More deprived 30-40%,4,2,1,Dual carriageway,40,0,Daylight,0,0,0,Non-trunk,0,1,0,0,Neither,Nearside,2016-06-06,18:30:00,Monday,Trafford,E08000009,Urban,53.449587,-2.30279,E01006144,39.59444048,39,692,303,294,82,13,607,41,125,114,26,9,1,1,6,221,63,20.96188748,1386,66.12,297,231,83,48,20,11,2,0,221,34,0,43,8,2,189,23,37,45,5,6.033005005,9.13e-6,0,11,14,10926.19162,3.855032581
06M016909,2016,Slight,Male,66 - 75,0,1,Urban area,Less deprived 10-20%,9,2,1,Single carriageway,30,0,Daylight,0,0,0,Non-trunk,0,0,0,0,Neither,Front,2016-06-02,09:31:00,Thursday,Trafford,E08000009,Urban,53.379057,-2.347132,E01006082,45.13277007,49,674,70,278,244,82,681,48,38,39,96,17,7,8,4,378,46,16.96105072,1498,88.32,216,264,79,76,31,7,0,1,378,9,6,2,3,1,215,12,11,40,3,0.006413405,7.24e-9,1,17,9,8935.715676,2.029714886
06M017178,2016,Slight,Male,36 - 45,0,0,Urban area,More deprived 30-40%,4,2,1,Roundabout,30,0,Daylight,1,1,0,Non-trunk,0,0,0,0,Neither,Nearside,2016-06-12,11:00:00,Sunday,Trafford,E08000009,Urban,53.450669,-2.31888,E01006182,38.94886731,40,587,66,249,211,61,798,52,135,142,54,11,5,6,5,279,109,65.07293355,1606,24.68,120,191,103,101,45,17,4,4,279,13,2,26,7,1,394,21,19,26,5,0,0,0,2,4,3305.98873,0.645758075
06M017434,2016,Slight,Male,36 - 45,0,0,Urban area,Less deprived 10-20%,9,2,1,Dual carriageway,30,0,Daylight,0,0,0,Non-trunk,0,1,0,0,Neither,Front,2016-06-24,09:10:00,Friday,Trafford,E08000009,Urban,53.45237,-2.300596,E01006189,35.9726087,36,930,207,478,204,41,1148,95,222,170,73,13,11,6,8,410,140,79.69873331,2328,29.21,250,297,179,123,53,22,5,2,410,29,13,37,15,4,463,34,47,79,17,0.494975333,1.68e-6,1,6,3,6496.87628,1.042809096
06M017949,2016,Slight,Male,26 - 35,0,0,Urban area,Most deprived 10%,1,2,1,Single carriageway,30,0,Daylight,0,1,0,Non-trunk,0,0,0,0,Neither,Front,2016-07-07,19:30:00,Thursday,Trafford,E08000009,Urban,53.445423,-2.324231,E01006184,41.05225125,41,753,210,315,165,63,767,57,153,139,54,7,5,5,9,235,103,11.55782313,1699,147,283,224,102,93,34,15,4,0,235,9,3,49,6,4,375,21,21,36,5,4.849983879,3.32e-6,0,8,8,4984.059848,3.231423962
06M018022,2016,Slight,Male,26 - 35,0,0,Urban area,Most deprived 10%,1,2,1,Single carriageway,40,0,Daylight,0,0,0,Non-trunk,0,0,0,0,Neither,Front,2016-07-06,06:30:00,Wednesday,Trafford,E08000009,Urban,53.462196,-2.333998,E01006158,37.94370284,38,788,225,381,140,42,805,94,134,121,65,8,3,3,3,247,127,19.17342688,1749,91.22,287,245,121,86,36,10,2,3,247,9,4,51,15,2,362,41,22,47,10,2.849947737,3.12e-6,0,11,5,11075.2091,4.247244126
06M018705,2016,Slight,Male,26 - 35,0,0,Urban area,Least deprived 10%,10,2,1,Dual carriageway,30,0,Daylight,0,0,0,Non-trunk,0,0,0,0,Neither,Offside,2016-07-30,13:10:00,Saturday,Trafford,E08000009,Urban,53.411515,-2.341229,E01006094,41.73934837,44,594,53,232,253,56,732,48,88,87,72,16,4,10,7,326,74,62.47077163,1603,25.66,141,162,102,133,37,16,1,1,326,4,3,12,3,2,331,16,3,27,6,0.043480237,1.71e-7,0,6,1,4547.544638,0.860687397
06M018878,2016,Severe/Fatal,Male,Over 75,0,1,Urban area,More deprived 20-30%,3,2,1,Single carriageway,30,0,Daylight,0,1,0,Non-trunk,0,0,0,0,Neither,Nearside,2016-07-28,16:14:00,Thursday,Trafford,E08000009,Urban,53.454861,-2.274004,E01006114,36.39344262,36,569,160,232,128,49,679,61,148,94,21,10,5,10,4,252,74,73.930131,1693,22.9,158,129,72,100,48,36,15,11,252,21,3,25,12,3,275,22,18,39,9,0.9162681,3.98e-6,0,7,9,3427.175048,1.282190226
06M019622,2016,Slight,Male,36 - 45,0,0,Urban area,Most deprived 10%,1,2,1,Single carriageway,30,0,Daylight,0,0,0,Non-trunk,0,1,0,0,Neither,Front,2016-08-15,18:30:00,Monday,Trafford,E08000009,Urban,53.412354,-2.320549,E01006097,42.41354541,42,823,151,427,191,54,823,53,79,131,41,19,11,7,6,407,69,41.13311838,1786,43.42,322,271,90,99,36,5,1,1,407,41,2,6,2,2,292,15,12,34,7,1.35933469,3.11e-6,1,18,20,7987.158704,2.400165659
06M020225,2016,Slight,Male,21 - 25,0,0,Urban area,More deprived 20-30%,3,2,1,Single carriageway,30,0,Daylight,0,0,0,Non-trunk,0,0,0,0,Neither,Front,2016-08-26,18:58:00,Friday,Trafford,E08000009,Urban,53.431902,-2.318318,E01006154,36.1617743,38,661,80,339,203,39,896,57,88,151,58,19,8,7,4,413,91,42.51592357,1602,37.68,194,197,105,129,29,5,1,0,413,27,2,6,1,0,344,26,25,43,4,0.292567599,7.72e-7,0,9,3,4666.727184,2.497145124
06M020511,2016,Slight,Female,26 - 35,0,0,Urban area,More deprived 30-40%,4,2,1,Single carriageway,30,0,Daylight,0,0,0,Non-trunk,0,0,0,0,Neither,Offside,2016-09-09,08:25:00,Friday,Trafford,E08000009,Urban,53.450188,-2.310263,E01006181,38.1040146,38,652,143,289,172,48,818,64,150,115,50,6,3,7,13,316,94,70.0923324,1746,24.91,181,178,106,97,57,26,5,3,316,15,1,37,8,3,334,33,22,38,11,0.322106496,1.29e-6,0,11,4,5377.243395,2.023120915
06M020566,2016,Slight,Male,11 - 15,1,0,Urban area,Less deprived 20-30%,8,2,1,Dual carriageway,30,0,Daylight,0,0,0,Non-trunk,0,0,0,0,Neither,Front,2016-09-07,20:30:00,Wednesday,Trafford,E08000009,Urban,53.39857,-2.335425,E01006093,40.68965517,43,619,76,279,212,52,779,69,79,78,59,13,6,5,5,388,77,61.49818768,1527,24.83,154,209,113,111,25,7,0,0,388,22,0,1,3,1,289,17,11,41,6,0,0,0,9,1,3960.046175,0.666623969
06M020812,2016,Slight,Male,46 - 55,0,0,Urban area,Least deprived 10%,10,2,1,Single carriageway,30,0,Daylight,0,0,0,Non-trunk,0,0,0,0,Neither,Offside,2016-09-23,08:15:00,Friday,Trafford,E08000009,Urban,53.459939,-2.253794,E01006109,36.92537313,40,533,277,207,44,5,430,53,100,56,27,9,4,5,5,91,80,60.05235602,1147,19.1,286,102,52,49,23,10,5,7,91,5,6,61,6,1,159,13,17,61,9,0.440373874,2.3e-6,0,4,7,2973.813118,0.950915196
06M021632,2016,Slight,Male,21 - 25,0,0,Urban area,More deprived 30-40%,4,2,1,Single carriageway,30,0,Daylight,0,0,0,Non-trunk,0,0,0,0,Neither,Front,2016-10-12,13:30:00,Wednesday,Trafford,E08000009,Urban,53.460173,-2.258148,E01006109,36.92537313,40,533,277,207,44,5,430,53,100,56,27,9,4,5,5,91,80,60.05235602,1147,19.1,286,102,52,49,23,10,5,7,91,5,6,61,6,1,159,13,17,61,9,0.440373874,2.3e-6,0,4,7,2973.813118,0.950915196
06M022548,2016,Slight,Male,11 - 15,1,0,Urban area,More deprived 40-50%,5,2,1,Single carriageway,30,1,Darkness - no lighting,0,0,0,Non-trunk,0,0,0,0,Neither,Front,2016-10-31,17:39:00,Monday,Trafford,E08000009,Urban,53.455433,-2.332002,E01006159,34.0400641,35,706,171,350,152,33,817,90,159,144,49,12,6,4,2,239,112,60.73858115,1875,30.87,182,203,120,118,57,16,6,4,239,13,3,47,16,1,387,31,26,43,8,0.401337337,1.33e-6,1,11,6,4366.089061,1.23656989
06M023218,2016,Severe/Fatal,Male,36 - 45,0,0,Small town,Least deprived 10%,10,2,1,Single carriageway,30,0,Daylight,1,1,0,Non-trunk,0,1,0,0,Neither,Nearside,2016-11-14,07:45:00,Monday,Trafford,E08000009,Rural,53.414326,-2.430875,E01006104,43.7041972,48,750,129,346,218,57,804,62,45,212,126,17,3,4,5,197,133,30.63373888,1687,55.07,249,262,119,71,36,12,0,1,197,6,1,34,3,7,458,33,14,44,6,0.884203369,1.63e-6,0,19,3,5678.847075,1.788474301
06M023810,2016,Slight,Male,11 - 15,1,0,Urban area,More deprived 20-30%,3,2,1,Single carriageway,30,0,Daylight,0,0,0,Non-trunk,1,0,0,0,Neither,Offside,2016-11-16,07:50:00,Wednesday,Trafford,E08000009,Urban,53.42949,-2.354572,E01006171,37.51131971,38,766,190,346,184,46,828,59,170,166,57,11,5,6,9,227,118,64.4983462,1755,27.21,263,211,151,96,40,2,3,0,227,14,1,31,6,2,421,33,25,51,14,9.54116e-4,3.52e-9,0,12,7,4438.67835,0.872031479
06M023861,2016,Severe/Fatal,Male,11 - 15,1,0,Urban area,Least deprived 10%,10,2,1,Single carriageway,30,0,Darkness - lights lit,1,1,0,Non-trunk,0,0,0,0,Neither,Front,2016-11-21,06:50:00,Monday,Trafford,E08000009,Urban,53.391924,-2.333298,E01006191,42.73745174,45,643,60,273,230,80,810,70,84,81,84,18,9,2,4,386,72,46.92307692,1708,36.4,135,206,106,154,40,7,1,0,386,19,0,4,2,0,326,19,11,32,8,0.206259836,5.69e-7,0,8,9,3998.674721,0.380260123
06M024314,2016,Slight,Male,46 - 55,0,0,Urban area,Less deprived 20-30%,8,2,1,Single carriageway,30,1,Darkness - lights lit,0,0,0,Non-trunk,0,0,0,0,Neither,Did not impact,2016-12-03,01:45:00,Saturday,Trafford,E08000009,Rural,53.43199,-2.397053,E01006107,41.79125897,43,700,169,311,164,56,677,54,62,150,103,15,8,1,6,166,112,1.597050366,1594,998.09,257,194,115,85,31,15,1,1,166,7,2,41,4,2,378,26,11,39,2,7.383291395,7.39e-7,0,46,2,10060.30071,12.54667501
06M024957,2016,Slight,Male,11 - 15,1,0,Urban area,Less deprived 10-20%,9,2,1,Roundabout,30,0,Daylight,0,0,0,Non-trunk,0,0,0,0,Neither,Front,2016-12-02,13:00:00,Friday,Trafford,E08000009,Urban,53.457447,-2.356838,E01006118,41.65563808,43,668,150,305,158,55,706,87,82,127,58,4,6,1,5,256,80,39.0491453,1462,37.44,249,198,109,88,19,5,3,0,256,5,2,29,4,1,329,16,8,50,9,0.794491674,2.13e-6,0,9,4,6020.637123,1.25658874
06M025031,2016,Slight,Female,21 - 25,0,0,Urban area,More deprived 40-50%,5,2,1,Roundabout,30,0,Daylight,1,0,0,Non-trunk,0,0,0,0,Neither,Offside,2016-12-19,14:20:00,Monday,Trafford,E08000009,Urban,53.468056,-2.324554,E01006158,37.94370284,38,788,225,381,140,42,805,94,134,121,65,8,3,3,3,247,127,19.17342688,1749,91.22,287,245,121,86,36,10,2,3,247,9,4,51,15,2,362,41,22,47,10,2.849947737,3.12e-6,0,11,5,11075.2091,4.247244126
06M025076,2016,Slight,Female,56 - 65,0,0,Urban area,Less deprived 10-20%,9,2,1,Single carriageway,30,0,Daylight,0,1,0,Non-trunk,0,0,0,0,Neither,Front,2016-12-22,10:20:00,Thursday,Trafford,E08000009,Urban,53.394643,-2.350357,E01006080,40.82779456,41,828,141,408,248,31,991,128,65,78,97,26,13,8,10,487,79,63.79254457,1968,30.85,242,273,152,129,18,9,3,0,487,28,4,5,2,1,335,6,18,96,11,0.738861944,2.44e-6,0,10,6,4879.327124,1.528839308
06N013959,2016,Severe/Fatal,Male,Over 75,0,1,Urban area,Less deprived 10-20%,9,1,1,Single carriageway,30,1,Daylight,0,0,0,Non-trunk,0,0,1,0,In carriageway,Front,2016-03-05,12:20:00,Saturday,Bury,E08000002,Urban,53.645615,-2.307521,E01005017,40.0210463,43,774,129,292,277,76,961,70,37,176,161,39,13,6,15,339,105,15.50747908,1835,118.33,209,258,159,117,23,6,2,0,339,7,0,21,6,5,480,36,6,53,9,1.914669223,1.61e-6,0,19,0,6823.129753,5.436366216
06N014002,2016,Slight,Male,11 - 15,1,0,Urban area,More deprived 20-30%,3,2,1,Single carriageway,30,0,Daylight,0,0,0,Non-trunk,0,0,0,0,Neither,Back,2016-03-15,16:40:00,Tuesday,Bury,E08000002,Urban,53.608181,-2.29218,E01004976,41.21244209,42,640,168,289,149,34,623,92,114,67,88,14,3,3,3,137,102,47.22052535,1546,32.74,196,219,104,57,40,13,5,8,137,8,1,17,13,2,337,43,7,48,12,0.113851166,3.45e-7,0,11,0,1216.12918,0.997714846
06N017215,2016,Severe/Fatal,Male,36 - 45,0,0,Urban area,Less deprived 20-30%,8,2,1,Single carriageway,30,0,Daylight,0,0,0,Non-trunk,0,0,0,0,Neither,Front,2016-06-16,08:18:00,Thursday,Bury,E08000002,Urban,53.585277,-2.299907,E01005027,36.32961783,36,688,220,320,114,34,806,166,102,80,91,22,3,5,9,209,119,27.09940329,1862,68.71,241,170,104,64,45,42,12,9,209,16,5,55,10,2,356,27,9,105,13,2.437379298,3.58e-6,1,94,58,8208.050915,3.723106631
06N017473,2016,Severe/Fatal,Male,46 - 55,0,0,Urban area,Less deprived 30-40%,7,2,1,Single carriageway,30,0,Daylight,0,0,0,Non-trunk,0,0,0,0,Neither,Front,2016-07-04,07:52:00,Monday,Bury,E08000002,Rural,53.598648,-2.30857,E01004964,37.30984456,35,839,233,410,160,36,932,168,116,106,141,25,2,4,5,237,128,46.26530102,1852,40.03,315,267,137,85,24,10,1,2,237,20,1,35,26,0,453,43,15,93,8,2.249194312,5.61e-6,0,16,4,8346.767417,2.182492503
06N017605,2016,Severe/Fatal,Male,46 - 55,0,0,Urban area,More deprived 30-40%,4,2,1,Single carriageway,30,0,Daylight,0,0,0,Non-trunk,0,0,0,0,Neither,Front,2016-06-17,17:15:00,Friday,Bury,E08000002,Urban,53.535683,-2.287215,E01005034,41.68431122,43,714,120,342,202,50,866,61,54,150,85,10,10,10,6,392,88,27.73044152,1790,64.55,227,243,105,98,34,6,4,0,392,32,5,12,7,2,348,16,8,35,6,0.562743427,8.63e-7,0,18,1,8806.705533,3.202802623
06N017653,2016,Slight,Male,56 - 65,0,0,Urban area,Most deprived 10%,1,2,1,Single carriageway,30,0,Daylight,0,0,0,Non-trunk,0,0,0,0,Neither,Front,2016-06-27,18:15:00,Monday,Bury,E08000002,Urban,53.536439,-2.27109,E01004973,39.61848958,39,652,121,321,168,42,837,55,69,161,73,15,2,3,7,354,98,73.21005216,1544,21.09,179,228,118,94,22,6,3,1,354,24,6,29,8,0,339,34,12,31,5,0.276114086,1.3e-6,0,7,4,4114.092487,0.72406147
06N017978,2016,Slight,Male,16 - 20,1,0,Urban area,More deprived 30-40%,4,2,1,Single carriageway,30,0,Daylight,0,0,0,Non-trunk,0,1,0,0,Neither,Front,2016-07-04,19:40:00,Monday,Bury,E08000002,Urban,53.573448,-2.296305,E01005060,41.1982808,42,735,120,335,225,55,793,81,142,122,102,19,4,2,6,201,114,18.85397412,1734,91.97,240,242,105,91,29,19,4,5,201,6,0,29,9,1,476,31,8,31,3,1.206247924,1.31e-6,0,10,7,2470.341764,3.337402941
06N019340,2016,Slight,Male,6 - 10,1,0,Urban area,More deprived 30-40%,4,2,1,Single carriageway,20,0,Daylight,0,0,0,Non-trunk,0,0,0,0,Neither,Nearside,2016-08-01,19:59:00,Monday,Bury,E08000002,Urban,53.597076,-2.314965,E01004964,37.30984456,35,839,233,410,160,36,932,168,116,106,141,25,2,4,5,237,128,46.26530102,1852,40.03,315,267,137,85,24,10,1,2,237,20,1,35,26,0,453,43,15,93,8,2.249194312,5.61e-6,0,16,4,8346.767417,2.182492503
06N019390,2016,Slight,Male,6 - 10,1,0,Urban area,More deprived 10-20%,2,2,1,Single carriageway,30,1,Daylight,0,0,0,Non-trunk,0,0,0,0,Neither,Nearside,2016-07-30,10:49:00,Saturday,Bury,E08000002,Urban,53.578529,-2.306037,E01005030,38.78735276,39,788,285,341,135,27,665,117,143,74,84,16,1,5,2,112,111,46.10221993,1786,38.74,333,198,109,75,34,22,11,8,112,11,2,34,18,3,360,45,10,66,5,0.863712111,2.26e-6,0,9,5,3045.740295,1.41842466
06N020059,2016,Slight,Male,26 - 35,0,0,Urban area,Less deprived 20-30%,8,2,1,Single carriageway,30,0,Daylight,0,0,0,Non-trunk,0,0,0,0,Neither,Back,2016-08-23,07:10:00,Tuesday,Bury,E08000002,Urban,53.520185,-2.272525,E01005044,26.43204134,19,476,112,243,97,24,688,265,86,72,28,1,2,5,5,129,95,136.3888889,1964,14.4,106,78,49,48,45,51,41,57,129,7,0,40,4,1,295,49,4,152,10,0.294659898,2.06e-6,0,9,17,3242.027588,0.278095451
06N020431,2016,Severe/Fatal,Male,56 - 65,0,0,Urban area,Less deprived 30-40%,7,2,1,Single carriageway,40,1,Daylight,0,0,0,Non-trunk,0,0,0,0,Neither,Front,2016-09-01,07:30:00,Thursday,Bury,E08000002,Urban,53.626313,-2.298505,E01004981,45.43551654,49,622,94,252,214,62,663,21,132,92,102,26,6,2,6,183,93,5.636175671,1472,261.17,183,231,100,76,18,13,1,1,183,5,2,29,4,2,390,23,5,14,5,3.044593097,1.17e-6,0,44,1,6130.728432,4.038345656
06N020569,2016,Slight,Male,46 - 55,0,0,Urban area,Most deprived 10%,1,2,1,Dual carriageway,30,1,Daylight,0,0,0,Non-trunk,1,0,0,0,Neither,Back,2016-09-12,07:40:00,Monday,Bury,E08000002,Urban,53.594862,-2.298781,E01004979,33.39668002,33,672,288,277,73,34,645,125,99,78,72,16,1,1,4,103,146,26.72172246,1812,67.81,219,172,100,86,47,24,13,11,103,15,0,62,25,4,283,31,18,96,7,3.709052585,5.41e-6,0,18,7,8525.636023,2.386652566
06N020842,2016,Slight,Male,26 - 35,0,0,Urban area,Less deprived 10-20%,9,2,1,Single carriageway,30,0,Daylight,0,0,0,Non-trunk,0,0,0,0,Neither,Front,2016-09-21,19:13:00,Wednesday,Bury,E08000002,Urban,53.5769,-2.300029,E01005030,38.78735276,39,788,285,341,135,27,665,117,143,74,84,16,1,5,2,112,111,46.10221993,1786,38.74,333,198,109,75,34,22,11,8,112,11,2,34,18,3,360,45,10,66,5,0.863712111,2.26e-6,0,9,5,3045.740295,1.41842466
06N023152,2016,Slight,Male,56 - 65,0,0,Urban area,More deprived 10-20%,2,2,1,Single carriageway,30,0,Darkness - lights lit,1,1,0,Non-trunk,0,0,0,0,Neither,Front,2016-11-10,17:20:00,Thursday,Bury,E08000002,Urban,53.601705,-2.290261,E01004979,33.39668002,33,672,288,277,73,34,645,125,99,78,72,16,1,1,4,103,146,26.72172246,1812,67.81,219,172,100,86,47,24,13,11,103,15,0,62,25,4,283,31,18,96,7,3.709052585,5.41e-6,0,18,7,8525.636023,2.386652566
06N023743,2016,Slight,Male,36 - 45,0,0,Urban area,Less deprived 20-30%,8,2,1,Dual carriageway,30,0,Darkness - lights lit,0,0,0,Non-trunk,0,0,0,0,Neither,Did not impact,2016-11-24,17:10:00,Thursday,Bury,E08000002,Urban,53.594689,-2.306728,E01005027,36.32961783,36,688,220,320,114,34,806,166,102,80,91,22,3,5,9,209,119,27.09940329,1862,68.71,241,170,104,64,45,42,12,9,209,16,5,55,10,2,356,27,9,105,13,2.437379298,3.58e-6,1,94,58,8208.050915,3.723106631
06P011376,2016,Slight,Female,36 - 45,0,0,Urban area,More deprived 20-30%,3,2,1,Single carriageway,30,0,Daylight,1,1,0,Non-trunk,0,0,0,0,Neither,Front,2016-01-07,09:00:00,Thursday,Rochdale,E08000005,Urban,53.625092,-2.15596,E01005580,32.31066823,32,574,161,279,103,31,611,131,112,70,48,26,8,3,1,99,113,39.32664756,1647,41.88,154,157,91,77,41,31,16,11,99,9,7,21,18,0,332,37,5,70,12,1.012406557,2.41e-6,0,15,5,4697.528613,0.914049919
06P011779,2016,Slight,Male,46 - 55,0,0,Urban area,More deprived 30-40%,4,2,1,Dual carriageway,30,0,Darkness - lights lit,1,1,0,Non-trunk,1,0,0,0,Neither,Back,2016-02-03,06:30:00,Wednesday,Rochdale,E08000005,Urban,53.598879,-2.164053,E01005471,31.70821992,31,568,180,247,118,23,554,142,89,73,59,16,6,2,10,72,85,42.07392707,1696,40.31,147,122,93,89,67,28,19,4,72,9,16,25,18,0,308,33,5,64,5,0.780962804,1.95e-6,0,11,4,7486.263708,1.239641401
06P012890,2016,Severe/Fatal,Male,46 - 55,0,0,Urban area,Most deprived 10%,1,2,1,Single carriageway,30,0,Darkness - lights lit,0,1,0,Non-trunk,0,0,0,0,Neither,Nearside,2016-03-07,20:35:00,Monday,Rochdale,E08000005,Urban,53.62449,-2.155806,E01005580,32.31066823,32,574,161,279,103,31,611,131,112,70,48,26,8,3,1,99,113,39.32664756,1647,41.88,154,157,91,77,41,31,16,11,99,9,7,21,18,0,332,37,5,70,12,1.012406557,2.41e-6,0,15,5,4697.528613,0.914049919
06P014734,2016,Slight,Male,16 - 20,1,0,Urban area,Most deprived 10%,1,2,1,Single carriageway,20,0,Daylight,0,0,0,Non-trunk,1,0,0,0,Neither,Offside,2016-04-22,16:31:00,Friday,Rochdale,E08000005,Urban,53.557929,-2.209681,E01005527,37.36596737,36,827,297,338,171,21,879,87,121,197,118,26,7,4,15,171,133,47.83921933,2059,43.04,248,247,142,118,45,21,3,2,171,3,6,105,24,0,452,49,6,62,11,0.098273002,2.29e-7,0,6,1,3881.811833,1.292189008
06P015006,2016,Slight,Male,46 - 55,0,0,Urban area,Most deprived 10%,1,2,1,Dual carriageway,40,0,Daylight,0,0,0,Non-trunk,1,0,0,0,Neither,Back,2016-04-19,06:50:00,Tuesday,Rochdale,E08000005,Urban,53.620022,-2.155986,E01005482,37.10735294,37,892,592,245,46,9,466,106,82,72,29,22,2,9,3,61,80,19.3657456,1661,85.77,557,167,62,41,33,20,8,4,61,19,7,58,9,2,173,35,7,87,7,1.729367569,2e-6,2,112,64,11838.92862,5.081785544
06P015376,2016,Slight,Male,21 - 25,0,0,Rural,More deprived 40-50%,5,2,1,Single carriageway,30,0,Daylight,0,0,0,Non-trunk,0,0,0,0,Neither,Offside,2016-04-25,11:05:00,Monday,Rochdale,E08000005,Urban,53.635593,-2.167175,E01005491,43.39631651,46,684,170,315,162,37,654,89,144,93,63,21,7,3,3,127,104,28.3682339,1436,50.62,269,219,101,66,25,2,0,3,127,2,7,26,9,0,388,37,3,51,4,0.520046892,1.03e-6,0,19,2,3878.222256,0.897095603
06P017770,2016,Slight,Male,46 - 55,0,0,Urban area,Less deprived 20-30%,8,2,1,Single carriageway,30,0,Daylight,0,0,0,Non-trunk,0,1,0,0,Neither,Nearside,2016-06-29,18:25:00,Wednesday,Rochdale,E08000005,Rural,53.565161,-2.22628,E01005554,39.61016949,40,878,125,381,308,64,1118,39,154,265,145,26,13,10,15,289,162,6.87227196,2157,313.87,233,279,185,129,34,5,8,3,289,3,2,65,15,3,656,44,10,24,8,5.415541857,1.72e-6,0,24,0,12816.83698,7.223836561
06P017915,2016,Severe/Fatal,Male,46 - 55,0,0,Urban area,More deprived 40-50%,5,2,1,Single carriageway,60,1,Daylight,1,1,0,Non-trunk,1,0,0,0,Neither,Front,2016-07-07,15:50:00,Thursday,Rochdale,E08000005,Rural,53.60426,-2.079308,E01005561,43.44160584,47,649,87,312,204,46,730,33,98,153,90,30,17,2,5,187,115,1.185737559,1412,1190.82,206,258,98,65,15,6,1,0,187,25,2,5,2,2,440,28,7,29,6,13.30626753,1.12e-6,1,18,0,2333.724174,8.747373355
06P017948,2016,Severe/Fatal,Male,26 - 35,0,0,Urban area,More deprived 30-40%,4,2,1,Slip road,40,0,Daylight,0,0,0,Non-trunk,0,0,0,0,Neither,Nearside,2016-07-06,17:00:00,Wednesday,Rochdale,E08000005,Rural,53.57716,-2.206922,E01005508,42.05852417,46,785,60,295,314,116,956,70,108,204,109,24,14,17,11,280,119,4.624317253,2015,435.74,172,274,148,135,35,12,4,3,280,5,5,16,4,2,571,40,3,26,6,1.634337451,3.75e-7,0,20,2,10756.73202,7.643477637
06P019058,2016,Severe/Fatal,Male,16 - 20,1,0,Urban area,More deprived 40-50%,5,2,1,Single carriageway,30,1,Daylight,0,0,1,Non-trunk,0,0,0,0,Neither,Back,2016-07-31,20:20:00,Sunday,Rochdale,E08000005,Urban,53.615665,-2.179688,E01005592,36.73305589,36,612,182,251,142,37,594,93,109,93,49,26,7,8,7,92,110,23.95087001,1638,68.39,194,165,85,75,38,34,12,6,92,6,7,31,16,2,342,44,5,41,8,0.958152493,1.41e-6,0,15,4,3894.793566,1.223042546
06P019094,2016,Slight,Male,46 - 55,0,0,Urban area,Most deprived 10%,1,2,1,Roundabout,30,0,Daylight,0,0,0,Non-trunk,0,0,0,0,Neither,Front,2016-07-31,11:40:00,Sunday,Rochdale,E08000005,Rural,53.633567,-2.133987,E01005595,42.89785344,46,747,344,293,89,21,493,57,143,55,46,24,9,4,4,80,71,60.03616637,1328,22.12,430,164,84,45,10,12,3,0,80,1,5,28,22,2,265,34,7,47,3,0.100476896,4.51e-7,0,14,4,2029.091866,1.280937971
06P019284,2016,Slight,Male,46 - 55,0,0,Urban area,More deprived 30-40%,4,2,1,Roundabout,30,0,Daylight,0,0,0,Non-trunk,0,0,0,0,Neither,Front,2016-08-03,13:10:00,Wednesday,Rochdale,E08000005,Urban,53.548319,-2.194405,E01005533,42.37780473,43,803,237,381,147,38,759,96,89,157,71,13,7,5,8,191,122,42.99337748,1623,37.75,330,263,119,58,25,4,0,1,191,2,2,53,8,1,386,47,6,55,9,0.749618915,2e-6,0,9,2,5520.937767,2.354086293
06P019820,2016,Slight,Male,66 - 75,0,1,Urban area,More deprived 30-40%,4,2,1,Single carriageway,30,0,Daylight,0,0,0,Non-trunk,0,0,0,0,Neither,Offside,2016-08-16,17:08:00,Tuesday,Rochdale,E08000005,Urban,53.645664,-2.086904,E01005521,45.27854195,50,673,101,295,224,53,751,66,77,75,122,53,20,2,7,239,90,0.900867364,1452,1611.78,211,282,87,77,12,4,0,0,239,7,12,9,1,3,395,28,7,44,4,10.4817246,6.51e-7,0,41,1,17116.29717,6.354965393
06P021367,2016,Severe/Fatal,Female,66 - 75,0,1,Urban area,Most deprived 10%,1,2,1,Single carriageway,30,1,Daylight,1,1,0,Non-trunk,1,0,0,0,Neither,Nearside,2016-09-27,15:30:00,Tuesday,Rochdale,E08000005,Urban,53.615449,-2.154579,E01005484,34.71154745,34,777,414,267,73,23,619,119,130,84,58,25,6,2,8,107,80,34.89010989,2032,58.24,313,145,103,82,61,43,20,9,107,25,8,52,19,0,265,37,7,90,11,0.793602226,1.37e-6,0,13,14,6392.313645,1.271543408
06Q010281,2016,Slight,Male,16 - 20,1,0,Urban area,More deprived 20-30%,3,2,1,Single carriageway,30,0,Darkness - lights lit,0,0,0,Non-trunk,0,0,0,0,Neither,Back,2016-01-01,17:00:00,Friday,Oldham,E08000004,Urban,53.539249,-2.08738,E01005431,35.23458811,32,698,208,346,120,24,677,85,133,94,68,18,5,9,7,127,131,42.38561348,1862,43.93,194,218,112,82,47,30,5,9,127,15,1,44,19,2,351,42,6,56,10,0.63697234,1.43e-6,0,21,3,3512.53694,1.113364163
06Q011050,2016,Severe/Fatal,Male,36 - 45,0,0,Urban area,More deprived 10-20%,2,2,1,Single carriageway,30,0,Daylight,0,1,0,Non-trunk,0,0,0,0,Neither,Offside,2016-01-16,13:30:00,Saturday,Oldham,E08000004,Urban,53.580584,-2.09183,E01005444,41.07644628,42,660,209,310,114,27,627,76,141,96,79,22,6,0,5,104,98,68.21289063,1397,20.48,247,221,107,52,19,10,1,3,104,33,3,20,9,6,335,35,4,75,4,0,0,0,6,1,3291.139359,0.200222399
06Q013689,2016,Slight,Male,26 - 35,0,0,Urban area,Less deprived 20-30%,8,2,1,Dual carriageway,30,0,Daylight,0,0,0,Non-trunk,0,0,0,0,Neither,Front,2016-03-27,18:30:00,Sunday,Oldham,E08000004,Urban,53.578379,-2.095208,E01005445,37.03868852,35,663,222,313,107,21,702,96,149,105,75,23,5,6,7,126,110,61.44890039,1425,23.19,251,187,138,62,21,3,4,0,126,40,1,29,8,2,359,39,4,89,6,0.031475735,1.37e-7,0,11,5,4859.366394,1.571997916
06Q014153,2016,Severe/Fatal,Male,46 - 55,0,0,Urban area,More deprived 40-50%,5,2,1,Single carriageway,30,0,Daylight,0,0,0,Non-trunk,0,0,0,0,Neither,Nearside,2016-04-08,10:15:00,Friday,Oldham,E08000004,Urban,53.561306,-2.119824,E01005398,43.60041408,45,674,158,320,162,34,780,135,144,107,72,19,9,2,10,156,126,28.5740983,1529,53.51,225,231,121,65,22,8,1,1,156,2,0,45,6,4,419,43,5,91,7,1.243960072,2.3e-6,0,10,1,5486.729004,2.46405888
06Q014957,2016,Severe/Fatal,Male,56 - 65,0,0,Urban area,Less deprived 40-50%,6,2,1,Roundabout,30,0,Daylight,0,0,0,Non-trunk,0,0,0,0,Neither,Offside,2016-04-23,08:15:00,Saturday,Oldham,E08000004,Urban,53.548267,-2.096318,E01032920,34.9278306,33,1058,395,437,195,31,1145,268,148,151,125,25,7,5,8,206,202,48.92127176,2585,52.84,322,308,204,145,50,25,2,5,206,75,4,40,27,4,580,69,13,107,20,0.111255117,2.1e-7,0,47,13,3632.81005,0.66994933
06Q014977,2016,Slight,Male,56 - 65,0,0,Urban area,More deprived 20-30%,3,2,1,Single carriageway,30,0,Daylight,1,1,0,Non-trunk,0,0,0,0,Neither,Front,2016-03-26,15:15:00,Saturday,Oldham,E08000004,Urban,53.506879,-2.166291,E01005369,38.81801008,37,827,283,393,137,14,963,99,131,212,117,5,17,2,5,235,140,37.01959307,1965,53.08,238,300,166,75,33,11,5,0,235,63,3,84,14,4,412,44,13,84,7,1.509761397,2.84e-6,1,12,13,4102.317156,1.582485926
06Q015493,2016,Severe/Fatal,Male,36 - 45,0,0,Urban area,Less deprived 10-20%,9,2,1,Single carriageway,30,0,Daylight,1,1,0,Non-trunk,0,0,0,0,Neither,Front,2016-05-01,13:45:00,Sunday,Oldham,E08000004,Urban,53.544066,-2.136979,E01005328,36.72812135,35,747,361,266,99,21,567,128,98,96,46,14,15,5,9,65,91,36.03784981,1790,49.67,337,165,72,69,40,39,18,7,65,45,1,35,17,3,271,51,3,65,11,0,0,0,31,4,7170.115917,1.184062024
06Q015929,2016,Slight,Male,56 - 65,0,0,Urban area,Less deprived 10-20%,9,2,1,Single carriageway,30,0,Daylight,0,0,0,Non-trunk,0,0,0,0,Neither,Offside,2016-05-12,12:05:00,Thursday,Oldham,E08000004,Urban,53.53801,-2.072484,E01005389,37.88771311,38,779,268,343,137,31,745,67,172,107,84,18,10,9,4,158,116,29.84293194,1767,59.21,291,258,103,84,32,10,0,5,158,16,3,67,18,2,383,45,5,41,7,0.549823797,9.21e-7,0,14,3,4816.146316,1.716256574
06Q016258,2016,Slight,Male,11 - 15,1,0,Urban area,More deprived 10-20%,2,2,1,Single carriageway,30,1,Daylight,0,0,0,Non-trunk,0,0,0,0,Neither,Front,2016-05-17,17:50:00,Tuesday,Oldham,E08000004,Urban,53.573831,-2.095274,E01005447,43.65352829,41,719,280,318,105,16,639,109,144,98,57,24,3,3,3,111,87,22.69220171,1647,72.58,304,208,98,66,28,11,4,0,111,46,0,26,13,3,310,43,5,78,5,0.297252239,4.08e-7,0,15,15,5507.974383,1.646472473
06Q017232,2016,Severe/Fatal,Male,16 - 20,1,0,Urban area,More deprived 10-20%,2,2,1,Single carriageway,30,0,Daylight,0,0,0,Non-trunk,1,0,0,0,Neither,Front,2016-06-09,18:50:00,Thursday,Oldham,E08000004,Urban,53.54437,-2.091646,E01005428,28.49322493,29,526,191,218,90,27,655,121,128,116,52,13,4,3,5,79,134,85.10255488,2365,27.79,93,78,61,62,67,60,44,63,79,33,4,52,36,0,268,63,2,106,11,0.400434253,1.44e-6,0,17,2,9618.586422,1.413492056
06Q017630,2016,Slight,Male,11 - 15,1,0,Urban area,More deprived 30-40%,4,3,1,Single carriageway,30,0,Darkness - lights lit,1,1,0,Non-trunk,0,0,0,0,Neither,Front,2016-06-30,21:20:00,Thursday,Oldham,E08000004,Urban,53.579373,-2.100134,E01005361,47.91783217,52,737,106,335,235,61,728,75,142,85,85,21,5,4,8,191,112,28.15975733,1671,59.34,210,293,111,84,34,4,2,1,191,16,3,7,3,0,416,37,5,50,4,0,0,0,17,2,3130.098231,0.919288788
06Q018639,2016,Slight,Male,16 - 20,1,0,Urban area,More deprived 10-20%,2,2,1,Single carriageway,30,0,Daylight,0,0,0,Non-trunk,0,0,0,0,Neither,Front,2016-07-23,17:49:00,Saturday,Oldham,E08000004,Urban,53.525194,-2.133041,E01005381,34.5619095,33,755,293,324,114,24,665,87,138,115,60,20,9,6,6,116,108,61.45146089,1956,31.83,280,174,105,84,62,27,14,12,116,10,2,65,17,2,311,57,7,74,3,0.678750235,2.13e-6,0,13,6,5620.535748,2.138280521
06Q018723,2016,Slight,Male,11 - 15,1,0,Urban area,Most deprived 10%,1,2,1,Single carriageway,30,0,Daylight,0,0,0,Non-trunk,1,0,0,0,Neither,Front,2016-07-31,12:25:00,Sunday,Oldham,E08000004,Urban,53.529734,-2.083196,E01005383,32.86220281,32,705,174,304,179,48,763,99,158,107,63,21,12,6,9,130,158,46.34094755,2191,47.28,170,169,109,107,68,43,21,19,130,28,1,26,27,3,420,49,8,54,15,1.49509777,3.23e-6,0,14,5,4403.541918,1.255714187
06Q018777,2016,Slight,Male,6 - 10,1,0,Urban area,More deprived 10-20%,2,2,1,Single carriageway,30,1,Daylight,0,0,0,Non-trunk,0,0,0,0,Neither,Front,2016-07-23,13:06:00,Saturday,Oldham,E08000004,Urban,53.510566,-2.165235,E01005369,38.81801008,37,827,283,393,137,14,963,99,131,212,117,5,17,2,5,235,140,37.01959307,1965,53.08,238,300,166,75,33,11,5,0,235,63,3,84,14,4,412,44,13,84,7,1.509761397,2.84e-6,1,12,13,4102.317156,1.582485926
06Q018917,2016,Severe/Fatal,Male,36 - 45,0,0,Urban area,Less deprived 30-40%,7,2,1,Single carriageway,40,0,Daylight,0,0,0,Non-trunk,0,0,0,0,Neither,Front,2016-08-02,21:15:00,Tuesday,Oldham,E08000004,Rural,53.5392,-2.013246,E01005407,44.83491686,50,751,71,274,307,99,893,47,59,160,118,26,11,9,6,352,105,5.297707101,1719,324.48,200,293,123,113,21,0,0,0,352,3,12,4,3,2,460,27,10,16,5,1.742376464,5.37e-7,1,33,1,18846.91828,7.966118621
06Q020960,2016,Slight,Male,36 - 45,0,0,Urban area,Less deprived 20-30%,8,2,1,Single carriageway,30,0,Daylight,1,1,0,Non-trunk,0,0,0,0,Neither,Front,2016-09-16,07:05:00,Friday,Oldham,E08000004,Urban,53.553105,-2.104133,E01005432,33.73783955,32,690,359,255,64,12,606,155,94,80,68,15,7,7,6,76,98,35.85164835,1827,50.96,232,156,117,85,64,19,9,6,76,52,8,39,28,0,236,47,7,103,9,1.25203596,2.49e-6,1,28,6,6946.154867,2.421123551
06Q021464,2016,Slight,Male,11 - 15,1,0,Urban area,Most deprived 10%,1,2,1,Single carriageway,30,0,Daylight,0,0,0,Non-trunk,0,0,0,0,Neither,Front,2016-09-22,17:40:00,Thursday,Oldham,E08000004,Urban,53.556889,-2.082057,E01005421,36.37565308,35,772,307,327,114,24,726,149,165,93,68,8,2,1,11,99,130,36.03889661,1816,50.39,251,253,148,86,24,6,3,3,99,29,1,37,31,2,364,53,3,95,8,0,0,0,15,6,4997.51183,1.345286262
06Q021544,2016,Slight,Male,21 - 25,0,0,Urban area,More deprived 10-20%,2,2,1,Single carriageway,30,0,Daylight,0,0,0,Non-trunk,0,1,0,0,Neither,Front,2016-10-05,12:51:00,Wednesday,Oldham,E08000004,Urban,53.525082,-2.110912,E01005322,31.68361955,30,536,226,242,59,9,453,73,117,64,33,9,6,2,7,59,83,70.51401869,1509,21.4,125,141,116,72,43,27,8,2,59,8,7,63,12,4,198,23,4,67,7,0,0,0,6,2,2871.0373290000002,0.327699806
06Q023806,2016,Slight,Male,36 - 45,0,0,Urban area,More deprived 10-20%,2,2,1,Single carriageway,30,0,Darkness - lights lit,0,0,0,Non-trunk,1,1,0,0,Neither,Back,2016-10-19,07:30:00,Wednesday,Oldham,E08000004,Urban,53.513828,-2.152248,E01005368,37.7284184,36,758,320,327,94,17,703,88,134,133,67,8,2,4,4,167,96,57.66451122,1516,26.29,319,243,113,58,19,6,1,0,167,26,0,52,11,1,319,34,14,70,12,1.087623517,4.15e-6,0,8,10,3902.637523,1.170503702
06Q023812,2016,Slight,Male,36 - 45,0,0,Urban area,More deprived 10-20%,2,2,1,Single carriageway,40,0,Daylight,0,1,0,Trunk (Roads managed by Highways England),0,0,0,0,Neither,Offside,2016-11-29,07:45:00,Tuesday,Oldham,E08000004,Urban,53.546024,-2.145844,E01005327,40.55225359,41,776,204,328,201,43,855,109,153,117,78,7,9,4,9,231,138,42.08948833,1966,46.71,254,220,132,105,41,20,5,3,231,11,2,26,11,3,454,37,4,64,8,1.567688616,3.36e-6,0,8,5,3472.29957,1.274716072
06XJ21930,2016,Slight,Male,16 - 20,1,0,Urban area,Most deprived 10%,1,2,1,Single carriageway,40,0,Darkness - lights lit,1,1,0,Non-trunk,1,0,0,0,Neither,Front,2016-10-18,07:00:00,Tuesday,Manchester,E08000003,Rural,53.371125,-2.284303,E01005316,35.44235751,35,689,209,322,124,34,800,158,143,102,79,13,3,6,11,139,146,2.389128157,1642,687.28,220,204,115,105,33,5,4,1,139,13,3,64,12,3,367,57,49,80,11,7.794086106,1.13e-6,2,117,66,21035.56127,10.14904149
067174363,2017,Slight,Male,46 - 55,0,0,Small town,Less deprived 40-50%,6,2,1,Single carriageway,60,1,Daylight,0,0,1,Non-trunk,0,0,0,0,Neither,Nearside,2017-06-04,14:30:00,Sunday,Stockport,E08000007,Rural,53.396477,-2.447101,E01006087,44.23277592,49,562,24,170,250,118,684,16,47,64,110,24,11,2,7,342,61,0.775844104,1452,1871.51,105,226,99,88,31,5,5,3,342,13,2,8,0,0,281,9,2,20,8,9.016234241,4.82e-7,0,68,1,37242.49574,23.45759839
067275779,2017,Slight,Male,56 - 65,0,0,Urban area,More deprived 10-20%,2,1,1,Single carriageway,30,1,Daylight,0,0,0,Non-trunk,0,0,0,0,Neither,Did not impact,2017-08-26,17:43:00,Saturday,Trafford,E08000009,Rural,53.402955,-2.455021,E01006087,44.23277592,49,562,24,170,250,118,684,16,47,64,110,24,11,2,7,342,61,0.775844104,1452,1871.51,105,226,99,88,31,5,5,3,342,13,2,8,0,0,281,9,2,20,8,9.016234241,4.82e-7,0,68,1,37242.49574,23.45759839
06A025814,2017,Slight,Male,21 - 25,0,0,Urban area,More deprived 20-30%,3,2,1,Single carriageway,30,1,Daylight,1,1,0,Non-trunk,0,0,0,0,Neither,Offside,2017-01-10,13:05:00,Tuesday,Manchester,E08000003,Urban,53.460263,-2.164984,E01005192,36.54130703,37,680,225,280,135,40,739,57,123,167,74,12,3,6,8,163,126,26.45397649,1733,65.51,221,177,121,97,44,12,5,4,163,1,5,112,8,0,342,33,17,45,16,4.042523966,6.19e-6,0,9,21,10690.92398,0.769008372
06A025825,2017,Slight,Male,21 - 25,0,0,Urban area,More deprived 10-20%,2,2,1,Single carriageway,30,0,Daylight,1,1,0,Non-trunk,0,1,0,0,Neither,Front,2017-01-31,09:00:00,Tuesday,Manchester,E08000003,Urban,53.460914,-2.228484,E01005209,25.67972941,23,463.5,287,152,20,4.5,427.5,94,66.5,46,33.5,5,2,5,17,111.5,47,40.65491184,1614,39.7,207,137,51.5,35,13.5,9,8,2.5,111.5,2,5.5,68,11,0.5,98,10.5,15,97,8.5,4.453173924,5.61e-6,0,24,132,6833.455028,2.225000983
06A026139,2017,Slight,Male,46 - 55,0,0,Urban area,More deprived 20-30%,3,2,1,Single carriageway,30,0,Darkness - lights lit,0,0,0,Non-trunk,0,0,0,0,Neither,Nearside,2017-01-20,06:55:00,Friday,Manchester,E08000003,Urban,53.478657,-2.175045,E01005107,31.64444444,31,744,323,326,82,13,701,85,161,135,83,9,5,4,17,100,102,28.12283857,2033,72.29,240,156,136,106,66,28,7,3,100,16,14,125,10,1,317,43,8,65,6,2.994796102,4.17e-6,0,12,9,10399.49279,2.850167885
06A026419,2017,Severe/Fatal,Male,36 - 45,0,0,Urban area,Most deprived 10%,1,2,1,Single carriageway,30,0,Daylight,0,0,0,Non-trunk,0,1,0,0,Neither,Offside,2017-02-03,07:20:00,Friday,Manchester,E08000003,Urban,53.490969,-2.247635,E01033674,33.54958131,32,667,351,262,46,8,823,154,90,72,56,19,8,10,8,316,90,28.66988284,2080,72.55,243,260,68,51,19,16,5,3,316,17,21,64,12,1,182,17,20,147,24,1.411308197,1.95e-6,0,24,11,11606.19432,2.853133102
06A026955,2017,Slight,Male,11 - 15,1,0,Urban area,Most deprived 10%,1,2,1,Single carriageway,30,0,Daylight,0,0,0,Non-trunk,0,0,0,0,Neither,Nearside,2017-02-01,16:00:00,Wednesday,Manchester,E08000003,Urban,53.485789,-2.172753,E01005093,35.15452409,34,682,309,268,89,16,623,83,162,96,63,5,5,2,20,89,98,59.2795111,1843,31.09,217,161,120,91,55,33,4,2,89,33,11,112,16,2,260,35,8,46,8,0.274588543,8.99e-7,0,18,5,5793.907811,0.857046519
06A026970,2017,Slight,Male,36 - 45,0,0,Urban area,Most deprived 10%,1,2,1,Dual carriageway,30,1,Darkness - lights lit,0,0,0,Non-trunk,0,0,1,0,In carriageway,Offside,2017-02-01,17:19:00,Wednesday,Manchester,E08000003,Urban,53.463745,-2.187395,E01005186,34.52177149,34,1052,352,518,146,36,1096,114,247,167,99,22,11,15,25,202,194,39.37992929,2896,73.54,308,251,201,172,74,32,10,5,202,11,9,189,11,0,503,40,23,85,22,0.062605979,8.56e-8,0,16,10,6094.552431,2.337786926
06A027030,2017,Severe/Fatal,Male,11 - 15,1,0,Urban area,Most deprived 10%,1,2,1,Dual carriageway,30,0,Darkness - lights lit,0,0,0,Non-trunk,0,0,0,0,Neither,Front,2017-02-09,19:45:00,Thursday,Manchester,E08000003,Urban,53.481682,-2.195008,E01005106,32.72684989,32,900,441,369,77,13,848,119,217,120,73,2,12,5,19,141,140,22.68662519,2334,102.88,263,242,160,130,62,28,14,4,141,18,8,180,8,4,306,37,28,106,9,1.417279348,1.37e-6,1,26,20,12838.65367,4.08856558
06A027062,2017,Slight,Male,26 - 35,0,0,Urban area,More deprived 30-40%,4,2,1,Dual carriageway,30,1,Darkness - lights lit,0,1,0,Non-trunk,1,1,0,0,Neither,Front,2017-02-04,22:10:00,Saturday,Manchester,E08000003,Urban,53.474408,-2.241031,E01033662,27.49096065,25,967,725,207,31,4,864,156,43,70,59,13,5,13,18,449,38,138.8965517,2014,14.5,498,393,68,7,0,1,0,0,449,35,35,55,12,0,81,8,22,158,8,0.774186249,5.33e-6,1,19,89,2751.929485,1.496405173
06A027156,2017,Slight,Male,36 - 45,0,0,Urban area,Less deprived 40-50%,6,2,1,Single carriageway,30,0,Darkness - lights lit,0,0,0,Non-trunk,0,0,0,0,Neither,Front,2017-01-28,18:20:00,Saturday,Manchester,E08000003,Urban,53.497981,-2.238104,E01005147,29.94320264,30,900,378,400,99,23,938,160,161,125,76,5,11,7,8,184,201,49.78533095,2783,55.9,240,171,148,135,94,51,44,15,184,9,13,125,27,3,365,31,14,140,24,0.37983779,6.73e-7,0,23,4,6639.029992,2.094960924
06A027234,2017,Slight,Male,21 - 25,0,0,Urban area,More deprived 10-20%,2,2,1,Single carriageway,30,1,Daylight,0,1,0,Non-trunk,0,0,0,0,Neither,Offside,2017-02-12,14:30:00,Sunday,Manchester,E08000003,Urban,53.446185,-2.19063,E01005221,31.55467446,32,873,330,407,107,29,1125,111,185,185,67,13,7,5,9,378,165,96.81818182,2556,26.4,226,219,141,112,78,49,21,18,378,9,28,168,19,1,361,31,42,73,17,0.657439081,2.53e-6,1,13,21,3657.523701,1.563878552
06A027264,2017,Slight,Male,21 - 25,0,0,Urban area,Most deprived 10%,1,2,1,Single carriageway,30,0,Daylight,0,0,0,Non-trunk,0,0,0,0,Neither,Nearside,2017-02-14,11:35:00,Tuesday,Manchester,E08000003,Urban,53.460572,-2.181371,E01005201,28.65562633,29,787,411,309,55,12,738,80,173,137,83,7,7,6,15,95,135,93.08533917,2127,22.85,214,224,130,101,68,39,11,4,95,10,14,222,15,2,267,20,22,64,7,0.404483694,1.72e-6,1,14,17,3749.375497,1.402875593
06A027680,2017,Slight,Male,46 - 55,0,0,Urban area,More deprived 20-30%,3,2,1,Single carriageway,30,0,Darkness - lights lit,1,0,0,Non-trunk,0,0,0,0,Neither,Nearside,2017-02-22,20:50:00,Wednesday,Manchester,E08000003,Urban,53.473392,-2.167189,E01005108,32.93987686,32,560.5,238,240,69.5,13,551,68.5,111.5,100,52,4,3,9,15,110,78,41.02254428,1528.5,37.26,147,150,103.5,78.5,49,23,4.5,5.5,110,9,7,95,7.5,2,225.5,19,15,51.5,11,1.288050225,1.73e-6,0,7,56,9936.003863,1.619117905
06A027975,2017,Slight,Male,66 - 75,0,1,Urban area,More deprived 20-30%,3,2,1,Single carriageway,30,0,Daylight,0,0,0,Non-trunk,0,0,0,0,Neither,Front,2017-03-03,12:40:00,Friday,Manchester,E08000003,Urban,53.522501,-2.224245,E01005140,33.64504717,33,691.5,216,308.5,147.5,19.5,776.5,83.5,121,149.5,65.5,9.5,8,9.5,9.5,200,120.5,36.02523007,1742,48.355,202.5,200,132,86,48.5,14.5,5.5,3,200,6.5,3.5,81,12,1.5,368,32.5,8,48,14,1.174687099,1.21e-6,0,26,10,8102.231172,4.622459641
06A028012,2017,Slight,Male,36 - 45,0,0,Urban area,Less deprived 20-30%,8,2,1,Single carriageway,30,0,Daylight,0,1,0,Non-trunk,0,0,0,0,Neither,Front,2017-02-23,17:15:00,Thursday,Manchester,E08000003,Urban,53.512347,-2.241352,E01005149,31.61554846,31,507,120,233,119,35,681,146,93,119,44,11,3,0,7,105,153,149.7942387,2184,14.58,63,60,62,94,88,61,42,35,105,24,7,40,24,1,310,47,0,98,29,0.622704049,4.18e-6,1,9,3,3340.168428,0.990395494
06A028104,2017,Slight,Male,16 - 20,1,0,Urban area,Most deprived 10%,1,2,1,Single carriageway,30,0,Daylight,0,0,0,Non-trunk,0,0,0,0,Neither,Front,2017-03-11,13:40:00,Saturday,Manchester,E08000003,Urban,53.477528,-2.24016,E01033653,29.28743041,26,1146,865,253,21,7,1139,205,68,77,60,17,10,5,10,598,89,59.26993276,1851,31.23,597,466,67,16,1,0,0,0,598,43,43,58,3,0,112,16,36,219,11,1.692927985,5.52e-6,1,107,453,7402.768836,3.240507463
06A028126,2017,Slight,Male,36 - 45,0,0,Urban area,Most deprived 10%,1,2,1,Single carriageway,30,1,Daylight,0,1,0,Non-trunk,0,0,0,0,Neither,Offside,2017-03-17,06:40:00,Friday,Manchester,E08000003,Urban,53.478164,-2.237029,E01033653,29.28743041,26,1146,865,253,21,7,1139,205,68,77,60,17,10,5,10,598,89,59.26993276,1851,31.23,597,466,67,16,1,0,0,0,598,43,43,58,3,0,112,16,36,219,11,1.692927985,5.52e-6,1,107,453,7402.768836,3.240507463
06A028246,2017,Slight,Male,56 - 65,0,0,Urban area,Most deprived 10%,1,2,1,Single carriageway,30,0,Daylight,0,0,0,Non-trunk,0,0,0,0,Neither,Front,2017-03-24,09:20:00,Friday,Manchester,E08000003,Urban,53.503972,-2.235726,E01005143,29.57536985,29,793,267,355,145,26,998,216,163,119,73,7,4,7,8,178,223,171.3390313,3007,17.55,162,107,95,126,142,74,44,43,178,18,13,109,29,1,386,74,11,154,32,0.375087252,2.15e-6,0,5,6,3002.272623,0.482190464
06A029227,2017,Slight,Male,26 - 35,0,0,Urban area,Less deprived 30-40%,7,2,1,Single carriageway,30,0,Darkness - lights lit,0,0,0,Non-trunk,0,0,0,0,Neither,Offside,2017-03-30,02:30:00,Thursday,Manchester,E08000003,Urban,53.442576,-2.27989,E01005150,34.95905588,32,841,340,359,109,33,1163,51,168,157,64,14,11,9,5,607,77,69.13982878,1696,24.53,390,277,71,59,25,12,2,6,607,88,9,46,11,1,239,19,74,56,10,1.850597177,7.56e-6,1,16,45,6661.275763,2.305838714
06A029284,2017,Severe/Fatal,Male,36 - 45,0,0,Urban area,Most deprived 10%,1,2,1,Single carriageway,30,0,Daylight,0,0,0,Non-trunk,0,0,0,0,Neither,Front,2017-03-09,10:55:00,Thursday,Manchester,E08000003,Urban,53.482602,-2.228645,E01033659,30.4703504,29,710,410,253.5,42.5,4,999.5,135.5,76.5,56.5,65.5,9.5,9,7,6.5,587,46.5,136.5543898,1236.5,9.055,251.5,402,47,7,0.5,1,0.5,0,587,24,31,35,8,1,136.5,7,15.5,149,4,0.689303361,3.8e-6,0,20,84,5561.582659,1.993134897
06A029406,2017,Slight,Female,36 - 45,0,0,Urban area,Less deprived 10-20%,9,2,1,Single carriageway,30,0,Daylight,0,0,0,Non-trunk,0,0,0,0,Neither,Offside,2017-04-18,08:00:00,Tuesday,Manchester,E08000003,Urban,53.486468,-2.228516,E01033651,29.47225305,29,957,601,301,47,8,1251,205,114,108,85,9,10,10,7,647,56,56.85944855,1691,29.74,362,484,90,15,5,0,0,0,647,49,35,59,10,0,177,8,19,246,2,0.793273918,2.66e-6,0,11,41,6390.757662,1.900970654
06A029435,2017,Slight,Male,56 - 65,0,0,Urban area,Most deprived 10%,1,2,1,Single carriageway,30,1,Daylight,0,0,0,Non-trunk,0,0,0,0,Neither,Offside,2017-04-13,13:30:00,Thursday,Manchester,E08000003,Urban,53.467835,-2.181342,E01005186,34.52177149,34,1052,352,518,146,36,1096,114,247,167,99,22,11,15,25,202,194,39.37992929,2896,73.54,308,251,201,172,74,32,10,5,202,11,9,189,11,0,503,40,23,85,22,0.062605979,8.56e-8,0,16,10,6094.552431,2.337786926
06A029575,2017,Slight,Male,16 - 20,1,0,Urban area,More deprived 20-30%,3,2,1,Single carriageway,30,0,Daylight,0,0,0,Non-trunk,0,1,0,0,Neither,Offside,2017-04-08,19:00:00,Saturday,Manchester,E08000003,Urban,53.484563,-2.232634,E01033659,30.4703504,29,710,410,253.5,42.5,4,999.5,135.5,76.5,56.5,65.5,9.5,9,7,6.5,587,46.5,136.5543898,1236.5,9.055,251.5,402,47,7,0.5,1,0.5,0,587,24,31,35,8,1,136.5,7,15.5,149,4,0.689303361,3.8e-6,0,20,84,5561.582659,1.993134897
06A029760,2017,Slight,Male,26 - 35,0,0,Urban area,More deprived 10-20%,2,2,1,Single carriageway,30,1,Daylight,0,1,0,Non-trunk,0,0,0,0,Neither,Front,2017-04-14,13:30:00,Friday,Manchester,E08000003,Urban,53.473841,-2.236975,E01005128,26.06866792,25,695,542,138,12,3,634,108,28,40,40,8,5,1,23,355,26,148.4249084,2026,13.65,365,298,25,6,0,0,1,0,355,20,25,32,4,0,51,13,7,123,5,0.834327504,6.09e-6,0,21,84,3570.664978,0.943179815
06A030119,2017,Slight,Male,16 - 20,1,0,Urban area,More deprived 30-40%,4,2,1,Single carriageway,30,0,Darkness - lights lit,0,1,0,Non-trunk,1,0,0,0,Neither,Nearside,2017-03-16,19:20:00,Thursday,Manchester,E08000003,Urban,53.474312,-2.248232,E01033683,28.63319459,28,801.5,463,281.5,52,5,902,133.5,63.5,53.5,62.5,20,8,10.5,10,501,39.5,144.2200909,1428.5,9.905,374,360.5,63.5,6,0,0,0,0,501,34,28,18.5,12.5,0,157,7.5,12.5,119.5,9.5,1.759495145,9.05e-6,2,11,35,5263.196108,1.248287521
06A030155,2017,Severe/Fatal,Male,26 - 35,0,0,Urban area,Most deprived 10%,1,2,1,Single carriageway,30,0,Daylight,0,0,0,Non-trunk,0,0,0,0,Neither,Front,2017-05-05,09:17:00,Friday,Manchester,E08000003,Urban,53.475895,-2.225265,E01033661,32.40400216,29,1201,619,489,87,6,1582,243,135,112,127,18,18,20,6,838,65,35.6527977,1988,55.76,532,570,84,12,3,0,0,0,838,51,53,50,13,0,292,11,30,242,6,1.700048683,3.05e-6,2,27,76,8391.114324,2.601711064
06A030181,2017,Severe/Fatal,Male,46 - 55,0,0,Urban area,Most deprived 10%,1,3,1,Single carriageway,30,1,Daylight,0,0,0,Non-trunk,0,0,1,0,In carriageway,Offside,2017-04-30,16:45:00,Sunday,Manchester,E08000003,Urban,53.508518,-2.232268,E01005146,31.97750667,31,455.5,123,216,92.5,24,533,100,80.5,63,66,7.5,2.5,4,3.5,97,109,50.08286377,1511,30.17,107,86.5,77.5,68,51.5,31.5,12.5,19.5,97,23.5,10.5,35,14.5,0.5,243,39,6,52.5,10,1.703669521,2.8e-6,0,22,2,5654.634944,3.862909573
06A030508,2017,Slight,Male,21 - 25,0,0,Urban area,More deprived 20-30%,3,2,1,Single carriageway,30,0,Darkness - lights lit,0,0,0,Non-trunk,0,0,0,0,Neither,Front,2017-04-30,21:01:00,Sunday,Manchester,E08000003,Urban,53.476714,-2.233782,E01033654,23.86747199,24,563,379,152,32,0,718,136,40,59,47,18,3,11,25,342,37,64.42446043,1791,27.8,263,263,33,3,0,1,0,0,342,21,28,40,5,0,104,17,22,138,3,2.26222364,8.06e-6,0,26,84,6137.358757,2.721121445
06A030629,2017,Severe/Fatal,Male,11 - 15,1,0,Urban area,Most deprived 10%,1,2,1,Dual carriageway,30,1,Daylight,0,0,0,Non-trunk,0,1,0,0,Neither,Front,2017-05-19,16:00:00,Friday,Manchester,E08000003,Urban,53.48588,-2.171473,E01005093,35.15452409,34,682,309,268,89,16,623,83,162,96,63,5,5,2,20,89,98,59.2795111,1843,31.09,217,161,120,91,55,33,4,2,89,33,11,112,16,2,260,35,8,46,8,0.274588543,8.99e-7,0,18,5,5793.907811,0.857046519
06A030767,2017,Slight,Male,36 - 45,0,0,Urban area,More deprived 10-20%,2,2,1,Single carriageway,30,0,Daylight,1,1,0,Non-trunk,0,1,0,0,Neither,Offside,2017-05-15,08:45:00,Monday,Manchester,E08000003,Urban,53.475077,-2.247679,E01033683,28.63319459,28,801.5,463,281.5,52,5,902,133.5,63.5,53.5,62.5,20,8,10.5,10,501,39.5,144.2200909,1428.5,9.905,374,360.5,63.5,6,0,0,0,0,501,34,28,18.5,12.5,0,157,7.5,12.5,119.5,9.5,1.759495145,9.05e-6,2,11,35,5263.196108,1.248287521
06A030916,2017,Slight,Male,26 - 35,0,0,Urban area,Less deprived 20-30%,8,2,1,Dual carriageway,30,0,Daylight,0,0,0,Non-trunk,0,0,0,0,Neither,Nearside,2017-05-05,08:35:00,Friday,Manchester,E08000003,Urban,53.475903,-2.22534,E01033661,32.40400216,29,1201,619,489,87,6,1582,243,135,112,127,18,18,20,6,838,65,35.6527977,1988,55.76,532,570,84,12,3,0,0,0,838,51,53,50,13,0,292,11,30,242,6,1.700048683,3.05e-6,2,27,76,8391.114324,2.601711064
06A031932,2017,Slight,Male,36 - 45,0,0,Urban area,Most deprived 10%,1,2,1,Single carriageway,30,0,Daylight,0,0,0,Non-trunk,0,0,0,0,Neither,Nearside,2017-06-21,06:30:00,Wednesday,Manchester,E08000003,Urban,53.496385,-2.221846,E01005130,35.39524838,35,732,412,265,52,3,637,109,97,79,57,7,5,7,2,200,74,42.07618494,1447,34.39,342,215,92,57,14,8,1,3,200,9,8,86,9,1,188,16,18,92,8,0.451825132,1.31e-6,0,9,8,6409.005155,1.611161832
06A032083,2017,Slight,Male,36 - 45,0,0,Urban area,Most deprived 10%,1,2,1,Single carriageway,20,1,Daylight,1,1,1,Non-trunk,1,0,0,0,Neither,Front,2017-06-07,08:23:00,Wednesday,Manchester,E08000003,Urban,53.512588,-2.223831,E01005167,29.13800705,29,632,167,288,142,35,795,129,119,117,75,11,7,21,3,158,155,54.1393826,2315,42.76,116,117,97,91,97,56,34,25,158,47,11,63,17,2,349,50,9,77,12,0.288012487,6.83e-7,0,15,17,3283.82726,1.447284272
06A032141,2017,Slight,Male,36 - 45,0,0,Urban area,Less deprived 40-50%,6,2,1,Single carriageway,30,0,Daylight,0,0,0,Non-trunk,0,0,0,0,Neither,Front,2017-06-14,08:50:00,Wednesday,Manchester,E08000003,Urban,53.473802,-2.18771,E01005106,32.72684989,32,900,441,369,77,13,848,119,217,120,73,2,12,5,19,141,140,22.68662519,2334,102.88,263,242,160,130,62,28,14,4,141,18,8,180,8,4,306,37,28,106,9,1.417279348,1.37e-6,1,26,20,12838.65367,4.08856558
06A032154,2017,Slight,Male,21 - 25,0,0,Urban area,More deprived 30-40%,4,2,1,Dual carriageway,30,0,Daylight,0,0,0,Non-trunk,0,0,0,0,Neither,Back,2017-06-15,07:15:00,Thursday,Manchester,E08000003,Urban,53.495524,-2.211305,E01005257,33.6538055,33,806,385,331,80,10,722,83,221,92,70,4,8,17,16,100,111,11.62346679,2009,172.84,276,198,126,112,62,23,9,0,100,19,13,133,15,1,301,42,23,67,10,4.326402325,2.5e-6,0,33,10,15513.16205,6.887151125
06A032179,2017,Slight,Male,46 - 55,0,0,Urban area,Less deprived 20-30%,8,2,1,Single carriageway,30,0,Daylight,1,1,0,Non-trunk,1,0,0,0,Neither,Nearside,2017-07-01,09:54:00,Saturday,Manchester,E08000003,Urban,53.476722,-2.234294,E01033654,23.86747199,24,563,379,152,32,0,718,136,40,59,47,18,3,11,25,342,37,64.42446043,1791,27.8,263,263,33,3,0,1,0,0,342,21,28,40,5,0,104,17,22,138,3,2.26222364,8.06e-6,0,26,84,6137.358757,2.721121445
06A032410,2017,Slight,Male,26 - 35,0,0,Urban area,More deprived 20-30%,3,2,1,Single carriageway,30,0,Darkness - lighting unknown,0,0,0,Non-trunk,1,0,0,0,Neither,Offside,2017-06-19,00:01:00,Monday,Manchester,E08000003,Urban,53.493005,-2.249622,E01033674,33.54958131,32,667,351,262,46,8,823,154,90,72,56,19,8,10,8,316,90,28.66988284,2080,72.55,243,260,68,51,19,16,5,3,316,17,21,64,12,1,182,17,20,147,24,1.411308197,1.95e-6,0,24,11,11606.19432,2.853133102
06A032655,2017,Slight,Male,26 - 35,0,0,Urban area,Less deprived 30-40%,7,2,1,Dual carriageway,30,0,Daylight,0,0,0,Non-trunk,0,1,0,0,Neither,Did not impact,2017-07-12,08:50:00,Wednesday,Manchester,E08000003,Urban,53.475114,-2.247408,E01033677,28.74259681,27,610,371,209,27,3,679,109,36,45,37,11,3,4,6,390,38,39.32844462,1019,25.91,285,268,46,6,2,1,1,1,390,32,29,32,3,3,67,3,3,106,7,0.964170017,3.71e-6,1,37,325,4004.664031,2.691640104
06A032770,2017,Slight,Male,56 - 65,0,0,Urban area,More deprived 10-20%,2,2,1,Dual carriageway,30,0,Daylight,0,0,0,Non-trunk,0,0,0,0,Neither,Front,2017-07-04,17:20:00,Tuesday,Manchester,E08000003,Urban,53.481599,-2.226696,E01033659,30.4703504,29,710,410,253.5,42.5,4,999.5,135.5,76.5,56.5,65.5,9.5,9,7,6.5,587,46.5,136.5543898,1236.5,9.055,251.5,402,47,7,0.5,1,0.5,0,587,24,31,35,8,1,136.5,7,15.5,149,4,0.689303361,3.8e-6,0,20,84,5561.582659,1.993134897
06A032771,2017,Slight,Male,16 - 20,1,0,Urban area,Most deprived 10%,1,2,1,Single carriageway,30,0,Daylight,0,0,0,Non-trunk,0,0,0,0,Neither,Nearside,2017-07-15,16:50:00,Saturday,Manchester,E08000003,Urban,53.457492,-2.179295,E01005201,28.65562633,29,787,411,309,55,12,738,80,173,137,83,7,7,6,15,95,135,93.08533917,2127,22.85,214,224,130,101,68,39,11,4,95,10,14,222,15,2,267,20,22,64,7,0.404483694,1.72e-6,1,14,17,3749.375497,1.402875593
06A032864,2017,Slight,Male,26 - 35,0,0,Urban area,More deprived 20-30%,3,2,1,Single carriageway,30,0,Daylight,1,1,0,Non-trunk,0,0,0,0,Neither,Front,2017-06-28,09:30:00,Wednesday,Manchester,E08000003,Urban,53.473889,-2.189549,E01005106,32.72684989,32,900,441,369,77,13,848,119,217,120,73,2,12,5,19,141,140,22.68662519,2334,102.88,263,242,160,130,62,28,14,4,141,18,8,180,8,4,306,37,28,106,9,1.417279348,1.37e-6,1,26,20,12838.65367,4.08856558
06A033077,2017,Severe/Fatal,Male,36 - 45,0,0,Urban area,Less deprived 30-40%,7,2,1,Single carriageway,30,0,Daylight,0,0,0,Non-trunk,0,0,0,0,Neither,Back,2017-07-13,18:20:00,Thursday,Manchester,E08000003,Urban,53.493952,-2.215714,E01005129,35.12369231,34,832,388,357,79,8,824,118,173,93,75,13,3,5,15,224,105,42.79739777,1842,43.04,337,250,102,79,38,16,10,4,224,11,20,125,14,0,250,21,28,124,7,0.698466922,1.63e-6,0,14,11,5728.572713,2.059406818
06A033245,2017,Slight,Male,46 - 55,0,0,Urban area,More deprived 40-50%,5,2,1,One way street,30,0,Daylight,0,0,0,Non-trunk,0,0,0,0,Neither,Offside,2017-04-26,17:00:00,Wednesday,Manchester,E08000003,Urban,53.511899,-2.244953,E01005142,30.1905232,31,702,276,331,78,17,680,129,94,106,72,13,5,3,9,112,137,83.80847953,2293,27.36,199,122,93,84,94,60,26,25,112,7,13,92,17,1,278,45,10,91,17,0.621028001,2.3e-6,0,16,3,4372.48526,0.755764099
06A033381,2017,Slight,Male,21 - 25,0,0,Urban area,Most deprived 10%,1,2,1,One way street,20,0,Daylight,1,1,0,Non-trunk,1,0,0,0,Neither,Front,2017-07-23,20:00:00,Sunday,Manchester,E08000003,Urban,53.484627,-2.236824,E01033667,32.42880524,30,879,667,186,20,6,1044,212,86,73,67,13,5,12,9,480,87,112.2740964,1491,13.28,389,440,39,10,1,1,0,0,480,47,32,53,6,0,112,9,37,260,8,0.495255755,3.67e-6,0,17,110,3785.454354,1.200398011
06A033709,2017,Slight,Male,66 - 75,0,1,Urban area,Less deprived 30-40%,7,2,1,Single carriageway,30,0,Daylight,0,0,0,Non-trunk,0,0,0,0,Neither,Front,2017-07-23,13:45:00,Sunday,Manchester,E08000003,Urban,53.488519,-2.245737,E01033674,33.54958131,32,667,351,262,46,8,823,154,90,72,56,19,8,10,8,316,90,28.66988284,2080,72.55,243,260,68,51,19,16,5,3,316,17,21,64,12,1,182,17,20,147,24,1.411308197,1.95e-6,0,24,11,11606.19432,2.853133102
06A034206,2017,Slight,Male,16 - 20,1,0,Urban area,Most deprived 10%,1,2,1,One way street,30,0,Daylight,0,0,0,Non-trunk,0,0,0,0,Neither,Front,2017-08-25,17:25:00,Friday,Manchester,E08000003,Urban,53.482861,-2.229506,E01033659,30.4703504,29,710,410,253.5,42.5,4,999.5,135.5,76.5,56.5,65.5,9.5,9,7,6.5,587,46.5,136.5543898,1236.5,9.055,251.5,402,47,7,0.5,1,0.5,0,587,24,31,35,8,1,136.5,7,15.5,149,4,0.689303361,3.8e-6,0,20,84,5561.582659,1.993134897
06A034333,2017,Severe/Fatal,Male,26 - 35,0,0,Urban area,Most deprived 10%,1,3,1,Dual carriageway,30,0,Daylight,0,0,0,Non-trunk,0,1,0,0,Neither,Front,2017-08-02,15:45:00,Wednesday,Manchester,E08000003,Urban,53.490546,-2.220308,E01005129,35.12369231,34,832,388,357,79,8,824,118,173,93,75,13,3,5,15,224,105,42.79739777,1842,43.04,337,250,102,79,38,16,10,4,224,11,20,125,14,0,250,21,28,124,7,0.698466922,1.63e-6,0,14,11,5728.572713,2.059406818
06A034429,2017,Severe/Fatal,Male,46 - 55,0,0,Urban area,Less deprived 10-20%,9,2,1,Single carriageway,30,0,Daylight,0,0,0,Non-trunk,1,0,0,0,Neither,Front,2017-08-21,18:00:00,Monday,Manchester,E08000003,Urban,53.494252,-2.250699,E01033674,33.54958131,32,667,351,262,46,8,823,154,90,72,56,19,8,10,8,316,90,28.66988284,2080,72.55,243,260,68,51,19,16,5,3,316,17,21,64,12,1,182,17,20,147,24,1.411308197,1.95e-6,0,24,11,11606.19432,2.853133102
06A034562,2017,Slight,Male,26 - 35,0,0,Urban area,Most deprived 10%,1,2,1,Single carriageway,30,0,Daylight,0,0,0,Non-trunk,0,1,0,0,Neither,Offside,2017-09-04,16:15:00,Monday,Manchester,E08000003,Urban,53.481594,-2.252011,E01033658,30.9487666,30,712,531,163,17,1,831,162,64,58,41,10,5,12,10,427,42,22.81132384,1394,61.11,363,307,34,4,2,0,0,1,427,37,33,56,0,1,68,5,17,180,6,2.915548222,4.78e-6,4,100,687,11257.07516,5.344013367
06A035269,2017,Slight,Male,21 - 25,0,0,Urban area,Less deprived 30-40%,7,2,1,Single carriageway,30,0,Daylight,0,0,0,Non-trunk,0,0,0,0,Neither,Front,2017-09-20,17:00:00,Wednesday,Manchester,E08000003,Urban,53.480829,-2.247984,E01033658,30.9487666,30,712,531,163,17,1,831,162,64,58,41,10,5,12,10,427,42,22.81132384,1394,61.11,363,307,34,4,2,0,0,1,427,37,33,56,0,1,68,5,17,180,6,2.915548222,4.78e-6,4,100,687,11257.07516,5.344013367
06A035278,2017,Slight,Male,26 - 35,0,0,Urban area,Less deprived 40-50%,6,2,1,Single carriageway,30,1,Daylight,1,1,0,Non-trunk,1,0,0,0,Neither,Offside,2017-09-21,09:45:00,Thursday,Manchester,E08000003,Urban,53.473942,-2.248923,E01033683,28.63319459,28,801.5,463,281.5,52,5,902,133.5,63.5,53.5,62.5,20,8,10.5,10,501,39.5,144.2200909,1428.5,9.905,374,360.5,63.5,6,0,0,0,0,501,34,28,18.5,12.5,0,157,7.5,12.5,119.5,9.5,1.759495145,9.05e-6,2,11,35,5263.196108,1.248287521
06A035415,2017,Slight,Male,26 - 35,0,0,Urban area,More deprived 10-20%,2,2,1,Single carriageway,30,0,Daylight,0,0,0,Non-trunk,0,0,0,0,Neither,Offside,2017-09-02,20:30:00,Saturday,Manchester,E08000003,Urban,53.504576,-2.195218,E01005228,32.42363813,31,893,425,355,101,12,840,99,227,146,98,9,9,12,12,133,95,57.12109673,2250,39.39,288,233,152,116,70,23,6,6,133,39,12,153,26,1,349,47,11,63,7,0,0,0,12,9,2814.756161,1.074847214
06A035429,2017,Slight,Male,11 - 15,1,0,Urban area,Most deprived 10%,1,2,1,Single carriageway,30,0,Daylight,0,0,0,Non-trunk,1,0,0,0,Neither,Offside,2017-09-25,17:35:00,Monday,Manchester,E08000003,Urban,53.535314,-2.231766,E01005098,39.26210458,40,767,279,374,97,17,663,65,122,163,77,9,3,4,6,103,111,48.59952324,1631,33.56,329,212,102,67,43,11,1,1,103,12,2,78,16,4,348,43,9,41,7,0.00649717,1.98e-8,0,21,6,1389.442469,0.830274535
06A035510,2017,Slight,Female,26 - 35,0,0,Urban area,More deprived 30-40%,4,2,1,Single carriageway,30,0,Daylight,0,0,0,Non-trunk,0,0,0,0,Neither,Back,2017-09-14,07:30:00,Thursday,Manchester,E08000003,Urban,53.473762,-2.24044,E01033662,27.49096065,25,967,725,207,31,4,864,156,43,70,59,13,5,13,18,449,38,138.8965517,2014,14.5,498,393,68,7,0,1,0,0,449,35,35,55,12,0,81,8,22,158,8,0.774186249,5.33e-6,1,19,89,2751.929485,1.496405173
06A035517,2017,Slight,Male,36 - 45,0,0,Urban area,Less deprived 30-40%,7,2,1,Single carriageway,30,0,Daylight,0,0,0,Non-trunk,0,1,0,0,Neither,Front,2017-09-12,08:45:00,Tuesday,Manchester,E08000003,Urban,53.497383,-2.253522,E01033674,33.54958131,32,667,351,262,46,8,823,154,90,72,56,19,8,10,8,316,90,28.66988284,2080,72.55,243,260,68,51,19,16,5,3,316,17,21,64,12,1,182,17,20,147,24,1.411308197,1.95e-6,0,24,11,11606.19432,2.853133102
06A035603,2017,Slight,Male,16 - 20,1,0,Urban area,Most deprived 10%,1,2,1,Single carriageway,30,0,Daylight,0,0,0,Non-trunk,0,0,0,0,Neither,Offside,2017-09-23,13:30:00,Saturday,Manchester,E08000003,Urban,53.508301,-2.242067,E01005142,30.1905232,31,702,276,331,78,17,680,129,94,106,72,13,5,3,9,112,137,83.80847953,2293,27.36,199,122,93,84,94,60,26,25,112,7,13,92,17,1,278,45,10,91,17,0.621028001,2.3e-6,0,16,3,4372.48526,0.755764099
06A035731,2017,Slight,Male,26 - 35,0,0,Urban area,Less deprived 30-40%,7,2,1,Single carriageway,30,0,Daylight,0,0,0,Non-trunk,0,0,0,0,Neither,Front,2017-09-27,13:03:00,Wednesday,Manchester,E08000003,Urban,53.471429,-2.242837,E01033656,23.57295455,23,485,298,166,21,0,892,190,55,75,52,18,16,15,45,391,35,129.6755725,2718,20.96,163,281,37,3,0,0,0,0,391,40,28,59,21,0,104,18,16,203,12,1.787929259,8.48e-6,0,12,59,3974.089098,1.054149882
06A035795,2017,Slight,Male,36 - 45,0,0,Urban area,More deprived 10-20%,2,2,1,Single carriageway,30,0,Daylight,0,0,0,Non-trunk,1,0,0,0,Neither,Offside,2017-09-18,19:07:00,Monday,Manchester,E08000003,Urban,53.499367,-2.246298,E01033674,33.54958131,32,667,351,262,46,8,823,154,90,72,56,19,8,10,8,316,90,28.66988284,2080,72.55,243,260,68,51,19,16,5,3,316,17,21,64,12,1,182,17,20,147,24,1.411308197,1.95e-6,0,24,11,11606.19432,2.853133102
06A035812,2017,Severe/Fatal,Male,36 - 45,0,0,Urban area,More deprived 30-40%,4,2,1,Single carriageway,30,0,Daylight,0,0,0,Non-trunk,0,1,0,0,Neither,Offside,2017-09-27,16:20:00,Wednesday,Manchester,E08000003,Urban,53.473744,-2.240425,E01033662,27.49096065,25,967,725,207,31,4,864,156,43,70,59,13,5,13,18,449,38,138.8965517,2014,14.5,498,393,68,7,0,1,0,0,449,35,35,55,12,0,81,8,22,158,8,0.774186249,5.33e-6,1,19,89,2751.929485,1.496405173
06A035909,2017,Slight,Male,46 - 55,0,0,Urban area,More deprived 20-30%,3,2,1,Single carriageway,30,0,Darkness - lights lit,1,0,0,Non-trunk,0,0,0,0,Neither,Front,2017-10-02,04:35:00,Monday,Manchester,E08000003,Urban,53.519165,-2.234332,E01005163,36.89792388,35,652,193,289,136,34,634,94,100,110,43,6,0,6,6,147,122,74.26195426,1786,24.05,234,139,73,86,61,30,14,12,147,39,5,27,21,0,297,21,7,54,20,0.190018151,7.75e-7,0,6,4,1490.658614,0.478041075
06A036045,2017,Slight,Male,16 - 20,1,0,Urban area,More deprived 10-20%,2,2,1,Single carriageway,30,0,Daylight,1,1,0,Non-trunk,0,0,0,0,Neither,Nearside,2017-09-29,13:12:00,Friday,Manchester,E08000003,Urban,53.510858,-2.239715,E01005149,31.61554846,31,507,120,233,119,35,681,146,93,119,44,11,3,0,7,105,153,149.7942387,2184,14.58,63,60,62,94,88,61,42,35,105,24,7,40,24,1,310,47,0,98,29,0.622704049,4.18e-6,1,9,3,3340.168428,0.990395494
06A036048,2017,Slight,Female,26 - 35,0,0,Urban area,More deprived 40-50%,5,2,1,Roundabout,30,0,Darkness - lights lit,0,1,0,Non-trunk,1,0,0,0,Neither,Nearside,2017-10-07,21:15:00,Saturday,Manchester,E08000003,Urban,53.471151,-2.247114,E01033656,23.57295455,23,485,298,166,21,0,892,190,55,75,52,18,16,15,45,391,35,129.6755725,2718,20.96,163,281,37,3,0,0,0,0,391,40,28,59,21,0,104,18,16,203,12,1.787929259,8.48e-6,0,12,59,3974.089098,1.054149882
06A036058,2017,Slight,Male,11 - 15,1,0,Urban area,More deprived 10-20%,2,2,1,Single carriageway,30,0,Daylight,0,0,0,Non-trunk,0,0,0,0,Neither,Front,2017-10-12,15:20:00,Thursday,Manchester,E08000003,Urban,53.469182000000004,-2.193264,E01005067,32.51811594,32,805,343,355,96,11,760,79,170,128,76,7,16,14,13,162,95,52.30652886,2075,39.67,287,183,122,96,64,37,9,8,162,5,12,133,12,2,310,34,23,57,7,1.313157505,3.32e-6,0,14,5,9628.276634,1.677467088
06A036492,2017,Slight,Male,36 - 45,0,0,Urban area,Less deprived 10-20%,9,2,1,Single carriageway,30,0,Daylight,1,1,0,Non-trunk,1,0,0,0,Neither,Offside,2017-10-16,16:30:00,Monday,Manchester,E08000003,Urban,53.494077,-2.215956,E01005129,35.12369231,34,832,388,357,79,8,824,118,173,93,75,13,3,5,15,224,105,42.79739777,1842,43.04,337,250,102,79,38,16,10,4,224,11,20,125,14,0,250,21,28,124,7,0.698466922,1.63e-6,0,14,11,5728.572713,2.059406818
06A036648,2017,Severe/Fatal,Male,26 - 35,0,0,Urban area,Less deprived 30-40%,7,2,1,Single carriageway,30,0,Daylight,0,0,0,Non-trunk,0,0,0,0,Neither,Front,2017-10-30,09:25:00,Monday,Manchester,E08000003,Urban,53.478913,-2.253156,E01033682,33.96731154,31,751,344,342,56,9,958,138,69,67,57,9,8,13,3,551,43,72.05188679,1222,16.96,337,368,36,9,1,0,0,0,551,43,15,25,4,1,120,8,14,171,6,0.985640615,5.82e-6,0,5,39,4340.806628,1.082801986
06A036934,2017,Slight,Male,26 - 35,0,0,Urban area,Most deprived 10%,1,2,1,Single carriageway,30,0,Daylight,0,0,0,Non-trunk,0,1,0,0,Neither,Offside,2017-10-17,15:20:00,Tuesday,Manchester,E08000003,Urban,53.481659,-2.203401,E01033669,35.20416387,34,647,307,275,55,10,557,86,136,80,49,6,3,2,7,122,66,17.80719281,1426,80.08,268,179,83,67,30,12,5,3,122,30,7,83,13,3,191,28,7,68,7,3.567850026,4.5e-6,2,27,133,11136.38892,3.455417067
06A037138,2017,Slight,Male,36 - 45,0,0,Urban area,More deprived 30-40%,4,2,1,Single carriageway,30,0,Daylight,0,0,0,Non-trunk,0,0,0,0,Neither,Front,2017-10-23,17:26:00,Monday,Manchester,E08000003,Urban,53.47569,-2.23798,E01033662,27.49096065,25,967,725,207,31,4,864,156,43,70,59,13,5,13,18,449,38,138.8965517,2014,14.5,498,393,68,7,0,1,0,0,449,35,35,55,12,0,81,8,22,158,8,0.774186249,5.33e-6,1,19,89,2751.929485,1.496405173
06A037140,2017,Slight,Male,26 - 35,0,0,Urban area,More deprived 20-30%,3,2,1,Dual carriageway,30,0,Daylight,0,0,0,Non-trunk,0,1,0,0,Neither,Front,2017-11-01,09:15:00,Wednesday,Manchester,E08000003,Urban,53.473036,-2.248285,E01033656,23.57295455,23,485,298,166,21,0,892,190,55,75,52,18,16,15,45,391,35,129.6755725,2718,20.96,163,281,37,3,0,0,0,0,391,40,28,59,21,0,104,18,16,203,12,1.787929259,8.48e-6,0,12,59,3974.089098,1.054149882
06A037448,2017,Slight,Female,11 - 15,1,0,Urban area,More deprived 10-20%,2,2,1,Single carriageway,30,0,Darkness - lights lit,0,0,0,Non-trunk,0,0,0,0,Neither,Nearside,2017-11-15,19:30:00,Wednesday,Manchester,E08000003,Urban,53.513935,-2.198956,E01005223,36.22458791,37,604,209,245,128,22,690,91,118,116,68,7,16,5,12,142,115,82.71099744,1617,19.55,171,152,103,96,60,19,3,1,142,5,10,109,22,0,312,26,10,47,8,0,0,0,9,4,2564.908144,0.094749221
06A037557,2017,Slight,Female,26 - 35,0,0,Urban area,Less deprived 20-30%,8,2,1,Single carriageway,30,0,Daylight,0,1,0,Non-trunk,0,1,0,0,Neither,Offside,2017-11-20,08:10:00,Monday,Manchester,E08000003,Urban,53.472533,-2.239348,E01033656,23.57295455,23,485,298,166,21,0,892,190,55,75,52,18,16,15,45,391,35,129.6755725,2718,20.96,163,281,37,3,0,0,0,0,391,40,28,59,21,0,104,18,16,203,12,1.787929259,8.48e-6,0,12,59,3974.089098,1.054149882
06A037600,2017,Slight,Male,46 - 55,0,0,Urban area,Most deprived 10%,1,2,1,Single carriageway,30,0,Daylight,1,1,0,Non-trunk,0,0,0,0,Neither,Front,2017-11-16,09:15:00,Thursday,Manchester,E08000003,Urban,53.479028,-2.185579,E01005107,31.64444444,31,744,323,326,82,13,701,85,161,135,83,9,5,4,17,100,102,28.12283857,2033,72.29,240,156,136,106,66,28,7,3,100,16,14,125,10,1,317,43,8,65,6,2.994796102,4.17e-6,0,12,9,10399.49279,2.850167885
06A037838,2017,Slight,Male,26 - 35,0,0,Urban area,More deprived 10-20%,2,2,1,Single carriageway,30,0,Darkness - lights lit,0,0,0,Non-trunk,0,0,0,0,Neither,Back,2017-12-06,22:20:00,Wednesday,Manchester,E08000003,Urban,53.449169,-2.17941,E01005200,32.78013877,33,962,315,472,152,23,985,76,138,177,76,9,4,12,7,331,155,45.96261682,2459,53.5,305,252,169,109,72,36,11,6,331,4,14,82,19,2,404,29,35,45,16,0.533427049,9.94e-7,0,16,7,4685.204358,1.290949041
06A037933,2017,Slight,Female,26 - 35,0,0,Urban area,More deprived 10-20%,2,2,1,Single carriageway,30,0,Darkness - lights lit,0,0,0,Non-trunk,0,0,0,0,Neither,Front,2017-11-09,18:17:00,Thursday,Manchester,E08000003,Urban,53.466072,-2.163169,E01005188,36.49722531,36,730,234,334,126,36,775,73,139,194,57,8,4,11,7,150,132,28.37498152,1919,67.63,184,197,163,104,60,16,6,0,150,0,10,96,11,3,367,45,21,61,7,2.471340037,3.65e-6,0,10,13,3451.754637,0.135675416
06A037941,2017,Slight,Male,56 - 65,0,0,Urban area,Less deprived 40-50%,6,2,1,Dual carriageway,30,0,Daylight,0,1,0,Non-trunk,1,0,0,0,Neither,Back,2017-11-20,08:30:00,Monday,Manchester,E08000003,Urban,53.476172,-2.261231,E01033681,32.06413545,30,850,367,428,51,4,1098,163,89,54,49,14,6,14,8,661,40,38.76420869,1330,34.31,415,395,35,5,0,0,0,0,661,21,18,22,6,1,156,10,19,177,8,2.21916639,6.49e-6,0,21,46,6095.436681,2.266261708
06A037970,2017,Slight,Female,21 - 25,0,0,Urban area,More deprived 40-50%,5,2,1,Single carriageway,30,0,Darkness - lighting unknown,0,0,0,Non-trunk,0,1,0,0,Neither,Offside,2017-11-20,16:10:00,Monday,Manchester,E08000003,Urban,53.473403,-2.239911,E01033662,27.49096065,25,967,725,207,31,4,864,156,43,70,59,13,5,13,18,449,38,138.8965517,2014,14.5,498,393,68,7,0,1,0,0,449,35,35,55,12,0,81,8,22,158,8,0.774186249,5.33e-6,1,19,89,2751.929485,1.496405173
06A038095,2017,Slight,Male,26 - 35,0,0,Urban area,Most deprived 10%,1,2,1,Single carriageway,30,0,Darkness - lights lit,1,1,0,Non-trunk,0,0,0,0,Neither,Front,2017-11-27,21:30:00,Monday,Manchester,E08000003,Urban,53.534301,-2.220822,E01005100,37.19633838,37,658,201,287,121,49,673,70,97,157,57,10,4,8,15,149,106,20.38357512,1658,81.34,181,203,115,92,47,16,3,2,149,9,4,82,15,5,313,36,7,41,10,1.402918409,1.72e-6,0,6,5,2834.103077,2.388841493
06A038186,2017,Slight,Female,21 - 25,0,0,Urban area,More deprived 30-40%,4,2,1,Single carriageway,30,0,Darkness - lights lit,0,0,0,Non-trunk,0,0,0,0,Neither,Offside,2017-12-11,17:49:00,Monday,Manchester,E08000003,Urban,53.4742,-2.237203,E01005128,26.06866792,25,695,542,138,12,3,634,108,28,40,40,8,5,1,23,355,26,148.4249084,2026,13.65,365,298,25,6,0,0,1,0,355,20,25,32,4,0,51,13,7,123,5,0.834327504,6.09e-6,0,21,84,3570.664978,0.943179815
06A038801,2017,Slight,Male,56 - 65,0,0,Urban area,More deprived 10-20%,2,2,1,Dual carriageway,30,0,Darkness - lighting unknown,0,0,0,Non-trunk,0,0,0,0,Neither,Offside,2017-12-08,07:30:00,Friday,Manchester,E08000003,Urban,53.501424,-2.193003,E01005256,33.46237425,33,1049,427,479,119,24,1018,75,222,181,105,13,10,15,13,238,146,33.01650825,2640,79.96,367,253,204,119,57,38,9,3,238,57,10,160,17,1,399,49,20,55,10,2.078003939,2.62e-6,1,24,25,9292.634293,2.982744234
06A038812,2017,Slight,Male,21 - 25,0,0,Urban area,More deprived 20-30%,3,2,1,Single carriageway,30,0,Daylight,0,0,0,Non-trunk,0,1,0,0,Neither,Offside,2017-09-26,16:50:00,Tuesday,Manchester,E08000003,Urban,53.473744,-2.24044,E01033662,27.49096065,25,967,725,207,31,4,864,156,43,70,59,13,5,13,18,449,38,138.8965517,2014,14.5,498,393,68,7,0,1,0,0,449,35,35,55,12,0,81,8,22,158,8,0.774186249,5.33e-6,1,19,89,2751.929485,1.496405173
06A039090,2017,Slight,Male,16 - 20,1,0,Urban area,Most deprived 10%,1,2,1,Single carriageway,20,1,Darkness - lights lit,0,1,0,Non-trunk,1,0,0,0,Neither,Front,2017-12-16,20:30:00,Saturday,Manchester,E08000003,Urban,53.484842,-2.241708,E01033658,30.9487666,30,712,531,163,17,1,831,162,64,58,41,10,5,12,10,427,42,22.81132384,1394,61.11,363,307,34,4,2,0,0,1,427,37,33,56,0,1,68,5,17,180,6,2.915548222,4.78e-6,4,100,687,11257.07516,5.344013367
06E025639,2017,Slight,Male,21 - 25,0,0,Urban area,Least deprived 10%,10,2,1,Single carriageway,20,0,Daylight,0,1,0,Non-trunk,1,0,0,0,Neither,Back,2017-01-05,09:00:00,Thursday,Manchester,E08000003,Urban,53.449215,-2.257709,E01005297,33.57217742,33,948,301,410,175,62,1223,82,261,149,60,8,5,10,6,500,142,74.51820128,2436,32.69,344,249,139,101,50,35,16,14,500,23,8,87,11,2,362,40,99,74,16,0,0,0,4,10,4832.972905,1.050230804
06E025928,2017,Severe/Fatal,Male,21 - 25,0,0,Urban area,More deprived 20-30%,3,3,1,Single carriageway,30,0,Daylight,1,1,0,Non-trunk,0,0,0,0,Neither,Front,2017-01-16,08:10:00,Monday,Manchester,E08000003,Urban,53.422635,-2.239987,E01005083,31.38564761,30,954,310,438,176,30,1302,82,119,237,62,16,15,15,8,675,73,50.36996437,1838,36.49,444,331,64,75,26,8,2,5,675,58,8,60,7,1,342,15,52,78,5,0.859594539,2.34e-6,0,20,19,8399.178472,1.865815306
06E025951,2017,Slight,Male,11 - 15,1,0,Urban area,Most deprived 10%,1,2,1,Single carriageway,30,0,Daylight,0,1,0,Non-trunk,0,0,0,0,Neither,Front,2017-01-19,16:20:00,Thursday,Manchester,E08000003,Urban,53.4577,-2.226555,E01005284,25.45450292,23,654,408,195,44,7,740,155,121,59,57,14,7,5,36,232,54,87.59271746,2598,29.66,269,190,77,67,31,7,4,9,232,8,7,109,18,1,123,35,31,171,7,1.450401873,4.9e-6,0,9,125,5009.24423,0.893620935
06E026183,2017,Slight,Male,26 - 35,0,0,Urban area,More deprived 10-20%,2,2,1,Single carriageway,30,0,Daylight,0,0,0,Non-trunk,1,0,0,0,Neither,Front,2017-01-13,16:15:00,Friday,Manchester,E08000003,Urban,53.471813,-2.220694,E01005065,31.72524407,29,802,394,321,72,15,774,192,104,72,69,6,7,11,17,186,110,32.95420079,2173,65.94,260,212,130,111,46,30,9,5,186,12,8,105,19,1,233,19,17,164,12,2.480693669,3.79e-6,0,17,23,9047.417741,3.23352833
06E026328,2017,Severe/Fatal,Female,66 - 75,0,1,Urban area,More deprived 10-20%,2,2,1,Single carriageway,20,0,Daylight,0,0,0,Non-trunk,0,0,0,0,Neither,Back,2017-02-03,09:15:00,Friday,Manchester,E08000003,Urban,53.459453,-2.235706,E01005209,25.67972941,23,463.5,287,152,20,4.5,427.5,94,66.5,46,33.5,5,2,5,17,111.5,47,40.65491184,1614,39.7,207,137,51.5,35,13.5,9,8,2.5,111.5,2,5.5,68,11,0.5,98,10.5,15,97,8.5,4.453173924,5.61e-6,0,24,132,6833.455028,2.225000983
06E027123,2017,Slight,Female,21 - 25,0,0,Urban area,More deprived 20-30%,3,2,1,Single carriageway,30,0,Daylight,0,0,0,Non-trunk,0,0,0,0,Neither,Front,2017-02-07,08:45:00,Tuesday,Manchester,E08000003,Urban,53.45629,-2.225704,E01005288,29.0377249,26,676,377,219,58,22,658,91,138,74,58,8,0,5,8,178,98,97.95808705,1823,18.61,206,138,159,78,49,30,13,4,178,9,11,129,13,2,171,19,35,77,11,0.696751759,3.73e-6,0,4,39,5263.907801,0.245468301
06E027130,2017,Slight,Male,56 - 65,0,0,Urban area,Less deprived 20-30%,8,2,1,Single carriageway,30,0,Daylight,0,0,0,Non-trunk,0,0,0,0,Neither,Front,2017-02-09,16:10:00,Thursday,Manchester,E08000003,Urban,53.455036,-2.192371,E01005233,28.98832528,29,786,302,358,103,23,862,92,158,150,79,18,10,8,11,135,201,284.3175218,2937,10.33,121,120,138,158,116,55,37,41,135,3,7,141,32,0,348,65,21,71,36,0,0,0,2,4,818.9879329,0
06E027318,2017,Slight,Male,46 - 55,0,0,Urban area,More deprived 30-40%,4,2,1,Single carriageway,30,0,Darkness - lights lit,0,0,0,Non-trunk,0,0,0,0,Neither,Front,2017-02-16,21:40:00,Thursday,Manchester,E08000003,Urban,53.406515,-2.263438,E01005269,43.10381078,45,614,114,243,189,68,728,39,138,139,55,14,5,10,7,218,103,25.78584636,1534,59.49,170,200,97,94,35,12,4,4,218,0,1,28,5,1,371,36,16,44,5,2.287920331,3.87e-6,0,6,6,9796.953083,1.029030756
06E027323,2017,Slight,Male,26 - 35,0,0,Urban area,Most deprived 10%,1,2,1,Single carriageway,20,0,Darkness - lights lit,0,0,0,Non-trunk,0,0,0,0,Neither,Back,2017-02-14,19:54:00,Tuesday,Manchester,E08000003,Urban,53.452686,-2.230052,E01005242,27.83606557,28,553.5,285.5,229.5,31,7.5,479.5,115,92.5,52.5,31.5,8,4,4.5,6,84.5,81,169.4143167,1562,9.22,140,145.5,100.5,78.5,47.5,24,10.5,7,84.5,4,4.5,97,11.5,1,144.5,15.5,25,83,7.5,0.6385101,3.49e-6,0,8,2,4450.396974,0.94817143
06E027329,2017,Slight,Male,36 - 45,0,0,Urban area,More deprived 30-40%,4,2,1,Single carriageway,30,0,Daylight,0,0,0,Non-trunk,0,1,0,0,Neither,Front,2017-02-18,13:40:00,Saturday,Manchester,E08000003,Urban,53.452494,-2.222597,E01005284,25.45450292,23,654,408,195,44,7,740,155,121,59,57,14,7,5,36,232,54,87.59271746,2598,29.66,269,190,77,67,31,7,4,9,232,8,7,109,18,1,123,35,31,171,7,1.450401873,4.9e-6,0,9,125,5009.24423,0.893620935
06E027684,2017,Slight,Male,26 - 35,0,0,Urban area,Less deprived 40-50%,6,2,1,Single carriageway,30,0,Darkness - lights lit,1,1,0,Non-trunk,1,0,0,0,Neither,Front,2017-02-24,23:08:00,Friday,Manchester,E08000003,Urban,53.438714,-2.274777,E01005154,34.32133995,33,657,194,307,128,28,886,32,116,129,34,8,4,11,6,481,65,93.6351706,1427,15.24,229,226,96,76,23,3,3,0,481,65,4,27,5,0,211,6,42,46,2,1.606061987,1.04e-5,0,5,10,2797.047478,0.802293919
06E028028,2017,Slight,Male,26 - 35,0,0,Urban area,More deprived 20-30%,3,2,1,Roundabout,30,0,Daylight,0,0,0,Non-trunk,1,0,0,0,Neither,Nearside,2017-03-02,08:03:00,Thursday,Manchester,E08000003,Urban,53.472398,-2.256914,E01033682,33.96731154,31,751,344,342,56,9,958,138,69,67,57,9,8,13,3,551,43,72.05188679,1222,16.96,337,368,36,9,1,0,0,0,551,43,15,25,4,1,120,8,14,171,6,0.985640615,5.82e-6,0,5,39,4340.806628,1.082801986
06E028087,2017,Slight,Female,26 - 35,0,0,Urban area,More deprived 20-30%,3,2,1,Single carriageway,30,0,Daylight,0,0,0,Non-trunk,1,0,0,0,Neither,Nearside,2017-03-02,10:09:00,Thursday,Manchester,E08000003,Urban,53.463679,-2.239389,E01005209,25.67972941,23,463.5,287,152,20,4.5,427.5,94,66.5,46,33.5,5,2,5,17,111.5,47,40.65491184,1614,39.7,207,137,51.5,35,13.5,9,8,2.5,111.5,2,5.5,68,11,0.5,98,10.5,15,97,8.5,4.453173924,5.61e-6,0,24,132,6833.455028,2.225000983
06E028161,2017,Slight,Female,21 - 25,0,0,Urban area,More deprived 20-30%,3,2,1,Dual carriageway,40,0,Darkness - lights lit,0,0,0,Non-trunk,0,0,0,0,Neither,Front,2017-03-14,20:59:00,Tuesday,Manchester,E08000003,Urban,53.436027,-2.245286,E01005272,34.79257642,33,812,312,376,100,24,725,85,144,138,32,5,2,5,7,204,103,41.13844871,1973,47.96,283,229,123,92,50,26,4,7,204,36,4,60,11,1,290,31,22,55,11,1.032400161,2.16e-6,1,13,31,3461.845913,0.689392571
06E028338,2017,Severe/Fatal,Female,46 - 55,0,0,Urban area,More deprived 30-40%,4,2,1,Single carriageway,20,0,Daylight,0,0,0,Non-trunk,0,0,0,0,Neither,Nearside,2017-04-03,18:15:00,Monday,Manchester,E08000003,Urban,53.455153,-2.246224,E01005246,28.57670821,26,755,375,307,67,6,682,120,144,81,57,6,0,5,14,112,143,179.8301486,2541,14.13,199,131,108,108,73,73,26,41,112,6,4,155,23,0,234,25,17,87,17,0.250415015,1.81e-6,0,4,4,2010.479325,0.342779286
06E028376,2017,Slight,Female,46 - 55,0,0,Urban area,Most deprived 10%,1,2,1,Single carriageway,30,0,Daylight,0,0,0,Non-trunk,0,0,0,0,Neither,Nearside,2017-04-06,12:40:00,Thursday,Manchester,E08000003,Urban,53.425695,-2.264128,E01005084,37.0935,36,858,218,429,178,33,1061,49,181,208,47,16,5,10,8,441,96,23.09460858,2009,86.99,249,302,150,101,42,9,4,1,441,41,3,61,8,1,373,34,35,47,14,3.686988444,4.25e-6,0,19,4,3679.009646,1.049649947
06E028507,2017,Slight,Male,21 - 25,0,0,Urban area,Most deprived 10%,1,2,1,Single carriageway,30,0,Daylight,0,0,0,Non-trunk,0,0,0,0,Neither,Front,2017-03-15,17:07:00,Wednesday,Manchester,E08000003,Urban,53.393837,-2.257074,E01005086,33.27641348,31,702,273,301,101,27,684,99,174,114,55,10,4,3,6,109,110,77.03793382,1909,24.78,171,171,154,126,49,27,3,0,109,20,5,75,12,4,324,37,21,66,9,0.80712663,3.21e-6,0,5,4,3846.561737,0.367795085
06E028804,2017,Slight,Male,21 - 25,0,0,Urban area,Most deprived 10%,1,2,1,Single carriageway,30,0,Daylight,0,0,0,Non-trunk,0,0,0,0,Neither,Front,2017-03-28,14:50:00,Tuesday,Manchester,E08000003,Urban,53.469616,-2.232252,E01005062,27.63575,26,419.5,213.5,161.5,36.5,8,491.5,137.5,67,41.5,33,11,2.5,6,4,144.5,44.5,51.12359551,1501.5,29.37,119.5,106,74.5,65.5,35,8.5,6.5,4.5,144.5,3,10,64,7,0.5,103.5,11.5,17,121.5,7,3.633340733,6.18e-6,0,28,244,8894.878973,2.017187943
06E029010,2017,Slight,Male,56 - 65,0,0,Urban area,Least deprived 10%,10,2,1,Single carriageway,30,0,Daylight,0,0,0,Non-trunk,0,0,0,0,Neither,Front,2017-03-27,09:50:00,Monday,Manchester,E08000003,Urban,53.442884,-2.267306,E01005301,37.33783784,36,587,128,264,154,41,780,42,130,119,35,12,3,7,0,381,51,57.22007722,1482,25.9,201,168,78,73,31,20,10,8,381,55,1,22,5,1,233,11,30,36,2,1.173838382,4.55e-6,0,12,17,4316.226883,1.163870773
06E029345,2017,Slight,Male,21 - 25,0,0,Urban area,More deprived 20-30%,3,2,1,Single carriageway,30,1,Darkness - lights lit,0,0,0,Non-trunk,0,0,0,0,Neither,Nearside,2017-03-11,00:55:00,Saturday,Manchester,E08000003,Urban,53.407533,-2.25842,E01005268,40.49311701,39,1074,277,531,227,39,1203,51,158,241,66,28,11,7,11,500,130,26.54770575,2187,82.38,429,365,139,104,25,8,2,0,500,9,9,110,7,3,443,24,34,51,14,1.672002822,2.03e-6,0,12,8,7749.992591,4.477840505
06E029433,2017,Severe/Fatal,Male,36 - 45,0,0,Urban area,Most deprived 10%,1,2,1,Single carriageway,30,0,Daylight,0,0,0,Non-trunk,0,0,0,0,Neither,Offside,2017-04-03,07:45:00,Monday,Manchester,E08000003,Urban,53.408796,-2.272584,E01005264,37.64010451,36,618,199,274,113,32,667,57,165,147,32,9,3,9,8,129,108,39.57283417,1649,41.67,176,164,130,97,21,16,10,3,129,28,3,56,9,6,329,25,23,47,12,1.335098363,3.2e-6,0,7,14,4193.028589,0.624290214
06E029661,2017,Slight,Male,16 - 20,1,0,Urban area,Most deprived 10%,1,2,1,Single carriageway,30,0,Daylight,0,0,0,Non-trunk,0,1,0,0,Neither,Front,2017-03-09,16:50:00,Thursday,Manchester,E08000003,Urban,53.469016,-2.23615,E01005210,24.77453788,23,447,276,146,20,5,520,100,53,66,31,10,7,11,44,121,77,121.6651334,2645,21.74,221,108,38,34,19,17,5,5,121,13,6,111,13,0,138,11,14,83,6,1.604325499,7.4e-6,0,15,54,4912.098336,1.117948888
06E029842,2017,Severe/Fatal,Male,36 - 45,0,0,Urban area,Less deprived 20-30%,8,2,1,Single carriageway,20,0,Daylight,0,0,0,Non-trunk,0,0,0,0,Neither,Front,2017-04-26,08:05:00,Wednesday,Manchester,E08000003,Urban,53.437776,-2.193633,E01005217,35.97922078,35,699,132,328,178,61,871,85,147,131,42,10,8,6,15,288,139,64.47864322,2053,31.84,176,182,93,115,76,33,9,14,288,3,10,34,12,0,398,28,26,62,13,0.345761675,1.09e-6,0,6,7,5470.270303,1.308279429
06E029878,2017,Slight,Male,21 - 25,0,0,Urban area,Most deprived 10%,1,2,1,Single carriageway,30,0,Daylight,0,0,0,Non-trunk,1,0,0,0,Neither,Front,2017-04-18,14:40:00,Tuesday,Manchester,E08000003,Urban,53.4554,-2.195204,E01005234,30.98636364,31,650,263,283,82,22,686,100,127,114,66,9,7,8,5,103,147,115.2466368,2313,20.07,154,107,77,99,83,60,32,37,103,5,5,132,15,1,251,44,17,91,20,0,0,0,6,13,3600.917605,1.878270481
06E029894,2017,Severe/Fatal,Male,56 - 65,0,0,Urban area,Most deprived 10%,1,2,1,Single carriageway,30,1,Daylight,0,0,0,Non-trunk,0,0,0,0,Neither,Front,2017-04-29,17:50:00,Saturday,Manchester,E08000003,Urban,53.410791,-2.276478,E01005265,34.93088942,34,697,227,325,118,27,680,76,133,156,52,8,1,6,3,142,103,57.62599469,1738,30.16,195,205,130,108,36,16,5,0,142,25,2,52,18,3,322,35,17,63,3,0.28749457,9.56e-7,0,6,12,3822.823912,0.517530618
06E029925,2017,Severe/Fatal,Male,Over 75,0,1,Urban area,More deprived 30-40%,4,2,1,Single carriageway,30,0,Daylight,0,0,0,Non-trunk,0,1,0,1,Off carriageway,Nearside,2017-03-04,10:45:00,Saturday,Manchester,E08000003,Urban,53.431461,-2.274203,E01005082,36.09816972,35,750,232,347,141,30,841,51,132,113,48,10,5,3,4,377,98,23.22189235,1799,77.47,245,230,125,90,35,11,9,5,377,35,5,34,8,2,281,22,37,36,5,2.580595286,3.33e-6,1,14,5,5540.209428,1.731976235
06E030397,2017,Slight,Female,21 - 25,0,0,Urban area,Most deprived 10%,1,2,1,Single carriageway,30,0,Daylight,0,0,0,Non-trunk,1,0,0,0,Neither,Front,2017-04-28,15:00:00,Friday,Manchester,E08000003,Urban,53.460002,-2.248511,E01005208,27.87914344,27,1101,559,472,58,12,1266,244,198,105,60,13,12,19,26,489,100,60.7923793,2808,46.19,378,399,178,88,37,16,2,2,489,19,14,136,24,1,267,35,63,200,18,3.312792357,7.16e-6,0,17,64,9952.721586,1.757917145
06E030408,2017,Slight,Male,26 - 35,0,0,Urban area,More deprived 10-20%,2,2,1,Single carriageway,30,1,Daylight,0,0,0,Non-trunk,0,0,0,0,Neither,Did not impact,2017-04-27,11:55:00,Thursday,Manchester,E08000003,Urban,53.451271,-2.222651,E01005286,28.69647153,24,763,357,283,83,40,928,143,159,94,47,16,9,11,18,346,85,79.6398892,2300,28.88,233,183,120,98,46,36,38,11,346,8,11,122,10,2,204,30,44,131,22,1.308229132,4.5e-6,0,7,31,5318.788671,1.151403545
06E030471,2017,Slight,Male,26 - 35,0,0,Urban area,Less deprived 40-50%,6,2,1,Single carriageway,30,0,Daylight,0,0,0,Non-trunk,0,0,0,0,Neither,Front,2017-04-28,15:19:00,Friday,Manchester,E08000003,Urban,53.436406,-2.273648,E01005158,38.84768212,38,697,237,324,119,17,772,42,92,137,46,5,4,1,4,360,81,43.70240187,1492,34.14,283,205,100,74,24,3,4,4,360,40,2,22,9,1,229,19,36,48,8,2.736027458,8.01e-6,0,17,24,3874.183435,0.773492181
06E030626,2017,Slight,Male,26 - 35,0,0,Urban area,Most deprived 10%,1,2,2,Single carriageway,20,0,Darkness - lights lit,0,0,0,Non-trunk,1,0,0,0,Neither,Front,2017-05-01,00:16:00,Monday,Manchester,E08000003,Urban,53.371808,-2.272436,E01005315,39.06946108,39,813,342,366,86,19,690,121,148,105,78,15,0,6,10,102,105,47.41474147,1724,36.36,320,248,124,84,28,7,5,0,102,14,5,82,21,5,309,40,23,78,10,0.790969103,2.18e-6,0,13,6,5792.333123,0.105402376
06E030738,2017,Slight,Male,36 - 45,0,0,Urban area,More deprived 30-40%,4,2,1,Single carriageway,40,0,Daylight,0,0,0,Non-trunk,0,0,0,0,Neither,Back,2017-05-09,14:31:00,Tuesday,Manchester,E08000003,Urban,53.442542,-2.218269,E01005185,22.51164519,21,511,236,169,71,35,736,59,166,92,39,15,14,13,49,200,89,139.4354149,3260,23.38,109,100,67,71,53,60,42,7,200,6,22,184,10,0,145,17,58,66,23,1.800599604,7.81e-6,0,7,69,3777.948894,0.427055009
06E030845,2017,Slight,Male,21 - 25,0,0,Urban area,Most deprived 10%,1,2,1,Single carriageway,30,0,Daylight,0,0,0,Non-trunk,0,1,0,0,Neither,Front,2017-05-23,08:40:00,Tuesday,Manchester,E08000003,Urban,53.451299,-2.23161,E01005242,27.83606557,28,553.5,285.5,229.5,31,7.5,479.5,115,92.5,52.5,31.5,8,4,4.5,6,84.5,81,169.4143167,1562,9.22,140,145.5,100.5,78.5,47.5,24,10.5,7,84.5,4,4.5,97,11.5,1,144.5,15.5,25,83,7.5,0.6385101,3.49e-6,0,8,2,4450.396974,0.94817143
06E030894,2017,Slight,Male,11 - 15,1,0,Urban area,Most deprived 10%,1,3,1,Single carriageway,30,0,Daylight,0,0,0,Non-trunk,0,0,0,0,Neither,Offside,2017-05-22,18:00:00,Monday,Manchester,E08000003,Urban,53.374444,-2.271385,E01005315,39.06946108,39,813,342,366,86,19,690,121,148,105,78,15,0,6,10,102,105,47.41474147,1724,36.36,320,248,124,84,28,7,5,0,102,14,5,82,21,5,309,40,23,78,10,0.790969103,2.18e-6,0,13,6,5792.333123,0.105402376
06E030910,2017,Slight,Male,16 - 20,1,0,Urban area,More deprived 30-40%,4,2,1,Single carriageway,30,0,Daylight,0,0,0,Non-trunk,0,0,0,0,Neither,Front,2017-05-11,16:40:00,Thursday,Manchester,E08000003,Urban,53.440662,-2.219434,E01005271,27.53744701,24,620,275,220,90,35,663,60,141,110,25,8,10,5,29,214,61,108.529251,1985,18.29,209,145,52,69,57,44,22,22,214,9,8,146,3,2,161,13,30,69,10,0.32074513,1.77e-6,0,5,51,2698.604569,0
06E031168,2017,Severe/Fatal,Male,36 - 45,0,0,Urban area,Less deprived 10-20%,9,2,1,Single carriageway,30,0,Daylight,0,0,0,Non-trunk,0,0,0,0,Neither,Front,2017-06-01,10:12:00,Thursday,Manchester,E08000003,Urban,53.418957,-2.231931,E01005176,35.24986508,33,895,241,484,151,19,1130,74,81,194,69,21,16,11,9,589,66,61.25273125,1682,27.46,337,399,104,44,8,2,2,0,589,46,12,46,2,0,317,8,28,77,4,2.39721576,8.59e-6,1,12,47,4918.748899,1.634605461
06E031263,2017,Severe/Fatal,Male,21 - 25,0,0,Urban area,More deprived 30-40%,4,2,2,Single carriageway,30,0,Daylight,0,0,0,Non-trunk,1,0,0,0,Neither,Back,2017-06-01,17:20:00,Thursday,Manchester,E08000003,Urban,53.440563,-2.214239,E01005310,27.01939655,23,585,240,220,81,44,603,57,142,116,26,6,11,7,27,136,75,127.7992278,1986,15.54,100,105,115,121,60,56,17,12,136,7,11,121,14,1,189,25,37,54,10,0.331205607,2.13e-6,0,5,7,2023.584257,0
06E031309,2017,Slight,Male,36 - 45,0,0,Urban area,More deprived 20-30%,3,2,1,Single carriageway,30,1,Daylight,0,0,0,Non-trunk,0,0,0,0,Neither,Offside,2017-06-07,17:30:00,Wednesday,Manchester,E08000003,Urban,53.449835,-2.274005,E01005296,38.47647768,37,629,144,293,147,45,790,50,127,90,41,9,6,2,7,386,72,69.79955457,1567,22.45,197,205,75,85,31,22,9,5,386,24,3,28,2,0,237,17,46,34,9,0.164805339,7.44e-7,0,10,29,3239.674511,1.883609427
06E031343,2017,Slight,Male,26 - 35,0,0,Urban area,More deprived 30-40%,4,2,1,Single carriageway,30,0,Daylight,1,1,0,Non-trunk,0,1,0,0,Neither,Front,2017-06-06,15:20:00,Tuesday,Manchester,E08000003,Urban,53.442632,-2.21842,E01005185,22.51164519,21,511,236,169,71,35,736,59,166,92,39,15,14,13,49,200,89,139.4354149,3260,23.38,109,100,67,71,53,60,42,7,200,6,22,184,10,0,145,17,58,66,23,1.800599604,7.81e-6,0,7,69,3777.948894,0.427055009
06E031548,2017,Slight,Male,26 - 35,0,0,Urban area,Least deprived 10%,10,2,1,Single carriageway,30,0,Daylight,0,0,0,Non-trunk,0,0,0,0,Neither,Front,2017-06-01,08:01:00,Thursday,Manchester,E08000003,Urban,53.444997,-2.218131,E01005185,22.51164519,21,511,236,169,71,35,736,59,166,92,39,15,14,13,49,200,89,139.4354149,3260,23.38,109,100,67,71,53,60,42,7,200,6,22,184,10,0,145,17,58,66,23,1.800599604,7.81e-6,0,7,69,3777.948894,0.427055009
06E031679,2017,Severe/Fatal,Male,56 - 65,0,0,Urban area,Most deprived 10%,1,2,1,Single carriageway,30,1,Daylight,0,0,0,Non-trunk,0,0,0,0,Neither,Front,2017-06-14,18:38:00,Wednesday,Manchester,E08000003,Urban,53.457147,-2.229082,E01005244,27.35116868,24,813,476,247,64,26,888,160,183,85,65,16,6,18,21,205,129,158.3597884,2993,18.9,226,171,107,138,74,70,16,12,205,12,13,164,15,1,219,29,37,167,23,1.289353585,6.75e-6,0,9,40,6017.132507,0.696996425
06E031730,2017,Slight,Female,26 - 35,0,0,Rural,Less deprived 30-40%,7,2,1,Single carriageway,30,0,Daylight,0,0,0,Non-trunk,0,0,0,0,Neither,Front,2017-06-01,17:25:00,Thursday,Manchester,E08000003,Urban,53.442605,-2.21845,E01005185,22.51164519,21,511,236,169,71,35,736,59,166,92,39,15,14,13,49,200,89,139.4354149,3260,23.38,109,100,67,71,53,60,42,7,200,6,22,184,10,0,145,17,58,66,23,1.800599604,7.81e-6,0,7,69,3777.948894,0.427055009
06E032006,2017,Slight,Male,11 - 15,1,0,Urban area,Most deprived 10%,1,2,1,Single carriageway,30,0,Daylight,0,0,0,Non-trunk,1,0,0,0,Neither,Front,2017-07-01,17:30:00,Saturday,Manchester,E08000003,Urban,53.453046,-2.188883,E01005194,30.5024255,31,474,188.5,226,42.5,17,476.5,62.5,93.5,80.5,39.5,8.5,4,5,4.5,72,106.5,125.7869249,1558.5,12.39,99.5,106.5,72,67.5,67.5,33.5,19,11,72,1.5,3.5,91,10,0.5,195.5,24.5,20.5,44,12,0.123366239,4.89e-7,0,11,8,4726.32033,0.35580465
06E032026,2017,Slight,Male,66 - 75,0,1,Urban area,Less deprived 30-40%,7,3,1,Single carriageway,30,0,Daylight,0,0,0,Non-trunk,0,0,0,0,Neither,Did not impact,2017-05-08,15:25:00,Monday,Manchester,E08000003,Urban,53.400911,-2.302869,E01005113,37.04771115,36,810,354,342,96,18,655,97,151,101,62,12,5,3,6,129,89,65.93059937,1672,25.36,355,195,168,65,22,6,3,1,129,30,3,45,17,2,286,34,27,67,15,0.329641034,1.3e-6,0,12,8,5280.555034,0.701475341
06E032157,2017,Severe/Fatal,Male,46 - 55,0,0,Urban area,More deprived 30-40%,4,2,1,Single carriageway,30,0,Daylight,0,0,0,Non-trunk,1,0,0,0,Neither,Offside,2017-06-16,14:49:00,Friday,Manchester,E08000003,Urban,53.452456,-2.23767,E01005240,28.19362113,27,630.5,301,261,59,9.5,608,93,129,80.5,29.5,9,6,3.5,5.5,141.5,110.5,73.13583233,1814.5,24.81,198,144.5,91,80.5,46,30.5,24,16,141.5,4.5,10,87.5,18.5,1,209.5,20.5,35.5,63.5,15.5,1.921115883,3.87e-6,0,10,11,6484.102852,1.648596829
06E032180,2017,Slight,Female,21 - 25,0,0,Urban area,Most deprived 10%,1,2,1,Single carriageway,30,0,Daylight,0,0,0,Non-trunk,0,1,0,0,Neither,Back,2017-06-22,13:50:00,Thursday,Manchester,E08000003,Urban,53.464235,-2.226122,E01005062,27.63575,26,419.5,213.5,161.5,36.5,8,491.5,137.5,67,41.5,33,11,2.5,6,4,144.5,44.5,51.12359551,1501.5,29.37,119.5,106,74.5,65.5,35,8.5,6.5,4.5,144.5,3,10,64,7,0.5,103.5,11.5,17,121.5,7,3.633340733,6.18e-6,0,28,244,8894.878973,2.017187943
06E032498,2017,Slight,Male,Over 75,0,1,Urban area,More deprived 20-30%,3,2,1,Single carriageway,30,1,Daylight,0,0,0,Non-trunk,0,1,0,0,Neither,Front,2017-07-04,11:30:00,Tuesday,Manchester,E08000003,Urban,53.432912,-2.229418,E01005276,33.67254408,29,616,184,286,110,36,816,55,89,153,41,8,0,10,8,400,52,72.72727273,1464,20.13,211,228,65,57,22,21,7,4,400,38,3,62,5,3,194,13,42,50,5,1.668525154,8.22e-6,0,9,30,3761.861351,0.720229157
06E032502,2017,Slight,Male,36 - 45,0,0,Urban area,Most deprived 10%,1,2,1,Single carriageway,20,0,Daylight,0,0,0,Non-trunk,0,0,0,0,Neither,Front,2017-07-07,15:00:00,Friday,Manchester,E08000003,Urban,53.401724,-2.294286,E01005117,33.13863745,33,974,395,421,132,26,964,173,213,171,60,12,1,17,7,166,144,24.72306143,2455,99.3,388,205,139,136,68,15,4,19,166,63,8,68,29,2,433,64,40,76,16,2.179439936,2.18e-6,0,16,36,9026.544247,2.154989888
06E032557,2017,Slight,Female,11 - 15,1,0,Urban area,Most deprived 10%,1,2,1,Single carriageway,30,0,Daylight,0,0,0,Non-trunk,0,0,0,0,Neither,Offside,2017-07-03,21:15:00,Monday,Manchester,E08000003,Urban,53.422155,-2.209076,E01005125,34.85853977,33,614,170,296,118,30,702,69,103,143,41,12,6,8,4,224,92,68.70362287,1574,22.91,183,154,122,91,39,12,10,1,224,4,25,35,10,0,296,23,38,48,0,0.318344883,1.4e-6,1,7,21,4695.112427,1.41869149
06E032593,2017,Slight,Male,36 - 45,0,0,Urban area,Most deprived 10%,1,2,1,Roundabout,30,0,Darkness - lights lit,0,0,0,Non-trunk,0,0,0,0,Neither,Back,2017-07-10,21:38:00,Monday,Manchester,E08000003,Urban,53.470227,-2.223036,E01005065,31.72524407,29,802,394,321,72,15,774,192,104,72,69,6,7,11,17,186,110,32.95420079,2173,65.94,260,212,130,111,46,30,9,5,186,12,8,105,19,1,233,19,17,164,12,2.480693669,3.79e-6,0,17,23,9047.417741,3.23352833
06E032684,2017,Slight,Female,6 - 10,1,0,Urban area,Most deprived 10%,1,2,1,Single carriageway,30,0,Daylight,0,0,0,Non-trunk,0,1,0,0,Neither,Front,2017-07-11,08:40:00,Tuesday,Manchester,E08000003,Urban,53.411454,-2.269441,E01005264,37.64010451,36,618,199,274,113,32,667,57,165,147,32,9,3,9,8,129,108,39.57283417,1649,41.67,176,164,130,97,21,16,10,3,129,28,3,56,9,6,329,25,23,47,12,1.335098363,3.2e-6,0,7,14,4193.028589,0.624290214
06E032763,2017,Slight,Male,6 - 10,1,0,Urban area,Most deprived 10%,1,2,1,Single carriageway,30,1,Daylight,0,0,0,Non-trunk,0,0,0,0,Neither,Front,2017-07-12,19:17:00,Wednesday,Manchester,E08000003,Urban,53.434822,-2.241049,E01005272,34.79257642,33,812,312,376,100,24,725,85,144,138,32,5,2,5,7,204,103,41.13844871,1973,47.96,283,229,123,92,50,26,4,7,204,36,4,60,11,1,290,31,22,55,11,1.032400161,2.16e-6,1,13,31,3461.845913,0.689392571
06E032848,2017,Severe/Fatal,Male,26 - 35,0,0,Urban area,Most deprived 10%,1,2,1,Dual carriageway,30,1,Daylight,0,0,0,Non-trunk,0,1,0,0,Neither,Back,2017-07-04,13:45:00,Tuesday,Manchester,E08000003,Urban,53.462691,-2.229804,E01005062,27.63575,26,419.5,213.5,161.5,36.5,8,491.5,137.5,67,41.5,33,11,2.5,6,4,144.5,44.5,51.12359551,1501.5,29.37,119.5,106,74.5,65.5,35,8.5,6.5,4.5,144.5,3,10,64,7,0.5,103.5,11.5,17,121.5,7,3.633340733,6.18e-6,0,28,244,8894.878973,2.017187943
06E032881,2017,Severe/Fatal,Male,11 - 15,1,0,Urban area,Most deprived 10%,1,2,1,Single carriageway,30,1,Darkness - lighting unknown,0,0,0,Non-trunk,1,0,0,0,Neither,Offside,2017-07-07,21:30:00,Friday,Manchester,E08000003,Urban,53.38622,-2.246097,E01005290,36.91645078,36,683,253,303,102,25,669,103,156,70,50,12,0,3,13,148,114,50.4784689,1688,33.44,221,174,137,87,46,13,5,3,148,37,3,42,14,6,285,28,23,74,9,1.071936492,3.19e-6,0,11,7,2596.92826,1.404763799
06E032948,2017,Slight,Male,11 - 15,1,0,Urban area,More deprived 30-40%,4,2,1,Single carriageway,30,0,Daylight,0,0,0,Non-trunk,0,1,0,0,Neither,Front,2017-07-20,15:15:00,Thursday,Manchester,E08000003,Urban,53.439918,-2.266881,E01005301,37.33783784,36,587,128,264,154,41,780,42,130,119,35,12,3,7,0,381,51,57.22007722,1482,25.9,201,168,78,73,31,20,10,8,381,55,1,22,5,1,233,11,30,36,2,1.173838382,4.55e-6,0,12,17,4316.226883,1.163870773
06E032959,2017,Slight,Male,26 - 35,0,0,Urban area,Less deprived 40-50%,6,2,1,Single carriageway,30,0,Daylight,0,0,0,Non-trunk,0,0,0,0,Neither,Front,2017-07-21,16:50:00,Friday,Manchester,E08000003,Urban,53.441202,-2.218879,E01005185,22.51164519,21,511,236,169,71,35,736,59,166,92,39,15,14,13,49,200,89,139.4354149,3260,23.38,109,100,67,71,53,60,42,7,200,6,22,184,10,0,145,17,58,66,23,1.800599604,7.81e-6,0,7,69,3777.948894,0.427055009
06E033014,2017,Slight,Female,26 - 35,0,0,Urban area,More deprived 30-40%,4,2,1,Single carriageway,30,0,Daylight,1,1,0,Non-trunk,0,0,0,0,Neither,Offside,2017-07-10,08:45:00,Monday,Manchester,E08000003,Urban,53.4426,-2.28126,E01005150,34.95905588,32,841,340,359,109,33,1163,51,168,157,64,14,11,9,5,607,77,69.13982878,1696,24.53,390,277,71,59,25,12,2,6,607,88,9,46,11,1,239,19,74,56,10,1.850597177,7.56e-6,1,16,45,6661.275763,2.305838714
06E033033,2017,Slight,Male,16 - 20,1,0,Urban area,Most deprived 10%,1,2,1,Single carriageway,30,0,Daylight,0,0,0,Non-trunk,0,0,0,0,Neither,Nearside,2017-07-21,19:34:00,Friday,Manchester,E08000003,Urban,53.458463,-2.191046,E01005235,32.72981366,32,717,326,297,81,13,661,100,143,116,62,15,4,6,10,78,127,65.93720266,2079,31.53,211,171,87,106,67,49,16,10,78,6,3,115,26,1,308,26,15,73,10,0,0,0,15,9,4070.685577,1.179847932
06E033113,2017,Slight,Male,46 - 55,0,0,Urban area,Less deprived 40-50%,6,3,1,Dual carriageway,30,1,Daylight,0,0,0,Non-trunk,1,0,0,0,Neither,Offside,2017-07-19,17:00:00,Wednesday,Manchester,E08000003,Urban,53.425397,-2.229935,E01005306,40.0405954,40,722,176,303,203,40,868,73,82,133,44,13,5,6,12,457,43,47.57603132,1580,33.21,246,255,96,95,27,4,1,0,457,18,0,26,2,0,265,8,34,54,1,0.788331833,2.35e-6,0,6,8,3396.192232,0.314947963
06E033153,2017,Slight,Female,46 - 55,0,0,Urban area,Less deprived 10-20%,9,2,1,Single carriageway,30,0,Daylight,1,1,0,Non-trunk,0,0,0,0,Neither,Offside,2017-06-28,17:45:00,Wednesday,Manchester,E08000003,Urban,53.433017,-2.261916,E01005081,34.59106529,34,773,317,322,119,15,723,80,124,142,28,8,2,5,3,232,99,43.45337467,1822,41.93,301,192,109,102,33,15,14,5,232,52,2,35,10,2,287,24,24,46,9,1.214560907,2.89e-6,0,14,15,2544.509209,1.130160282
06E033229,2017,Slight,Male,36 - 45,0,0,Urban area,Less deprived 30-40%,7,2,1,Single carriageway,30,0,Daylight,0,0,0,Non-trunk,0,0,0,0,Neither,Front,2017-05-23,17:50:00,Tuesday,Manchester,E08000003,Urban,53.401574,-2.31089,E01005114,46.17586796,48,815,130,384,234,67,790,49,120,124,59,15,5,13,10,337,58,32.76995305,1745,53.25,303,286,104,78,32,6,5,1,337,17,3,7,6,3,347,25,8,33,5,1.042591509,1.97e-6,0,9,7,6515.814018,1.487813438
06E033252,2017,Slight,Male,26 - 35,0,0,Urban area,More deprived 20-30%,3,2,1,Single carriageway,30,0,Daylight,0,0,0,Non-trunk,0,0,0,0,Neither,Front,2017-07-24,18:15:00,Monday,Manchester,E08000003,Urban,53.442868,-2.19072,E01005221,31.55467446,32,873,330,407,107,29,1125,111,185,185,67,13,7,5,9,378,165,96.81818182,2556,26.4,226,219,141,112,78,49,21,18,378,9,28,168,19,1,361,31,42,73,17,0.657439081,2.53e-6,1,13,21,3657.523701,1.563878552
06E033465,2017,Slight,Male,11 - 15,1,0,Urban area,Most deprived 10%,1,2,1,Single carriageway,30,0,Daylight,0,0,0,Non-trunk,0,0,0,0,Neither,Front,2017-08-04,20:00:00,Friday,Manchester,E08000003,Urban,53.432742,-2.204612,E01005118,38.78347768,39,476,87,209,126,54,591,69,105,95,38,4,1,5,12,150,112,66.90909091,1472,22,101,132,73,70,45,34,17,7,150,1,11,40,10,2,279,31,21,36,9,0,0,1,5,5,4402.225078,1.243939409
06E033561,2017,Slight,Male,26 - 35,0,0,Urban area,Most deprived 10%,1,2,1,Single carriageway,30,0,Daylight,0,0,0,Non-trunk,0,0,0,0,Neither,Offside,2017-07-25,13:30:00,Tuesday,Manchester,E08000003,Urban,53.456597,-2.204833,E01005236,29.32468694,27,697,328,268,81,20,733,121,143,90,60,8,3,4,11,150,143,161.4397719,2265,14.03,197,101,97,113,94,51,21,24,150,11,7,124,18,3,260,32,27,86,16,0.196062646,1.4e-6,0,3,6,2203.797608,0
06E033750,2017,Slight,Male,16 - 20,1,0,Urban area,More deprived 10-20%,2,2,1,Single carriageway,30,1,Daylight,0,0,0,Non-trunk,0,0,0,0,Neither,Nearside,2017-07-29,15:42:00,Saturday,Manchester,E08000003,Urban,53.410438,-2.22173,E01005168,39.25804146,41,523,59,252,177,35,702,41,58,122,43,13,7,7,5,341,65,40.75471698,1404,34.45,118,146,109,108,28,7,5,1,341,17,3,23,3,0,249,9,18,28,9,1.390752438,4.08e-6,1,14,51,6623.343672,2.797247936
06E033824,2017,Slight,Male,0 - 5,0,0,Urban area,More deprived 30-40%,4,2,1,Single carriageway,30,1,Daylight,0,0,0,Non-trunk,0,0,0,0,Neither,Nearside,2017-08-10,14:30:00,Thursday,Manchester,E08000003,Urban,53.395316,-2.254917,E01005295,36.3117757,35,1140,226,593,277,44,1391,98,249,243,107,35,4,9,13,454,179,29.31187569,2641,90.1,382,392,194,115,42,15,2,0,454,27,10,74,17,1,651,39,17,87,14,2.423416104,2.7e-6,0,10,10,7176.454556,5.565346088
06E033946,2017,Slight,Male,26 - 35,0,0,Urban area,Most deprived 10%,1,2,1,Single carriageway,30,0,Daylight,0,0,0,Non-trunk,0,0,0,0,Neither,Front,2017-08-18,18:15:00,Friday,Manchester,E08000003,Urban,53.382047,-2.259873,E01005291,37.90531682,37,680,343,260,60,17,570,91,135,89,68,8,3,2,5,92,77,36.37926799,1481,40.71,293,161,109,65,37,13,2,0,92,45,3,66,7,0,218,27,27,77,6,2.093968255,5.17e-6,1,50,81,3949.386732,1.301179229
06E034148,2017,Slight,Male,36 - 45,0,0,Urban area,Most deprived 10%,1,2,1,Single carriageway,30,0,Daylight,0,0,0,Non-trunk,0,0,0,0,Neither,Front,2017-08-09,15:15:00,Wednesday,Manchester,E08000003,Urban,53.460085,-2.204955,E01005239,30.70326577,30,631,299,257,65,10,572,113,130,61,55,14,3,7,10,93,86,67.20089452,1803,26.83,213,127,87,70,71,30,17,19,93,6,8,113,6,4,220,22,9,87,5,0.820292199,3.09e-6,0,3,4,1988.447418,0.312588222
06E034255,2017,Severe/Fatal,Male,11 - 15,1,0,Urban area,Most deprived 10%,1,2,1,Single carriageway,40,0,Daylight,0,0,0,Non-trunk,1,0,0,0,Neither,Offside,2017-08-21,13:51:00,Monday,Manchester,E08000003,Urban,53.430946,-2.208803,E01005121,34.29592476,34,604,192,289,88,35,625,83,112,114,37,10,2,3,10,142,112,64.49885233,1686,26.14,156,155,117,78,56,21,19,3,142,3,10,67,3,3,288,39,20,44,7,0,0,0,7,8,3241.80109,1.463708764
06E034291,2017,Severe/Fatal,Male,46 - 55,0,0,Urban area,Less deprived 40-50%,6,2,1,Single carriageway,30,0,Daylight,0,0,0,Non-trunk,0,0,0,0,Neither,Front,2017-08-16,09:34:00,Wednesday,Manchester,E08000003,Urban,53.434278,-2.272671,E01005158,38.84768212,38,697,237,324,119,17,772,42,92,137,46,5,4,1,4,360,81,43.70240187,1492,34.14,283,205,100,74,24,3,4,4,360,40,2,22,9,1,229,19,36,48,8,2.736027458,8.01e-6,0,17,24,3874.183435,0.773492181
06E034327,2017,Slight,Male,36 - 45,0,0,Urban area,Most deprived 10%,1,2,1,Single carriageway,20,0,Daylight,0,0,0,Non-trunk,1,0,0,0,Neither,Offside,2017-08-16,08:30:00,Wednesday,Manchester,E08000003,Urban,53.442128,-2.192794,E01005221,31.55467446,32,873,330,407,107,29,1125,111,185,185,67,13,7,5,9,378,165,96.81818182,2556,26.4,226,219,141,112,78,49,21,18,378,9,28,168,19,1,361,31,42,73,17,0.657439081,2.53e-6,1,13,21,3657.523701,1.563878552
06E034528,2017,Slight,Female,26 - 35,0,0,Urban area,Less deprived 40-50%,6,2,1,Single carriageway,30,0,Daylight,0,0,0,Non-trunk,0,1,0,0,Neither,Offside,2017-08-23,17:08:00,Wednesday,Manchester,E08000003,Urban,53.451946,-2.222232,E01005286,28.69647153,24,763,357,283,83,40,928,143,159,94,47,16,9,11,18,346,85,79.6398892,2300,28.88,233,183,120,98,46,36,38,11,346,8,11,122,10,2,204,30,44,131,22,1.308229132,4.5e-6,0,7,31,5318.788671,1.151403545
06E034659,2017,Slight,Female,26 - 35,0,0,Urban area,More deprived 10-20%,2,3,1,Single carriageway,30,0,Daylight,0,0,0,Non-trunk,0,1,0,0,Neither,Offside,2017-08-30,11:55:00,Wednesday,Manchester,E08000003,Urban,53.460959,-2.228515,E01005209,25.67972941,23,463.5,287,152,20,4.5,427.5,94,66.5,46,33.5,5,2,5,17,111.5,47,40.65491184,1614,39.7,207,137,51.5,35,13.5,9,8,2.5,111.5,2,5.5,68,11,0.5,98,10.5,15,97,8.5,4.453173924,5.61e-6,0,24,132,6833.455028,2.225000983
06E034840,2017,Severe/Fatal,Female,26 - 35,0,0,Urban area,More deprived 10-20%,2,2,1,Single carriageway,30,0,Daylight,0,0,0,Non-trunk,0,0,0,0,Neither,Front,2017-09-01,17:14:00,Friday,Manchester,E08000003,Urban,53.45032,-2.244735,E01005240,28.19362113,27,630.5,301,261,59,9.5,608,93,129,80.5,29.5,9,6,3.5,5.5,141.5,110.5,73.13583233,1814.5,24.81,198,144.5,91,80.5,46,30.5,24,16,141.5,4.5,10,87.5,18.5,1,209.5,20.5,35.5,63.5,15.5,1.921115883,3.87e-6,0,10,11,6484.102852,1.648596829
06E034984,2017,Severe/Fatal,Female,26 - 35,0,0,Urban area,More deprived 10-20%,2,2,1,Dual carriageway,30,0,Daylight,0,0,0,Non-trunk,0,0,0,0,Neither,Front,2017-09-15,15:41:00,Friday,Manchester,E08000003,Urban,53.44265,-2.21842,E01005185,22.51164519,21,511,236,169,71,35,736,59,166,92,39,15,14,13,49,200,89,139.4354149,3260,23.38,109,100,67,71,53,60,42,7,200,6,22,184,10,0,145,17,58,66,23,1.800599604,7.81e-6,0,7,69,3777.948894,0.427055009
06E034992,2017,Slight,Male,21 - 25,0,0,Urban area,Less deprived 20-30%,8,2,1,Single carriageway,30,0,Daylight,0,1,0,Non-trunk,0,1,0,0,Neither,Offside,2017-09-12,18:18:00,Tuesday,Manchester,E08000003,Urban,53.437978,-2.222069,E01005309,29.74169121,25,950,478,341,92,39,886,70,171,157,43,9,2,12,25,339,58,105.9942912,2228,21.02,390,321,76,39,41,28,26,29,339,6,10,172,9,1,193,21,44,82,9,0.747030956,3.51e-6,0,6,30,5308.982111,0.600192459
06E035115,2017,Slight,Male,26 - 35,0,0,Urban area,More deprived 10-20%,2,2,1,Single carriageway,30,0,Daylight,0,0,0,Non-trunk,0,0,0,0,Neither,Front,2017-09-06,16:54:00,Wednesday,Manchester,E08000003,Urban,53.378915,-2.265536,E01005313,36.63004172,36,603,222,268,96,17,641,127,158,90,45,10,3,8,8,101,91,53.45800988,1515,28.34,161,181,131,78,34,10,6,2,101,31,5,63,14,3,276,33,22,83,7,1.160482321,4.09e-6,1,9,18,4774.207809,0.914515435
06E035188,2017,Severe/Fatal,Male,46 - 55,0,0,Urban area,Least deprived 10%,10,2,1,Single carriageway,30,0,Daylight,0,0,0,Non-trunk,1,0,0,0,Neither,Nearside,2017-09-08,16:30:00,Friday,Manchester,E08000003,Urban,53.438507,-2.186275,E01005222,32.72842999,33,909,363,436,97,13,920,70,153,143,65,7,8,16,3,323,132,51.21893491,2164,42.25,348,255,116,87,57,30,10,7,323,4,24,111,16,1,306,28,49,52,9,1.35816838,3.24e-6,0,4,8,4299.186965,0.814240773
06E035212,2017,Slight,Male,26 - 35,0,0,Urban area,More deprived 10-20%,2,2,1,Single carriageway,30,0,Daylight,0,0,0,Non-trunk,1,0,0,0,Neither,Back,2017-09-21,15:45:00,Thursday,Manchester,E08000003,Urban,53.465708,-2.257853,E01005213,32.35167464,31,1163,664,415,67,17,1026,179,179,101,75,20,10,9,12,320,121,93.52321498,2397,25.63,501,351,159,84,48,12,4,4,320,27,12,145,29,4,258,16,55,147,14,1.397037087,5.53e-6,0,9,26,4838.780237,0.400145139
06E035255,2017,Severe/Fatal,Male,36 - 45,0,0,Urban area,More deprived 30-40%,4,2,1,Single carriageway,30,0,Daylight,0,0,0,Non-trunk,0,0,0,0,Neither,Front,2017-09-21,18:15:00,Thursday,Manchester,E08000003,Urban,53.440984,-2.188739,E01005221,31.55467446,32,873,330,407,107,29,1125,111,185,185,67,13,7,5,9,378,165,96.81818182,2556,26.4,226,219,141,112,78,49,21,18,378,9,28,168,19,1,361,31,42,73,17,0.657439081,2.53e-6,1,13,21,3657.523701,1.563878552
06E035354,2017,Slight,Female,26 - 35,0,0,Urban area,Less deprived 30-40%,7,2,1,Single carriageway,30,0,Darkness - lights lit,0,0,0,Non-trunk,0,0,0,0,Neither,Offside,2017-09-14,20:10:00,Thursday,Manchester,E08000003,Urban,53.46296,-2.230062,E01005062,27.63575,26,419.5,213.5,161.5,36.5,8,491.5,137.5,67,41.5,33,11,2.5,6,4,144.5,44.5,51.12359551,1501.5,29.37,119.5,106,74.5,65.5,35,8.5,6.5,4.5,144.5,3,10,64,7,0.5,103.5,11.5,17,121.5,7,3.633340733,6.18e-6,0,28,244,8894.878973,2.017187943
06E035615,2017,Slight,Male,11 - 15,1,0,Urban area,More deprived 20-30%,3,2,1,Single carriageway,30,0,Daylight,0,1,0,Non-trunk,0,0,0,0,Neither,Front,2017-09-22,15:15:00,Friday,Manchester,E08000003,Urban,53.46711,-2.249516,E01005208,27.87914344,27,1101,559,472,58,12,1266,244,198,105,60,13,12,19,26,489,100,60.7923793,2808,46.19,378,399,178,88,37,16,2,2,489,19,14,136,24,1,267,35,63,200,18,3.312792357,7.16e-6,0,17,64,9952.721586,1.757917145
06E035749,2017,Slight,Male,21 - 25,0,0,Urban area,More deprived 30-40%,4,2,1,Single carriageway,30,0,Daylight,0,0,0,Non-trunk,0,0,0,0,Neither,Offside,2017-09-23,15:15:00,Saturday,Manchester,E08000003,Urban,53.453741,-2.223943,E01005288,29.0377249,26,676,377,219,58,22,658,91,138,74,58,8,0,5,8,178,98,97.95808705,1823,18.61,206,138,159,78,49,30,13,4,178,9,11,129,13,2,171,19,35,77,11,0.696751759,3.73e-6,0,4,39,5263.907801,0.245468301
06E035777,2017,Slight,Female,11 - 15,1,0,Urban area,Most deprived 10%,1,2,1,Single carriageway,30,1,Darkness - lights lit,0,0,0,Non-trunk,0,0,0,0,Neither,Nearside,2017-10-03,18:40:00,Tuesday,Manchester,E08000003,Urban,53.465956,-2.214337,E01005061,32.54834606,32,656,278,295,70,13,588,97,109,100,57,9,5,12,18,92,89,20.77922078,1792,86.24,210,141,108,95,53,28,15,9,92,11,9,130,16,1,229,18,22,56,6,0.483626085,5.58e-7,1,22,2,8783.493896,3.927293337
06E035933,2017,Slight,Female,36 - 45,0,0,Urban area,More deprived 30-40%,4,2,1,Single carriageway,30,0,Daylight,0,0,0,Non-trunk,0,1,0,0,Neither,Front,2017-09-29,08:11:00,Friday,Manchester,E08000003,Urban,53.46023,-2.209293,E01033657,26.42676623,23,381.5,208.5,135.5,28,9.5,389.5,107,70,43.5,29.5,6.5,4,6,7.5,74,41.5,58.40998686,1333.5,22.83,136,94,55,39.5,28.5,20,5.5,5.5,74,5.5,7.5,65,9.5,1,98.5,14.5,8.5,97.5,8.5,0.365786881,2.13e-6,0,5,11,4101.993787,1.059249805
06E036074,2017,Slight,Male,16 - 20,1,0,Urban area,Less deprived 40-50%,6,2,1,Single carriageway,30,0,Daylight,0,0,0,Non-trunk,0,1,0,0,Neither,Front,2017-10-04,11:15:00,Wednesday,Manchester,E08000003,Urban,53.442686,-2.218405,E01005185,22.51164519,21,511,236,169,71,35,736,59,166,92,39,15,14,13,49,200,89,139.4354149,3260,23.38,109,100,67,71,53,60,42,7,200,6,22,184,10,0,145,17,58,66,23,1.800599604,7.81e-6,0,7,69,3777.948894,0.427055009
06E036430,2017,Slight,Male,26 - 35,0,0,Urban area,Less deprived 20-30%,8,2,1,Single carriageway,30,0,Daylight,0,0,0,Non-trunk,0,0,0,0,Neither,Offside,2017-10-13,18:18:00,Friday,Manchester,E08000003,Urban,53.44248,-2.274831,E01005150,34.95905588,32,841,340,359,109,33,1163,51,168,157,64,14,11,9,5,607,77,69.13982878,1696,24.53,390,277,71,59,25,12,2,6,607,88,9,46,11,1,239,19,74,56,10,1.850597177,7.56e-6,1,16,45,6661.275763,2.305838714
06E036585,2017,Slight,Female,21 - 25,0,0,Urban area,Less deprived 40-50%,6,2,1,Single carriageway,30,0,Darkness - lights lit,0,0,0,Non-trunk,0,0,0,0,Neither,Front,2017-10-26,18:30:00,Thursday,Manchester,E08000003,Urban,53.431265,-2.23093,E01005276,33.67254408,29,616,184,286,110,36,816,55,89,153,41,8,0,10,8,400,52,72.72727273,1464,20.13,211,228,65,57,22,21,7,4,400,38,3,62,5,3,194,13,42,50,5,1.668525154,8.22e-6,0,9,30,3761.861351,0.720229157
06E036701,2017,Severe/Fatal,Female,16 - 20,1,0,Urban area,More deprived 30-40%,4,2,1,Single carriageway,30,0,Darkness - lighting unknown,1,1,0,Non-trunk,0,0,0,0,Neither,Offside,2017-10-19,18:25:00,Thursday,Manchester,E08000003,Urban,53.451937,-2.222232,E01005286,28.69647153,24,763,357,283,83,40,928,143,159,94,47,16,9,11,18,346,85,79.6398892,2300,28.88,233,183,120,98,46,36,38,11,346,8,11,122,10,2,204,30,44,131,22,1.308229132,4.5e-6,0,7,31,5318.788671,1.151403545
06E036909,2017,Slight,Female,26 - 35,0,0,Urban area,More deprived 30-40%,4,2,1,Dual carriageway,40,0,Darkness - lights lit,1,1,0,Non-trunk,1,0,0,0,Neither,Nearside,2017-10-30,20:53:00,Monday,Manchester,E08000003,Urban,53.462481,-2.245212,E01005209,25.67972941,23,463.5,287,152,20,4.5,427.5,94,66.5,46,33.5,5,2,5,17,111.5,47,40.65491184,1614,39.7,207,137,51.5,35,13.5,9,8,2.5,111.5,2,5.5,68,11,0.5,98,10.5,15,97,8.5,4.453173924,5.61e-6,0,24,132,6833.455028,2.225000983
06E036939,2017,Slight,Male,36 - 45,0,0,Urban area,Most deprived 10%,1,2,1,Single carriageway,30,0,Darkness - lighting unknown,0,0,0,Non-trunk,0,1,0,0,Neither,Offside,2017-10-27,18:25:00,Friday,Manchester,E08000003,Urban,53.448413,-2.207353,E01005280,30.98942065,28,538,164,215,111,48,707,81,167,96,52,7,4,9,8,145,138,75.95952547,2177,28.66,89,76,70,76,86,77,35,28,145,3,10,108,17,1,298,49,12,48,16,0.608892724,2.11e-6,0,7,1,5342.61532,0.963354825
06E037004,2017,Slight,Female,16 - 20,1,0,Urban area,Most deprived 10%,1,2,1,Single carriageway,30,0,Darkness - lights lit,0,1,0,Non-trunk,0,0,0,0,Neither,Nearside,2017-11-07,18:11:00,Tuesday,Manchester,E08000003,Urban,53.451636,-2.194027,E01005194,30.5024255,31,474,188.5,226,42.5,17,476.5,62.5,93.5,80.5,39.5,8.5,4,5,4.5,72,106.5,125.7869249,1558.5,12.39,99.5,106.5,72,67.5,67.5,33.5,19,11,72,1.5,3.5,91,10,0.5,195.5,24.5,20.5,44,12,0.123366239,4.89e-7,0,11,8,4726.32033,0.35580465
06E037066,2017,Slight,Female,46 - 55,0,0,Urban area,More deprived 30-40%,4,2,1,Dual carriageway,30,0,Daylight,0,0,0,Non-trunk,1,0,0,0,Neither,Back,2017-10-12,17:00:00,Thursday,Manchester,E08000003,Urban,53.434619,-2.264996,E01005081,34.59106529,34,773,317,322,119,15,723,80,124,142,28,8,2,5,3,232,99,43.45337467,1822,41.93,301,192,109,102,33,15,14,5,232,52,2,35,10,2,287,24,24,46,9,1.214560907,2.89e-6,0,14,15,2544.509209,1.130160282
06E037432,2017,Slight,Male,26 - 35,0,0,Urban area,More deprived 20-30%,3,2,1,Single carriageway,30,0,Darkness - lights lit,0,0,0,Non-trunk,0,1,0,0,Neither,Back,2017-10-14,22:45:00,Saturday,Manchester,E08000003,Urban,53.455141,-2.22514,E01005288,29.0377249,26,676,377,219,58,22,658,91,138,74,58,8,0,5,8,178,98,97.95808705,1823,18.61,206,138,159,78,49,30,13,4,178,9,11,129,13,2,171,19,35,77,11,0.696751759,3.73e-6,0,4,39,5263.907801,0.245468301
06E037496,2017,Slight,Male,36 - 45,0,0,Urban area,More deprived 30-40%,4,2,1,Single carriageway,40,0,Darkness - lights lit,0,0,0,Non-trunk,0,0,0,0,Neither,Nearside,2017-11-13,06:45:00,Monday,Manchester,E08000003,Urban,53.443318,-2.226584,E01005184,28.86400686,24,778,307,320,104,47,854,80,210,113,52,19,7,10,23,275,65,54.62985004,2295,42.01,206,180,135,103,78,49,12,13,275,11,12,143,12,0,262,23,40,68,8,2.569748334,6.02e-6,0,17,26,6473.280664,1.158648125
06E037499,2017,Slight,Male,46 - 55,0,0,Small town,Least deprived 10%,10,2,1,Single carriageway,20,0,Daylight,1,1,0,Non-trunk,1,0,0,0,Neither,Back,2017-11-21,07:50:00,Tuesday,Manchester,E08000003,Urban,53.446817,-2.215671,E01005281,30.05034815,23,529,287,195,35,12,558,77,96,54,25,3,5,19,30,191,58,56.5026362,2572,45.52,283,165,34,10,18,6,4,8,191,4,6,100,9,0,144,12,21,60,11,1.238410879,2.74e-6,0,9,53,3869.057074,0.763102558
06E037988,2017,Severe/Fatal,Male,36 - 45,0,0,Urban area,Less deprived 40-50%,6,2,1,Dual carriageway,30,0,Darkness - lights lit,0,0,0,Non-trunk,0,0,0,0,Neither,Offside,2017-11-28,20:30:00,Tuesday,Manchester,E08000003,Urban,53.468514,-2.235515,E01005066,31.859,30,509,295,179,26,9,425,110,58,50,28,5,5,1,7,102,59,54.93472585,1052,19.15,260,108,55,45,16,12,7,2,102,10,13,59,12,1,117,12,12,82,6,1.884197527,9.7e-6,0,4,59,3731.849273,1.403032597
06E038010,2017,Slight,Male,11 - 15,1,0,Urban area,More deprived 10-20%,2,2,1,Single carriageway,20,0,Daylight,0,1,0,Non-trunk,0,0,0,0,Neither,Nearside,2017-11-29,08:17:00,Wednesday,Manchester,E08000003,Urban,53.445796,-2.271103,E01005299,37.76462677,37,545,94,272,140,39,762,51,128,90,41,10,3,12,11,309,107,67.02037351,1579,23.56,124,156,99,80,35,27,11,12,309,17,5,29,7,0,298,24,26,40,9,0,0,0,6,2,4765.051554,0.505242712
06E038039,2017,Slight,Male,26 - 35,0,0,Urban area,More deprived 10-20%,2,2,1,Single carriageway,30,0,Darkness - lights lit,0,0,0,Non-trunk,0,1,0,0,Neither,Front,2017-12-04,18:00:00,Monday,Manchester,E08000003,Urban,53.449904,-2.208233,E01005287,32.06823421,29,655,253,231,131,40,718,91,131,90,65,16,17,7,13,159,129,109.5193654,2347,21.43,164,100,74,84,86,83,37,26,159,5,4,106,21,3,271,52,11,66,14,0.409921238,1.91e-6,0,2,2,3416.994646,1.007296184
06E038281,2017,Slight,Female,21 - 25,0,0,Urban area,More deprived 30-40%,4,2,1,Roundabout,30,0,Daylight,0,0,0,Non-trunk,0,0,0,0,Neither,Nearside,2017-11-28,08:55:00,Tuesday,Manchester,E08000003,Urban,53.434428,-2.231489,E01005274,34.06706231,30,697,241,329,107,20,808,85,104,160,37,15,8,11,15,305,68,69.12751678,1751,25.33,199,209,139,83,31,24,10,2,305,30,10,92,4,0,225,22,41,73,7,0.277991872,1.09e-6,0,10,28,4966.012921,0.698852378
06E038354,2017,Severe/Fatal,Male,21 - 25,0,0,Urban area,Less deprived 30-40%,7,2,1,Single carriageway,30,0,Daylight,0,0,0,Non-trunk,0,1,0,0,Neither,Front,2017-11-29,08:37:00,Wednesday,Manchester,E08000003,Urban,53.437175,-2.22348,E01005271,27.53744701,24,620,275,220,90,35,663,60,141,110,25,8,10,5,29,214,61,108.529251,1985,18.29,209,145,52,69,57,44,22,22,214,9,8,146,3,2,161,13,30,69,10,0.32074513,1.77e-6,0,5,51,2698.604569,0
06E038824,2017,Severe/Fatal,Male,21 - 25,0,0,Urban area,More deprived 20-30%,3,2,1,Single carriageway,30,1,Darkness - lights lit,1,1,0,Non-trunk,0,0,0,0,Neither,Front,2017-12-13,08:40:00,Wednesday,Manchester,E08000003,Urban,53.432173,-2.269587,E01005082,36.09816972,35,750,232,347,141,30,841,51,132,113,48,10,5,3,4,377,98,23.22189235,1799,77.47,245,230,125,90,35,11,9,5,377,35,5,34,8,2,281,22,37,36,5,2.580595286,3.33e-6,1,14,5,5540.209428,1.731976235
06E038881,2017,Slight,Male,26 - 35,0,0,Urban area,More deprived 10-20%,2,2,1,Roundabout,30,0,Daylight,0,0,0,Non-trunk,0,0,0,0,Neither,Back,2017-11-29,15:00:00,Wednesday,Manchester,E08000003,Urban,53.396164,-2.25769,E01005086,33.27641348,31,702,273,301,101,27,684,99,174,114,55,10,4,3,6,109,110,77.03793382,1909,24.78,171,171,154,126,49,27,3,0,109,20,5,75,12,4,324,37,21,66,9,0.80712663,3.21e-6,0,5,4,3846.561737,0.367795085
06E038897,2017,Severe/Fatal,Male,36 - 45,0,0,Urban area,More deprived 30-40%,4,2,1,Single carriageway,30,0,Daylight,0,1,0,Non-trunk,1,0,0,0,Neither,Front,2017-12-14,10:30:00,Thursday,Manchester,E08000003,Urban,53.451658,-2.196843,E01005238,29.4,29,582,167,251,122,42,790,93,145,106,47,7,9,13,8,185,177,110.8003857,2298,20.74,88,99,61,88,106,66,36,31,185,4,1,89,17,1,333,56,29,63,11,0.659020954,3.18e-6,0,6,7,2194.62033,1.77591444
06E039043,2017,Slight,Male,11 - 15,1,0,Urban area,Most deprived 10%,1,2,1,Single carriageway,20,0,Daylight,0,0,0,Non-trunk,0,1,0,0,Neither,Front,2017-09-17,16:36:00,Sunday,Manchester,E08000003,Urban,53.382557,-2.27279,E01005090,36.25974805,36,860,421,335,93,11,676,159,130,95,61,9,3,3,2,110,104,57.58683729,1890,32.82,353,232,121,99,33,14,1,5,110,22,1,63,17,2,312,50,25,64,9,1.115237804,3.39e-6,0,7,25,3602.201904,0.95061038
06E039697,2017,Severe/Fatal,Female,Over 75,0,1,Urban area,More deprived 30-40%,4,2,1,Single carriageway,30,0,Daylight,0,0,0,Non-trunk,0,1,0,0,Neither,Front,2017-10-04,11:11:00,Wednesday,Manchester,E08000003,Urban,53.422497,-2.232522,E01005172,39.06157793,37,795,256,334,167,38,867,55,90,172,38,13,8,4,9,421,57,49.43420627,1529,30.93,371,257,72,69,20,3,1,1,421,30,2,42,3,3,275,9,28,47,7,0.772987684,2.51e-6,1,10,18,5254.037361,1.540571502
06E040020,2017,Slight,Male,56 - 65,0,0,Urban area,Most deprived 10%,1,2,1,Single carriageway,30,0,Darkness - lights lit,1,1,0,Non-trunk,0,1,0,0,Neither,Front,2017-12-07,16:00:00,Thursday,Manchester,E08000003,Urban,53.450775,-2.20875,E01005287,32.06823421,29,655,253,231,131,40,718,91,131,90,65,16,17,7,13,159,129,109.5193654,2347,21.43,164,100,74,84,86,83,37,26,159,5,4,106,21,3,271,52,11,66,14,0.409921238,1.91e-6,0,2,2,3416.994646,1.007296184
06EM29646,2017,Severe/Fatal,Male,46 - 55,0,0,Urban area,Most deprived 10%,1,2,1,Single carriageway,30,0,Daylight,0,0,0,Non-trunk,0,0,0,0,Neither,Front,2017-03-28,15:02:00,Tuesday,Manchester,E08000003,Urban,53.458768,-2.258233,E01005302,34.91047619,34,1005,414,436,132,23,1104,74,197,113,59,20,6,9,5,489,132,78.7528006,2109,26.78,457,279,133,77,39,11,5,4,489,27,14,72,9,2,298,26,78,83,8,0.084956383,3.17e-7,0,5,9,3177.16374,1.342585605
06EM36604,2017,Slight,Male,26 - 35,0,0,Urban area,Less deprived 30-40%,7,2,1,Single carriageway,30,0,Daylight,0,0,0,Non-trunk,0,0,0,0,Neither,Front,2017-10-27,17:30:00,Friday,Manchester,E08000003,Urban,53.453419,-2.267071,E01005302,34.91047619,34,1005,414,436,132,23,1104,74,197,113,59,20,6,9,5,489,132,78.7528006,2109,26.78,457,279,133,77,39,11,5,4,489,27,14,72,9,2,298,26,78,83,8,0.084956383,3.17e-7,0,5,9,3177.16374,1.342585605
06F025908,2017,Severe/Fatal,Male,21 - 25,0,0,Urban area,More deprived 10-20%,2,2,1,Single carriageway,30,0,Daylight,0,1,0,Non-trunk,0,0,0,0,Neither,Front,2017-01-10,09:25:00,Tuesday,Salford,E08000006,Urban,53.495496,-2.281684,E01005683,34.95126147,32,886,429,348,99,10,788,144,230,77,60,13,4,8,4,146,102,37.07089874,2149,57.97,285,279,159,93,48,17,4,3,146,2,12,101,34,3,297,42,33,111,7,0.308755866,5.32e-7,0,18,7,5805.50617,2.775773508
06F027017,2017,Slight,Male,16 - 20,1,0,Urban area,Most deprived 10%,1,3,1,Single carriageway,30,0,Darkness - lights lit,1,1,0,Non-trunk,1,0,0,0,Neither,Front,2017-02-03,17:15:00,Friday,Salford,E08000006,Urban,53.512377,-2.340094,E01005672,39.06932931,39,612,183,317,92,20,701,95,118,139,40,15,6,1,4,198,85,53.83319292,1278,23.74,215,223,102,51,14,6,0,0,198,7,13,53,6,1,300,32,16,69,6,0,0,1,8,11,2983.841664,1.33754804
06F027222,2017,Slight,Male,26 - 35,0,0,Urban area,Most deprived 10%,1,2,1,Single carriageway,30,0,Darkness - lights lit,0,1,0,Non-trunk,0,0,0,0,Neither,Back,2017-02-13,06:15:00,Monday,Salford,E08000006,Urban,53.529696,-2.422269,E01005660,34.27089022,32,733,315,317,82,19,594,83,60,124,105,11,3,2,6,88,112,56.12684729,1823,32.48,251,185,116,88,65,21,6,1,88,1,3,64,14,5,299,42,9,65,6,0.432409388,1.33e-6,0,20,9,6199.428158,1.261721502
06F027227,2017,Slight,Male,26 - 35,0,0,Urban area,Most deprived 10%,1,2,1,Dual carriageway,50,0,Daylight,0,0,0,Non-trunk,0,1,0,0,Neither,Nearside,2017-02-13,15:45:00,Monday,Salford,E08000006,Urban,53.507176,-2.351421,E01005690,41.93005671,43,691,161,319,178,33,806,87,144,128,65,16,3,11,2,219,131,45.3048252,1568,34.61,204,259,113,84,23,7,2,0,219,0,6,53,8,3,385,39,8,73,12,0.957217589,2.76e-6,0,6,14,2961.360582,0.622851004
06F027285,2017,Slight,Male,26 - 35,0,0,Urban area,More deprived 30-40%,4,2,1,Single carriageway,30,0,Daylight,0,0,0,Non-trunk,0,0,0,0,Neither,Front,2017-02-14,11:30:00,Tuesday,Salford,E08000006,Urban,53.51773,-2.356771,E01005693,40.68,41,630,122,322,156,30,751,62,103,160,66,7,3,3,6,226,115,41.63277164,1433,34.42,192,222,108,75,23,7,2,0,226,6,6,54,3,3,375,22,9,47,3,0,0,0,2,4,4551.230386,0.938352415
06F027320,2017,Slight,Male,21 - 25,0,0,Urban area,Most deprived 10%,1,2,1,Single carriageway,30,0,Darkness - lights lit,0,0,0,Non-trunk,1,0,0,0,Neither,Back,2017-02-16,05:40:00,Thursday,Salford,E08000006,Urban,53.532016,-2.426999,E01005659,37.11651729,35,627,189,280,128,30,643,79,75,101,114,28,5,1,6,118,116,26.38414217,1544,58.52,181,195,128,88,24,12,3,0,118,0,0,46,13,7,338,38,8,70,5,0,0,0,12,4,4383.724265,1.223571389
06F028031,2017,Slight,Female,36 - 45,0,0,Urban area,More deprived 20-30%,3,2,1,Single carriageway,30,0,Daylight,1,1,0,Non-trunk,1,1,0,1,Off carriageway,Did not impact,2017-02-22,16:49:00,Wednesday,Salford,E08000006,Urban,53.496493,-2.266043,E01005611,36.09944751,33,1050,480,439,105,26,1079,148,293,106,87,14,4,9,12,234,172,59.96182295,2513,41.91,384,276,152,128,69,26,10,5,234,11,17,168,39,1,361,48,29,147,24,0.79156282,1.88e-6,0,11,39,6900.623883,1.534860032
06F028250,2017,Slight,Male,26 - 35,0,0,Urban area,Most deprived 10%,1,2,1,Single carriageway,30,0,Daylight,0,0,0,Non-trunk,0,0,0,0,Neither,Front,2017-03-24,11:13:00,Friday,Salford,E08000006,Urban,53.488939,-2.294919,E01005721,43.37122208,43,787,351,306,100,30,728,127,206,37,62,14,3,3,8,173,95,38.12331123,1552,40.71,360,239,87,69,17,10,1,3,173,16,3,93,10,1,281,33,25,89,5,1.018030856,2.46e-6,0,14,8,5190.192507,0.893736981
06F028936,2017,Slight,Male,46 - 55,0,0,Urban area,Most deprived 10%,1,2,1,Single carriageway,30,0,Darkness - lights lit,0,0,0,Non-trunk,0,1,0,0,Neither,Front,2017-03-14,18:30:00,Tuesday,Salford,E08000006,Rural,53.507681,-2.263203,E01005650,34.57126633,30,633,302,241,65,25,657,248,74,35,38,13,1,4,8,159,77,45.62728938,1993,43.68,274,99,76,30,32,23,28,69,159,1,6,33,11,0,222,24,19,183,2,0.966722862,2.23e-6,0,5,13,4934.185531,1.525958041
06F029377,2017,Slight,Male,11 - 15,1,0,Urban area,More deprived 10-20%,2,2,1,Single carriageway,30,0,Daylight,0,1,0,Non-trunk,0,0,0,0,Neither,Front,2017-02-01,10:45:00,Wednesday,Salford,E08000006,Urban,53.5263,-2.409006,E01005718,43.72362739,46,797,196,393,161,47,819,71,74,135,111,18,8,11,6,256,129,44.77069351,1601,35.76,326,270,100,70,21,8,2,0,256,0,8,40,2,3,403,32,14,54,6,1.050858019,2.94e-6,0,17,11,7886.182864,2.281149996
06F030068,2017,Slight,Male,26 - 35,0,0,Urban area,Least deprived 10%,10,2,1,Single carriageway,30,0,Daylight,0,0,0,Non-trunk,0,1,0,0,Neither,Back,2017-04-27,08:32:00,Thursday,Salford,E08000006,Urban,53.492066,-2.295333,E01005628,40.6016624,37,665,205,286,136,38,797,95,191,66,59,18,9,7,13,234,105,58.11808118,1575,27.1,219,227,99,69,27,13,5,4,234,5,6,87,19,3,319,34,29,56,5,0.1912122,7.05e-7,0,7,11,2992.549237,0.464434838
06F030069,2017,Slight,Male,26 - 35,0,0,Urban area,Most deprived 10%,1,2,1,Single carriageway,30,1,Daylight,0,0,0,Non-trunk,1,0,0,0,Neither,Front,2017-04-30,12:05:00,Sunday,Salford,E08000006,Urban,53.478621,-2.356956,E01005603,32.80957877,32,749,235,378,110,26,915,149,162,170,70,11,8,7,8,211,119,76.68503603,1809,23.59,209,238,161,91,36,11,3,1,211,8,6,79,24,5,388,43,39,103,11,0.514849214,2.16e-6,0,7,6,4655.61047,0.816595819
06F030435,2017,Slight,Male,26 - 35,0,0,Urban area,Most deprived 10%,1,2,1,Single carriageway,30,0,Daylight,0,0,0,Non-trunk,0,0,0,0,Neither,Front,2017-04-25,09:00:00,Tuesday,Salford,E08000006,Urban,53.483638,-2.290362,E01005654,32.4994877,31,924,368,422,121,13,1083,120,229,95,89,18,7,14,15,389,107,107.9034029,1966,18.22,327,343,127,77,34,8,4,2,389,40,12,109,15,5,322,23,33,125,10,0.749572063,4.16e-6,0,6,12,3472.813058,0.953982824
06F030625,2017,Slight,Female,36 - 45,0,0,Urban area,More deprived 10-20%,2,2,1,Roundabout,40,0,Daylight,0,0,0,Non-trunk,1,0,0,0,Neither,Nearside,2017-05-01,10:30:00,Monday,Salford,E08000006,Urban,53.47893,-2.281801,E01032912,34.96933835,32,975,458,408,92,17,923,122,218,75,91,13,6,12,13,281,92,36.37674195,2271,62.43,373,324,140,74,34,27,2,2,281,73,10,56,15,0,301,31,25,119,11,2.837187205,4.54e-6,0,22,35,11459.58959,3.685796189
06F030667,2017,Severe/Fatal,Male,46 - 55,0,0,Urban area,Less deprived 10-20%,9,2,1,Dual carriageway,50,1,Daylight,0,0,0,Non-trunk,1,0,0,0,Neither,Back,2017-05-16,16:03:00,Tuesday,Salford,E08000006,Urban,53.50251,-2.32316,E01005701,41.89052751,43,715,89,330,221,75,861,85,138,111,65,22,5,4,9,311,111,46.13050076,1824,39.54,164,251,133,119,39,6,0,3,311,0,3,29,8,2,416,42,11,35,6,1.714292531,4.27e-6,0,12,3,7430.575105,2.312535886
06F030672,2017,Slight,Male,21 - 25,0,0,Urban area,Most deprived 10%,1,2,1,Single carriageway,30,0,Daylight,0,0,0,Non-trunk,0,0,0,0,Neither,Did not impact,2017-05-06,19:46:00,Saturday,Salford,E08000006,Urban,53.509204,-2.334082,E01005674,41.03051059,40,622,154,283,163,22,716,88,138,101,45,12,4,4,4,219,101,49.24859111,1573,31.94,181,192,116,91,27,8,2,3,219,1,2,37,13,2,321,36,14,65,10,0,0,0,5,4,2617.909109,0.677450068
06F031318,2017,Severe/Fatal,Male,11 - 15,1,0,Urban area,Least deprived 10%,10,2,1,Dual carriageway,30,0,Daylight,1,1,0,Non-trunk,0,0,0,0,Neither,Front,2017-06-05,08:00:00,Monday,Salford,E08000006,Urban,53.507818,-2.409446,E01005717,36.8012008,40,563,21,189,251,102,831,50,54,130,121,28,9,8,9,349,73,40.74947589,1555,38.16,76,191,120,145,22,4,2,2,349,1,7,19,5,3,394,26,6,14,6,1.556051528,4.09e-6,0,3,3,6682.483502,0.429177952
06F031619,2017,Slight,Female,21 - 25,0,0,Urban area,More deprived 20-30%,3,2,1,Single carriageway,30,0,Daylight,0,0,0,Non-trunk,0,1,0,0,Neither,Back,2017-06-14,14:10:00,Wednesday,Salford,E08000006,Urban,53.526842,-2.410746,E01005706,37.90460307,35,656,219,297,123,17,607,76,51,115,88,23,13,1,8,121,111,56.1358656,1537,27.38,225,200,107,72,40,9,2,1,121,4,5,57,7,3,296,30,16,63,3,0,0,0,11,4,3714.253206,0.421239296
06F031964,2017,Slight,Male,26 - 35,0,0,Urban area,Most deprived 10%,1,2,1,Single carriageway,30,0,Daylight,1,1,0,Non-trunk,1,0,0,0,Neither,Offside,2017-06-22,10:55:00,Thursday,Salford,E08000006,Urban,53.503496,-2.25294,E01005613,32.06851785,32,1000,555,356,74,15,879,223,143,136,77,5,6,11,8,138,132,92.08191126,2698,29.3,409,194,132,88,73,58,21,26,138,5,5,131,23,2,315,44,33,167,14,0,0,0,15,14,5416.83317,0.341109384
06F031999,2017,Severe/Fatal,Male,56 - 65,0,0,Urban area,Most deprived 10%,1,2,1,Single carriageway,30,0,Daylight,1,1,0,Non-trunk,0,0,0,0,Neither,Offside,2017-06-29,08:51:00,Thursday,Salford,E08000006,Urban,53.512188,-2.333955,E01005671,40.61391542,41,757,281,333,125,18,740,93,131,141,56,9,6,7,8,184,105,31.92746536,1567,49.08,315,221,122,72,20,5,0,0,184,4,4,71,10,0,331,29,11,82,14,0.867155816,1.76e-6,0,6,11,5899.977688,2.760251905
06F032100,2017,Slight,Female,11 - 15,1,0,Urban area,Most deprived 10%,1,2,1,Single carriageway,30,0,Daylight,1,1,0,Non-trunk,1,0,0,0,Neither,Front,2017-06-29,07:58:00,Thursday,Salford,E08000006,Urban,53.526254,-2.403952,E01005708,40.29608586,38,723,269,332,104,18,628,62,70,108,92,23,6,3,6,153,105,38.158595,1434,37.58,328,215,96,54,24,3,1,2,153,1,5,52,6,2,295,35,6,68,5,0,0,0,14,43,7024.960738,0.736658668
06F032281,2017,Slight,Female,26 - 35,0,0,Urban area,Most deprived 10%,1,2,1,Single carriageway,30,0,Daylight,0,0,0,Non-trunk,0,0,0,0,Neither,Front,2017-07-02,11:40:00,Sunday,Salford,E08000006,Urban,53.475227,-2.265941,E01032917,30.61022044,28,764,353.5,326,78,6.5,1106.5,172,140,83.5,71.5,18.5,10,6.5,11,530,63.5,93.57366771,1492.5,15.95,220.5,394.5,122.5,18,3.5,2,0.5,0.5,530,44.5,12.5,31.5,24,1,222,16.5,22,193,10.5,1.111306244,3.52e-6,0,15,37,4969.621384,1.859457937
06F032477,2017,Slight,Male,26 - 35,0,0,Urban area,Most deprived 10%,1,2,1,Single carriageway,30,0,Daylight,0,0,0,Non-trunk,0,0,0,1,Off carriageway,Back,2017-07-06,08:49:00,Thursday,Salford,E08000006,Urban,53.514887,-2.247836,E01005646,32.99874293,28,551,172,210,97,72,915,280,129,109,56,12,2,9,39,197,82,90.997174,2254,24.77,151,137,51,44,30,27,16,96,197,17,0,29,9,0,382,66,6,190,21,0,0,0,11,13,2508.474401,0.537300992
06F032565,2017,Slight,Male,46 - 55,0,0,Rural,Less deprived 30-40%,7,2,1,Single carriageway,30,0,Daylight,0,1,0,Non-trunk,0,0,0,0,Neither,Front,2017-07-11,16:20:00,Tuesday,Salford,E08000006,Urban,53.506966,-2.337186,E01005698,37.68076923,38,780,363,302,92,23,628,74,118,112,51,9,10,5,2,151,96,61.98934281,1745,28.15,304,217,119,81,35,18,4,3,151,2,3,67,13,4,278,31,11,58,8,0.567614491,2e-6,0,14,8,2935.741335,0.690430269
06F032656,2017,Severe/Fatal,Female,56 - 65,0,0,Urban area,Most deprived 10%,1,2,1,Single carriageway,30,0,Daylight,0,0,0,Non-trunk,0,0,0,0,Neither,Front,2017-05-22,16:25:00,Monday,Salford,E08000006,Urban,53.484582,-2.338048,E01005631,47.2869898,51,1045,673,291,62,19,632,112,124,83,48,18,3,12,6,163,63,56.58414065,1577,27.87,723,203,65,35,11,5,2,0,163,37,9,54,19,1,217,21,10,92,6,0.736242558,2.68e-6,0,25,47,4448.451587,1.625265877
06F032663,2017,Slight,Male,26 - 35,0,0,Urban area,More deprived 30-40%,4,2,1,Single carriageway,30,0,Daylight,0,0,0,Non-trunk,0,1,0,0,Neither,Front,2017-07-04,08:48:00,Tuesday,Salford,E08000006,Urban,53.516569,-2.267994,E01005647,36.98476298,33,623,186,278,135,24,612,126,99,52,28,8,4,5,4,222,64,54.66132556,1501,27.46,279,166,66,39,29,12,19,14,222,6,2,32,6,1,261,16,5,57,7,0.834117706,3.06e-6,0,7,2,2637.546961,1.317595529
06F032799,2017,Slight,Male,21 - 25,0,0,Urban area,Most deprived 10%,1,2,1,Dual carriageway,30,0,Daylight,0,0,0,Non-trunk,0,0,0,0,Neither,Front,2017-05-17,15:21:00,Wednesday,Salford,E08000006,Urban,53.483398,-2.257312,E01032687,29.73187415,29,669.5,434.5,203,29.5,2.5,844,184,79.5,42.5,48.5,9.5,7,5.5,6.5,414.5,46.5,97.27348993,1159.5,11.92,271.5,327.5,55.5,13.5,2,0,0,0,414.5,24,18.5,47,7,1.5,106,9,17,193,7,1.016733708,4.23e-6,0,7,35,3854.863336,1.763475575
06F032926,2017,Slight,Male,46 - 55,0,0,Urban area,Most deprived 10%,1,2,1,Single carriageway,30,1,Daylight,0,0,0,Non-trunk,0,0,0,0,Neither,Nearside,2017-07-09,20:10:00,Sunday,Salford,E08000006,Urban,53.518556,-2.332331,E01005670,38.60172911,37,820,302,360,121,37,791,74,119,169,98,21,3,1,9,185,112,43.78889719,1759,40.17,325,244,123,69,48,5,5,0,185,1,6,68,9,4,411,37,6,59,5,0.973880513,2.44e-6,0,11,6,4621.112528,0.872330655
06F033092,2017,Slight,Male,26 - 35,0,0,Urban area,More deprived 40-50%,5,2,1,Dual carriageway,20,0,Daylight,0,0,0,Non-trunk,0,1,0,0,Neither,Front,2017-07-24,07:48:00,Monday,Salford,E08000006,Urban,53.484301,-2.271769,E01032907,32.121873,30,772,357.5,336,75.5,3,993,155,134,55,72,13.5,8.5,13.5,16,475.5,50,29.16132847,1479.5,50.735,294,334,87.5,37,14,5,0.5,0.5,475.5,20,17,46.5,12.5,0.5,203.5,14.5,36.5,157.5,7.5,5.731015748,5.67e-6,0,23,50,10069.59698,8.922447558
06F033150,2017,Slight,Male,11 - 15,1,0,Urban area,Less deprived 20-30%,8,2,1,Single carriageway,30,0,Daylight,0,0,0,Non-trunk,0,0,0,0,Neither,Front,2017-07-21,08:20:00,Friday,Salford,E08000006,Rural,53.510672,-2.383553,E01005740,44.86131841,46,700,90,297,269,44,751,26,60,113,94,18,12,19,5,339,65,24.76382221,1599,64.57,219,250,99,89,39,2,0,2,339,2,1,14,4,2,336,19,9,20,5,2.165175143,3.43e-6,0,11,6,9651.810949,2.351121573
06F033190,2017,Slight,Male,36 - 45,0,0,Urban area,Less deprived 20-30%,8,3,1,Roundabout,30,0,Daylight,0,0,0,Non-trunk,0,0,0,0,Neither,Front,2017-07-25,20:45:00,Tuesday,Salford,E08000006,Urban,53.502013,-2.31087,E01005624,35.68937644,35,729,266,319,121,23,767,91,210,82,57,18,3,2,5,168,131,63.52657005,1841,28.98,212,220,121,95,50,23,6,4,168,1,4,86,18,2,335,49,22,69,15,0.76885277,2.7e-6,0,12,0,6242.265426,0.588369301
06F033422,2017,Slight,Male,26 - 35,0,0,Urban area,More deprived 10-20%,2,2,1,Single carriageway,30,0,Darkness - lights lit,1,1,0,Non-trunk,0,0,0,0,Neither,Front,2017-07-19,21:04:00,Wednesday,Salford,E08000006,Urban,53.489687000000004,-2.258887,E01032687,29.73187415,29,669.5,434.5,203,29.5,2.5,844,184,79.5,42.5,48.5,9.5,7,5.5,6.5,414.5,46.5,97.27348993,1159.5,11.92,271.5,327.5,55.5,13.5,2,0,0,0,414.5,24,18.5,47,7,1.5,106,9,17,193,7,1.016733708,4.23e-6,0,7,35,3854.863336,1.763475575
06F033644,2017,Slight,Male,11 - 15,1,0,Urban area,More deprived 40-50%,5,2,1,Single carriageway,30,0,Daylight,1,1,0,Non-trunk,0,0,0,0,Neither,Front,2017-08-06,16:25:00,Sunday,Salford,E08000006,Urban,53.483789,-2.294718,E01005656,34.15242347,32,715,309,313,79,14,785,148,177,42,83,15,9,7,8,200,96,114.5074224,1697,14.82,231,219,132,68,46,13,6,2,200,28,7,90,19,3,260,43,27,92,11,0,0,0,4,3,3126.692248,0.841086136
06F033778,2017,Severe/Fatal,Male,36 - 45,0,0,Urban area,More deprived 20-30%,3,2,1,Single carriageway,30,0,Darkness - lights lit,0,0,0,Non-trunk,0,0,0,0,Neither,Front,2017-07-25,21:58:00,Tuesday,Salford,E08000006,Urban,53.500268,-2.307661,E01005624,35.68937644,35,729,266,319,121,23,767,91,210,82,57,18,3,2,5,168,131,63.52657005,1841,28.98,212,220,121,95,50,23,6,4,168,1,4,86,18,2,335,49,22,69,15,0.76885277,2.7e-6,0,12,0,6242.265426,0.588369301
06F034466,2017,Slight,Male,26 - 35,0,0,Urban area,Less deprived 40-50%,6,2,1,Roundabout,40,0,Daylight,0,0,0,Non-trunk,0,0,0,0,Neither,Front,2017-08-10,17:15:00,Thursday,Salford,E08000006,Urban,53.481535,-2.324839,E01005720,32.68389463,31,701.5,293,310,81.5,17,756.5,144.5,185.5,58.5,48.5,9.5,2.5,5.5,6.5,211.5,84,31.4480308,1593,50.655,247,235,103,61.5,24,23,3.5,2.5,211.5,54,6,68,11,2.5,249.5,29.5,26.5,86.5,11,3.7746526,3.69e-6,1,41,16,9695.809573,6.292528708
06F034673,2017,Severe/Fatal,Male,26 - 35,0,0,Urban area,Most deprived 10%,1,2,1,Single carriageway,40,0,Daylight,0,0,0,Non-trunk,0,0,0,0,Neither,Front,2017-09-04,08:35:00,Monday,Salford,E08000006,Urban,53.518607,-2.361107,E01005691,48.40274151,52,671,127,305,183,56,639,63,86,118,76,9,4,4,1,176,102,20.31901135,1414,69.59,226,261,114,48,16,3,4,0,176,1,4,43,2,2,354,20,7,25,5,0.482341066,7.02e-7,0,9,6,3830.302237,1.281830109
06F035171,2017,Slight,Male,11 - 15,1,0,Urban area,Most deprived 10%,1,2,1,Single carriageway,30,0,Daylight,0,0,0,Non-trunk,0,0,0,0,Neither,Front,2017-09-19,08:09:00,Tuesday,Salford,E08000006,Urban,53.492081,-2.296373,E01005628,40.6016624,37,665,205,286,136,38,797,95,191,66,59,18,9,7,13,234,105,58.11808118,1575,27.1,219,227,99,69,27,13,5,4,234,5,6,87,19,3,319,34,29,56,5,0.1912122,7.05e-7,0,7,11,2992.549237,0.464434838
06F035421,2017,Severe/Fatal,Female,16 - 20,1,0,Urban area,More deprived 20-30%,3,2,1,Single carriageway,30,0,Daylight,0,0,0,Non-trunk,0,0,0,0,Neither,Offside,2017-09-01,15:35:00,Friday,Salford,E08000006,Urban,53.489305,-2.320272,E01005724,46.50138504,50,636,144,268,161,63,707,119,107,85,38,10,4,8,6,226,104,45.39029875,1413,31.13,229,212,88,79,24,2,1,0,226,7,1,28,1,0,321,29,4,87,7,0.0030248,9.71e-9,0,10,3,3845.977707,0.470723031
06F035714,2017,Slight,Male,6 - 10,1,0,Urban area,Most deprived 10%,1,2,1,Single carriageway,30,0,Daylight,0,0,0,Non-trunk,0,0,0,0,Neither,Nearside,2017-09-26,18:30:00,Tuesday,Salford,E08000006,Urban,53.50262,-2.279274,E01005653,34.32020658,32,593,271,234,65,23,616,91,175,91,46,6,4,4,3,103,93,21.98142415,1562,71.06,159,179,103,72,48,23,6,2,103,5,13,90,19,3,257,40,19,57,10,2.432714469,3.48e-6,0,7,12,2597.262707,1.247051964
06F035725,2017,Slight,Male,36 - 45,0,0,Urban area,More deprived 10-20%,2,2,1,Roundabout,30,0,Darkness - lights lit,0,1,0,Non-trunk,0,0,0,0,Neither,Front,2017-10-05,06:56:00,Thursday,Salford,E08000006,Urban,53.49148,-2.284793,E01005681,32.87342437,25,549,357,154,26,12,371,44,96,28,36,13,3,6,14,80,51,67.81038375,1502,22.15,269,157,79,26,8,9,3,0,80,7,11,67,12,2,105,18,10,55,5,1.026261091,4.66e-6,0,11,66,5848.650036,1.585660292
06F036046,2017,Slight,Female,26 - 35,0,0,Urban area,Most deprived 10%,1,2,1,Single carriageway,30,0,Daylight,1,1,0,Non-trunk,0,0,0,0,Neither,Front,2017-10-11,15:45:00,Wednesday,Salford,E08000006,Urban,53.483212,-2.264454,E01032906,32.61217773,31,1139,647,423,57,12,1329,271,173,74,92,21,9,10,13,580,86,60.73127229,2043,33.64,553,441,97,29,13,3,2,1,580,22,21,108,12,2,225,14,40,296,13,3.280546995,9.65e-6,1,20,34,7009.530946,3.27626851
06F036141,2017,Slight,Male,26 - 35,0,0,Urban area,More deprived 30-40%,4,2,1,Single carriageway,30,0,Daylight,0,0,0,Non-trunk,1,0,0,0,Neither,Front,2017-10-18,07:45:00,Wednesday,Salford,E08000006,Urban,53.481151,-2.358378,E01005603,32.80957877,32,749,235,378,110,26,915,149,162,170,70,11,8,7,8,211,119,76.68503603,1809,23.59,209,238,161,91,36,11,3,1,211,8,6,79,24,5,388,43,39,103,11,0.514849214,2.16e-6,0,7,6,4655.61047,0.816595819
06F036218,2017,Severe/Fatal,Male,11 - 15,1,0,Urban area,More deprived 20-30%,3,2,1,Single carriageway,20,1,Daylight,1,0,0,Non-trunk,0,0,0,0,Neither,Offside,2017-10-16,15:00:00,Monday,Salford,E08000006,Urban,53.491734,-2.3632,E01005727,38.83430657,39,647,163,326,131,27,782,57,165,110,69,14,8,12,9,244,94,77.43972445,1349,17.42,247,232,76,59,22,9,1,0,244,7,2,45,10,7,351,30,22,52,10,0.452543712,2.61e-6,0,4,4,2949.429847,0.920465631
06F036874,2017,Slight,Male,36 - 45,0,0,Urban area,More deprived 20-30%,3,2,1,Single carriageway,30,0,Daylight,1,1,0,Non-trunk,1,0,0,0,Neither,Did not impact,2017-11-07,10:03:00,Tuesday,Salford,E08000006,Urban,53.496459,-2.273294,E01032919,30.7196162,25,582.5,288,230.5,53.5,10.5,683.5,84.5,193.5,61.5,60,15.5,9.5,15,22,125.5,96.5,35.77374196,1891,52.86,164.5,182,121.5,65.5,23,9,2.5,14.5,125.5,7,20,132,27.5,2,205.5,34.5,29,95.5,5,4.936042991,4.63e-6,0,23,43,6472.37124,5.486146859
06F037026,2017,Slight,Female,26 - 35,0,0,Urban area,More deprived 10-20%,2,2,1,Single carriageway,30,0,Daylight,0,1,0,Non-trunk,0,0,0,0,Neither,Nearside,2017-10-23,13:40:00,Monday,Salford,E08000006,Urban,53.483333,-2.314922,E01005720,32.68389463,31,701.5,293,310,81.5,17,756.5,144.5,185.5,58.5,48.5,9.5,2.5,5.5,6.5,211.5,84,31.4480308,1593,50.655,247,235,103,61.5,24,23,3.5,2.5,211.5,54,6,68,11,2.5,249.5,29.5,26.5,86.5,11,3.7746526,3.69e-6,1,41,16,9695.809573,6.292528708
06F037053,2017,Severe/Fatal,Male,46 - 55,0,0,Urban area,Most deprived 10%,1,2,1,Single carriageway,30,0,Darkness - lights lit,0,0,0,Non-trunk,1,0,0,0,Neither,Nearside,2017-11-10,22:30:00,Friday,Salford,E08000006,Urban,53.47533,-2.354337,E01005602,38.49776643,38,891,446,341,86,18,674,120,140,94,54,16,1,5,12,138,94,76.36861314,1674,21.92,439,239,117,74,16,5,0,0,138,15,4,65,19,3,283,27,24,90,9,0.589689437,2.65e-6,0,8,8,3388.77398,1.542036756
06F037233,2017,Slight,Male,26 - 35,0,0,Urban area,More deprived 30-40%,4,2,1,Single carriageway,30,0,Darkness - lighting unknown,0,0,0,Non-trunk,0,1,0,0,Neither,Front,2017-11-13,18:10:00,Monday,Salford,E08000006,Urban,53.485658,-2.251041,E01032909,29.94518717,29,1043,543,428,63,9,1421,242,123,91,85,26,24,15,13,738,64,120.3366059,1716,14.26,466,494,72,9,2,0,0,0,738,44,46,55,11,1,231,12,17,257,9,0.899797701,6.28e-6,0,35,17,2179.868782,1.766364869
06F037267,2017,Severe/Fatal,Male,21 - 25,0,0,Urban area,Most deprived 10%,1,2,1,Single carriageway,30,0,Darkness - lights lit,0,0,0,Non-trunk,0,0,0,0,Neither,Front,2017-11-11,19:30:00,Saturday,Salford,E08000006,Urban,53.477609,-2.370447,E01005730,36.38447867,35,731,155,363,165,48,863,77,170,147,71,12,4,4,11,219,148,38.65585168,1668,43.15,229,249,128,84,27,8,2,3,219,14,2,43,15,2,442,41,34,50,3,0.599240597,1.39e-6,0,16,5,3274.875136,1.30813605
06F037633,2017,Slight,Female,26 - 35,0,0,Urban area,Less deprived 40-50%,6,2,1,Roundabout,30,0,Daylight,1,1,0,Non-trunk,0,0,0,0,Neither,Nearside,2017-11-24,15:13:00,Friday,Salford,E08000006,Urban,53.471438,-2.295054,E01032685,34.35296557,33,723.3333333,350.6666667,295,72.66666667,5,930,81,169.3333333,53,60.66666667,14.66666667,11.33333333,12.66666667,10,471,46.33333333,59.59339263,1250.666667,20.98666667,305,327.3333333,72,16.66666667,1.333333333,0.333333333,0,0,471,89,25.33333333,25,8.666666667,1.333333333,184.6666667,13,20.66666667,86,5.666666667,1.516102537,2.42e-6,3,38,86,7715.692772,3.288553108
06F037641,2017,Severe/Fatal,Male,26 - 35,0,0,Urban area,More deprived 40-50%,5,2,1,Single carriageway,30,0,Daylight,0,1,0,Non-trunk,0,1,0,0,Neither,Front,2017-11-23,08:00:00,Thursday,Salford,E08000006,Urban,53.50966,-2.262703,E01005650,34.57126633,30,633,302,241,65,25,657,248,74,35,38,13,1,4,8,159,77,45.62728938,1993,43.68,274,99,76,30,32,23,28,69,159,1,6,33,11,0,222,24,19,183,2,0.966722862,2.23e-6,0,5,13,4934.185531,1.525958041
06F037808,2017,Slight,Male,46 - 55,0,0,Urban area,More deprived 30-40%,4,2,1,Single carriageway,30,0,Darkness - lights lit,1,1,0,Non-trunk,1,0,0,0,Neither,Front,2017-10-24,06:30:00,Tuesday,Salford,E08000006,Urban,53.524942,-2.403773,E01005718,43.72362739,46,797,196,393,161,47,819,71,74,135,111,18,8,11,6,256,129,44.77069351,1601,35.76,326,270,100,70,21,8,2,0,256,0,8,40,2,3,403,32,14,54,6,1.050858019,2.94e-6,0,17,11,7886.182864,2.281149996
06F037818,2017,Slight,Male,26 - 35,0,0,Urban area,More deprived 40-50%,5,2,1,Single carriageway,30,0,Darkness - lights lit,1,1,0,Non-trunk,0,1,0,0,Neither,Nearside,2017-11-21,16:40:00,Tuesday,Salford,E08000006,Urban,53.489579,-2.25875,E01032687,29.73187415,29,669.5,434.5,203,29.5,2.5,844,184,79.5,42.5,48.5,9.5,7,5.5,6.5,414.5,46.5,97.27348993,1159.5,11.92,271.5,327.5,55.5,13.5,2,0,0,0,414.5,24,18.5,47,7,1.5,106,9,17,193,7,1.016733708,4.23e-6,0,7,35,3854.863336,1.763475575
06F037870,2017,Slight,Female,26 - 35,0,0,Urban area,More deprived 10-20%,2,2,1,Single carriageway,30,1,Daylight,0,1,0,Non-trunk,1,1,0,0,Neither,Offside,2017-11-24,14:25:00,Friday,Salford,E08000006,Urban,53.481771,-2.320893,E01005720,32.68389463,31,701.5,293,310,81.5,17,756.5,144.5,185.5,58.5,48.5,9.5,2.5,5.5,6.5,211.5,84,31.4480308,1593,50.655,247,235,103,61.5,24,23,3.5,2.5,211.5,54,6,68,11,2.5,249.5,29.5,26.5,86.5,11,3.7746526,3.69e-6,1,41,16,9695.809573,6.292528708
06F038631,2017,Severe/Fatal,Male,11 - 15,1,0,Urban area,More deprived 30-40%,4,2,1,Single carriageway,30,0,Darkness - lights lit,0,0,0,Non-trunk,0,0,0,0,Neither,Front,2017-12-27,18:15:00,Wednesday,Salford,E08000006,Urban,53.502044,-2.348077,E01005696,39.67392697,40,715,102,335,231,47,893,88,137,114,74,22,7,7,8,318,118,43.15432995,1784,41.34,157,264,142,106,30,14,1,0,318,2,4,26,10,2,427,35,12,45,11,0.727188702,1.77e-6,0,6,2,4200.473065,0.947614482
06G025592,2017,Slight,Male,56 - 65,0,0,Urban area,More deprived 40-50%,5,2,1,Single carriageway,30,0,Daylight,0,0,0,Non-trunk,0,0,0,0,Neither,Front,2017-01-04,12:00:00,Wednesday,Tameside,E08000008,Urban,53.466437,-2.078034,E01006013,42.98025816,46,565,118,262,138,47,589,93,135,67,62,7,5,1,1,134,84,43.7562772,1307,29.87,165,201,95,78,15,10,0,1,134,1,6,20,0,2,342,22,8,46,7,0,0,0,18,3,4081.21975,1.748241283
06G029312,2017,Severe/Fatal,Female,36 - 45,0,0,Urban area,More deprived 20-30%,3,2,1,Single carriageway,30,0,Daylight,0,0,0,Non-trunk,1,0,0,0,Neither,Front,2017-03-21,14:25:00,Tuesday,Tameside,E08000008,Rural,53.45541,-2.099623,E01005973,43.70609846,47,599,91,265,193,50,671,83,111,127,75,11,7,10,2,149,96,22.08400646,1367,61.9,166,228,109,69,21,5,1,0,149,2,9,30,3,5,389,34,12,32,6,0.917456685,1.49e-6,0,5,4,3066.345918,2.07231716
06G029870,2017,Severe/Fatal,Male,36 - 45,0,0,Urban area,Less deprived 40-50%,6,2,1,Single carriageway,30,0,Daylight,0,0,0,Non-trunk,0,0,0,0,Neither,Front,2017-04-18,07:30:00,Tuesday,Tameside,E08000008,Rural,53.453764,-2.040559,E01006027,34.70201196,33,1004,317,410,244,33,1067,75,148,182,158,19,6,7,11,268,193,36.3255814,2343,64.5,360,272,180,107,57,20,3,5,268,2,17,74,3,1,581,45,10,55,8,0.11890818,1.85e-7,0,27,3,6674.209941,0.529342934
06G030370,2017,Slight,Male,11 - 15,1,0,Urban area,Less deprived 20-30%,8,2,1,Single carriageway,30,0,Daylight,0,0,0,Non-trunk,0,0,0,0,Neither,Offside,2017-05-05,15:45:00,Friday,Tameside,E08000008,Urban,53.441169,-2.080892,E01006043,40.43695797,42,604,110,265,177,52,674,57,98,124,91,8,5,1,6,178,106,52.5988287,1437,27.32,173,204,107,84,22,7,4,4,178,0,5,45,3,4,375,19,4,37,3,0.484505919,1.77e-6,0,11,4,4229.9643830000005,0.21665687
06G030542,2017,Slight,Male,36 - 45,0,0,Urban area,More deprived 10-20%,2,2,1,Single carriageway,30,0,Daylight,0,0,0,Non-trunk,0,0,0,0,Neither,Front,2017-05-09,08:15:00,Tuesday,Tameside,E08000008,Urban,53.495656,-2.082458,E01005946,38.15232632,39,689,238,291,129,31,719,156,101,88,89,11,2,3,7,165,97,77.07625061,1587,20.59,220,219,122,91,30,6,1,1,165,10,2,28,12,4,343,48,4,94,8,0,0,0,8,4,3663.549945,0.039231849
06G030664,2017,Slight,Male,46 - 55,0,0,Urban area,More deprived 10-20%,2,2,1,Dual carriageway,30,0,Daylight,0,0,0,Non-trunk,0,0,0,0,Neither,Front,2017-05-21,08:39:00,Sunday,Tameside,E08000008,Urban,53.490376,-2.109095,E01005950,28.75854109,27,642,192,307,114,29,695,124,105,110,55,10,6,7,6,128,144,28.25409197,2175,76.98,143,146,70,91,78,56,29,27,128,9,5,54,18,1,322,51,6,77,25,2.315762742,3.02e-6,1,14,9,6187.751304,2.184527343
06G030690,2017,Slight,Male,21 - 25,0,0,Urban area,More deprived 30-40%,4,2,1,Single carriageway,30,0,Daylight,0,0,0,Non-trunk,0,0,0,0,Neither,Front,2017-04-25,16:30:00,Tuesday,Tameside,E08000008,Urban,53.451435,-2.064123,E01006026,40.13304721,41,732,202,330,158,42,770,80,138,72,112,9,3,5,5,222,124,47.43709226,1527,32.19,285,244,107,66,22,7,3,0,222,0,9,38,6,1,392,23,10,58,9,0,0,0,10,3,2605.126305,1.778432186
06G031483,2017,Slight,Male,26 - 35,0,0,Urban area,Most deprived 10%,1,2,1,Single carriageway,30,0,Daylight,1,1,1,Non-trunk,0,0,0,0,Neither,Front,2017-06-10,10:53:00,Saturday,Tameside,E08000008,Urban,53.456081,-2.123102,E01005992,42.24442675,44,587,187,278,102,20,558,60,88,108,56,4,1,5,7,131,98,23.68833203,1210,51.08,262,166,81,52,16,4,0,2,131,0,2,36,9,5,287,28,9,52,5,0,0,0,12,6,5422.125662,1.626225458
06G031871,2017,Slight,Male,11 - 15,1,0,Urban area,More deprived 20-30%,3,2,1,Single carriageway,30,0,Daylight,0,0,0,Non-trunk,0,0,0,0,Neither,Back,2017-06-21,14:25:00,Wednesday,Tameside,E08000008,Urban,53.467661,-2.11107,E01005965,41.65794907,43,796,234,376,168,18,825,95,149,152,89,12,8,4,9,215,92,29.45275323,1733,58.84,278,295,115,70,26,5,6,2,215,7,23,49,12,2,406,54,14,45,4,1.559353695,2.65e-6,0,9,1,3540.720898,1.911102346
06G032365,2017,Slight,Male,6 - 10,1,0,Urban area,Most deprived 10%,1,2,1,Single carriageway,20,0,Daylight,0,0,0,Non-trunk,0,0,0,0,Neither,Front,2017-07-01,14:25:00,Saturday,Tameside,E08000008,Urban,53.487299,-2.102441,E01005952,36.69623431,38,636,377.5,210.5,36,12,463,105,64,80,53.5,6,4,2.5,2,71.5,74.5,56.72203765,1280.5,22.575,349.5,133,58.5,52,16,8.5,8,9.5,71.5,4.5,2,80.5,7,1.5,176,22.5,11,81.5,6.5,1.35861002,3e-6,0,7,15,10038.02245,2.251658993
06G032374,2017,Slight,Male,66 - 75,0,1,Urban area,Least deprived 10%,10,2,1,Single carriageway,30,0,Daylight,0,0,0,Non-trunk,0,0,0,0,Neither,Did not impact,2017-06-21,12:20:00,Wednesday,Tameside,E08000008,Urban,53.464048,-2.088934,E01006031,35.33130194,35,938,291,363,244,40,1061,130,161,152,139,16,13,7,7,271,165,27.62126409,2255,81.64,302,270,172,114,53,17,6,4,271,4,20,60,9,1,555,48,13,75,8,1.949600292,2.39e-6,0,6,7,6712.067037,3.607671185
06G032835,2017,Slight,Male,36 - 45,0,0,Urban area,Least deprived 10%,10,2,1,Single carriageway,30,0,Daylight,0,0,0,Non-trunk,0,0,0,0,Neither,Front,2017-07-12,19:44:00,Wednesday,Tameside,E08000008,Urban,53.479513,-2.066892,E01006023,40.43668407,42,800,330,309,120,41,672,131,128,71,79,13,2,4,8,121,115,20.96516884,1577,75.22,351,255,109,58,24,4,1,0,121,1,16,40,10,4,349,40,5,78,7,1.27592832,1.69e-6,1,21,7,9638.89162,6.315982203
06G033657,2017,Severe/Fatal,Male,26 - 35,0,0,Urban area,Most deprived 10%,1,2,1,Single carriageway,30,0,Daylight,0,0,0,Non-trunk,0,0,0,0,Neither,Front,2017-08-04,18:24:00,Friday,Tameside,E08000008,Rural,53.452343,-2.044458,E01006024,42.84988962,48,688,43,244,269,132,953,76,158,113,112,16,15,11,12,315,125,7.610382891,1765,231.92,123,259,160,108,27,7,1,3,315,0,16,18,1,6,533,34,2,24,10,3.961931539,1.71e-6,2,20,2,5917.146273,4.067153729
06G033676,2017,Slight,Male,21 - 25,0,0,Urban area,Most deprived 10%,1,2,1,One way street,30,0,Daylight,1,1,0,Non-trunk,0,0,0,0,Neither,Front,2017-08-08,13:40:00,Tuesday,Tameside,E08000008,Urban,53.487045,-2.094257,E01005948,34.93173432,34,1172,702,372,82,16,841,192,130,127,108,10,3,4,9,143,115,23.81393434,2314,97.17,697,223,78,66,39,34,15,18,143,26,13,119,18,2,286,40,19,167,8,4.064870334,4.18e-6,2,102,154,19930.12146,8.239471905
06G033685,2017,Slight,Male,21 - 25,0,0,Urban area,More deprived 30-40%,4,2,1,Single carriageway,30,0,Daylight,0,0,0,Non-trunk,0,0,0,0,Neither,Nearside,2017-08-06,12:23:00,Sunday,Tameside,E08000008,Urban,53.485014,-2.140094,E01005997,41.30784574,45,685,193,309,148,35,745,63,118,146,78,5,5,5,8,192,125,49.9674691,1536,30.74,244,204,118,69,32,9,5,1,192,19,1,53,4,4,352,36,16,56,12,0.215065303,6.98e-7,0,4,2,2357.071166,0.504644351
06G034345,2017,Slight,Male,36 - 45,0,0,Urban area,More deprived 20-30%,3,2,1,Dual carriageway,30,0,Daylight,0,0,0,Non-trunk,1,0,0,0,Neither,Back,2017-08-31,07:07:00,Thursday,Tameside,E08000008,Urban,53.457666,-2.151374,E01005991,39.39866864,40,620,100,277,192,51,747,46,121,160,67,5,3,4,7,208,126,22.32502612,1496,67.01,177,202,109,95,30,4,2,2,208,1,8,49,6,0,399,33,19,24,7,0.107722036,1.6e-7,0,5,1,7631.190118,1.591311097
06G035192,2017,Slight,Male,36 - 45,0,0,Urban area,More deprived 10-20%,2,2,1,Single carriageway,30,0,Daylight,1,1,0,Non-trunk,0,0,0,0,Neither,Front,2017-09-18,14:36:00,Monday,Tameside,E08000008,Urban,53.482401,-2.091007,E01006016,37.46776612,37,1037,526,385,109,17,848,208,115,164,104,10,5,4,6,125,107,39.34923201,1947,49.48,546,277,101,67,27,12,2,3,125,7,9,132,12,6,350,46,12,144,3,0.51645554,1.04e-6,0,13,9,11859.35184,3.06730561
06G035455,2017,Slight,Male,11 - 15,1,0,Urban area,Most deprived 10%,1,2,1,Single carriageway,30,1,Darkness - lights lit,0,0,0,Non-trunk,0,0,0,0,Neither,Offside,2017-09-22,20:00:00,Friday,Tameside,E08000008,Urban,53.492721,-2.0757,E01005942,39.51907935,40,709,134,358,167,50,826,176,119,80,99,11,4,7,2,210,118,54.74620962,1661,30.34,195,252,135,93,23,9,1,1,210,10,17,17,3,2,414,38,7,99,8,0,0,0,10,3,5857.267817,0.494725601
06G035579,2017,Slight,Male,36 - 45,0,0,Urban area,More deprived 30-40%,4,2,1,Single carriageway,30,0,Daylight,1,1,0,Non-trunk,0,0,0,0,Neither,Front,2017-09-29,17:05:00,Friday,Tameside,E08000008,Urban,53.455268,-2.098162,E01005973,43.70609846,47,599,91,265,193,50,671,83,111,127,75,11,7,10,2,149,96,22.08400646,1367,61.9,166,228,109,69,21,5,1,0,149,2,9,30,3,5,389,34,12,32,6,0.917456685,1.49e-6,0,5,4,3066.345918,2.07231716
06G035736,2017,Severe/Fatal,Male,46 - 55,0,0,Urban area,Less deprived 30-40%,7,2,1,Dual carriageway,30,0,Daylight,1,1,0,Non-trunk,0,0,0,0,Neither,Offside,2017-09-29,07:38:00,Friday,Tameside,E08000008,Urban,53.478944,-2.126242,E01005962,42.06241234,45,596,111,269,162,54,645,61,98,122,54,6,3,2,3,194,102,45.59768638,1419,31.12,174,212,94,72,23,12,2,5,194,14,2,39,2,1,336,20,4,28,4,1.104682315,3.59e-6,1,8,4,5411.428676,1.84682363
06G036033,2017,Slight,Male,56 - 65,0,0,Urban area,Less deprived 40-50%,6,2,1,Single carriageway,30,0,Darkness - lights lit,0,0,0,Non-trunk,0,0,0,0,Neither,Front,2017-10-03,19:00:00,Tuesday,Tameside,E08000008,Urban,53.486383,-2.165914,E01006006,43.61982882,46,602,93,277,184,48,717,63,112,149,59,3,2,7,5,195,122,36.78101625,1426,38.77,146,243,104,80,19,7,2,2,195,18,5,23,3,3,406,29,17,19,2,0.612269535,1.57e-6,0,8,1,2705.117115,0.78646404
06G036283,2017,Slight,Male,66 - 75,0,1,Urban area,Less deprived 40-50%,6,2,1,Single carriageway,30,0,Daylight,0,0,0,Non-trunk,0,0,0,0,Neither,Front,2017-09-17,08:45:00,Sunday,Tameside,E08000008,Urban,53.490287,-2.134656,E01005993,43.47376201,48,607,132,278,159,38,643,59,104,126,59,3,5,7,6,168,106,35.43307087,1350,38.1,191,225,89,75,20,7,0,0,168,10,2,33,5,0,359,24,9,30,3,0.906801407,2.39e-6,0,8,0,2902.372559,1.843962444
06G036358,2017,Slight,Male,46 - 55,0,0,Urban area,Most deprived 10%,1,2,1,Single carriageway,20,0,Darkness - lighting unknown,1,1,0,Non-trunk,0,0,0,0,Neither,Front,2017-03-17,20:40:00,Friday,Tameside,E08000008,Urban,53.484496,-2.061565,E01006060,36.96558844,36,711,280,311,91,29,703,102,133,62,114,10,3,1,5,158,115,36.73965937,1510,41.1,297,180,129,72,24,4,4,1,158,4,29,38,15,1,314,48,10,80,8,0,0,0,29,4,5581.343646,3.906315257
06G036401,2017,Slight,Male,11 - 15,1,0,Urban area,More deprived 10-20%,2,2,1,Single carriageway,30,0,Daylight,1,1,0,Non-trunk,0,0,0,0,Neither,Nearside,2017-10-19,15:34:00,Thursday,Tameside,E08000008,Urban,53.464815,-2.116741,E01005967,41.02679831,42,710,286,304,95,25,577,75,116,82,49,10,6,3,5,148,83,53.25355273,1424,26.74,324,190,118,47,19,5,4,3,148,4,9,44,4,1,265,38,13,46,8,0.795750483,3.01e-6,0,5,2,2903.076118,0.999127221
06G036940,2017,Slight,Male,6 - 10,1,0,Urban area,More deprived 30-40%,4,2,1,Single carriageway,20,1,Daylight,0,0,0,Non-trunk,0,0,0,0,Neither,Front,2017-11-02,13:19:00,Thursday,Tameside,E08000008,Urban,53.480194,-2.162816,E01005998,38.76081871,40,754,206,328,171,49,924,112,160,187,59,9,5,7,7,220,158,50.70043103,1882,37.12,193,249,142,106,41,14,4,2,220,60,5,49,9,3,443,44,9,72,14,0.863016119,2.3e-6,1,12,6,6218.144003,1.886326279
06G037461,2017,Severe/Fatal,Male,36 - 45,0,0,Urban area,More deprived 10-20%,2,2,1,Single carriageway,30,0,Daylight,0,0,0,Non-trunk,1,0,0,0,Neither,Front,2017-11-17,13:10:00,Friday,Tameside,E08000008,Urban,53.490291,-2.093601,E01005948,34.93173432,34,1172,702,372,82,16,841,192,130,127,108,10,3,4,9,143,115,23.81393434,2314,97.17,697,223,78,66,39,34,15,18,143,26,13,119,18,2,286,40,19,167,8,4.064870334,4.18e-6,2,102,154,19930.12146,8.239471905
06G037585,2017,Severe/Fatal,Male,46 - 55,0,0,Urban area,Less deprived 30-40%,7,1,1,Single carriageway,30,0,Daylight,1,1,0,Non-trunk,0,1,0,0,Neither,Did not impact,2017-11-21,07:40:00,Tuesday,Tameside,E08000008,Urban,53.480068,-2.15608,E01005999,36.86330609,36,929,313,416,167,33,1057,91,163,251,96,13,16,10,6,277,134,63.6813027,2190,34.39,308,277,161,110,54,9,6,4,277,53,9,103,6,1,461,44,23,76,8,0.468727837,1.37e-6,1,12,15,3946.73891,1.71195106
06G037955,2017,Slight,Male,46 - 55,0,0,Urban area,Most deprived 10%,1,2,1,Single carriageway,30,0,Darkness - lights lit,0,0,0,Non-trunk,1,0,0,0,Neither,Nearside,2017-11-28,05:54:00,Tuesday,Tameside,E08000008,Urban,53.451966,-2.111781,E01005975,37.83719474,37,692,215,309,128,40,720,94,128,140,63,6,4,5,4,155,121,51.49900067,1546,30.02,238,217,119,83,27,5,2,1,155,0,2,72,5,0,369,34,16,60,4,0.276518778,9.31e-7,0,11,6,3978.834486,0.258840768
06G038019,2017,Severe/Fatal,Male,36 - 45,0,0,Urban area,More deprived 30-40%,4,2,1,Single carriageway,20,0,Darkness - lights lit,0,0,0,Non-trunk,0,0,0,0,Neither,Front,2017-12-01,23:05:00,Friday,Tameside,E08000008,Urban,53.49205,-2.085134,E01005941,34.96673387,34,777,349,332,73,23,699,160,106,89,102,8,8,4,11,104,107,66.5019414,1884,28.33,285,205,135,79,42,14,5,11,104,18,6,76,28,3,305,34,11,108,8,0,0,0,10,14,5792.142275,0.556556306
06G038311,2017,Severe/Fatal,Male,26 - 35,0,0,Urban area,Most deprived 10%,1,2,1,Single carriageway,30,0,Darkness - lights lit,0,1,0,Non-trunk,0,0,0,0,Neither,Offside,2017-12-15,02:06:00,Friday,Tameside,E08000008,Urban,53.475328,-2.158157,E01005998,38.76081871,40,754,206,328,171,49,924,112,160,187,59,9,5,7,7,220,158,50.70043103,1882,37.12,193,249,142,106,41,14,4,2,220,60,5,49,9,3,443,44,9,72,14,0.863016119,2.3e-6,1,12,6,6218.144003,1.886326279
06G038435,2017,Slight,Male,26 - 35,0,0,Urban area,More deprived 10-20%,2,3,1,Single carriageway,30,0,Darkness - lights lit,0,0,0,Non-trunk,0,0,0,0,Neither,Offside,2017-11-20,17:15:00,Monday,Tameside,E08000008,Urban,53.459248,-2.088322,E01006031,35.33130194,35,938,291,363,244,40,1061,130,161,152,139,16,13,7,7,271,165,27.62126409,2255,81.64,302,270,172,114,53,17,6,4,271,4,20,60,9,1,555,48,13,75,8,1.949600292,2.39e-6,0,6,7,6712.067037,3.607671185
06G038900,2017,Severe/Fatal,Male,36 - 45,0,0,Urban area,More deprived 20-30%,3,2,1,Single carriageway,30,0,Darkness - lights lit,1,1,0,Non-trunk,0,0,0,0,Neither,Nearside,2017-12-29,05:40:00,Friday,Tameside,E08000008,Urban,53.482313,-2.074597,E01006023,40.43668407,42,800,330,309,120,41,672,131,128,71,79,13,2,4,8,121,115,20.96516884,1577,75.22,351,255,109,58,24,4,1,0,121,1,16,40,10,4,349,40,5,78,7,1.27592832,1.69e-6,1,21,7,9638.89162,6.315982203
06G038939,2017,Slight,Male,36 - 45,0,0,Urban area,Most deprived 10%,1,2,1,Single carriageway,30,0,Darkness - lights lit,1,1,0,Non-trunk,1,0,0,0,Neither,Front,2017-12-12,18:54:00,Tuesday,Tameside,E08000008,Urban,53.490297,-2.085296,E01005941,34.96673387,34,777,349,332,73,23,699,160,106,89,102,8,8,4,11,104,107,66.5019414,1884,28.33,285,205,135,79,42,14,5,11,104,18,6,76,28,3,305,34,11,108,8,0,0,0,10,14,5792.142275,0.556556306
06J026136,2017,Slight,Male,21 - 25,0,0,Urban area,Most deprived 10%,1,2,1,Single carriageway,30,0,Daylight,0,1,0,Non-trunk,0,0,0,0,Neither,Front,2017-01-19,07:42:00,Thursday,Stockport,E08000007,Urban,53.454044,-2.157972,E01005896,36.25487945,36,788,225,394,145,24,898,36,177,229,92,6,1,6,6,216,129,64.63272445,1663,25.73,274,275,148,64,21,6,0,0,216,1,18,118,4,2,390,55,20,62,12,0.166836644,6.49e-7,0,7,1,2949.282142,1.248282628
06J026568,2017,Slight,Male,11 - 15,1,0,Urban area,More deprived 20-30%,3,2,1,Single carriageway,30,0,Daylight,0,0,0,Non-trunk,0,0,0,0,Neither,Offside,2017-01-25,16:09:00,Wednesday,Stockport,E08000007,Urban,53.400686,-2.172363,E01005764,37.4486361,37,776,244,393,127,12,854,107,164,112,73,9,3,7,1,290,88,54.48369565,1604,29.44,272,301,132,58,9,2,2,0,290,0,25,58,5,1,337,24,20,87,7,1.372875177,4.72e-6,0,17,9,4846.521759,2.013348061
06J027027,2017,Slight,Male,11 - 15,1,0,Urban area,Less deprived 20-30%,8,2,1,Single carriageway,20,0,Daylight,0,0,0,Non-trunk,1,0,0,0,Neither,Front,2017-02-02,10:15:00,Thursday,Stockport,E08000007,Urban,53.387833,-2.221117,E01005773,42.65148515,44,653,128,237,228,60,750,42,81,118,61,17,4,12,6,327,82,30.44741429,1572,51.63,194,205,114,99,28,10,1,1,327,1,9,16,2,2,312,18,14,36,10,1.75305171,3.37e-6,0,12,5,6646.559201,2.147112532
06J027247,2017,Slight,Male,46 - 55,0,0,Urban area,More deprived 30-40%,4,2,1,Roundabout,30,0,Daylight,0,0,0,Non-trunk,0,0,0,0,Neither,Nearside,2017-02-12,14:45:00,Sunday,Stockport,E08000007,Rural,53.379666,-2.21921,E01005844,42.27539936,43,547,62,228,178,79,625,37,74,87,101,20,3,6,12,209,76,18.61695731,1548,83.15,150,159,77,87,41,20,6,7,209,1,14,11,5,1,325,22,8,20,11,2.529119153,3.04e-6,0,7,15,9825.930145,0.403861471
06J027764,2017,Severe/Fatal,Male,36 - 45,0,0,Urban area,More deprived 40-50%,5,2,1,Roundabout,30,0,Darkness - lights lit,1,1,0,Non-trunk,0,0,0,0,Neither,Back,2017-03-04,18:21:00,Saturday,Stockport,E08000007,Urban,53.373469,-2.159387,E01005808,45.26626776,50,526,29,191,237,69,630,36,89,45,60,3,4,7,6,334,46,36.05138962,1375,38.14,100,184,107,105,21,8,1,0,334,0,6,5,1,1,234,12,3,26,6,0.054361337,1.43e-7,0,14,0,3139.864586,0.064839287
06J028433,2017,Severe/Fatal,Male,46 - 55,0,0,Urban area,Less deprived 40-50%,6,2,2,Single carriageway,30,0,Daylight,0,0,0,Non-trunk,0,0,0,0,Neither,Front,2017-04-02,11:55:00,Sunday,Stockport,E08000007,Urban,53.37238,-2.160495,E01005930,44.84223759,49,598,23,187,286,102,699,36,85,72,78,9,3,5,0,363,48,17.07193,1678,98.29,86,247,106,113,36,7,1,2,363,0,7,5,3,2,258,25,9,26,3,0.441935003,4.53e-7,0,10,1,5484.00305,2.185161516
06J028988,2017,Slight,Male,16 - 20,1,0,Urban area,Most deprived 10%,1,2,1,Single carriageway,20,0,Daylight,0,0,0,Non-trunk,0,0,0,0,Neither,Offside,2017-03-28,17:12:00,Tuesday,Stockport,E08000007,Urban,53.382078,-2.196883,E01005785,41.07995227,42,659,82,283,235,59,788,83,104,92,75,12,2,5,7,339,69,54.17746114,1673,30.88,169,207,107,129,33,15,0,1,339,3,10,11,3,0,352,17,10,39,3,0.268599512,8.56e-7,0,8,4,3059.037832,0.426122253
06J029497,2017,Severe/Fatal,Male,26 - 35,0,0,Urban area,Less deprived 30-40%,7,2,1,Single carriageway,30,0,Daylight,0,0,0,Non-trunk,0,0,0,0,Neither,Offside,2017-04-18,19:30:00,Tuesday,Stockport,E08000007,Urban,53.415894,-2.103366,E01005899,49.6495782,52,751,180,320,194,57,649,49,92,80,88,7,3,3,2,227,98,20.57179161,1619,78.7,298,250,95,86,17,4,1,0,227,0,19,20,5,3,318,21,4,36,3,2.83297488,3.62e-6,0,10,1,6070.4593,3.204918774
06J029518,2017,Severe/Fatal,Male,36 - 45,0,0,Urban area,Less deprived 30-40%,7,2,1,Single carriageway,30,0,Daylight,0,0,0,Non-trunk,1,0,0,0,Neither,Nearside,2017-03-21,06:20:00,Tuesday,Stockport,E08000007,Urban,53.411155,-2.105987,E01005902,40.87090797,42,739,208,316,179,36,658,86,118,102,67,5,4,10,4,157,105,23.992891,1620,67.52,256,252,120,74,22,13,1,1,157,0,5,43,3,1,348,30,8,48,14,0.442609466,6.55e-7,0,20,6,2221.71931,0.314402496
06J030083,2017,Slight,Female,11 - 15,1,0,Urban area,More deprived 30-40%,4,2,1,Single carriageway,30,0,Daylight,0,0,0,Non-trunk,0,0,0,0,Neither,Front,2017-05-06,18:50:00,Saturday,Stockport,E08000007,Urban,53.429028,-2.152205,E01005895,41.16779089,43,486,126,204,116,40,546,70,75,125,39,8,4,1,3,136,85,29.76554536,1168,39.24,145,150,100,62,18,8,2,0,136,0,3,31,2,0,300,36,8,27,3,0.360126634,9.16e-7,0,4,4,1896.263253,1.627340662
06J030084,2017,Slight,Male,11 - 15,1,0,Urban area,Least deprived 10%,10,2,1,Single carriageway,30,0,Daylight,0,0,0,Non-trunk,1,0,0,0,Neither,Front,2017-04-18,18:45:00,Tuesday,Stockport,E08000007,Urban,53.380979,-2.156093,E01005811,46.48463902,51,629,61,281,221,66,688,55,107,66,64,6,3,7,5,300,75,35.03098895,1300,37.11,226,238,83,66,11,5,0,0,300,0,5,10,3,3,321,17,5,17,6,0.138324564,3.73e-7,0,10,3,4509.7305480000005,1.778534021
06J031532,2017,Slight,Female,26 - 35,0,0,Urban area,Less deprived 20-30%,8,2,1,One way street,30,0,Daylight,0,0,0,Non-trunk,0,1,0,0,Neither,Offside,2017-05-31,16:45:00,Wednesday,Stockport,E08000007,Urban,53.409903,-2.176116,E01005856,40.10253243,41,656,88,299,206,63,799,78,105,123,72,8,0,5,6,308,94,28.74573838,1602,55.73,177,209,134,91,35,11,1,0,308,5,6,28,4,0,377,23,15,29,11,2.383341962,4.26e-6,0,7,5,4891.097156,1.844330024
06J031704,2017,Slight,Male,26 - 35,0,0,Urban area,Less deprived 30-40%,7,2,1,Roundabout,30,0,Daylight,1,1,0,Non-trunk,0,0,0,0,Neither,Front,2017-06-07,19:25:00,Wednesday,Stockport,E08000007,Rural,53.380351,-2.218312,E01005784,42.92239011,45,547,40,184,254,69,644,39,74,90,63,11,5,10,9,282,61,13.96914446,1494,106.95,105,189,88,109,41,10,3,3,282,1,6,7,2,1,293,14,14,15,8,1.464053494,1.36e-6,0,15,16,14224.95709,2.196719833
06J031775,2017,Slight,Male,36 - 45,0,0,Urban area,Most deprived 10%,1,2,1,Single carriageway,30,0,Daylight,0,0,0,Non-trunk,0,0,0,0,Neither,Front,2017-05-18,18:30:00,Thursday,Stockport,E08000007,Urban,53.391839,-2.227724,E01005768,42.39105505,44,761,64,304,306,87,989,56,103,159,68,24,5,12,8,451,103,24.57183635,2066,84.08,160,250,146,128,47,21,5,5,451,8,13,7,1,0,442,27,7,21,9,2.416105063,2.88e-6,1,15,1,7064.597415,5.933366691
06J032223,2017,Slight,Female,6 - 10,1,0,Urban area,Most deprived 10%,1,2,1,Single carriageway,30,0,Daylight,0,0,0,Non-trunk,0,0,0,0,Neither,Front,2017-06-19,16:25:00,Monday,Stockport,E08000007,Urban,53.422865,-2.134517,E01005755,32.41353811,30,721,294,282,109,36,695,134,155,105,71,10,6,3,9,84,118,28.76780391,1737,60.38,243,184,150,93,33,13,2,1,84,2,7,78,8,3,357,50,17,86,6,1.497294827,2.44e-6,0,10,5,4148.160183,1.777539306
06J032566,2017,Slight,Female,46 - 55,0,0,Urban area,More deprived 30-40%,4,2,1,Single carriageway,30,0,Daylight,0,0,0,Non-trunk,0,1,0,0,Neither,Front,2017-07-08,07:52:00,Saturday,Stockport,E08000007,Urban,53.37159,-2.112954,E01005841,43.72962484,45,627,76,256,211,84,689,65,86,81,96,6,3,3,7,243,99,30.08741614,1480,49.19,168,245,82,102,25,4,1,0,243,0,10,20,2,0,344,28,7,30,6,1.162101506,2.35e-6,0,17,8,5250.03956,2.197097682
06J032734,2017,Severe/Fatal,Male,46 - 55,0,0,Urban area,More deprived 30-40%,4,2,1,Dual carriageway,30,0,Daylight,0,0,0,Non-trunk,0,1,0,0,Neither,Did not impact,2017-07-17,15:23:00,Monday,Stockport,E08000007,Urban,53.411787,-2.166089,E01005917,36.66438746,36,900,330,423,133,14,916,142,145,155,79,13,4,9,7,256,106,36.00236081,1830,50.83,369,312,116,60,29,8,1,5,256,2,17,119,10,5,362,28,12,98,4,2.345506175,4.65e-6,0,52,31,6777.506159,4.483092588
06J032759,2017,Severe/Fatal,Male,26 - 35,0,0,Urban area,Most deprived 10%,1,1,1,Single carriageway,30,0,Daylight,0,0,0,Non-trunk,0,0,0,1,Off carriageway,Nearside,2017-07-09,21:45:00,Sunday,Stockport,E08000007,Urban,53.411716,-2.183856,E01005856,40.10253243,41,656,88,299,206,63,799,78,105,123,72,8,0,5,6,308,94,28.74573838,1602,55.73,177,209,134,91,35,11,1,0,308,5,6,28,4,0,377,23,15,29,11,2.383341962,4.26e-6,0,7,5,4891.097156,1.844330024
06J034231,2017,Slight,Male,26 - 35,0,0,Urban area,More deprived 20-30%,3,2,1,Roundabout,30,0,Darkness - lights lit,0,0,0,Non-trunk,0,0,0,0,Neither,Front,2017-08-16,21:20:00,Wednesday,Stockport,E08000007,Rural,53.380369,-2.218297,E01005784,42.92239011,45,547,40,184,254,69,644,39,74,90,63,11,5,10,9,282,61,13.96914446,1494,106.95,105,189,88,109,41,10,3,3,282,1,6,7,2,1,293,14,14,15,8,1.464053494,1.36e-6,0,15,16,14224.95709,2.196719833
06J034323,2017,Slight,Male,26 - 35,0,0,Urban area,Most deprived 10%,1,2,1,Single carriageway,30,0,Daylight,0,0,1,Non-trunk,0,0,0,0,Neither,Front,2017-08-11,06:35:00,Friday,Stockport,E08000007,Urban,53.405083,-2.183797,E01005823,35.80441989,36,707,183,327,164,33,820,108,133,138,59,4,1,4,9,250,114,69.92353441,1646,23.54,235,211,115,102,25,14,2,1,250,4,21,46,4,1,370,34,16,68,8,0.765832616,3.27e-6,0,12,4,3503.627623,0.787656138
06J034548,2017,Slight,Female,36 - 45,0,0,Urban area,More deprived 30-40%,4,2,1,Single carriageway,30,1,Daylight,0,0,0,Non-trunk,0,1,0,0,Neither,Front,2017-08-24,19:00:00,Thursday,Stockport,E08000007,Urban,53.412986,-2.193339,E01005857,37.95026525,38,619,75,274,209,61,704,41,96,110,59,14,5,9,8,274,88,37.22527473,1626,43.68,189,172,85,95,45,16,11,8,274,6,7,14,10,0,321,25,13,21,12,1.748836038,3.97e-6,0,4,3,5112.775453,1.16962718
06J034765,2017,Slight,Male,26 - 35,0,0,Urban area,Less deprived 30-40%,7,3,1,Single carriageway,30,0,Daylight,1,1,0,Non-trunk,0,0,0,0,Neither,Front,2017-09-05,16:20:00,Tuesday,Stockport,E08000007,Urban,53.410561,-2.181158,E01005853,37.22930316,39,670,150,327,159,34,774,87,117,130,53,13,3,5,5,237,124,36.7965368,1615,43.89,211,198,106,98,40,9,5,2,237,4,5,41,5,4,364,32,11,61,11,2.341870757,5.37e-6,0,11,3,5278.130566,2.113302278
06J035439,2017,Slight,Male,36 - 45,0,0,Small town,Less deprived 10-20%,9,2,1,Single carriageway,40,1,Darkness - lights lit,1,1,0,Non-trunk,0,0,0,0,Neither,Back,2017-09-27,19:10:00,Wednesday,Stockport,E08000007,Rural,53.3968,-2.213539,E01005769,41.45586207,39,785,128,441,183,33,839,57,112,144,66,14,5,11,5,352,73,11.42352422,1552,135.86,316,316,87,42,19,5,0,0,352,8,11,21,3,1,354,22,21,37,7,2.043284173,1.5e-6,0,15,21,4940.322276,6.352309279
06J035462,2017,Slight,Female,21 - 25,0,0,Urban area,Less deprived 10-20%,9,2,1,Roundabout,30,0,Daylight,0,1,0,Non-trunk,1,0,0,0,Neither,Front,2017-09-18,17:30:00,Monday,Stockport,E08000007,Urban,53.423369,-2.198367,E01005868,40.53048397,43,610,74,263,218,55,716,42,100,108,52,8,5,7,11,302,81,32.50747544,1522,46.82,184,181,80,113,37,9,4,3,302,2,11,17,3,1,311,25,16,21,7,0.382657801,8.09e-7,0,6,13,2191.566885,0.353930186
06J035486,2017,Severe/Fatal,Male,26 - 35,0,0,Urban area,More deprived 30-40%,4,2,1,Single carriageway,30,0,Daylight,0,1,0,Non-trunk,0,0,0,0,Neither,Front,2017-09-20,09:15:00,Wednesday,Stockport,E08000007,Urban,53.409521,-2.201868,E01005857,37.95026525,38,619,75,274,209,61,704,41,96,110,59,14,5,9,8,274,88,37.22527473,1626,43.68,189,172,85,95,45,16,11,8,274,6,7,14,10,0,321,25,13,21,12,1.748836038,3.97e-6,0,4,3,5112.775453,1.16962718
06J035549,2017,Slight,Male,46 - 55,0,0,Urban area,Less deprived 40-50%,6,2,1,Roundabout,30,0,Daylight,0,0,0,Non-trunk,1,0,0,0,Neither,Nearside,2017-09-26,17:10:00,Tuesday,Stockport,E08000007,Urban,53.344843,-2.157508,E01005926,44.06598985,47,858,28,269,419,142,1207,25,95,180,160,30,15,7,18,594,83,3.892834199,2242,575.93,157,315,164,181,30,9,1,1,594,3,7,8,1,0,529,31,7,9,12,0,0,0,21,2,16323.09168,4.659610079
06J035681,2017,Slight,Male,36 - 45,0,0,Urban area,Less deprived 20-30%,8,2,1,Single carriageway,30,0,Daylight,0,0,0,Non-trunk,1,0,0,0,Neither,Offside,2017-09-26,18:30:00,Tuesday,Stockport,E08000007,Urban,53.386123,-2.212718,E01005776,42.83354756,46,617,48,221,261,87,779,53,77,117,112,21,4,16,9,312,58,37.00668536,1716,46.37,138,184,114,99,47,17,12,6,312,3,10,12,0,0,379,29,6,19,11,0.725175148,1.57e-6,0,8,6,5802.921153,0.711325714
06J035862,2017,Slight,Male,11 - 15,1,0,Urban area,More deprived 30-40%,4,2,1,Single carriageway,20,1,Daylight,0,0,0,Non-trunk,1,1,0,0,Neither,Front,2017-09-19,15:04:00,Tuesday,Stockport,E08000007,Urban,53.444277,-2.155105,E01005889,42.76775568,44,674,225,296,119,34,654,47,109,133,56,3,5,3,8,184,106,51.80196578,1423,27.47,253,219,104,76,15,3,0,0,184,1,10,61,0,2,326,21,11,35,3,1.765651712,6.37e-6,0,13,6,5070.814616,1.490317827
06J036505,2017,Severe/Fatal,Male,36 - 45,0,0,Urban area,Most deprived 10%,1,2,1,Single carriageway,30,0,Daylight,0,0,0,Non-trunk,1,0,0,0,Neither,Nearside,2017-10-10,09:05:00,Tuesday,Stockport,E08000007,Urban,53.405603,-2.16581,E01005822,36.69061758,35,1037,533,394,93,17,919,133,157,117,80,14,4,8,7,268,131,38.80139088,1897,48.89,505,324,123,52,22,8,1,0,268,2,39,107,18,1,306,38,18,113,6,3.671868872,7.52e-6,1,92,37,6182.326506,2.351292944
06J037017,2017,Severe/Fatal,Male,26 - 35,0,0,Urban area,Less deprived 20-30%,8,2,1,Roundabout,30,0,Daylight,0,0,0,Non-trunk,0,0,0,0,Neither,Offside,2017-11-03,12:50:00,Friday,Stockport,E08000007,Rural,53.397873,-2.201167,E01005769,41.45586207,39,785,128,441,183,33,839,57,112,144,66,14,5,11,5,352,73,11.42352422,1552,135.86,316,316,87,42,19,5,0,0,352,8,11,21,3,1,354,22,21,37,7,2.043284173,1.5e-6,0,15,21,4940.322276,6.352309279
06J037603,2017,Slight,Male,11 - 15,1,0,Urban area,Less deprived 20-30%,8,2,1,Single carriageway,30,0,Darkness - lighting unknown,0,0,0,Non-trunk,0,0,0,0,Neither,Back,2017-11-23,06:50:00,Thursday,Stockport,E08000007,Urban,53.357397,-2.166614,E01005924,44.97492401,48,526,41,200,225,60,574,25,58,70,71,10,6,9,4,284,37,33.20610687,1305,39.3,128,205,76,90,23,3,0,1,284,2,7,8,2,2,231,8,6,21,4,0.02239719,5.7e-8,0,11,8,2896.820106,1.318481355
06J037977,2017,Slight,Male,36 - 45,0,0,Urban area,More deprived 20-30%,3,2,1,Single carriageway,30,0,Daylight,0,0,0,Non-trunk,0,0,0,0,Neither,Front,2017-11-16,13:00:00,Thursday,Stockport,E08000007,Urban,53.4128,-2.16823,E01005917,36.66438746,36,900,330,423,133,14,916,142,145,155,79,13,4,9,7,256,106,36.00236081,1830,50.83,369,312,116,60,29,8,1,5,256,2,17,119,10,5,362,28,12,98,4,2.345506175,4.65e-6,0,52,31,6777.506159,4.483092588
06J038291,2017,Severe/Fatal,Male,11 - 15,1,0,Urban area,Less deprived 40-50%,6,2,1,Single carriageway,30,0,Daylight,0,1,0,Non-trunk,1,0,0,0,Neither,Front,2017-12-07,08:13:00,Thursday,Stockport,E08000007,Urban,53.438735,-2.159556,E01005893,37.24724062,34,1093,336,543,183,31,1299,85,232,280,108,11,2,21,15,377,168,84.21255295,2187,25.97,428,401,147,84,28,4,1,1,377,5,35,119,18,14,542,57,49,74,9,0.001468516,5.66e-9,0,7,13,2933.837425,1.034563988
06J038708,2017,Slight,Male,26 - 35,0,0,Urban area,Less deprived 10-20%,9,2,1,Single carriageway,30,0,Darkness - lights lit,1,1,0,Non-trunk,0,0,0,0,Neither,Front,2017-12-30,07:40:00,Saturday,Stockport,E08000007,Urban,53.418551,-2.106999,E01005905,35.41528662,34,601,179,296,114,12,583,69,126,83,62,5,6,4,2,126,100,78.04752066,1511,19.36,197,168,100,68,43,16,5,3,126,0,11,46,6,0,293,28,12,51,5,0.014422278,7.36e-8,0,7,4,2153.295665,0.84381756
06K025629,2017,Slight,Male,26 - 35,0,0,Urban area,More deprived 20-30%,3,2,1,Roundabout,40,0,Daylight,0,0,0,Non-trunk,1,0,0,0,Neither,Nearside,2017-01-01,13:30:00,Sunday,Bolton,E08000001,Rural,53.551334,-2.49658,E01004891,47.13235294,51,741,124,334,215,68,735,43,91,164,73,47,5,2,8,196,106,14.15831571,1540,108.77,267,270,98,83,16,4,0,0,196,0,6,11,6,0,451,28,2,29,4,0.697522403,6.38e-7,0,9,0,10038.00434,3.581083399
06K026031,2017,Slight,Male,66 - 75,0,1,Urban area,Less deprived 40-50%,6,2,1,Single carriageway,30,0,Daylight,0,0,0,Non-trunk,1,0,0,0,Neither,Front,2017-01-25,13:30:00,Wednesday,Bolton,E08000001,Urban,53.563883,-2.464672,E01004839,36.30031097,35,961,382,384,165,30,855,105,270,76,108,40,6,2,7,114,127,67.06281834,2370,35.34,378,216,130,109,72,32,15,8,114,0,7,55,43,2,494,56,10,66,9,0.144005003,4.06e-7,0,15,6,3795.190093,0.757047807
06K027066,2017,Slight,Male,6 - 10,1,0,Urban area,Most deprived 10%,1,2,1,Single carriageway,30,0,Darkness - lights lit,1,1,0,Non-trunk,0,0,0,0,Neither,Back,2017-02-11,18:50:00,Saturday,Bolton,E08000001,Urban,53.576414,-2.443138,E01004871,30.36668629,27,509,162,236,89,22,544,117,69,64,50,22,2,4,13,59,144,90.52369077,1815,20.05,120,81,80,65,62,39,34,28,59,0,17,30,20,1,294,43,7,67,5,0,0,0,5,7,1956.618193,1.426658978
06K027092,2017,Slight,Male,36 - 45,0,0,Small town,Less deprived 10-20%,9,2,1,Single carriageway,30,0,Darkness - lights lit,0,1,0,Non-trunk,0,0,0,0,Neither,Offside,2017-02-05,18:25:00,Sunday,Bolton,E08000001,Urban,53.589622,-2.534434,E01004883,40.07250163,41,795,149,355,234,57,967,124,54,165,87,57,12,6,14,301,147,36.46912557,1760,48.26,232,308,132,101,15,5,1,0,301,1,4,31,9,2,485,45,4,77,10,0.547516717,1.13e-6,0,9,1,1806.758538,0.681498151
06K027324,2017,Slight,Male,16 - 20,1,0,Urban area,More deprived 10-20%,2,2,1,Single carriageway,30,0,Daylight,0,0,0,Non-trunk,0,0,0,0,Neither,Front,2017-02-16,12:30:00,Thursday,Bolton,E08000001,Urban,53.552305,-2.402887,E01004857,33.3471629,31,665,221,291,114,39,714,102,160,80,80,11,4,4,7,119,147,50.33077534,1902,37.79,184,191,102,92,38,19,21,20,119,1,15,48,32,6,347,50,9,80,8,0.413723545,1.1e-6,1,18,3,5239.883734,2.404623997
06K027349,2017,Slight,Male,66 - 75,0,1,Urban area,Less deprived 30-40%,7,2,1,Single carriageway,30,0,Daylight,0,0,0,Non-trunk,0,0,0,0,Neither,Offside,2017-02-10,08:55:00,Friday,Bolton,E08000001,Urban,53.571509,-2.429873,E01004848,37.41883304,33,779,458,263,43,15,636,164,84,77,90,25,5,1,4,101,85,23.96239395,2090,87.22,404,161,77,56,31,27,14,11,101,0,34,60,23,1,231,43,20,113,10,3.87064219,4.41e-6,1,96,64,13337.0054,6.750953205
06K027749,2017,Slight,Male,36 - 45,0,0,Urban area,Most deprived 10%,1,2,1,Single carriageway,30,0,Darkness - lighting unknown,1,1,0,Non-trunk,0,0,0,0,Neither,Front,2017-02-24,19:30:00,Friday,Bolton,E08000001,Urban,53.571324,-2.450967,E01004850,33.33039648,33,774,376,301,82,15,645,139,105,78,80,29,3,4,4,86,117,121.6445623,2293,18.85,272,172,84,80,56,34,31,44,86,0,16,42,37,2,271,60,7,110,15,0.512129317,2.69e-6,0,12,7,3759.157803,0.857354017
06K028067,2017,Severe/Fatal,Male,66 - 75,0,1,Urban area,Less deprived 10-20%,9,2,1,Single carriageway,30,0,Daylight,0,0,0,Non-trunk,0,0,0,0,Neither,Front,2017-03-26,15:25:00,Sunday,Bolton,E08000001,Urban,53.570562,-2.438456,E01004851,37.98433584,37,626,273,252,75,26,547,135,78,60,65,19,2,0,7,84,97,78.432282,1691,21.56,228,135,98,50,46,36,12,23,84,0,10,31,26,0,248,52,3,77,17,0.019974787,9.26e-8,0,10,8,3323.086671,0.44920798
06K028354,2017,Slight,Male,36 - 45,0,0,Urban area,Less deprived 40-50%,6,2,1,Roundabout,40,0,Daylight,0,0,0,Non-trunk,0,0,0,0,Neither,Nearside,2017-04-08,10:30:00,Saturday,Bolton,E08000001,Urban,53.543361,-2.451213,E01004833,42.24183417,45,644,88,295,188,73,745,89,133,78,71,25,7,5,8,189,140,2.776013789,1530,551.15,180,225,120,72,30,12,2,2,189,2,6,18,12,0,408,38,6,56,5,6.431979495,1.17e-6,0,27,1,9697.939326,9.205973769
06K028416,2017,Severe/Fatal,Male,36 - 45,0,0,Urban area,More deprived 10-20%,2,2,1,Single carriageway,30,0,Daylight,0,0,0,Non-trunk,0,0,0,0,Neither,Front,2017-03-27,17:20:00,Monday,Bolton,E08000001,Urban,53.567296,-2.416649,E01004812,29.71816881,28,682,204,320,132,26,837,110,165,83,90,28,6,2,7,147,199,29.80518675,2402,80.59,151,149,103,77,83,48,30,40,147,2,16,55,68,2,364,61,10,84,30,2.485048924,3.07e-6,0,14,5,4537.973943,5.935505776
06K028684,2017,Severe/Fatal,Male,36 - 45,0,0,Urban area,Less deprived 30-40%,7,2,1,Single carriageway,30,0,Daylight,1,1,0,Non-trunk,0,0,0,0,Neither,Front,2017-04-14,19:07:00,Friday,Bolton,E08000001,Urban,53.568113,-2.441828,E01004851,37.98433584,37,626,273,252,75,26,547,135,78,60,65,19,2,0,7,84,97,78.432282,1691,21.56,228,135,98,50,46,36,12,23,84,0,10,31,26,0,248,52,3,77,17,0.019974787,9.26e-8,0,10,8,3323.086671,0.44920798
06K030665,2017,Slight,Male,46 - 55,0,0,Urban area,Less deprived 30-40%,7,2,1,Dual carriageway,40,0,Daylight,0,0,0,Non-trunk,0,0,0,0,Neither,Front,2017-05-21,10:50:00,Sunday,Bolton,E08000001,Rural,53.59363,-2.463548,E01004919,42.92066667,45,648,97,304,206,41,708,48,162,52,75,40,6,2,8,217,98,37.78167251,1509,39.94,188,244,93,76,36,7,0,1,217,0,7,16,9,2,386,24,6,35,6,0.925910022,2.3e-6,0,13,0,8587.272996,0.84167243
06K030756,2017,Slight,Male,46 - 55,0,0,Urban area,Less deprived 20-30%,8,2,1,Single carriageway,30,0,Daylight,0,0,0,Non-trunk,0,0,0,0,Neither,Front,2017-05-04,18:45:00,Thursday,Bolton,E08000001,Urban,53.61842,-2.427296,E01004807,39.67046263,43,579,43,245,218,73,771,55,90,101,103,46,5,4,3,264,100,43.75595806,1377,31.47,150,204,110,91,22,3,0,0,264,1,9,9,5,3,414,25,4,34,2,0.152376399,4.82e-7,0,9,1,1349.203884,0.317396478
06K030840,2017,Slight,Male,36 - 45,0,0,Urban area,More deprived 30-40%,4,2,1,Single carriageway,30,0,Daylight,1,1,0,Non-trunk,0,0,0,0,Neither,Front,2017-05-15,07:00:00,Monday,Bolton,E08000001,Urban,53.594721,-2.545784,E01004777,42.18913613,43,790,200,355,201,34,836,107,64,165,87,69,13,5,13,190,123,50.13092814,1723,34.37,295,252,136,79,20,6,2,0,190,0,9,35,5,2,448,42,9,83,8,0.40802653,1.18e-6,0,9,6,5065.033806,1.541285592
06K030891,2017,Slight,Male,6 - 10,1,0,Urban area,Less deprived 20-30%,8,2,1,Single carriageway,20,0,Daylight,0,0,0,Non-trunk,1,0,0,0,Neither,Offside,2017-05-18,18:00:00,Thursday,Bolton,E08000001,Urban,53.603132,-2.429348,E01004773,37.85363677,35,859,166,413,225,55,972,125,138,117,113,65,7,7,9,246,145,73.81667919,1965,26.62,311,273,125,97,26,14,7,7,246,2,14,25,12,2,560,45,8,58,4,0,0,0,9,3,4293.422971,0.78979164
06K031334,2017,Slight,Female,46 - 55,0,0,Urban area,Less deprived 30-40%,7,2,1,Single carriageway,30,0,Daylight,0,0,0,Non-trunk,0,0,0,0,Neither,Nearside,2017-05-15,08:45:00,Monday,Bolton,E08000001,Urban,53.56629,-2.467492,E01004838,33.55608974,32,652,238,286,99,29,620,95,165,52,56,24,5,0,3,102,118,24.9070632,2010,80.7,181,159,87,82,61,43,26,13,102,0,10,43,21,1,312,57,6,60,8,2.003841918,2.49e-6,0,14,6,9242.205273,3.000822055
06K031387,2017,Slight,Male,26 - 35,0,0,Urban area,Less deprived 40-50%,6,2,1,Single carriageway,30,0,Daylight,1,1,0,Non-trunk,0,0,0,0,Neither,Front,2017-06-02,16:37:00,Friday,Bolton,E08000001,Urban,53.565117,-2.447549,E01004829,33.83617021,33,480,168,218,72,22,538,139,66,54,53,20,2,4,4,99,97,71.7519685,1458,20.32,120,109,83,66,55,35,11,6,99,0,11,21,21,0,248,34,2,95,9,0.293479865,1.44e-6,0,8,3,2740.355355,0.542718749
06K031396,2017,Slight,Male,36 - 45,0,0,Urban area,Most deprived 10%,1,2,1,Dual carriageway,30,0,Daylight,0,1,0,Non-trunk,1,0,0,0,Neither,Back,2017-05-30,08:10:00,Tuesday,Bolton,E08000001,Urban,53.588542,-2.430107,E01004822,35.49725107,35,610,248,237,102,23,560,119,72,61,72,43,3,2,5,84,99,59.15627996,1851,31.29,206,92,84,79,76,43,16,14,84,0,9,30,18,0,297,38,3,73,9,1.002146719,3.19e-6,0,12,1,3883.871955,1.727054
06K031719,2017,Severe/Fatal,Male,36 - 45,0,0,Urban area,More deprived 10-20%,2,2,1,Single carriageway,30,0,Daylight,0,0,0,Non-trunk,0,0,0,0,Neither,Offside,2017-06-22,20:53:00,Thursday,Bolton,E08000001,Urban,53.576432,-2.443092,E01033217,38.2254987,34,648,395,206,45,2,456,97,54,61,51,16,2,1,4,101,69,15.25929611,1227,80.41,356,159,58,58,11,3,2,1,101,0,18,46,27,1,164,19,3,73,3,2.617577239,3.25e-6,0,102,74,9446.942052,3.615605734
06K031984,2017,Slight,Male,11 - 15,1,0,Urban area,More deprived 20-30%,3,2,1,Single carriageway,30,1,Daylight,1,1,0,Non-trunk,0,1,0,0,Neither,Offside,2017-06-06,19:15:00,Tuesday,Bolton,E08000001,Urban,53.547883,-2.408142,E01004858,39.18560606,38,714,244,305,133,32,704,116,148,94,78,25,6,3,0,109,125,49.54701656,1586,32.01,268,218,116,74,23,10,1,3,109,0,14,39,18,3,392,45,6,70,6,0.00735809,2.31e-8,0,11,7,4154.532505,1.29794174
06K032066,2017,Slight,Male,46 - 55,0,0,Urban area,More deprived 20-30%,3,2,1,Single carriageway,30,0,Daylight,0,0,0,Non-trunk,0,1,0,0,Neither,Front,2017-06-26,14:08:00,Monday,Bolton,E08000001,Urban,53.581411,-2.430925,E01033217,38.2254987,34,648,395,206,45,2,456,97,54,61,51,16,2,1,4,101,69,15.25929611,1227,80.41,356,159,58,58,11,3,2,1,101,0,18,46,27,1,164,19,3,73,3,2.617577239,3.25e-6,0,102,74,9446.942052,3.615605734
06K032274,2017,Slight,Male,26 - 35,0,0,Urban area,Less deprived 30-40%,7,2,1,Dual carriageway,40,0,Daylight,0,0,0,Non-trunk,1,0,0,0,Neither,Front,2017-07-03,17:09:00,Monday,Bolton,E08000001,Urban,53.600932,-2.438695,E01004774,38.31551724,39,740,219,318,158,45,792,116,142,111,103,40,6,5,3,146,120,56.82549903,1765,31.06,259,208,121,84,47,13,5,2,146,0,6,46,8,1,445,46,5,77,13,0.613261447,1.97e-6,0,17,1,5344.187146,1.268301554
06K033371,2017,Slight,Male,26 - 35,0,0,Urban area,Most deprived 10%,1,2,1,Single carriageway,30,1,Daylight,0,0,0,Non-trunk,0,1,1,0,In carriageway,Front,2017-07-18,19:45:00,Tuesday,Bolton,E08000001,Urban,53.585459,-2.524789,E01004886,41.00305344,42,622,182,278,126,36,631,107,41,133,58,33,4,3,8,153,91,58.84582982,1397,23.74,215,202,108,66,27,4,1,0,153,1,7,37,7,4,309,26,10,73,3,0.864306327,3.6e-6,0,10,3,2676.643871,0.618788633
06K033978,2017,Slight,Male,66 - 75,0,1,Urban area,Less deprived 30-40%,7,2,1,Single carriageway,30,0,Daylight,0,0,0,Non-trunk,1,0,0,0,Neither,Nearside,2017-08-05,12:45:00,Saturday,Bolton,E08000001,Urban,53.5815,-2.433675,E01004823,36.71420883,37,858,446,321,76,15,573,140,62,62,63,27,2,1,7,100,109,64.65571699,2047,31.66,367,201,117,72,48,30,13,12,100,0,11,43,22,2,254,50,4,82,5,0.242308908,7.64e-7,0,11,10,6024.358681,1.135052977
06K034229,2017,Severe/Fatal,Male,6 - 10,1,0,Urban area,More deprived 40-50%,5,2,1,Single carriageway,20,0,Daylight,0,0,0,Non-trunk,0,0,0,0,Neither,Nearside,2017-08-28,18:45:00,Monday,Bolton,E08000001,Urban,53.593537,-2.480288,E01004840,41.96871166,45,722,103,311,234,74,765,29,159,87,97,33,9,5,2,253,91,4.152017412,1736,418.11,212,272,93,92,33,14,1,5,253,0,7,23,6,3,403,39,6,16,9,4.547097875,1.09e-6,0,23,3,14316.32252,4.074199375
06K034268,2017,Severe/Fatal,Male,36 - 45,0,0,Urban area,Most deprived 10%,1,2,1,Single carriageway,30,0,Daylight,0,0,0,Non-trunk,0,1,1,0,In carriageway,Front,2017-08-09,16:02:00,Wednesday,Bolton,E08000001,Urban,53.573384,-2.440946,E01004849,31.55711775,30,498,167,229,80,22,518,117,59,46,60,33,4,0,14,90,95,60.99965998,1794,29.41,92,110,63,77,76,30,24,28,90,1,9,36,23,0,238,37,1,69,14,0.389452229,1.32e-6,0,9,16,6767.892546,1.866336344
06K034485,2017,Slight,Male,36 - 45,0,0,Small town,Less deprived 20-30%,8,2,1,Single carriageway,30,0,Daylight,0,0,0,Non-trunk,0,0,0,0,Neither,Offside,2017-08-30,13:34:00,Wednesday,Bolton,E08000001,Urban,53.572171,-2.428385,E01004848,37.41883304,33,779,458,263,43,15,636,164,84,77,90,25,5,1,4,101,85,23.96239395,2090,87.22,404,161,77,56,31,27,14,11,101,0,34,60,23,1,231,43,20,113,10,3.87064219,4.41e-6,1,96,64,13337.0054,6.750953205
06K034649,2017,Severe/Fatal,Male,26 - 35,0,0,Urban area,More deprived 10-20%,2,2,1,Single carriageway,40,0,Daylight,0,0,0,Non-trunk,0,0,0,0,Neither,Front,2017-09-06,08:30:00,Wednesday,Bolton,E08000001,Urban,53.57893,-2.493791,E01004844,45.69698832,50,616,35,176,299,106,684,7,117,88,70,51,7,7,12,281,44,17.94842538,1573,87.64,117,255,102,98,25,10,6,2,281,0,14,4,3,5,346,11,1,16,5,2.417111416,2.75e-6,1,11,0,4787.025426,1.738296933
06K034742,2017,Slight,Male,56 - 65,0,0,Urban area,More deprived 30-40%,4,2,1,Roundabout,40,0,Daylight,0,1,0,Non-trunk,0,0,0,0,Neither,Nearside,2017-09-10,09:00:00,Sunday,Bolton,E08000001,Rural,53.551298,-2.496564,E01004891,47.13235294,51,741,124,334,215,68,735,43,91,164,73,47,5,2,8,196,106,14.15831571,1540,108.77,267,270,98,83,16,4,0,0,196,0,6,11,6,0,451,28,2,29,4,0.697522403,6.38e-7,0,9,0,10038.00434,3.581083399
06K034785,2017,Slight,Male,36 - 45,0,0,Urban area,More deprived 20-30%,3,2,1,Single carriageway,30,0,Daylight,0,0,0,Non-trunk,0,0,0,0,Neither,Front,2017-09-05,16:30:00,Tuesday,Bolton,E08000001,Urban,53.598374,-2.43276,E01004766,41.55455093,42,805,278,320,157,50,678,85,122,93,71,33,5,5,4,153,107,32.16918898,1658,51.54,367,210,105,76,36,9,3,0,153,0,9,22,23,1,372,38,4,47,9,1.949305961,3.81e-6,0,11,6,8586.982785,1.849813187
06K034789,2017,Slight,Male,36 - 45,0,0,Urban area,Less deprived 20-30%,8,2,1,Single carriageway,30,0,Darkness - lights lit,0,0,0,Non-trunk,0,0,0,0,Neither,Front,2017-09-05,20:28:00,Tuesday,Bolton,E08000001,Urban,53.580539,-2.452757,E01004870,36.78794179,34,757,308,309,93,47,708,150,72,99,75,23,6,1,5,148,129,63.62488159,2015,31.67,336,160,71,67,32,41,26,24,148,1,14,50,17,4,330,42,12,84,5,0,0,0,5,15,3971.75792,1.586845798
06K035367,2017,Severe/Fatal,Male,11 - 15,1,0,Urban area,More deprived 20-30%,3,2,1,Single carriageway,30,0,Daylight,0,0,0,Non-trunk,0,0,0,0,Neither,Offside,2017-09-13,20:00:00,Wednesday,Bolton,E08000001,Urban,53.566318,-2.462676,E01004838,33.55608974,32,652,238,286,99,29,620,95,165,52,56,24,5,0,3,102,118,24.9070632,2010,80.7,181,159,87,82,61,43,26,13,102,0,10,43,21,1,312,57,6,60,8,2.003841918,2.49e-6,0,14,6,9242.205273,3.000822055
06K035548,2017,Severe/Fatal,Male,56 - 65,0,0,Urban area,More deprived 10-20%,2,2,1,Single carriageway,30,1,Daylight,0,1,0,Non-trunk,1,0,0,0,Neither,Back,2017-09-30,07:45:00,Saturday,Bolton,E08000001,Urban,53.557588,-2.395661,E01004814,33.80933596,32,567,129,271,121,46,687,79,134,84,86,15,9,7,5,132,136,19.95769566,1604,80.37,160,157,80,65,36,38,17,13,132,0,3,41,27,6,387,46,5,32,8,1.286157818,1.61e-6,0,11,4,7518.59039,4.52376578
06K035621,2017,Slight,Male,16 - 20,1,0,Urban area,More deprived 10-20%,2,2,1,Single carriageway,30,0,Daylight,0,0,0,Non-trunk,0,0,0,0,Neither,Back,2017-09-25,16:00:00,Monday,Bolton,E08000001,Urban,53.581027,-2.390835,E01004796,40.72960822,41,669,151,271,200,47,746,65,180,92,90,14,2,2,7,163,131,30.88984712,1576,51.02,208,203,131,87,31,7,1,2,163,3,2,38,12,1,414,34,6,56,16,1.412956499,2.77e-6,0,14,4,5244.303453,1.201573865
06K035908,2017,Slight,Male,56 - 65,0,0,Urban area,More deprived 10-20%,2,2,1,Single carriageway,30,1,Daylight,0,0,0,Non-trunk,0,0,0,0,Neither,Offside,2017-09-13,17:15:00,Wednesday,Bolton,E08000001,Urban,53.57042,-2.420183,E01004817,36.19341126,32,969,443,362,129,35,921,169,136,111,118,24,5,12,10,208,128,24.36260623,2064,84.72,479,268,85,63,37,22,7,8,208,1,44,98,19,5,358,42,8,123,13,3.089442719,3.65e-6,0,31,60,9951.786736,3.751252652
06K036362,2017,Slight,Male,26 - 35,0,0,Urban area,Most deprived 10%,1,2,1,Single carriageway,30,0,Daylight,1,1,0,Non-trunk,0,0,0,0,Neither,Front,2017-10-20,08:00:00,Friday,Bolton,E08000001,Urban,53.599686,-2.433,E01004766,41.55455093,42,805,278,320,157,50,678,85,122,93,71,33,5,5,4,153,107,32.16918898,1658,51.54,367,210,105,76,36,9,3,0,153,0,9,22,23,1,372,38,4,47,9,1.949305961,3.81e-6,0,11,6,8586.982785,1.849813187
06K036402,2017,Slight,Female,16 - 20,1,0,Urban area,Most deprived 10%,1,2,1,Single carriageway,30,0,Daylight,0,0,0,Non-trunk,0,0,0,0,Neither,Offside,2017-10-24,16:45:00,Tuesday,Bolton,E08000001,Urban,53.539836,-2.409091,E01004863,35.39690402,35,640,224,284,111,21,584,77,107,95,70,10,5,1,6,88,125,55.49335199,1586,28.58,212,171,114,88,29,17,11,4,88,0,3,32,15,2,326,52,5,53,9,0,0,0,18,2,4915.451752,1.819935614
06K037501,2017,Slight,Male,36 - 45,0,0,Urban area,Most deprived 10%,1,2,1,Single carriageway,30,0,Daylight,1,1,0,Non-trunk,0,1,0,0,Neither,Front,2017-11-20,15:25:00,Monday,Bolton,E08000001,Urban,53.591263,-2.445453,E01004867,35.03416718,34,592,174,297,96,25,594,122,107,55,64,29,6,0,4,96,111,85.12623491,1551,18.22,176,152,111,81,39,18,12,3,96,0,10,45,8,4,320,36,3,62,11,0,0,0,6,0,3878.511226,0
06K038439,2017,Slight,Male,21 - 25,0,0,Urban area,More deprived 10-20%,2,2,1,Single carriageway,40,0,Darkness - lights lit,1,1,0,Non-trunk,1,0,0,0,Neither,Nearside,2017-12-14,05:30:00,Thursday,Bolton,E08000001,Urban,53.547894,-2.469176,E01004892,48.49585195,51,708,96,292,244,76,686,18,117,93,90,20,3,3,6,228,108,4.569379374,1580,345.78,216,276,103,81,21,10,2,0,228,1,3,6,1,1,388,28,3,17,9,0.445594928,1.29e-7,0,21,1,7560.253093,4.269163039
06L027233,2017,Slight,Male,46 - 55,0,0,Urban area,Less deprived 20-30%,8,2,1,Single carriageway,30,0,Daylight,0,0,0,Non-trunk,1,0,0,0,Neither,Nearside,2017-02-08,16:00:00,Wednesday,Wigan,E08000010,Urban,53.530053,-2.54886,E01006285,44.35254989,49,823,81,320,318,104,983,63,112,179,103,80,12,1,10,246,177,27.21204374,1916,70.41,191,364,114,124,26,3,1,1,246,0,9,13,0,4,622,46,7,29,5,0,0,0,21,1,7181.306956,0
06L027239,2017,Severe/Fatal,Male,36 - 45,0,0,Urban area,Most deprived 10%,1,2,1,Single carriageway,30,0,Daylight,0,0,0,Non-trunk,0,0,0,0,Neither,Nearside,2017-02-14,17:30:00,Tuesday,Wigan,E08000010,Urban,53.501327,-2.518487,E01006334,38.26725664,37,994,392,452,131,19,966,180,76,163,174,33,9,4,8,148,171,66.07256525,2076,31.42,404,295,157,96,30,9,1,1,148,1,4,66,14,6,474,76,19,147,10,0.36478861,1.18e-6,0,8,10,5261.5797,0.873307405
06L028100,2017,Slight,Male,16 - 20,1,0,Urban area,More deprived 40-50%,5,2,1,Single carriageway,30,0,Darkness - lights lit,0,0,0,Non-trunk,0,0,0,0,Neither,Front,2017-03-10,22:00:00,Friday,Wigan,E08000010,Urban,53.491725,-2.64103,E01006265,41.904204,44,623,123,284,170,46,643,80,60,138,59,31,9,1,7,156,102,38.5209713,1396,36.24,192,234,103,63,19,7,3,3,156,0,4,28,4,4,356,27,3,58,3,0.862337968,2.33e-6,0,9,0,886.2634969,1.728915468
06L028409,2017,Slight,Male,11 - 15,1,0,Urban area,More deprived 20-30%,3,2,1,Single carriageway,30,0,Daylight,1,1,0,Non-trunk,0,0,0,0,Neither,Front,2017-02-13,08:01:00,Monday,Wigan,E08000010,Urban,53.493681,-2.626454,E01006221,41.9341853,43,690,116,296,213,65,743,99,79,154,81,51,13,3,5,153,105,37.52706279,1560,41.57,189,287,102,86,18,6,4,0,153,0,3,21,1,5,445,37,5,69,7,0,0,0,12,4,3279.411127,1.03661978
06L029064,2017,Severe/Fatal,Male,6 - 10,1,0,Urban area,Less deprived 10-20%,9,2,1,Single carriageway,30,1,Daylight,0,0,0,Non-trunk,0,1,0,0,Neither,Offside,2017-04-15,09:50:00,Saturday,Wigan,E08000010,Urban,53.515987,-2.710695,E01006368,42.87374302,46,823,93,343,287,100,932,45,99,190,128,55,25,3,6,260,121,3.734168434,1884,504.53,229,302,157,105,22,6,2,0,260,0,5,17,1,2,562,27,8,39,11,0,0,0,26,1,12727.55196,9.351680034
06L029373,2017,Slight,Male,16 - 20,1,0,Urban area,More deprived 30-40%,4,2,1,Single carriageway,30,0,Daylight,0,0,0,Non-trunk,1,0,0,0,Neither,Front,2017-04-04,19:00:00,Tuesday,Wigan,E08000010,Urban,53.532322,-2.551861,E01006285,44.35254989,49,823,81,320,318,104,983,63,112,179,103,80,12,1,10,246,177,27.21204374,1916,70.41,191,364,114,124,26,3,1,1,246,0,9,13,0,4,622,46,7,29,5,0,0,0,21,1,7181.306956,0
06L029530,2017,Slight,Male,11 - 15,1,0,Urban area,More deprived 10-20%,2,2,1,Single carriageway,30,1,Daylight,0,1,0,Non-trunk,0,0,0,0,Neither,Nearside,2017-03-29,08:15:00,Wednesday,Wigan,E08000010,Urban,53.493516,-2.520532,E01006298,39.62816901,40,679,256,284,113,26,584,94,51,84,107,24,4,1,3,110,106,62.53842776,1424,22.77,292,194,102,55,21,7,1,7,110,0,3,37,5,7,313,33,11,66,3,2.125071063,9.36e-6,0,8,3,1571.830887,0.784724167
06L029576,2017,Severe/Fatal,Male,56 - 65,0,0,Urban area,More deprived 30-40%,4,2,1,Dual carriageway,30,0,Daylight,0,0,0,Non-trunk,0,0,0,0,Neither,Front,2017-04-20,14:00:00,Thursday,Wigan,E08000010,Rural,53.483215,-2.534692,E01006299,39.58575581,40,872,104,429,266,73,1039,116,80,145,163,54,19,2,7,302,151,13.68264743,1935,141.42,284,291,156,112,22,6,1,0,302,0,1,32,4,2,594,42,8,42,12,7.949803263,5.6e-6,0,14,7,7531.701586,2.717351975
06L029845,2017,Slight,Male,46 - 55,0,0,Urban area,More deprived 30-40%,4,2,1,Single carriageway,30,0,Daylight,0,0,0,Non-trunk,0,1,0,0,Neither,Front,2017-03-18,12:39:00,Saturday,Wigan,E08000010,Urban,53.503783,-2.517959,E01006338,37.5658867,36,783,240,348,166,29,792,152,97,130,93,23,11,1,3,131,151,79.84681666,1668,20.89,303,239,129,74,31,4,1,2,131,0,2,37,8,6,430,65,11,88,14,1.150254482,5.48e-6,0,8,7,3229.798466,0.961694734
06L030093,2017,Slight,Male,11 - 15,1,0,Urban area,Less deprived 20-30%,8,2,1,Single carriageway,30,1,Darkness - lights lit,0,0,0,Non-trunk,0,0,0,0,Neither,Front,2017-04-22,20:00:00,Saturday,Wigan,E08000010,Urban,53.507996,-2.4523,E01006382,42.94709389,47,512,45,186,210,71,596,23,60,88,85,21,14,8,4,208,85,50.76736672,1257,24.76,98,204,112,78,17,3,0,0,208,0,2,8,2,2,335,15,2,15,6,0.60000299,2.45e-6,0,1,0,1790.886544,0.258858688
06L030465,2017,Slight,Male,11 - 15,1,0,Urban area,More deprived 20-30%,3,2,1,Single carriageway,30,0,Daylight,0,0,0,Non-trunk,1,0,0,0,Neither,Back,2017-04-20,08:30:00,Thursday,Wigan,E08000010,Urban,53.560317,-2.64575,E01006255,44.14011897,48,665,112,309,191,53,762,167,87,79,81,44,14,3,7,177,103,56.62239089,1492,26.35,197,248,115,80,17,4,1,2,177,3,9,10,3,3,423,44,7,80,3,0.066660211,2.49e-7,0,8,5,3371.147074,1.379309465
06L030864,2017,Slight,Male,11 - 15,1,0,Urban area,More deprived 10-20%,2,2,1,Single carriageway,30,0,Daylight,0,0,0,Non-trunk,0,0,0,0,Neither,Nearside,2017-05-26,18:55:00,Friday,Wigan,E08000010,Urban,53.531242,-2.651946,E01006404,36.70620538,35,734,208,313,173,40,812,111,154,107,96,40,7,2,6,145,144,33.11603651,1778,53.69,245,199,130,106,38,13,1,0,145,0,4,41,8,4,472,53,9,64,10,1.051999443,1.95e-6,0,11,6,7335.853977,1.812716958
06L030976,2017,Slight,Male,56 - 65,0,0,Urban area,More deprived 10-20%,2,2,1,Dual carriageway,30,1,Daylight,0,0,0,Non-trunk,0,1,0,0,Neither,Did not impact,2017-06-04,16:45:00,Sunday,Wigan,E08000010,Urban,53.544943,-2.608949,E01006307,39.35615491,39,607,179,247,137,44,640,138,86,87,65,34,7,2,8,93,120,33.13238486,1374,41.47,204,193,109,74,22,7,2,0,93,0,2,21,7,6,383,41,9,74,1,0.695316944,1.71e-6,0,12,10,4032.789642,1.458266493
06L031101,2017,Slight,Male,46 - 55,0,0,Urban area,Less deprived 10-20%,9,2,1,Single carriageway,30,0,Daylight,0,0,0,Non-trunk,1,0,0,0,Neither,Front,2017-05-24,19:00:00,Wednesday,Wigan,E08000010,Urban,53.54002,-2.705001,E01006364,39.22291169,40,828,168,333,261,66,882,63,126,113,112,64,22,7,4,223,148,16.24667258,1831,112.7,291,255,145,99,33,2,2,1,223,0,12,33,8,2,523,25,6,39,10,0.410829706,3.63e-7,0,17,6,5445.41531,4.632231083
06L031169,2017,Slight,Male,11 - 15,1,0,Urban area,Least deprived 10%,10,2,1,Dual carriageway,30,0,Daylight,0,0,0,Non-trunk,0,0,0,0,Neither,Nearside,2017-06-01,16:55:00,Thursday,Wigan,E08000010,Urban,53.540511,-2.631566,E01006349,37.75339147,35,1015,294,489,188,44,1175,237,176,134,133,69,17,10,12,245,142,15.2572841,2037,133.51,400,367,134,75,32,4,1,1,245,0,31,42,18,4,613,65,17,131,12,8.547569076,6.42e-6,1,37,54,14557.90405,11.27398403
06L031272,2017,Slight,Male,6 - 10,1,0,Urban area,More deprived 10-20%,2,2,1,Dual carriageway,30,0,Daylight,0,0,0,Non-trunk,0,0,0,0,Neither,Offside,2017-06-02,20:40:00,Friday,Wigan,E08000010,Urban,53.495093,-2.519466,E01006333,37.87755102,37,1014,395,428,171,20,975,204,70,165,164,32,9,1,6,154,170,53.11942959,2086,39.27,455,297,120,88,37,10,4,6,154,1,7,88,14,8,467,70,21,137,8,2.564957535,6.5e-6,0,51,36,8090.618903,1.306818877
06L031451,2017,Slight,Male,11 - 15,1,0,Urban area,Most deprived 10%,1,2,1,Single carriageway,30,0,Daylight,0,0,0,Non-trunk,0,0,0,0,Neither,Front,2017-05-23,19:45:00,Tuesday,Wigan,E08000010,Urban,53.542895,-2.624418,E01006306,42.50804455,45,830,423,318,72,17,599,138,102,80,56,21,7,2,5,70,118,67.19672876,1479,22.01,456,207,98,45,19,5,2,1,70,2,16,43,7,0,295,32,15,107,10,0.265764029,1.22e-6,0,10,10,3425.522976,0.956095528
06L031890,2017,Slight,Female,46 - 55,0,0,Small town,More deprived 10-20%,2,2,1,Single carriageway,30,0,Daylight,0,0,0,Non-trunk,1,0,0,0,Neither,Back,2017-06-22,16:00:00,Thursday,Wigan,E08000010,Urban,53.570542,-2.694831,E01006314,47.52488688,52,794,88,324,284,98,815,28,100,81,122,56,21,10,5,269,123,7.130154266,1724,241.79,247,308,120,95,23,1,0,0,269,1,6,13,5,1,456,37,1,18,10,3.27516384,1.36e-6,0,16,2,5719.920824,8.949037945
06L032225,2017,Slight,Female,36 - 45,0,0,Urban area,Less deprived 10-20%,9,2,1,Single carriageway,30,0,Daylight,0,0,0,Non-trunk,0,1,0,0,Neither,Front,2017-06-24,18:00:00,Saturday,Wigan,E08000010,Urban,53.521358,-2.662805,E01006400,36.97415186,38,729,38,263,339,89,1075,71,220,109,126,82,20,3,19,285,140,35.03688093,1995,56.94,114,238,158,170,44,4,1,0,285,0,8,15,1,4,677,41,6,39,1,0.717517144,1.25e-6,1,2,1,1918.248464,0.638902622
06L032228,2017,Slight,Male,6 - 10,1,0,Urban area,More deprived 20-30%,3,2,1,Single carriageway,30,0,Daylight,0,0,0,Non-trunk,0,1,0,0,Neither,Front,2017-06-19,19:30:00,Monday,Wigan,E08000010,Urban,53.507754,-2.522441,E01006336,35.75348578,34,702,307,294,80,21,507,125,70,101,40,25,7,3,15,40,81,31.70591614,1656,52.23,263,194,103,87,36,16,1,2,40,0,3,59,13,3,261,40,7,76,4,1.59144982,3.07e-6,0,8,11,3748.507403,0.517640056
06L032422,2017,Slight,Male,36 - 45,0,0,Urban area,Less deprived 40-50%,6,2,1,Roundabout,30,0,Daylight,0,0,0,Non-trunk,1,0,0,0,Neither,Nearside,2017-07-07,17:34:00,Friday,Wigan,E08000010,Urban,53.512188,-2.542084,E01006284,39.28932407,39,673,173,289,168,43,653,86,97,91,81,44,4,3,3,118,126,52.37462637,1577,30.11,226,210,93,93,35,10,4,2,118,0,1,30,5,6,397,39,11,38,6,0,0,0,8,2,2264.704709,0.603482445
06L032578,2017,Slight,Male,11 - 15,1,0,Urban area,Less deprived 10-20%,9,2,1,Single carriageway,30,0,Daylight,1,1,0,Non-trunk,0,0,0,0,Neither,Front,2017-07-10,07:45:00,Monday,Wigan,E08000010,Urban,53.531954,-2.666335,E01006355,40.75064767,42,695,153,353,157,32,717,72,156,93,92,45,3,0,10,133,113,66.86336813,1473,22.03,236,255,121,62,18,0,3,0,133,0,10,18,8,5,424,53,18,47,4,0,0,0,8,2,3530.985283,0.545487703
06L032791,2017,Slight,Male,56 - 65,0,0,Urban area,Most deprived 10%,1,2,1,Single carriageway,30,1,Daylight,1,1,0,Non-trunk,0,0,0,0,Neither,Front,2017-07-14,20:30:00,Friday,Wigan,E08000010,Urban,53.534806,-2.654355,E01006404,36.70620538,35,734,208,313,173,40,812,111,154,107,96,40,7,2,6,145,144,33.11603651,1778,53.69,245,199,130,106,38,13,1,0,145,0,4,41,8,4,472,53,9,64,10,1.051999443,1.95e-6,0,11,6,7335.853977,1.812716958
06L033107,2017,Severe/Fatal,Male,21 - 25,0,0,Urban area,More deprived 40-50%,5,2,1,Single carriageway,20,0,Daylight,0,0,0,Non-trunk,0,0,0,0,Neither,Front,2017-07-17,17:21:00,Monday,Wigan,E08000010,Urban,53.547184,-2.60302,E01006311,36.60155317,37,637,176,286,135,40,642,104,135,85,76,43,3,1,3,85,107,17.88504139,1534,85.77,186,216,102,80,31,15,4,2,85,1,6,29,6,2,389,56,8,56,2,0.58025601,6.77e-7,0,15,4,6202.64473,0.636647651
06L034216,2017,Slight,Female,21 - 25,0,0,Urban area,Most deprived 10%,1,2,1,Single carriageway,30,0,Daylight,0,0,0,Non-trunk,0,0,0,0,Neither,Front,2017-08-30,13:00:00,Wednesday,Wigan,E08000010,Urban,53.544905,-2.625006,E01006386,45.62888735,50,933,589,284,53,7,493,155,57,41,59,20,7,1,7,52,94,67.41716228,1587,23.54,593,209,66,35,16,6,3,3,52,0,7,32,10,2,200,36,7,138,8,0.211577111,8.83e-7,0,15,15,3539.342935,0.914515988
06L034399,2017,Slight,Male,26 - 35,0,0,Urban area,Most deprived 10%,1,2,1,Single carriageway,30,1,Daylight,0,0,0,Non-trunk,0,0,0,0,Neither,Offside,2017-08-26,13:45:00,Saturday,Wigan,E08000010,Urban,53.553249,-2.669311,E01006361,33.71162528,33,659,267,271,102,19,610,152,113,61,60,22,6,1,2,83,110,13.30503044,1661,124.84,198,173,135,101,36,16,4,3,83,0,6,42,15,3,302,31,18,97,16,0.653651508,5.23e-7,0,14,24,5078.919126,4.426949409
06L034703,2017,Slight,Male,11 - 15,1,0,Urban area,Least deprived 10%,10,2,1,Single carriageway,30,0,Daylight,0,0,0,Non-trunk,1,0,0,0,Neither,Front,2017-09-06,18:25:00,Wednesday,Wigan,E08000010,Urban,53.58378,-2.655306,E01006230,43.88997396,48,857,63,294,393,107,1091,43,138,147,143,78,22,4,13,365,138,20.86734192,2122,101.69,182,343,143,152,30,10,0,0,365,0,7,14,2,1,641,30,3,24,6,1.315207921,1.29e-6,0,8,0,4036.742006,0.789564585
06L034750,2017,Slight,Male,16 - 20,1,0,Urban area,More deprived 20-30%,3,2,1,Single carriageway,30,0,Daylight,0,0,0,Non-trunk,0,0,0,0,Neither,Front,2017-09-11,15:33:00,Monday,Wigan,E08000010,Urban,53.476653,-2.599217,E01006346,40.5108746,41,944,194,399,279,72,1056,97,102,223,113,80,18,9,9,236,169,22.15536693,2062,93.07,334,314,147,101,37,8,3,0,236,0,3,39,3,1,612,69,9,77,5,0,0,0,17,3,6056.830004,3.087393024
06L035020,2017,Slight,Female,26 - 35,0,0,Urban area,More deprived 10-20%,2,2,1,Single carriageway,20,0,Daylight,0,0,0,Non-trunk,0,0,0,0,Neither,Front,2017-09-14,17:30:00,Thursday,Wigan,E08000010,Urban,53.544361,-2.603206,E01006308,38.25685931,38,697,252,292,118,35,754,150,149,103,65,41,8,3,15,101,119,15.73885165,1620,102.93,226,213,141,71,30,10,3,2,101,0,8,48,12,5,383,48,16,125,10,0.51913782,5.04e-7,0,24,7,6748.987038,1.47615186
06L035113,2017,Severe/Fatal,Male,46 - 55,0,0,Urban area,Less deprived 20-30%,8,2,1,Single carriageway,30,0,Daylight,0,0,0,Non-trunk,0,0,0,0,Neither,Did not impact,2017-09-16,15:00:00,Saturday,Wigan,E08000010,Urban,53.554089,-2.615058,E01006390,44.661866,48,769,205,377,149,38,722,128,100,99,88,39,4,3,6,127,128,39.25529326,1613,41.09,280,273,109,82,18,7,0,0,127,0,7,29,5,2,396,52,13,83,9,1.160507143,2.8e-6,0,25,3,4770.217053,0.367667717
06L036004,2017,Slight,Male,16 - 20,1,0,Urban area,Less deprived 20-30%,8,2,1,Single carriageway,30,0,Daylight,0,1,0,Non-trunk,0,1,0,0,Neither,Front,2017-10-13,08:12:00,Friday,Wigan,E08000010,Urban,53.528042,-2.481825,E01006290,45.84173172,49,625,92,305,189,39,673,48,82,82,116,27,9,3,8,190,108,27.54312909,1389,50.43,189,239,102,66,19,9,0,0,190,0,15,21,2,0,376,24,5,35,4,0.319124902,6.3e-7,1,14,1,4308.354264,1.547113292
06L036079,2017,Severe/Fatal,Male,46 - 55,0,0,Urban area,Less deprived 40-50%,6,2,1,Single carriageway,60,1,Darkness - lights lit,0,1,0,Non-trunk,0,0,0,1,Off carriageway,Back,2017-10-18,22:30:00,Wednesday,Wigan,E08000010,Rural,53.464437,-2.601154,E01006348,45.23555071,49,1119,86,425,479,129,1405,62,82,229,186,121,28,12,15,479,191,5.564799798,2642,474.77,283,438,194,159,41,5,1,0,479,2,9,12,3,5,811,29,5,42,5,2.581131284,5.44e-7,0,25,7,33126.50394,5.972134197
06L036818,2017,Slight,Male,26 - 35,0,0,Urban area,Most deprived 10%,1,2,1,Single carriageway,30,1,Daylight,0,1,0,Non-trunk,0,0,0,0,Neither,Front,2017-11-03,07:45:00,Friday,Wigan,E08000010,Urban,53.54241,-2.656132,E01006352,38.25243715,37,871,236,420,187,28,989,197,180,130,105,48,10,1,7,157,154,36.13430449,2034,56.29,254,320,160,92,33,8,1,2,157,1,14,54,16,5,553,75,10,98,8,1.174446048,2.09e-6,0,28,17,5698.448168,1.725479996
06L037048,2017,Slight,Female,36 - 45,0,0,Urban area,More deprived 30-40%,4,2,1,Single carriageway,30,0,Daylight,0,0,0,Non-trunk,0,0,0,0,Neither,Front,2017-11-12,12:28:00,Sunday,Wigan,E08000010,Urban,53.516743,-2.477579,E01006293,43.79785969,46,760,221,316,176,47,735,68,113,96,119,30,11,0,8,166,124,17.12894347,1618,94.46,283,246,119,81,16,6,2,3,166,0,2,34,5,2,439,31,11,45,1,2.316412755,2.44e-6,0,6,5,2682.967195,0.541335948
06L037078,2017,Severe/Fatal,Male,26 - 35,0,0,Urban area,More deprived 20-30%,3,2,1,Single carriageway,30,0,Darkness - lights lit,0,1,0,Non-trunk,1,0,0,0,Neither,Back,2017-10-29,01:59:00,Sunday,Wigan,E08000010,Urban,53.558962,-2.655255,E01006253,41.16130988,42,674,175,310,142,47,617,93,142,81,81,33,17,3,6,70,91,44.59736457,1523,34.15,210,245,107,77,26,6,3,1,70,0,9,28,6,3,388,50,8,44,10,0.359633973,1.05e-6,0,11,1,3439.715628,0.867526214
06L037343,2017,Slight,Male,21 - 25,0,0,Urban area,Most deprived 10%,1,2,1,Dual carriageway,30,0,Darkness - lights lit,0,1,0,Non-trunk,0,0,0,0,Neither,Offside,2017-11-17,17:00:00,Friday,Wigan,E08000010,Urban,53.540047,-2.65104,E01006349,37.75339147,35,1015,294,489,188,44,1175,237,176,134,133,69,17,10,12,245,142,15.2572841,2037,133.51,400,367,134,75,32,4,1,1,245,0,31,42,18,4,613,65,17,131,12,8.547569076,6.42e-6,1,37,54,14557.90405,11.27398403
06L037831,2017,Slight,Male,11 - 15,1,0,Urban area,More deprived 20-30%,3,2,1,Single carriageway,30,1,Darkness - lights lit,1,1,0,Non-trunk,0,0,0,0,Neither,Back,2017-11-25,17:00:00,Saturday,Wigan,E08000010,Urban,53.514043,-2.440889,E01006380,39.70068027,39,1150,192,484,393,81,1489,54,121,260,282,59,16,13,13,467,204,25.08265981,2731,108.88,292,408,242,152,45,8,1,1,467,0,4,78,7,4,811,55,10,38,13,2.087150531,1.91e-6,0,19,4,3789.189621,2.360073534
06M025783,2017,Slight,Male,16 - 20,1,0,Urban area,Less deprived 20-30%,8,2,1,Single carriageway,30,1,Darkness - lights lit,0,1,0,Non-trunk,0,0,0,0,Neither,Front,2017-01-06,23:29:00,Friday,Trafford,E08000009,Urban,53.414864,-2.332501,E01006101,42.53767821,47,547,39,213,244,51,708,46,74,97,46,19,3,2,6,354,61,33.76242096,1495,44.28,83,191,108,129,25,6,2,1,354,16,2,5,2,1,273,11,16,23,5,0.697105671,1.58e-6,0,2,1,5236.081099,1.466626176
06M025865,2017,Slight,Male,36 - 45,0,0,Urban area,More deprived 40-50%,5,2,1,Roundabout,30,0,Darkness - lights lit,0,0,0,Non-trunk,0,0,0,0,Neither,Nearside,2017-01-10,22:10:00,Tuesday,Trafford,E08000009,Urban,53.471701,-2.315063,E01006121,41.53514589,45,597,78,306,168,45,694,117,98,119,51,5,1,8,5,189,101,2.647166362,1448,547,136,224,127,84,25,3,0,0,189,7,3,29,10,4,357,24,21,44,6,19.54034386,3.58e-6,2,112,117,31815.02923,18.20887304
06M026057,2017,Slight,Male,46 - 55,0,0,Urban area,More deprived 20-30%,3,2,1,Roundabout,30,0,Darkness - lights lit,0,0,0,Non-trunk,0,0,0,0,Neither,Front,2017-01-24,17:07:00,Tuesday,Trafford,E08000009,Urban,53.417602,-2.310451,E01006099,40.37788018,42,548,75,265,158,50,669,51,67,103,44,6,6,3,8,301,80,42.28680933,1324,31.31,157,167,99,100,13,8,2,0,301,16,2,14,4,1,262,17,13,33,6,0.312194774,9.85e-7,0,17,17,4889.269318,0.913651191
06M026566,2017,Slight,Male,36 - 45,0,0,Urban area,Most deprived 10%,1,2,1,Single carriageway,30,0,Daylight,0,0,0,Non-trunk,1,0,0,0,Neither,Front,2017-02-14,09:17:00,Tuesday,Trafford,E08000009,Urban,53.464109,-2.265948,E01006185,32.97516556,32,766.5,389,305,57.5,15,727,78,147,78,50.5,7.5,4,7.5,13.5,259,82,51.1627907,1441,28.165,383.5,230,76,42.5,21.5,6.5,5.5,2.5,259,61,9,66,11,2,203,11,27,72.5,7.5,2.590106272,4.62e-6,0,19,16,9021.975772,3.497449349
06M026968,2017,Slight,Male,46 - 55,0,0,Urban area,Least deprived 10%,10,2,1,Roundabout,30,0,Daylight,0,0,0,Non-trunk,0,0,0,0,Neither,Front,2017-02-02,09:30:00,Thursday,Trafford,E08000009,Urban,53.388767,-2.317216,E01006209,44.7721519,48,635,56,231,273,75,734,76,100,51,73,13,8,9,9,317,78,21.7299299,1643,75.61,144,214,91,149,32,7,0,0,317,5,0,2,2,2,339,21,8,29,10,0.628602074,8.39e-7,0,12,2,5696.592858,1.532772243
06M027248,2017,Slight,Male,26 - 35,0,0,Urban area,More deprived 40-50%,5,2,1,Single carriageway,30,0,Daylight,0,0,0,Non-trunk,1,0,0,0,Neither,Front,2017-02-12,13:55:00,Sunday,Trafford,E08000009,Urban,53.393891000000004,-2.372953,E01006074,39.5432243,41,629,129,250,205,45,714,103,48,85,84,20,4,7,6,277,80,14.47704644,1643,113.49,176,174,105,115,44,11,0,0,277,11,4,10,7,3,303,18,16,61,4,0.821559592,7.27e-7,0,18,2,7235.449963,1.709176528
06M027277,2017,Slight,Female,26 - 35,0,0,Urban area,More deprived 40-50%,5,2,1,Single carriageway,30,0,Darkness - lights lit,0,0,0,Non-trunk,0,0,0,0,Neither,Nearside,2017-02-14,05:55:00,Tuesday,Trafford,E08000009,Urban,53.465466,-2.32422,E01006158,37.94370284,38,788,225,381,140,42,805,94,134,121,65,8,3,3,3,247,127,19.17342688,1749,91.22,287,245,121,86,36,10,2,3,247,9,4,51,15,2,362,41,22,47,10,2.849947737,3.12e-6,0,11,5,11075.2091,4.247244126
06M027289,2017,Slight,Male,36 - 45,0,0,Urban area,More deprived 20-30%,3,2,1,Single carriageway,30,0,Darkness - lights lit,0,0,0,Non-trunk,0,0,0,0,Neither,Offside,2017-02-16,19:28:00,Thursday,Trafford,E08000009,Urban,53.455625,-2.269223,E01006113,37.26350461,36,473,83,190,141,59,717,80,124,102,38,8,4,7,4,281,69,95.79881657,1619,16.9,78,101,79,95,54,32,22,12,281,30,5,30,5,0,265,26,22,43,8,0.442031104,2.59e-6,0,8,3,3602.321035,1.087400862
06M027629,2017,Slight,Male,36 - 45,0,0,Urban area,Less deprived 10-20%,9,2,1,Single carriageway,60,1,Daylight,0,0,0,Non-trunk,0,0,0,0,Neither,Offside,2017-02-16,08:10:00,Thursday,Trafford,E08000009,Urban,53.386032,-2.311257,E01006209,44.7721519,48,635,56,231,273,75,734,76,100,51,73,13,8,9,9,317,78,21.7299299,1643,75.61,144,214,91,149,32,7,0,0,317,5,0,2,2,2,339,21,8,29,10,0.628602074,8.39e-7,0,12,2,5696.592858,1.532772243
06M027655,2017,Slight,Male,21 - 25,0,0,Urban area,Most deprived 10%,1,2,1,Single carriageway,30,1,Darkness - lights lit,0,0,0,Non-trunk,0,1,0,0,Neither,Front,2017-02-16,18:30:00,Thursday,Trafford,E08000009,Urban,53.393989,-2.352368,E01006075,41.1002627,41,1038,260,489,233,56,1136,106,87,76,106,23,18,13,10,625,72,28.65918803,2146,74.88,423,334,112,134,30,5,0,0,625,29,7,7,10,1,338,10,16,84,12,0.256629443,3.43e-7,2,90,146,10698.31429,3.354748454
06M028001,2017,Slight,Male,36 - 45,0,0,Urban area,Least deprived 10%,10,2,1,Single carriageway,30,1,Daylight,0,0,0,Non-trunk,0,0,0,0,Neither,Nearside,2017-03-07,08:22:00,Tuesday,Trafford,E08000009,Urban,53.450933,-2.292338,E01006142,40.9544688,41,752,229,326,151,46,744,61,125,115,38,5,5,5,8,297,85,26.57169402,1716,64.58,292,211,111,78,34,13,5,8,297,35,2,23,6,6,294,17,23,35,8,1.939546408,3e-6,0,7,9,6885.404253,2.6848450169999998
06M028023,2017,Slight,Male,21 - 25,0,0,Urban area,Most deprived 10%,1,2,1,Single carriageway,30,0,Darkness - lights lit,0,0,0,Non-trunk,0,0,0,0,Neither,Offside,2017-03-08,21:50:00,Wednesday,Trafford,E08000009,Urban,53.462498,-2.26657,E01006111,32.1572911,33,555,194,249,90,22,636,78,167,77,29,11,1,3,8,172,90,160.4882459,1775,11.06,128,117,87,92,58,44,13,16,172,17,2,63,16,0,225,33,35,64,12,0.030839867,2.76e-7,0,0,2,1878.656603,0.420808783
06M028127,2017,Slight,Male,36 - 45,0,0,Urban area,Less deprived 30-40%,7,2,1,Roundabout,30,0,Daylight,1,1,0,Non-trunk,1,0,0,0,Neither,Front,2017-03-17,17:05:00,Friday,Trafford,E08000009,Urban,53.462803,-2.282764,E01006186,34.47029204,34,947,354,376,182,35,1094,129,239,118,65,10,2,9,16,371,135,29.4599018,2160,73.32,345,292,132,110,38,16,7,7,371,59,7,63,12,3,387,36,43,96,15,2.582238089,3.57e-6,1,26,64,8739.468288,2.622165561
06M028308,2017,Slight,Male,11 - 15,1,0,Urban area,More deprived 40-50%,5,2,1,Single carriageway,30,0,Daylight,0,0,0,Non-trunk,0,0,0,0,Neither,Offside,2017-03-26,14:30:00,Sunday,Trafford,E08000009,Urban,53.417276,-2.324922,E01006097,42.41354541,42,823,151,427,191,54,823,53,79,131,41,19,11,7,6,407,69,41.13311838,1786,43.42,322,271,90,99,36,5,1,1,407,41,2,6,2,2,292,15,12,34,7,1.35933469,3.11e-6,1,18,20,7987.158704,2.400165659
06M028418,2017,Slight,Male,46 - 55,0,0,Urban area,More deprived 10-20%,2,2,1,Roundabout,30,0,Daylight,0,0,0,Non-trunk,0,0,0,0,Neither,Nearside,2017-03-23,15:45:00,Thursday,Trafford,E08000009,Urban,53.41762,-2.310375,E01006099,40.37788018,42,548,75,265,158,50,669,51,67,103,44,6,6,3,8,301,80,42.28680933,1324,31.31,157,167,99,100,13,8,2,0,301,16,2,14,4,1,262,17,13,33,6,0.312194774,9.85e-7,0,17,17,4889.269318,0.913651191
06M028939,2017,Slight,Male,56 - 65,0,0,Urban area,More deprived 30-40%,4,2,1,Single carriageway,30,1,Daylight,0,0,0,Non-trunk,0,0,0,0,Neither,Front,2017-04-23,09:45:00,Sunday,Trafford,E08000009,Urban,53.386747,-2.348564,E01006075,41.1002627,41,1038,260,489,233,56,1136,106,87,76,106,23,18,13,10,625,72,28.65918803,2146,74.88,423,334,112,134,30,5,0,0,625,29,7,7,10,1,338,10,16,84,12,0.256629443,3.43e-7,2,90,146,10698.31429,3.354748454
06M029393,2017,Slight,Female,36 - 45,0,0,Urban area,Most deprived 10%,1,2,1,Dual carriageway,30,0,Daylight,0,0,0,Non-trunk,0,0,0,0,Neither,Front,2017-04-16,07:13:00,Sunday,Trafford,E08000009,Urban,53.464606,-2.284162,E01006188,33.36680449,33,786,261,398,95,32,1039,98,217,118,56,17,7,10,4,423,89,32.96885355,1990,60.36,252,230,122,88,43,36,10,6,423,79,10,39,13,1,317,27,50,67,12,1.221111968,2.01e-6,1,21,11,12494.09906,5.466714416
06M029415,2017,Slight,Male,46 - 55,0,0,Urban area,Less deprived 40-50%,6,2,1,Single carriageway,30,1,Darkness - lights lit,0,0,0,Non-trunk,0,0,0,0,Neither,Front,2017-04-19,21:01:00,Wednesday,Trafford,E08000009,Urban,53.452471,-2.313189,E01006189,35.9726087,36,930,207,478,204,41,1148,95,222,170,73,13,11,6,8,410,140,79.69873331,2328,29.21,250,297,179,123,53,22,5,2,410,29,13,37,15,4,463,34,47,79,17,0.494975333,1.68e-6,1,6,3,6496.87628,1.042809096
06M029658,2017,Slight,Male,21 - 25,0,0,Urban area,More deprived 20-30%,3,2,1,Single carriageway,30,1,Daylight,0,0,0,Non-trunk,0,0,0,0,Neither,Front,2017-03-15,17:05:00,Wednesday,Trafford,E08000009,Urban,53.471867,-2.316902,E01006121,41.53514589,45,597,78,306,168,45,694,117,98,119,51,5,1,8,5,189,101,2.647166362,1448,547,136,224,127,84,25,3,0,0,189,7,3,29,10,4,357,24,21,44,6,19.54034386,3.58e-6,2,112,117,31815.02923,18.20887304
06M029879,2017,Slight,Female,6 - 10,1,0,Urban area,Less deprived 20-30%,8,2,1,Single carriageway,30,0,Daylight,0,0,0,Non-trunk,0,1,0,0,Neither,Offside,2017-04-05,19:30:00,Wednesday,Trafford,E08000009,Urban,53.450193,-2.327702,E01006182,38.94886731,40,587,66,249,211,61,798,52,135,142,54,11,5,6,5,279,109,65.07293355,1606,24.68,120,191,103,101,45,17,4,4,279,13,2,26,7,1,394,21,19,26,5,0,0,0,2,4,3305.98873,0.645758075
06M030225,2017,Slight,Male,36 - 45,0,0,Urban area,Less deprived 20-30%,8,2,1,Single carriageway,30,0,Daylight,0,0,0,Non-trunk,0,0,0,0,Neither,Front,2017-05-09,09:07:00,Tuesday,Trafford,E08000009,Urban,53.457458,-2.288663,E01006186,34.47029204,34,947,354,376,182,35,1094,129,239,118,65,10,2,9,16,371,135,29.4599018,2160,73.32,345,292,132,110,38,16,7,7,371,59,7,63,12,3,387,36,43,96,15,2.582238089,3.57e-6,1,26,64,8739.468288,2.622165561
06M030468,2017,Severe/Fatal,Male,26 - 35,0,0,Urban area,More deprived 20-30%,3,2,1,Single carriageway,30,0,Daylight,0,0,0,Non-trunk,0,0,0,0,Neither,Front,2017-04-07,18:45:00,Friday,Trafford,E08000009,Urban,53.460814,-2.276139,E01006188,33.36680449,33,786,261,398,95,32,1039,98,217,118,56,17,7,10,4,423,89,32.96885355,1990,60.36,252,230,122,88,43,36,10,6,423,79,10,39,13,1,317,27,50,67,12,1.221111968,2.01e-6,1,21,11,12494.09906,5.466714416
06M031115,2017,Severe/Fatal,Male,56 - 65,0,0,Urban area,More deprived 40-50%,5,2,1,Single carriageway,30,1,Daylight,0,0,0,Non-trunk,0,0,0,0,Neither,Front,2017-05-22,13:35:00,Monday,Trafford,E08000009,Urban,53.424199,-2.317391,E01006161,38.93093344,40,947,180,491,226,50,1140,70,130,185,48,20,8,4,7,577,91,48.68035191,2158,44.33,331,294,139,135,32,10,2,0,577,72,5,13,2,0,360,15,20,61,18,0,0,0,17,23,3910.957342,1.718633702
06M031259,2017,Severe/Fatal,Male,46 - 55,0,0,Urban area,Less deprived 10-20%,9,2,1,Roundabout,30,0,Daylight,0,0,0,Non-trunk,0,0,0,0,Neither,Nearside,2017-05-31,17:40:00,Wednesday,Trafford,E08000009,Urban,53.468826,-2.324848,E01006121,41.53514589,45,597,78,306,168,45,694,117,98,119,51,5,1,8,5,189,101,2.647166362,1448,547,136,224,127,84,25,3,0,0,189,7,3,29,10,4,357,24,21,44,6,19.54034386,3.58e-6,2,112,117,31815.02923,18.20887304
06M031302,2017,Slight,Male,21 - 25,0,0,Urban area,Least deprived 10%,10,2,1,Roundabout,40,0,Daylight,0,0,0,Non-trunk,0,0,0,0,Neither,Front,2017-06-13,15:27:00,Tuesday,Trafford,E08000009,Urban,53.467259,-2.34484,E01006121,41.53514589,45,597,78,306,168,45,694,117,98,119,51,5,1,8,5,189,101,2.647166362,1448,547,136,224,127,84,25,3,0,0,189,7,3,29,10,4,357,24,21,44,6,19.54034386,3.58e-6,2,112,117,31815.02923,18.20887304
06M031489,2017,Slight,Male,46 - 55,0,0,Urban area,Less deprived 10-20%,9,2,1,Single carriageway,30,0,Daylight,0,0,0,Non-trunk,0,0,0,0,Neither,Back,2017-06-15,12:50:00,Thursday,Trafford,E08000009,Urban,53.421382,-2.308582,E01006174,40.67358079,41,816,156,402,213,45,924,75,94,142,54,24,5,9,7,450,64,62.08333333,1788,28.8,288,262,125,106,23,7,1,2,450,28,1,17,4,1,326,16,28,47,8,0.067342514,2.34e-7,0,9,4,5556.285208,1.243056129
06M032194,2017,Severe/Fatal,Male,46 - 55,0,0,Urban area,Less deprived 20-30%,8,2,1,Single carriageway,40,0,Daylight,1,1,0,Non-trunk,1,0,0,0,Neither,Front,2017-06-28,18:35:00,Wednesday,Trafford,E08000009,Rural,53.432696,-2.369576,E01006107,41.79125897,43,700,169,311,164,56,677,54,62,150,103,15,8,1,6,166,112,1.597050366,1594,998.09,257,194,115,85,31,15,1,1,166,7,2,41,4,2,378,26,11,39,2,7.383291395,7.39e-7,0,46,2,10060.30071,12.54667501
06M032259,2017,Slight,Male,26 - 35,0,0,Urban area,Less deprived 10-20%,9,2,1,Single carriageway,30,1,Daylight,0,0,0,Non-trunk,1,0,0,0,Neither,Front,2017-07-06,18:02:00,Thursday,Trafford,E08000009,Urban,53.456802,-2.296038,E01006187,34.24146054,35,1141,349,556,198,38,1395,187,280,203,74,12,4,6,5,460,164,32.14197378,2599,80.86,376,369,200,122,48,19,3,2,460,24,5,91,22,3,509,46,76,147,13,2.072991397,2.57e-6,0,7,10,5190.919143,2.923855866
06M032525,2017,Slight,Male,26 - 35,0,0,Urban area,Less deprived 10-20%,9,2,1,Single carriageway,30,0,Daylight,0,0,0,Non-trunk,0,0,0,0,Neither,Front,2017-07-06,18:00:00,Thursday,Trafford,E08000009,Urban,53.421397,-2.299208,E01006178,39.72156459,41,767,108,352,257,50,922,59,115,136,58,20,8,9,14,417,86,47.41108787,1813,38.24,218,255,143,114,28,10,0,0,417,30,1,16,5,2,376,20,13,39,3,0.790495333,2.08e-6,0,10,6,5796.041539,2.128283084
06M032625,2017,Severe/Fatal,Male,46 - 55,0,0,Urban area,Less deprived 20-30%,8,2,1,Roundabout,30,0,Daylight,0,0,0,Non-trunk,1,0,0,0,Neither,Front,2017-07-09,13:34:00,Sunday,Trafford,E08000009,Urban,53.457352,-2.357516,E01006118,41.65563808,43,668,150,305,158,55,706,87,82,127,58,4,6,1,5,256,80,39.0491453,1462,37.44,249,198,109,88,19,5,3,0,256,5,2,29,4,1,329,16,8,50,9,0.794491674,2.13e-6,0,9,4,6020.637123,1.25658874
06M032720,2017,Slight,Male,6 - 10,1,0,Urban area,More deprived 20-30%,3,2,1,Single carriageway,30,1,Daylight,0,0,0,Non-trunk,0,1,0,0,Neither,Front,2017-07-13,16:55:00,Thursday,Trafford,E08000009,Urban,53.410637,-2.299388,E01006177,34.66930917,36,600,141,282,134,43,714,72,127,140,33,9,7,7,3,224,92,70.01270648,1653,23.61,147,135,140,118,35,16,6,1,224,37,5,26,8,2,301,33,17,48,13,0.99486874300000006,4.23e-6,0,2,4,1987.9191,0.518881188
06M032962,2017,Slight,Male,16 - 20,1,0,Urban area,More deprived 30-40%,4,2,1,Single carriageway,30,1,Darkness - lights lit,1,1,0,Non-trunk,0,0,0,0,Neither,Front,2017-07-13,22:19:00,Thursday,Trafford,E08000009,Urban,53.454105,-2.317056,E01006157,37.06426156,38,658,105,303,199,51,876,77,165,154,63,12,3,2,8,272,120,5.722263338,1701,297.26,152,219,127,102,39,14,3,3,272,11,4,31,10,1,436,28,23,48,13,15.84918599,5.31e-6,4,69,13,29134.39076,13.70279565
06M032965,2017,Slight,Male,11 - 15,1,0,Urban area,Less deprived 20-30%,8,2,1,Single carriageway,30,0,Daylight,0,0,0,Non-trunk,1,0,0,0,Neither,Offside,2017-07-07,08:40:00,Friday,Trafford,E08000009,Urban,53.391395,-2.305266,E01006207,40.10486233,42,779,261,353,132,33,688,90,164,74,49,14,3,5,1,158,130,64.5994832,1750,27.09,313,213,118,99,25,6,6,1,158,16,3,28,23,1,334,32,28,62,4,0.594406904,2.2e-6,0,6,4,1940.06319,0
06M033057,2017,Slight,Male,11 - 15,1,0,Urban area,Less deprived 30-40%,7,2,1,Single carriageway,30,0,Daylight,0,0,0,Non-trunk,1,0,0,0,Neither,Back,2017-07-18,15:30:00,Tuesday,Trafford,E08000009,Urban,53.402583,-2.333277,E01006093,40.68965517,43,619,76,279,212,52,779,69,79,78,59,13,6,5,5,388,77,61.49818768,1527,24.83,154,209,113,111,25,7,0,0,388,22,0,1,3,1,289,17,11,41,6,0,0,0,9,1,3960.046175,0.666623969
06M033151,2017,Slight,Male,26 - 35,0,0,Urban area,More deprived 40-50%,5,2,1,Single carriageway,30,0,Daylight,0,0,0,Non-trunk,1,0,0,0,Neither,Front,2017-07-25,13:45:00,Tuesday,Trafford,E08000009,Urban,53.451331,-2.305501,E01006189,35.9726087,36,930,207,478,204,41,1148,95,222,170,73,13,11,6,8,410,140,79.69873331,2328,29.21,250,297,179,123,53,22,5,2,410,29,13,37,15,4,463,34,47,79,17,0.494975333,1.68e-6,1,6,3,6496.87628,1.042809096
06M033340,2017,Slight,Male,46 - 55,0,0,Urban area,More deprived 40-50%,5,3,1,Dual carriageway,30,0,Daylight,0,0,0,Non-trunk,0,0,0,0,Neither,Offside,2017-06-21,07:30:00,Wednesday,Trafford,E08000009,Urban,53.462505,-2.275412,E01006188,33.36680449,33,786,261,398,95,32,1039,98,217,118,56,17,7,10,4,423,89,32.96885355,1990,60.36,252,230,122,88,43,36,10,6,423,79,10,39,13,1,317,27,50,67,12,1.221111968,2.01e-6,1,21,11,12494.09906,5.466714416
06M033533,2017,Slight,Female,16 - 20,1,0,Urban area,More deprived 10-20%,2,2,1,Single carriageway,40,0,Daylight,0,0,0,Non-trunk,0,0,0,0,Neither,Front,2017-07-24,17:30:00,Monday,Trafford,E08000009,Urban,53.460137,-2.327041,E01006157,37.06426156,38,658,105,303,199,51,876,77,165,154,63,12,3,2,8,272,120,5.722263338,1701,297.26,152,219,127,102,39,14,3,3,272,11,4,31,10,1,436,28,23,48,13,15.84918599,5.31e-6,4,69,13,29134.39076,13.70279565
06M033768,2017,Slight,Male,16 - 20,1,0,Urban area,More deprived 40-50%,5,2,1,Dual carriageway,40,0,Daylight,0,0,0,Non-trunk,0,1,1,0,In carriageway,Back,2017-08-10,13:21:00,Thursday,Trafford,E08000009,Urban,53.444158,-2.308973,E01006144,39.59444048,39,692,303,294,82,13,607,41,125,114,26,9,1,1,6,221,63,20.96188748,1386,66.12,297,231,83,48,20,11,2,0,221,34,0,43,8,2,189,23,37,45,5,6.033005005,9.13e-6,0,11,14,10926.19162,3.855032581
06M034016,2017,Severe/Fatal,Female,21 - 25,0,0,Urban area,Less deprived 10-20%,9,2,2,Single carriageway,30,0,Daylight,0,0,0,Non-trunk,1,0,0,0,Neither,Back,2017-08-27,07:45:00,Sunday,Trafford,E08000009,Urban,53.391924,-2.332998,E01006191,42.73745174,45,643,60,273,230,80,810,70,84,81,84,18,9,2,4,386,72,46.92307692,1708,36.4,135,206,106,154,40,7,1,0,386,19,0,4,2,0,326,19,11,32,8,0.206259836,5.69e-7,0,8,9,3998.674721,0.380260123
06M034244,2017,Severe/Fatal,Male,56 - 65,0,0,Urban area,More deprived 20-30%,3,2,1,Dual carriageway,30,0,Daylight,0,0,0,Non-trunk,0,0,0,0,Neither,Offside,2017-08-09,18:17:00,Wednesday,Trafford,E08000009,Urban,53.462437,-2.307027,E01006157,37.06426156,38,658,105,303,199,51,876,77,165,154,63,12,3,2,8,272,120,5.722263338,1701,297.26,152,219,127,102,39,14,3,3,272,11,4,31,10,1,436,28,23,48,13,15.84918599,5.31e-6,4,69,13,29134.39076,13.70279565
06M034685,2017,Slight,Male,11 - 15,1,0,Urban area,More deprived 30-40%,4,2,1,Single carriageway,20,1,Daylight,1,1,0,Non-trunk,1,0,0,0,Neither,Front,2017-09-04,19:16:00,Monday,Trafford,E08000009,Urban,53.4584,-2.300311,E01006186,34.47029204,34,947,354,376,182,35,1094,129,239,118,65,10,2,9,16,371,135,29.4599018,2160,73.32,345,292,132,110,38,16,7,7,371,59,7,63,12,3,387,36,43,96,15,2.582238089,3.57e-6,1,26,64,8739.468288,2.622165561
06M034956,2017,Slight,Male,46 - 55,0,0,Urban area,More deprived 30-40%,4,2,1,Dual carriageway,30,0,Daylight,0,1,0,Non-trunk,0,0,0,0,Neither,Offside,2017-09-07,17:24:00,Thursday,Trafford,E08000009,Urban,53.463824,-2.280286,E01006188,33.36680449,33,786,261,398,95,32,1039,98,217,118,56,17,7,10,4,423,89,32.96885355,1990,60.36,252,230,122,88,43,36,10,6,423,79,10,39,13,1,317,27,50,67,12,1.221111968,2.01e-6,1,21,11,12494.09906,5.466714416
06M035416,2017,Slight,Male,11 - 15,1,0,Urban area,More deprived 20-30%,3,2,1,Single carriageway,30,0,Daylight,0,1,0,Non-trunk,0,0,0,0,Neither,Front,2017-09-27,08:30:00,Wednesday,Trafford,E08000009,Urban,53.413936,-2.302886,E01006177,34.66930917,36,600,141,282,134,43,714,72,127,140,33,9,7,7,3,224,92,70.01270648,1653,23.61,147,135,140,118,35,16,6,1,224,37,5,26,8,2,301,33,17,48,13,0.99486874300000006,4.23e-6,0,2,4,1987.9191,0.518881188
06M035655,2017,Slight,Male,21 - 25,0,0,Urban area,More deprived 10-20%,2,2,1,Single carriageway,30,0,Daylight,1,1,0,Non-trunk,0,0,0,0,Neither,Back,2017-10-01,18:20:00,Sunday,Trafford,E08000009,Urban,53.463335,-2.266259,E01006185,32.97516556,32,766.5,389,305,57.5,15,727,78,147,78,50.5,7.5,4,7.5,13.5,259,82,51.1627907,1441,28.165,383.5,230,76,42.5,21.5,6.5,5.5,2.5,259,61,9,66,11,2,203,11,27,72.5,7.5,2.590106272,4.62e-6,0,19,16,9021.975772,3.497449349
06M035936,2017,Severe/Fatal,Male,66 - 75,0,1,Urban area,Less deprived 40-50%,6,2,1,Dual carriageway,30,0,Daylight,1,1,0,Non-trunk,0,0,0,0,Neither,Front,2017-10-07,15:05:00,Saturday,Trafford,E08000009,Urban,53.445406,-2.302493,E01006143,40.79102715,41,696,153,314,184,45,827,52,100,137,52,9,0,13,6,394,64,29.70614426,1668,56.15,239,191,111,104,27,14,6,4,394,35,4,20,4,4,280,23,25,39,2,0.542858342,9.72e-7,1,14,22,3622.957257,0.758420028
06M036139,2017,Slight,Female,11 - 15,1,0,Urban area,More deprived 20-30%,3,2,1,Single carriageway,30,1,Darkness - lights lit,0,0,0,Non-trunk,0,0,0,0,Neither,Front,2017-10-18,18:46:00,Wednesday,Trafford,E08000009,Urban,53.457245,-2.345045,E01006121,41.53514589,45,597,78,306,168,45,694,117,98,119,51,5,1,8,5,189,101,2.647166362,1448,547,136,224,127,84,25,3,0,0,189,7,3,29,10,4,357,24,21,44,6,19.54034386,3.58e-6,2,112,117,31815.02923,18.20887304
06M036209,2017,Slight,Male,26 - 35,0,0,Urban area,Less deprived 30-40%,7,2,1,Dual carriageway,30,0,Daylight,1,1,0,Non-trunk,0,1,0,0,Neither,Front,2017-10-20,08:30:00,Friday,Trafford,E08000009,Urban,53.457009,-2.26137,E01006115,38.37007389,39,592,167,248,134,43,713,50,126,79,42,11,2,10,8,317,68,79.18622848,1518,19.17,212,151,86,71,38,17,9,10,317,19,5,29,8,3,238,24,34,30,7,1.238829982,6.57e-6,0,7,6,3674.428642,0.686809723
06M036495,2017,Severe/Fatal,Male,36 - 45,0,0,Urban area,Most deprived 10%,1,2,1,Dual carriageway,40,1,Darkness - lights lit,0,0,0,Non-trunk,0,0,0,0,Neither,Offside,2017-10-25,22:21:00,Wednesday,Trafford,E08000009,Urban,53.466717,-2.329848,E01006121,41.53514589,45,597,78,306,168,45,694,117,98,119,51,5,1,8,5,189,101,2.647166362,1448,547,136,224,127,84,25,3,0,0,189,7,3,29,10,4,357,24,21,44,6,19.54034386,3.58e-6,2,112,117,31815.02923,18.20887304
06M037076,2017,Slight,Male,46 - 55,0,0,Urban area,Least deprived 10%,10,2,1,Single carriageway,30,0,Daylight,0,0,0,Non-trunk,0,0,0,0,Neither,Front,2017-11-10,14:00:00,Friday,Trafford,E08000009,Urban,53.417626,-2.430035,E01006104,43.7041972,48,750,129,346,218,57,804,62,45,212,126,17,3,4,5,197,133,30.63373888,1687,55.07,249,262,119,71,36,12,0,1,197,6,1,34,3,7,458,33,14,44,6,0.884203369,1.63e-6,0,19,3,5678.847075,1.788474301
06M037206,2017,Severe/Fatal,Female,21 - 25,0,0,Urban area,More deprived 10-20%,2,2,1,One way street,30,0,Darkness - lights lit,0,0,1,Non-trunk,0,0,0,0,Neither,Front,2017-11-13,16:48:00,Monday,Trafford,E08000009,Urban,53.467334,-2.304411,E01006157,37.06426156,38,658,105,303,199,51,876,77,165,154,63,12,3,2,8,272,120,5.722263338,1701,297.26,152,219,127,102,39,14,3,3,272,11,4,31,10,1,436,28,23,48,13,15.84918599,5.31e-6,4,69,13,29134.39076,13.70279565
06M037222,2017,Slight,Male,26 - 35,0,0,Urban area,Less deprived 10-20%,9,2,1,Single carriageway,30,0,Darkness - lights lit,0,0,0,Non-trunk,0,0,0,0,Neither,Nearside,2017-10-15,19:45:00,Sunday,Trafford,E08000009,Urban,53.377987,-2.347154,E01006082,45.13277007,49,674,70,278,244,82,681,48,38,39,96,17,7,8,4,378,46,16.96105072,1498,88.32,216,264,79,76,31,7,0,1,378,9,6,2,3,1,215,12,11,40,3,0.006413405,7.24e-9,1,17,9,8935.715676,2.029714886
06M037260,2017,Slight,Female,46 - 55,0,0,Urban area,More deprived 20-30%,3,2,1,Dual carriageway,30,0,Daylight,0,1,0,Non-trunk,0,0,0,0,Neither,Offside,2017-11-17,07:29:00,Friday,Trafford,E08000009,Urban,53.462631,-2.308429,E01006157,37.06426156,38,658,105,303,199,51,876,77,165,154,63,12,3,2,8,272,120,5.722263338,1701,297.26,152,219,127,102,39,14,3,3,272,11,4,31,10,1,436,28,23,48,13,15.84918599,5.31e-6,4,69,13,29134.39076,13.70279565
06M037403,2017,Slight,Male,46 - 55,0,0,Urban area,Less deprived 20-30%,8,2,1,Single carriageway,30,0,Daylight,0,1,0,Non-trunk,0,1,0,0,Neither,Front,2017-11-15,07:50:00,Wednesday,Trafford,E08000009,Urban,53.463981,-2.289821,E01006186,34.47029204,34,947,354,376,182,35,1094,129,239,118,65,10,2,9,16,371,135,29.4599018,2160,73.32,345,292,132,110,38,16,7,7,371,59,7,63,12,3,387,36,43,96,15,2.582238089,3.57e-6,1,26,64,8739.468288,2.622165561
06M037447,2017,Slight,Female,26 - 35,0,0,Urban area,More deprived 10-20%,2,2,1,Single carriageway,30,0,Darkness - lights unlit,1,1,0,Non-trunk,1,0,0,0,Neither,Offside,2017-11-20,07:45:00,Monday,Trafford,E08000009,Urban,53.453144,-2.273273,E01006114,36.39344262,36,569,160,232,128,49,679,61,148,94,21,10,5,10,4,252,74,73.930131,1693,22.9,158,129,72,100,48,36,15,11,252,21,3,25,12,3,275,22,18,39,9,0.9162681,3.98e-6,0,7,9,3427.175048,1.282190226
06M037579,2017,Slight,Male,36 - 45,0,0,Urban area,More deprived 30-40%,4,2,1,Dual carriageway,30,0,Darkness - lights lit,1,1,1,Non-trunk,0,0,0,0,Neither,Nearside,2017-11-20,18:44:00,Monday,Trafford,E08000009,Urban,53.467396,-2.304682,E01006157,37.06426156,38,658,105,303,199,51,876,77,165,154,63,12,3,2,8,272,120,5.722263338,1701,297.26,152,219,127,102,39,14,3,3,272,11,4,31,10,1,436,28,23,48,13,15.84918599,5.31e-6,4,69,13,29134.39076,13.70279565
06M038593,2017,Slight,Male,36 - 45,0,0,Urban area,Less deprived 20-30%,8,2,1,Single carriageway,30,0,Darkness - lights lit,1,1,0,Non-trunk,0,0,0,0,Neither,Nearside,2017-12-13,18:40:00,Wednesday,Trafford,E08000009,Urban,53.463126,-2.271078,E01006185,32.97516556,32,766.5,389,305,57.5,15,727,78,147,78,50.5,7.5,4,7.5,13.5,259,82,51.1627907,1441,28.165,383.5,230,76,42.5,21.5,6.5,5.5,2.5,259,61,9,66,11,2,203,11,27,72.5,7.5,2.590106272,4.62e-6,0,19,16,9021.975772,3.497449349
06M038711,2017,Severe/Fatal,Male,26 - 35,0,0,Urban area,More deprived 30-40%,4,2,1,Single carriageway,30,0,Darkness - lights lit,0,1,0,Non-trunk,1,0,0,0,Neither,Front,2017-11-04,19:21:00,Saturday,Trafford,E08000009,Urban,53.450645,-2.273182,E01006115,38.37007389,39,592,167,248,134,43,713,50,126,79,42,11,2,10,8,317,68,79.18622848,1518,19.17,212,151,86,71,38,17,9,10,317,19,5,29,8,3,238,24,34,30,7,1.238829982,6.57e-6,0,7,6,3674.428642,0.686809723
06M039306,2017,Severe/Fatal,Female,46 - 55,0,0,Urban area,Least deprived 10%,10,2,1,Single carriageway,30,1,Darkness - lights lit,1,1,0,Non-trunk,0,0,0,0,Neither,Nearside,2017-11-10,16:40:00,Friday,Trafford,E08000009,Urban,53.431305,-2.332163,E01006154,36.1617743,38,661,80,339,203,39,896,57,88,151,58,19,8,7,4,413,91,42.51592357,1602,37.68,194,197,105,129,29,5,1,0,413,27,2,6,1,0,344,26,25,43,4,0.292567599,7.72e-7,0,9,3,4666.727184,2.497145124
06ME27315,2017,Slight,Female,26 - 35,0,0,Urban area,More deprived 40-50%,5,2,1,Single carriageway,30,0,Daylight,0,0,0,Non-trunk,1,0,0,0,Neither,Nearside,2017-02-15,08:30:00,Wednesday,Trafford,E08000009,Urban,53.459973,-2.253782,E01006109,36.92537313,40,533,277,207,44,5,430,53,100,56,27,9,4,5,5,91,80,60.05235602,1147,19.1,286,102,52,49,23,10,5,7,91,5,6,61,6,1,159,13,17,61,9,0.440373874,2.3e-6,0,4,7,2973.813118,0.950915196
06N025460,2017,Severe/Fatal,Male,56 - 65,0,0,Urban area,More deprived 10-20%,2,2,1,Single carriageway,30,0,Darkness - lights lit,1,1,0,Non-trunk,0,0,0,0,Neither,Offside,2017-01-12,06:01:00,Thursday,Bury,E08000002,Urban,53.547861,-2.293411,E01004986,41.07770472,39,821,241,385,171,24,838,76,61,152,86,23,6,5,5,317,107,17.73103749,1627,91.76,322,298,125,54,18,2,1,1,317,45,4,30,10,3,341,23,7,50,10,0.552697093,6.03e-7,0,18,5,4692.311301,2.182786981
06N025834,2017,Slight,Male,46 - 55,0,0,Rural,More deprived 40-50%,5,2,1,Single carriageway,30,0,Daylight,0,1,0,Non-trunk,0,0,0,0,Neither,Offside,2017-01-29,09:35:00,Sunday,Bury,E08000002,Urban,53.573463,-2.2954310000000002,E01005060,41.1982808,42,735,120,335,225,55,793,81,142,122,102,19,4,2,6,201,114,18.85397412,1734,91.97,240,242,105,91,29,19,4,5,201,6,0,29,9,1,476,31,8,31,3,1.206247924,1.31e-6,0,10,7,2470.341764,3.337402941
06N025871,2017,Slight,Male,26 - 35,0,0,Urban area,Most deprived 10%,1,2,1,Single carriageway,30,1,Darkness - lighting unknown,1,1,0,Non-trunk,0,0,0,0,Neither,Offside,2017-01-11,06:19:00,Wednesday,Bury,E08000002,Urban,53.597997,-2.27481,E01004960,29.88896104,29,652,358,226,56,12,473,135,69,47,62,11,3,4,4,72,66,43.8665616,1670,38.07,203,152,137,89,46,15,13,0,72,6,1,42,26,0,185,39,4,93,2,0,0,0,20,5,2612.627397,1.265105619
06N027048,2017,Slight,Male,26 - 35,0,0,Small town,Less deprived 10-20%,9,2,1,Single carriageway,30,0,Darkness - lights lit,1,0,1,Non-trunk,0,0,0,0,Neither,Front,2017-02-08,22:05:00,Wednesday,Bury,E08000002,Urban,53.518798,-2.271944,E01005033,36.35897436,35,597,108,257,175,57,732,124,69,106,62,7,3,4,3,267,87,35.07118928,1675,47.76,171,175,79,77,32,22,15,24,267,8,7,22,8,0,298,28,13,73,6,0.668785944,1.42e-6,0,9,9,4293.525854,1.050272412
06N028192,2017,Slight,Male,11 - 15,1,0,Urban area,More deprived 40-50%,5,2,1,Dual carriageway,30,0,Daylight,0,0,0,Non-trunk,0,0,0,0,Neither,Front,2017-03-21,15:20:00,Tuesday,Bury,E08000002,Urban,53.596849,-2.31016,E01004964,37.30984456,35,839,233,410,160,36,932,168,116,106,141,25,2,4,5,237,128,46.26530102,1852,40.03,315,267,137,85,24,10,1,2,237,20,1,35,26,0,453,43,15,93,8,2.249194312,5.61e-6,0,16,4,8346.767417,2.182492503
06N028236,2017,Slight,Male,36 - 45,0,0,Urban area,Less deprived 10-20%,9,2,1,Single carriageway,30,0,Daylight,1,0,0,Non-trunk,1,0,0,0,Neither,Nearside,2017-04-04,17:55:00,Tuesday,Bury,E08000002,Urban,53.597978,-2.275203,E01004960,29.88896104,29,652,358,226,56,12,473,135,69,47,62,11,3,4,4,72,66,43.8665616,1670,38.07,203,152,137,89,46,15,13,0,72,6,1,42,26,0,185,39,4,93,2,0,0,0,20,5,2612.627397,1.265105619
06N028859,2017,Slight,Male,36 - 45,0,0,Urban area,More deprived 30-40%,4,2,1,Single carriageway,20,0,Daylight,1,1,0,Non-trunk,1,0,0,0,Neither,Nearside,2017-03-10,08:50:00,Friday,Bury,E08000002,Urban,53.583235,-2.291164,E01005028,34.28506991,34,834,290,363,145,36,854,195,135,84,90,22,4,6,11,157,150,77.44282744,2235,28.86,259,203,132,121,71,26,11,10,157,16,2,48,34,6,397,58,13,110,12,0.347718068,1.21e-6,0,10,7,6145.036972,1.10150738
06N029111,2017,Slight,Male,11 - 15,1,0,Urban area,Less deprived 10-20%,9,2,1,Single carriageway,30,0,Daylight,0,0,0,Non-trunk,0,0,0,0,Neither,Offside,2017-03-21,07:54:00,Tuesday,Bury,E08000002,Urban,53.587795,-2.321635,E01004953,44.93802817,48,639,112,252,210,65,718,87,97,61,90,20,3,4,7,238,111,31.73256055,1533,48.31,167,225,104,108,25,4,1,2,238,10,2,10,8,2,384,28,7,25,4,0.143863887,2.97e-7,0,5,1,2451.003212,0.484035593
06N029531,2017,Severe/Fatal,Male,36 - 45,0,0,Urban area,Less deprived 20-30%,8,2,1,Single carriageway,30,0,Daylight,0,0,0,Non-trunk,0,0,0,1,Off carriageway,Back,2017-03-29,08:25:00,Wednesday,Bury,E08000002,Urban,53.527588,-2.280207,E01005045,40.65861214,40,724,190,345,154,35,833,70,71,175,56,17,1,3,9,344,87,51.57693533,1619,31.39,247,242,114,80,24,12,3,1,344,39,3,17,4,1,332,30,12,44,8,0.837890693,2.66e-6,0,13,3,5127.136976,1.480561983
06N030005,2017,Slight,Male,16 - 20,1,0,Urban area,Less deprived 10-20%,9,2,1,Dual carriageway,30,1,Daylight,0,0,0,Non-trunk,0,0,0,0,Neither,Back,2017-04-26,19:00:00,Wednesday,Bury,E08000002,Rural,53.631807,-2.316208,E01005022,41.79749216,46,635,41,240,274,80,780,47,74,88,116,27,6,5,11,324,82,4.854715268,1497,308.36,169,222,130,85,21,7,1,0,324,4,0,3,3,2,399,18,3,23,1,2.436744314,7.9e-7,0,32,2,9446.115745,8.393517379
06N030190,2017,Severe/Fatal,Male,36 - 45,0,0,Small town,Less deprived 10-20%,9,2,1,Single carriageway,30,0,Daylight,0,0,0,Non-trunk,0,0,0,0,Neither,Back,2017-05-05,16:25:00,Friday,Bury,E08000002,Urban,53.562948,-2.291326,E01005055,43.39904175,46,586,64,266,209,47,685,60,89,102,96,10,4,7,4,242,71,37.91568473,1448,38.19,138,209,112,89,22,12,3,0,242,6,3,20,2,0,351,22,7,28,5,1.328950935,3.47e-6,0,9,1,4126.164007,1.120689392
06N030193,2017,Slight,Male,66 - 75,0,1,Urban area,More deprived 10-20%,2,2,1,Dual carriageway,30,0,Daylight,0,0,0,Non-trunk,0,0,0,0,Neither,Back,2017-03-13,08:05:00,Monday,Bury,E08000002,Urban,53.601413,-2.285803,E01004956,39.72903594,39,781,272,351,127,31,725,158,116,76,88,23,5,5,6,129,119,11.74214876,1776,151.25,301,212,139,85,26,8,9,1,129,20,6,35,15,3,369,44,10,88,8,1.737046566,1.15e-6,0,10,7,3743.532769,1.070282894
06N030419,2017,Severe/Fatal,Male,11 - 15,1,0,Urban area,Least deprived 10%,10,2,1,Single carriageway,30,1,Daylight,0,0,0,Non-trunk,0,0,0,0,Neither,Nearside,2017-05-03,17:28:00,Wednesday,Bury,E08000002,Urban,53.592372,-2.32099,E01004948,39.71589744,40,839,300,336,166,37,812,129,140,95,100,19,1,5,5,198,120,19.68023562,1871,95.07,353,224,120,100,32,6,2,4,198,10,4,29,21,4,409,40,11,75,8,3.252519769,3.41e-6,0,16,2,9935.44529,2.986640169
06N030662,2017,Slight,Male,36 - 45,0,0,Urban area,More deprived 40-50%,5,2,1,Single carriageway,30,1,Daylight,0,0,0,Non-trunk,0,0,0,0,Neither,Did not impact,2017-05-23,20:10:00,Tuesday,Bury,E08000002,Rural,53.574128,-2.361127,E01005000,41.84281843,45,588,41,227,223,97,765,30,130,114,99,25,4,7,7,216,133,12.9295948,1471,113.77,125,232,108,95,19,8,2,1,216,10,0,6,4,2,462,43,5,15,5,1.507999861,1.32e-6,0,16,2,9836.237908,2.146569803
06N030669,2017,Severe/Fatal,Male,66 - 75,0,1,Urban area,More deprived 10-20%,2,2,1,Roundabout,30,0,Daylight,0,0,0,Non-trunk,0,0,0,0,Neither,Front,2017-05-18,10:15:00,Thursday,Bury,E08000002,Urban,53.539526,-2.27173,E01004973,39.61848958,39,652,121,321,168,42,837,55,69,161,73,15,2,3,7,354,98,73.21005216,1544,21.09,179,228,118,94,22,6,3,1,354,24,6,29,8,0,339,34,12,31,5,0.276114086,1.3e-6,0,7,4,4114.092487,0.72406147
06N031146,2017,Severe/Fatal,Male,36 - 45,0,0,Urban area,More deprived 30-40%,4,2,1,Single carriageway,30,1,Daylight,0,0,0,Non-trunk,0,0,0,0,Neither,Front,2017-06-01,20:15:00,Thursday,Bury,E08000002,Urban,53.600599,-2.339548,E01005053,39.71815182,42,633,76,282,220,55,765,56,134,107,103,24,5,4,10,219,103,21.11509799,1530,72.46,159,245,122,82,16,3,2,4,219,9,0,13,10,1,428,41,8,29,4,0.466619226,6.36e-7,0,20,2,3433.748002,1.411713462
06N031342,2017,Slight,Male,36 - 45,0,0,Urban area,More deprived 20-30%,3,2,1,Dual carriageway,30,0,Daylight,0,0,0,Non-trunk,0,0,0,0,Neither,Offside,2017-06-09,17:50:00,Friday,Bury,E08000002,Urban,53.526117,-2.278855,E01005036,42.94766547,44,1067,395,451,173,48,974,81,100,195,93,25,5,9,11,354,101,47.95548028,1982,41.33,543,306,103,72,36,8,0,0,354,56,3,32,8,3,399,29,16,67,6,0.194841659,4.7e-7,1,21,22,7220.537101,1.644864972
06N031772,2017,Slight,Male,36 - 45,0,0,Urban area,More deprived 10-20%,2,2,1,Dual carriageway,30,0,Daylight,0,0,0,Non-trunk,0,0,0,0,Neither,Nearside,2017-05-19,15:55:00,Friday,Bury,E08000002,Urban,53.5969,-2.289837,E01004980,36.62886598,36,644,245,297,83,19,627,142,76,80,94,9,8,3,2,107,106,73.84459116,1454,19.69,258,196,81,49,26,18,8,7,107,17,3,31,20,4,300,35,9,94,10,0.712672177,3.69e-6,0,9,8,4935.637827,0.74908835
06N032715,2017,Slight,Male,46 - 55,0,0,Urban area,More deprived 40-50%,5,2,1,Dual carriageway,30,0,Daylight,0,0,0,Non-trunk,0,0,0,0,Neither,Offside,2017-07-05,11:30:00,Wednesday,Bury,E08000002,Urban,53.590434,-2.295096,E01005024,31.11940299,30,1000,458,422,98,22,1006,175,107,89,151,25,7,7,8,278,159,34.72276838,2649,76.29,366,263,118,86,73,56,19,19,278,40,10,80,27,0,336,49,9,154,20,1.499704129,1.96e-6,0,31,84,10882.24289,3.712663704
06N033540,2017,Slight,Male,16 - 20,1,0,Urban area,More deprived 30-40%,4,2,1,Dual carriageway,30,0,Daylight,1,1,0,Non-trunk,0,0,0,0,Neither,Offside,2017-07-28,13:22:00,Friday,Bury,E08000002,Urban,53.594101,-2.309309,E01004948,39.71589744,40,839,300,336,166,37,812,129,140,95,100,19,1,5,5,198,120,19.68023562,1871,95.07,353,224,120,100,32,6,2,4,198,10,4,29,21,4,409,40,11,75,8,3.252519769,3.41e-6,0,16,2,9935.44529,2.986640169
06N033704,2017,Slight,Female,36 - 45,0,0,Rural,Less deprived 30-40%,7,2,1,Single carriageway,30,0,Daylight,0,0,0,Non-trunk,1,0,0,0,Neither,Nearside,2017-08-04,16:20:00,Friday,Bury,E08000002,Urban,53.619043,-2.2954310000000002,E01004982,48.33404407,53,655,85,263,224,83,691,43,125,89,86,29,6,1,3,213,96,11.12523364,1488,133.75,179,272,96,69,27,6,2,1,213,2,2,13,9,2,385,21,3,32,6,1.422291116,1.06e-6,0,11,0,2643.550608,1.418874278
06N033865,2017,Slight,Male,11 - 15,1,0,Urban area,Less deprived 20-30%,8,2,1,Single carriageway,30,0,Daylight,0,0,0,Non-trunk,1,0,0,0,Neither,Nearside,2017-08-12,16:25:00,Saturday,Bury,E08000002,Urban,53.551458,-2.296062,E01004989,44.35289958,46,570,58,235,210,67,683,43,59,120,57,15,7,4,7,320,51,37.55285412,1421,37.84,147,210,102,80,20,7,3,2,320,23,2,3,2,1,283,20,3,21,8,0.706807581,1.85e-6,0,22,9,4633.853746,1.819473553
06N034287,2017,Slight,Male,16 - 20,1,0,Urban area,Less deprived 40-50%,6,2,1,Single carriageway,30,0,Daylight,0,0,0,Non-trunk,0,1,0,0,Neither,Offside,2017-08-22,14:45:00,Tuesday,Bury,E08000002,Urban,53.592431,-2.312122,E01004948,39.71589744,40,839,300,336,166,37,812,129,140,95,100,19,1,5,5,198,120,19.68023562,1871,95.07,353,224,120,100,32,6,2,4,198,10,4,29,21,4,409,40,11,75,8,3.252519769,3.41e-6,0,16,2,9935.44529,2.986640169
06N034890,2017,Slight,Male,16 - 20,1,0,Urban area,Most deprived 10%,1,2,1,Single carriageway,20,0,Daylight,1,1,1,Non-trunk,0,1,0,0,Neither,Front,2017-09-07,15:10:00,Thursday,Bury,E08000002,Rural,53.545558,-2.263408,E01004969,43.69294342,47,711,165,298,197,51,700,22,94,162,60,17,8,10,3,204,120,5.781609195,1509,261,297,221,104,62,17,8,0,1,204,11,1,43,7,2,380,22,4,22,5,2.765777653,1.06e-6,0,18,1,5941.524681,3.66580661
06N035427,2017,Severe/Fatal,Male,36 - 45,0,0,Urban area,Most deprived 10%,1,2,1,Single carriageway,30,0,Darkness - lights lit,1,1,0,Non-trunk,0,0,0,0,Neither,Front,2017-09-12,20:20:00,Tuesday,Bury,E08000002,Urban,53.596743,-2.309675,E01004964,37.30984456,35,839,233,410,160,36,932,168,116,106,141,25,2,4,5,237,128,46.26530102,1852,40.03,315,267,137,85,24,10,1,2,237,20,1,35,26,0,453,43,15,93,8,2.249194312,5.61e-6,0,16,4,8346.767417,2.182492503
06N037505,2017,Severe/Fatal,Male,16 - 20,1,0,Urban area,Less deprived 20-30%,8,2,1,Dual carriageway,30,0,Darkness - lights lit,0,0,0,Non-trunk,0,0,0,0,Neither,Front,2017-11-15,16:17:00,Wednesday,Bury,E08000002,Urban,53.591754,-2.302901,E01005027,36.32961783,36,688,220,320,114,34,806,166,102,80,91,22,3,5,9,209,119,27.09940329,1862,68.71,241,170,104,64,45,42,12,9,209,16,5,55,10,2,356,27,9,105,13,2.437379298,3.58e-6,1,94,58,8208.050915,3.723106631
06N037973,2017,Slight,Female,46 - 55,0,0,Urban area,More deprived 40-50%,5,2,1,Single carriageway,30,0,Daylight,1,1,0,Non-trunk,0,0,0,0,Neither,Did not impact,2017-11-28,08:15:00,Tuesday,Bury,E08000002,Urban,53.604951,-2.294608,E01004978,37.17795087,37,658,125,309,176,48,769,108,95,101,98,29,6,4,5,188,135,52.42800678,1857,35.42,163,204,107,96,36,28,13,11,188,18,3,27,9,0,389,44,12,63,14,1.421580809,3.97e-6,0,14,2,2110.047227,1.490226052
06N038454,2017,Severe/Fatal,Male,66 - 75,0,1,Urban area,Less deprived 30-40%,7,3,1,Single carriageway,30,0,Daylight,0,0,0,Non-trunk,0,1,0,0,Neither,Front,2017-12-19,13:30:00,Tuesday,Bury,E08000002,Urban,53.570626,-2.294203,E01005060,41.1982808,42,735,120,335,225,55,793,81,142,122,102,19,4,2,6,201,114,18.85397412,1734,91.97,240,242,105,91,29,19,4,5,201,6,0,29,9,1,476,31,8,31,3,1.206247924,1.31e-6,0,10,7,2470.341764,3.337402941
06N038485,2017,Slight,Male,16 - 20,1,0,Urban area,More deprived 40-50%,5,2,1,Single carriageway,30,0,Daylight,0,1,0,Non-trunk,1,1,1,0,In carriageway,Front,2017-12-23,14:33:00,Saturday,Bury,E08000002,Urban,53.581084,-2.342971,E01005006,43.11430356,48,807,93,291,316,107,1022,42,188,122,144,35,6,7,8,347,123,11.40632933,2022,177.27,174,298,149,140,37,9,0,1,347,8,2,18,6,2,551,43,2,35,7,2.186067622,1.24e-6,0,27,1,8108.475333,3.864378022
06N038803,2017,Slight,Male,16 - 20,1,0,Urban area,More deprived 40-50%,5,2,1,Single carriageway,30,1,Daylight,1,1,0,Non-trunk,0,1,0,0,Neither,Nearside,2017-11-16,08:40:00,Thursday,Bury,E08000002,Urban,53.58103,-2.30296,E01005025,40.76705277,41,715,171,317,185,42,769,121,111,79,115,19,1,7,3,200,113,19.84563209,1697,85.51,228,236,125,68,33,14,10,3,200,6,4,32,16,3,382,33,7,77,10,2.472044286,2.9e-6,0,17,4,4797.377651,2.075288256
06N309881,2017,Slight,Male,36 - 45,0,0,Urban area,More deprived 20-30%,3,2,1,Single carriageway,30,0,Daylight,1,1,0,Non-trunk,0,0,0,0,Neither,Front,2017-06-05,16:55:00,Monday,Bury,E08000002,Urban,53.570904,-2.294296,E01005060,41.1982808,42,735,120,335,225,55,793,81,142,122,102,19,4,2,6,201,114,18.85397412,1734,91.97,240,242,105,91,29,19,4,5,201,6,0,29,9,1,476,31,8,31,3,1.206247924,1.31e-6,0,10,7,2470.341764,3.337402941
06P026618,2017,Slight,Male,46 - 55,0,0,Urban area,Less deprived 30-40%,7,2,1,Single carriageway,30,0,Daylight,0,0,0,Non-trunk,0,0,0,0,Neither,Nearside,2017-01-17,08:30:00,Tuesday,Rochdale,E08000005,Urban,53.539844,-2.201899,E01005549,44.03846154,48,593,43,226,241,83,749,53,81,146,52,11,6,8,10,277,105,27.77678091,1548,55.73,110,211,128,100,33,3,5,2,277,4,3,27,5,4,389,14,3,19,4,1.782051059,3.2e-6,0,7,2,1863.489244,1.349662955
06P026729,2017,Slight,Male,46 - 55,0,0,Rural,Less deprived 30-40%,7,2,1,Single carriageway,30,0,Daylight,0,0,0,Non-trunk,0,0,0,0,Neither,Offside,2017-02-09,14:25:00,Thursday,Rochdale,E08000005,Urban,53.608304,-2.107947,E01005556,41.65149545,45,698,166,292,181,59,750,79,119,116,84,21,5,4,4,207,111,32.86021505,1528,46.5,218,255,133,73,16,1,2,1,207,36,6,17,3,3,377,34,9,55,4,0.458899009,9.8e-7,1,23,4,4671.124822,1.813350674
06P027229,2017,Slight,Male,36 - 45,0,0,Urban area,Most deprived 10%,1,2,1,Single carriageway,30,0,Daylight,0,0,0,Non-trunk,1,0,0,0,Neither,Offside,2017-02-08,17:10:00,Wednesday,Rochdale,E08000005,Urban,53.623465,-2.144469,E01033258,29.38347261,28,465,147.5,195.5,86,36,550,140,59.5,68,81,29,11,4,8.5,80.5,68.5,88.37928369,1715,19.405,86,78,67,76.5,76.5,34.5,22,22.5,80.5,13.5,8,27,23,3.5,277.5,45.5,2.5,51.5,16.5,0.762257876,1.95e-6,0,12,9,4551.337336,1.286265006
06P028346,2017,Severe/Fatal,Male,11 - 15,1,0,Urban area,More deprived 20-30%,3,2,1,Single carriageway,30,0,Daylight,0,0,0,Non-trunk,0,0,0,0,Neither,Front,2017-04-03,11:45:00,Monday,Rochdale,E08000005,Rural,53.565975,-2.225789,E01005554,39.61016949,40,878,125,381,308,64,1118,39,154,265,145,26,13,10,15,289,162,6.87227196,2157,313.87,233,279,185,129,34,5,8,3,289,3,2,65,15,3,656,44,10,24,8,5.415541857,1.72e-6,0,24,0,12816.83698,7.223836561
06P028669,2017,Slight,Female,46 - 55,0,0,Urban area,Less deprived 30-40%,7,2,1,Roundabout,30,0,Daylight,0,1,0,Non-trunk,0,0,0,0,Neither,Did not impact,2017-03-29,12:20:00,Wednesday,Rochdale,E08000005,Urban,53.571732,-2.175308,E01005479,40.01614531,41,786,131,345,243,67,895,50,184,168,89,18,16,5,5,225,135,14.52193724,1976,136.07,191,283,143,110,37,14,4,2,225,4,9,46,6,4,498,49,5,44,8,2.660297854,1.97e-6,0,19,3,12391.40224,3.332697483
06P031112,2017,Slight,Male,46 - 55,0,0,Urban area,More deprived 20-30%,3,2,1,Single carriageway,30,1,Daylight,0,0,0,Non-trunk,0,0,1,0,In carriageway,Nearside,2017-05-19,13:50:00,Friday,Rochdale,E08000005,Urban,53.636159,-2.126092,E01005595,42.89785344,46,747,344,293,89,21,493,57,143,55,46,24,9,4,4,80,71,60.03616637,1328,22.12,430,164,84,45,10,12,3,0,80,1,5,28,22,2,265,34,7,47,3,0.100476896,4.51e-7,0,14,4,2029.091866,1.280937971
06P031724,2017,Slight,Male,46 - 55,0,0,Urban area,More deprived 10-20%,2,3,1,Single carriageway,30,1,Daylight,0,0,0,Non-trunk,0,1,0,0,Neither,Offside,2017-06-14,07:45:00,Wednesday,Rochdale,E08000005,Rural,53.565104,-2.183132,E01005543,43.28,46,515,74,218,185,38,590,42,103,118,61,20,6,5,2,128,105,4.015406837,1251,311.55,142,190,92,57,27,3,3,1,128,1,1,20,12,4,350,37,5,27,5,6.717684242,2.16e-6,0,36,7,8105.227727,4.622961031
06P033480,2017,Slight,Male,11 - 15,1,0,Urban area,More deprived 20-30%,3,2,1,Single carriageway,30,0,Daylight,1,1,0,Non-trunk,0,0,0,0,Neither,Offside,2017-07-28,15:30:00,Friday,Rochdale,E08000005,Urban,53.554832,-2.209639,E01005553,37.44171779,36,768,293,318,125,32,761,92,122,159,84,15,5,3,12,121,148,70.77831828,2037,28.78,195,231,141,107,58,26,8,3,121,4,4,109,16,7,376,52,7,61,6,0.074619068,2.6e-7,0,5,4,3463.097424,1.117201007
06P033559,2017,Severe/Fatal,Male,16 - 20,1,0,Urban area,More deprived 10-20%,2,3,1,Single carriageway,30,0,Daylight,1,1,0,Non-trunk,0,0,0,0,Neither,Front,2017-07-28,16:25:00,Friday,Rochdale,E08000005,Urban,53.652649,-2.100285,E01005518,39.65425532,40,674,115,304,197,58,733,56,65,123,112,43,11,9,8,166,140,2.034816841,1592,782.38,180,254,120,84,19,14,2,0,166,2,8,16,6,7,453,31,5,34,8,8.808980402,1.13e-6,0,26,2,19539.16592,3.758383541
06P033845,2017,Slight,Male,16 - 20,1,0,Urban area,Less deprived 20-30%,8,2,1,Single carriageway,30,0,Daylight,0,0,0,Non-trunk,1,0,0,0,Neither,Front,2017-08-10,16:10:00,Thursday,Rochdale,E08000005,Urban,53.608288,-2.147847,E01005564,31.45889187,30,736,269,336,108,23,758,223,59,94,74,26,4,8,10,132,128,54.64852608,2410,44.1,163,168,116,94,85,56,28,25,132,12,19,40,33,1,338,46,5,104,24,0.962432925,2.17e-6,0,19,9,6837.756758,1.46330924
06P033878,2017,Slight,Male,26 - 35,0,0,Urban area,More deprived 30-40%,4,2,1,Roundabout,30,0,Daylight,0,0,0,Non-trunk,0,0,0,0,Neither,Nearside,2017-08-02,08:20:00,Wednesday,Rochdale,E08000005,Urban,53.633588,-2.133948,E01005595,42.89785344,46,747,344,293,89,21,493,57,143,55,46,24,9,4,4,80,71,60.03616637,1328,22.12,430,164,84,45,10,12,3,0,80,1,5,28,22,2,265,34,7,47,3,0.100476896,4.51e-7,0,14,4,2029.091866,1.280937971
06P034952,2017,Severe/Fatal,Male,46 - 55,0,0,Urban area,Most deprived 10%,1,2,1,Single carriageway,30,0,Daylight,0,0,0,Non-trunk,0,0,0,0,Neither,Back,2017-09-10,08:30:00,Sunday,Rochdale,E08000005,Urban,53.596053,-2.170076,E01005478,40.78712556,41,669,165,283,175,46,662,73,157,104,46,14,6,4,5,147,106,8.671435592,1588,183.13,191,230,125,69,40,4,6,2,147,1,5,30,9,1,369,38,3,52,4,1.286999205,6.98e-7,0,26,1,9489.443702,4.118494773
06P035780,2017,Severe/Fatal,Male,Over 75,0,1,Urban area,More deprived 10-20%,2,2,1,Single carriageway,30,0,Daylight,0,0,0,Non-trunk,0,0,0,0,Neither,Nearside,2017-10-02,10:00:00,Monday,Rochdale,E08000005,Urban,53.598884,-2.142329,E01005469,38.01897321,39,687,155,304,175,53,794,159,116,94,78,23,16,4,11,152,141,60.51145799,1822,30.11,181,199,133,86,48,25,10,6,152,3,7,27,20,2,439,45,6,84,11,0,0,0,12,6,4222.855103,0.884276782
06P036873,2017,Slight,Male,26 - 35,0,0,Urban area,Less deprived 30-40%,7,2,1,Dual carriageway,30,1,Darkness - lights lit,0,0,0,Non-trunk,0,0,0,0,Neither,Front,2017-10-30,17:30:00,Monday,Rochdale,E08000005,Urban,53.626388,-2.142664,E01005581,32.8285877,31,721,289,317,85,30,654,120,117,74,84,31,8,5,7,95,113,66.52056642,1973,29.66,249,159,99,74,79,33,14,13,95,13,11,36,36,1,337,54,4,55,10,0.231454287,7.75e-7,0,12,4,3030.904147,2.163863036
06P037348,2017,Slight,Male,11 - 15,1,0,Urban area,More deprived 10-20%,2,2,1,Single carriageway,30,0,Darkness - lights lit,0,0,0,Non-trunk,1,0,0,0,Neither,Back,2017-11-06,20:00:00,Monday,Rochdale,E08000005,Urban,53.645326,-2.098286,E01005522,41.18972033,42,769,252,373,120,24,746,106,59,88,118,55,15,4,5,187,109,54.98332716,1484,26.99,362,234,100,47,18,7,2,0,187,1,22,21,11,2,362,23,11,97,10,0,0,1,15,6,3424.485407,1.243394049
06P037492,2017,Slight,Male,36 - 45,0,0,Urban area,Less deprived 10-20%,9,2,1,Single carriageway,30,0,Daylight,0,0,0,Non-trunk,0,0,0,0,Neither,Front,2017-10-08,08:10:00,Sunday,Rochdale,E08000005,Urban,53.553839,-2.196698,E01005539,41.01789264,42,667,279,275,101,12,534,85,85,115,48,6,3,3,4,96,89,28.00085434,1311,46.82,312,201,86,36,23,8,0,1,96,2,5,59,12,1,263,29,2,61,5,0.628310924,1.35e-6,0,35,14,7724.257178,2.765546267
06P037498,2017,Slight,Male,26 - 35,0,0,Urban area,Less deprived 30-40%,7,2,1,Single carriageway,30,0,Darkness - lights lit,0,0,0,Non-trunk,0,0,0,0,Neither,Nearside,2017-11-07,16:40:00,Tuesday,Rochdale,E08000005,Urban,53.590776,-2.176611,E01005477,37.59251221,36,850,361,335,133,21,768,94,204,129,66,16,5,3,4,151,96,39.62855225,1771,44.69,359,228,161,66,27,4,3,3,151,2,15,51,37,1,370,46,11,80,7,1.418822509,3.19e-6,1,26,8,7284.256774,2.423859571
06Q026120,2017,Slight,Male,16 - 20,1,0,Urban area,Less deprived 20-30%,8,2,1,Single carriageway,50,0,Daylight,0,0,0,Non-trunk,0,0,0,0,Neither,Back,2017-01-21,15:20:00,Saturday,Oldham,E08000004,Rural,53.582672,-1.983587,E01005414,45.10127532,49,560,31,194,225,110,698,14,44,140,101,31,9,6,7,232,114,0.721949426,1335,1849.16,138,218,97,85,14,8,0,1,232,1,2,8,0,1,393,23,6,25,7,4.328356715,2.35e-7,0,50,1,9290.407503,17.5240866
06Q027365,2017,Slight,Male,46 - 55,0,0,Small town,Less deprived 40-50%,6,2,1,Single carriageway,30,0,Daylight,1,1,0,Non-trunk,0,0,0,0,Neither,Front,2017-02-02,09:20:00,Thursday,Oldham,E08000004,Urban,53.543133,-2.131684,E01005352,31.81721195,31,467,206,180,67,14,449,112,57,68,45,14,22,8,6,63,54,84.51327434,1528,18.08,140,88,45,63,51,43,22,15,63,29,3,23,6,1,188,62,6,58,7,0.072685298,4.03e-7,0,5,7,3432.589919,0.292045204
06Q029351,2017,Slight,Male,36 - 45,0,0,Urban area,More deprived 10-20%,2,2,1,Single carriageway,30,0,Daylight,0,0,0,Non-trunk,0,0,0,0,Neither,Offside,2017-03-06,07:50:00,Monday,Oldham,E08000004,Urban,53.547655,-2.15334,E01005327,40.55225359,41,776,204,328,201,43,855,109,153,117,78,7,9,4,9,231,138,42.08948833,1966,46.71,254,220,132,105,41,20,5,3,231,11,2,26,11,3,454,37,4,64,8,1.567688616,3.36e-6,0,8,5,3472.29957,1.274716072
06Q029409,2017,Slight,Female,11 - 15,1,0,Urban area,Less deprived 20-30%,8,2,1,Single carriageway,40,0,Daylight,0,0,0,Non-trunk,0,0,0,0,Neither,Offside,2017-04-01,15:15:00,Saturday,Oldham,E08000004,Urban,53.554592,-2.140021,E01005340,36.76714189,36,626,221,270,107,28,590,107,121,70,42,21,7,9,7,104,102,47.8885894,1599,33.39,220,141,106,81,39,23,10,6,104,11,9,15,13,6,313,45,2,61,10,0.727630867,2.15e-6,0,15,6,4904.319035,0.960104873
06Q029478,2017,Slight,Male,11 - 15,1,0,Urban area,More deprived 20-30%,3,2,1,Single carriageway,30,1,Darkness - lights lit,0,1,0,Non-trunk,1,0,0,0,Neither,Front,2017-03-30,21:00:00,Thursday,Oldham,E08000004,Urban,53.516057000000004,-2.142232,E01005376,36.45668746,34,574,205,255,105,9,542,79,125,83,49,7,3,3,5,87,101,32.96803653,1444,43.8,180,159,98,74,29,24,5,4,87,19,4,39,14,2,279,40,5,48,7,1.762186775,4.03e-6,0,17,22,5732.143947,2.351364561
06Q030990,2017,Slight,Male,46 - 55,0,0,Urban area,More deprived 30-40%,4,2,1,Single carriageway,30,0,Daylight,0,0,0,Non-trunk,1,0,0,0,Neither,Front,2017-05-06,12:00:00,Saturday,Oldham,E08000004,Urban,53.509877,-2.159929,E01005371,35.64940828,35,603,215,265,106,17,686,70,125,168,63,6,5,1,2,157,89,42.9655575,1472,34.26,194,179,101,83,25,13,6,1,157,48,1,53,9,5,298,24,8,67,10,0.694561523,2.03e-6,0,15,7,6131.675572,1.841833585
06Q031108,2017,Slight,Male,26 - 35,0,0,Urban area,More deprived 40-50%,5,2,1,Single carriageway,30,0,Daylight,0,0,0,Non-trunk,0,0,0,0,Neither,Front,2017-05-25,08:50:00,Thursday,Oldham,E08000004,Urban,53.555063,-2.120415,E01005402,40.84839858,42,664,161,295,165,43,735,189,104,79,56,21,16,6,4,163,97,45.57804269,1644,36.07,225,180,129,67,29,11,17,4,163,10,0,20,13,3,359,47,2,105,9,0.527241939,1.46e-6,0,2,0,1728.875409,0.317399564
06Q031183,2017,Slight,Male,46 - 55,0,0,Urban area,More deprived 40-50%,5,2,1,Single carriageway,30,0,Daylight,0,0,0,Non-trunk,0,0,0,0,Neither,Front,2017-05-20,09:12:00,Saturday,Oldham,E08000004,Urban,53.554458,-2.104473,E01005397,42.72130014,44,610,131,292,155,32,660,123,122,92,71,16,2,4,7,123,100,10.77834591,1328,123.21,208,207,115,55,20,5,0,1,123,12,1,23,6,5,378,44,9,56,4,1.344701153,1.08e-6,0,18,2,6905.028725,2.479976353
06Q031691,2017,Severe/Fatal,Male,Over 75,0,1,Urban area,Most deprived 10%,1,2,1,Single carriageway,30,0,Daylight,0,0,0,Non-trunk,1,0,0,0,Neither,Front,2017-05-14,17:20:00,Sunday,Oldham,E08000004,Urban,53.563834,-2.102972,E01005397,42.72130014,44,610,131,292,155,32,660,123,122,92,71,16,2,4,7,123,100,10.77834591,1328,123.21,208,207,115,55,20,5,0,1,123,12,1,23,6,5,378,44,9,56,4,1.344701153,1.08e-6,0,18,2,6905.028725,2.479976353
06Q032007,2017,Slight,Male,36 - 45,0,0,Urban area,Less deprived 40-50%,6,2,1,Single carriageway,30,0,Daylight,1,1,0,Non-trunk,0,0,0,0,Neither,Did not impact,2017-06-22,08:53:00,Thursday,Oldham,E08000004,Urban,53.561793,-2.103827,E01005397,42.72130014,44,610,131,292,155,32,660,123,122,92,71,16,2,4,7,123,100,10.77834591,1328,123.21,208,207,115,55,20,5,0,1,123,12,1,23,6,5,378,44,9,56,4,1.344701153,1.08e-6,0,18,2,6905.028725,2.479976353
06Q032701,2017,Slight,Male,11 - 15,1,0,Urban area,More deprived 20-30%,3,2,1,Dual carriageway,30,0,Daylight,0,0,0,Non-trunk,0,0,0,0,Neither,Nearside,2017-07-13,08:15:00,Thursday,Oldham,E08000004,Urban,53.52649,-2.136626,E01005342,43.0121673,46,730,308,284,109,29,596,82,134,80,67,9,6,4,2,89,123,61.96963799,1592,25.69,334,191,82,49,26,18,24,3,89,34,2,29,11,2,327,44,5,46,9,0.056353592,2.2e-7,1,7,7,3867.384577,0.906153531
06Q032733,2017,Severe/Fatal,Male,11 - 15,1,0,Urban area,Less deprived 10-20%,9,2,1,Single carriageway,30,1,Daylight,0,0,0,Non-trunk,0,0,0,0,Neither,Nearside,2017-07-05,14:43:00,Wednesday,Oldham,E08000004,Urban,53.554906,-2.155072,E01005336,44.94386423,49,630,72,275,220,63,728,64,138,113,68,15,6,8,5,185,126,40.50599201,1521,37.55,159,236,102,94,27,10,0,2,185,5,10,14,5,0,429,39,6,33,3,0.829030996,2.23e-6,0,21,5,3300.572176,0.982164194
06Q033268,2017,Severe/Fatal,Female,36 - 45,0,0,Urban area,Less deprived 20-30%,8,2,1,Single carriageway,40,0,Daylight,1,0,0,Trunk (Roads managed by Highways England),0,0,0,0,Neither,Front,2017-07-22,16:30:00,Saturday,Oldham,E08000004,Urban,53.522382,-2.165165,E01005345,41.58461538,43,617,103,290,176,48,703,63,121,114,65,7,9,3,5,187,129,23.62836032,1503,63.61,159,225,103,93,28,6,4,2,187,12,11,25,6,1,392,27,2,32,9,1.385929738,2.17e-6,0,13,2,6562.04904,1.216560266
06Q034010,2017,Slight,Male,36 - 45,0,0,Urban area,Most deprived 10%,1,2,1,Single carriageway,30,0,Daylight,0,0,0,Non-trunk,0,0,0,0,Neither,Front,2017-08-11,07:39:00,Friday,Oldham,E08000004,Urban,53.519763,-2.140163,E01005376,36.45668746,34,574,205,255,105,9,542,79,125,83,49,7,3,3,5,87,101,32.96803653,1444,43.8,180,159,98,74,29,24,5,4,87,19,4,39,14,2,279,40,5,48,7,1.762186775,4.03e-6,0,17,22,5732.143947,2.351364561
06Q034575,2017,Slight,Male,6 - 10,1,0,Urban area,Less deprived 10-20%,9,2,1,Single carriageway,20,1,Daylight,0,0,0,Non-trunk,0,0,0,0,Neither,Front,2017-09-01,16:35:00,Friday,Oldham,E08000004,Urban,53.585321,-2.097632,E01005357,48.29719764,53,615,81,268,207,59,611,56,108,111,53,23,8,5,8,151,88,10.51236749,1428,135.84,168,244,83,87,26,4,3,0,151,12,3,6,5,1,378,25,6,23,2,0,0,0,24,0,2577.018224,0
06Q035680,2017,Slight,Female,66 - 75,0,1,Urban area,More deprived 20-30%,3,2,1,Roundabout,30,0,Darkness - lights unlit,1,0,0,Non-trunk,0,0,0,0,Neither,Front,2017-10-02,07:30:00,Monday,Oldham,E08000004,Urban,53.508569,-2.156924,E01005371,35.64940828,35,603,215,265,106,17,686,70,125,168,63,6,5,1,2,157,89,42.9655575,1472,34.26,194,179,101,83,25,13,6,1,157,48,1,53,9,5,298,24,8,67,10,0.694561523,2.03e-6,0,15,7,6131.675572,1.841833585
06Q035870,2017,Slight,Male,36 - 45,0,0,Urban area,More deprived 20-30%,3,2,1,Single carriageway,30,0,Daylight,0,0,0,Non-trunk,0,0,0,0,Neither,Front,2017-09-28,16:50:00,Thursday,Oldham,E08000004,Urban,53.543409,-2.134099,E01005352,31.81721195,31,467,206,180,67,14,449,112,57,68,45,14,22,8,6,63,54,84.51327434,1528,18.08,140,88,45,63,51,43,22,15,63,29,3,23,6,1,188,62,6,58,7,0.072685298,4.03e-7,0,5,7,3432.589919,0.292045204
06Q035897,2017,Severe/Fatal,Male,56 - 65,0,0,Urban area,Less deprived 10-20%,9,2,1,Single carriageway,30,1,Darkness - lights lit,1,1,0,Non-trunk,0,0,0,0,Neither,Back,2017-10-11,18:36:00,Wednesday,Oldham,E08000004,Urban,53.545204,-2.119738,E01005349,27.22466614,25,590,243,231,88,28,671,153,86,77,80,31,35,20,11,89,89,101.9528072,2506,24.58,68,65,80,120,95,80,43,39,89,40,3,22,23,0,271,117,2,83,22,0.910047273,3.7e-6,0,9,0,3490.567255,1.214458728
06Q036669,2017,Slight,Male,56 - 65,0,0,Urban area,Most deprived 10%,1,2,1,Single carriageway,30,0,Daylight,0,0,0,Non-trunk,1,0,0,0,Neither,Front,2017-10-29,11:38:00,Sunday,Oldham,E08000004,Urban,53.537848,-2.081709,E01005451,36.00412655,37,495,78,225,140,52,594,79,114,80,54,20,2,5,2,132,106,48.35886214,1547,31.99,105,143,64,74,42,29,24,12,132,14,0,18,18,3,320,47,3,33,9,1.337462964,4.26e-6,0,4,4,3051.011485,0.618488377
06Q037467,2017,Severe/Fatal,Male,26 - 35,0,0,Urban area,Most deprived 10%,1,2,1,Dual carriageway,30,0,Darkness - lights lit,0,1,0,Non-trunk,0,0,0,0,Neither,Offside,2017-11-16,17:10:00,Thursday,Oldham,E08000004,Urban,53.525707,-2.137226,E01005381,34.5619095,33,755,293,324,114,24,665,87,138,115,60,20,9,6,6,116,108,61.45146089,1956,31.83,280,174,105,84,62,27,14,12,116,10,2,65,17,2,311,57,7,74,3,0.678750235,2.13e-6,0,13,6,5620.535748,2.138280521
06Q038187,2017,Slight,Male,26 - 35,0,0,Urban area,More deprived 10-20%,2,2,1,Single carriageway,30,0,Daylight,1,1,0,Non-trunk,0,0,0,0,Neither,Did not impact,2017-12-04,08:40:00,Monday,Oldham,E08000004,Urban,53.54211,-2.13823,E01005328,36.72812135,35,747,361,266,99,21,567,128,98,96,46,14,15,5,9,65,91,36.03784981,1790,49.67,337,165,72,69,40,39,18,7,65,45,1,35,17,3,271,51,3,65,11,0,0,0,31,4,7170.115917,1.184062024
06Q038290,2017,Severe/Fatal,Male,56 - 65,0,0,Urban area,More deprived 10-20%,2,2,1,Single carriageway,30,0,Darkness - lights lit,0,0,0,Non-trunk,1,0,0,0,Neither,Offside,2017-12-08,18:00:00,Friday,Oldham,E08000004,Urban,53.510164,-2.153838,E01005363,38.67806604,37,842,270,378,151,43,847,85,128,165,74,5,8,7,6,242,127,58.32784727,1772,30.38,330,268,126,83,16,13,1,3,242,21,3,58,16,1,387,33,14,65,7,0.601733294,1.99e-6,0,8,6,3620.027025,0.952423339
06Q038592,2017,Severe/Fatal,Male,56 - 65,0,0,Urban area,Less deprived 20-30%,8,1,2,Single carriageway,40,0,Daylight,0,0,0,Non-trunk,1,0,0,0,Neither,Front,2017-12-24,11:20:00,Sunday,Oldham,E08000004,Urban,53.537964,-2.026847,E01005407,44.83491686,50,751,71,274,307,99,893,47,59,160,118,26,11,9,6,352,105,5.297707101,1719,324.48,200,293,123,113,21,0,0,0,352,3,12,4,3,2,460,27,10,16,5,1.742376464,5.37e-7,1,33,1,18846.91828,7.966118621
06XC34108,2017,Slight,Female,26 - 35,0,0,Rural,More deprived 20-30%,3,2,1,Single carriageway,60,0,Daylight,0,0,0,Non-trunk,0,0,0,0,Neither,Front,2017-08-14,07:36:00,Monday,Manchester,E08000003,Urban,53.359765,-2.290509,E01005316,35.44235751,35,689,209,322,124,34,800,158,143,102,79,13,3,6,11,139,146,2.389128157,1642,687.28,220,204,115,105,33,5,4,1,139,13,3,64,12,3,367,57,49,80,11,7.794086106,1.13e-6,2,117,66,21035.56127,10.14904149
06A140219,2018,Slight,Male,36 - 45,0,0,Urban area,More deprived 30-40%,4,2,1,Single carriageway,30,0,Darkness - lights lit,0,0,0,Non-trunk,0,1,0,0,Neither,Front,2018-02-01,19:10:00,Thursday,Manchester,E08000003,Urban,53.47371,-2.248199,E01033656,23.57295455,23,485,298,166,21,0,892,190,55,75,52,18,16,15,45,391,35,129.6755725,2718,20.96,163,281,37,3,0,0,0,0,391,40,28,59,21,0,104,18,16,203,12,1.787929259,8.48e-6,0,12,59,3974.089098,1.054149882
06A140536,2018,Slight,Male,46 - 55,0,0,Urban area,More deprived 20-30%,3,2,1,Single carriageway,30,0,Daylight,0,0,0,Non-trunk,0,1,0,0,Neither,Front,2018-01-19,14:25:00,Friday,Manchester,E08000003,Urban,53.474713,-2.241214,E01033662,27.49096065,25,967,725,207,31,4,864,156,43,70,59,13,5,13,18,449,38,138.8965517,2014,14.5,498,393,68,7,0,1,0,0,449,35,35,55,12,0,81,8,22,158,8,0.774186249,5.33e-6,1,19,89,2751.929485,1.496405173
06A141766,2018,Severe/Fatal,Male,36 - 45,0,0,Urban area,Less deprived 10-20%,9,2,1,Single carriageway,30,1,Daylight,0,0,0,Non-trunk,0,0,0,0,Neither,Front,2018-03-21,09:15:00,Wednesday,Manchester,E08000003,Urban,53.476762,-2.236811,E01033653,29.28743041,26,1146,865,253,21,7,1139,205,68,77,60,17,10,5,10,598,89,59.26993276,1851,31.23,597,466,67,16,1,0,0,0,598,43,43,58,3,0,112,16,36,219,11,1.692927985,5.52e-6,1,107,453,7402.768836,3.240507463
06A142730,2018,Slight,Male,26 - 35,0,0,Urban area,More deprived 10-20%,2,2,1,Single carriageway,30,0,Daylight,0,0,0,Non-trunk,0,0,0,0,Neither,Did not impact,2018-04-03,16:00:00,Tuesday,Manchester,E08000003,Urban,53.481491,-2.226801,E01033659,30.4703504,29,710,410,253.5,42.5,4,999.5,135.5,76.5,56.5,65.5,9.5,9,7,6.5,587,46.5,136.5543898,1236.5,9.055,251.5,402,47,7,0.5,1,0.5,0,587,24,31,35,8,1,136.5,7,15.5,149,4,0.689303361,3.8e-6,0,20,84,5561.582659,1.993134897
06A142798,2018,Slight,Male,21 - 25,0,0,Urban area,Most deprived 10%,1,2,1,Single carriageway,30,1,Darkness - lights unlit,0,0,0,Non-trunk,1,0,0,0,Neither,Nearside,2018-04-21,20:11:00,Saturday,Manchester,E08000003,Urban,53.4828,-2.246714,E01033658,30.9487666,30,712,531,163,17,1,831,162,64,58,41,10,5,12,10,427,42,22.81132384,1394,61.11,363,307,34,4,2,0,0,1,427,37,33,56,0,1,68,5,17,180,6,2.915548222,4.78e-6,4,100,687,11257.07516,5.344013367
06A143310,2018,Slight,Male,46 - 55,0,0,Urban area,More deprived 40-50%,5,2,1,Single carriageway,30,0,Daylight,0,0,0,Non-trunk,0,0,0,0,Neither,Front,2018-03-14,07:40:00,Wednesday,Manchester,E08000003,Urban,53.475875,-2.230915,E01033654,23.86747199,24,563,379,152,32,0,718,136,40,59,47,18,3,11,25,342,37,64.42446043,1791,27.8,263,263,33,3,0,1,0,0,342,21,28,40,5,0,104,17,22,138,3,2.26222364,8.06e-6,0,26,84,6137.358757,2.721121445
06A143366,2018,Slight,Female,46 - 55,0,0,Small town,More deprived 40-50%,5,2,1,Single carriageway,30,1,Daylight,0,0,0,Non-trunk,0,0,0,0,Neither,Nearside,2018-05-05,17:30:00,Saturday,Manchester,E08000003,Urban,53.475457,-2.251192,E01033683,28.63319459,28,801.5,463,281.5,52,5,902,133.5,63.5,53.5,62.5,20,8,10.5,10,501,39.5,144.2200909,1428.5,9.905,374,360.5,63.5,6,0,0,0,0,501,34,28,18.5,12.5,0,157,7.5,12.5,119.5,9.5,1.759495145,9.05e-6,2,11,35,5263.196108,1.248287521
06A143649,2018,Slight,Male,21 - 25,0,0,Urban area,More deprived 30-40%,4,2,1,Single carriageway,30,0,Daylight,0,1,0,Non-trunk,0,0,1,0,In carriageway,Front,2018-05-09,19:25:00,Wednesday,Manchester,E08000003,Urban,53.474287,-2.242839,E01033677,28.74259681,27,610,371,209,27,3,679,109,36,45,37,11,3,4,6,390,38,39.32844462,1019,25.91,285,268,46,6,2,1,1,1,390,32,29,32,3,3,67,3,3,106,7,0.964170017,3.71e-6,1,37,325,4004.664031,2.691640104
06A143831,2018,Slight,Male,36 - 45,0,0,Urban area,Less deprived 30-40%,7,2,1,Single carriageway,20,0,Daylight,0,0,0,Non-trunk,1,0,0,0,Neither,Nearside,2018-05-17,07:57:00,Thursday,Manchester,E08000003,Urban,53.480375,-2.245932,E01033658,30.9487666,30,712,531,163,17,1,831,162,64,58,41,10,5,12,10,427,42,22.81132384,1394,61.11,363,307,34,4,2,0,0,1,427,37,33,56,0,1,68,5,17,180,6,2.915548222,4.78e-6,4,100,687,11257.07516,5.344013367
06A143943,2018,Slight,Male,36 - 45,0,0,Urban area,Less deprived 40-50%,6,2,1,Single carriageway,20,0,Daylight,0,0,0,Non-trunk,0,0,0,0,Neither,Offside,2018-05-09,09:45:00,Wednesday,Manchester,E08000003,Urban,53.482918,-2.237493,E01033667,32.42880524,30,879,667,186,20,6,1044,212,86,73,67,13,5,12,9,480,87,112.2740964,1491,13.28,389,440,39,10,1,1,0,0,480,47,32,53,6,0,112,9,37,260,8,0.495255755,3.67e-6,0,17,110,3785.454354,1.200398011
06A144553,2018,Slight,Female,26 - 35,0,0,Urban area,More deprived 20-30%,3,2,1,Single carriageway,20,0,Daylight,0,0,0,Non-trunk,1,0,0,0,Neither,Nearside,2018-05-25,09:18:00,Friday,Manchester,E08000003,Urban,53.477976,-2.241006,E01033653,29.28743041,26,1146,865,253,21,7,1139,205,68,77,60,17,10,5,10,598,89,59.26993276,1851,31.23,597,466,67,16,1,0,0,0,598,43,43,58,3,0,112,16,36,219,11,1.692927985,5.52e-6,1,107,453,7402.768836,3.240507463
06A145612,2018,Slight,Male,56 - 65,0,0,Urban area,Least deprived 10%,10,2,1,Single carriageway,30,1,Daylight,0,0,0,Non-trunk,0,0,0,0,Neither,Offside,2018-06-26,06:50:00,Tuesday,Manchester,E08000003,Urban,53.477721,-2.228966,E01033661,32.40400216,29,1201,619,489,87,6,1582,243,135,112,127,18,18,20,6,838,65,35.6527977,1988,55.76,532,570,84,12,3,0,0,0,838,51,53,50,13,0,292,11,30,242,6,1.700048683,3.05e-6,2,27,76,8391.114324,2.601711064
06A145721,2018,Severe/Fatal,Male,46 - 55,0,0,Urban area,More deprived 40-50%,5,2,1,Single carriageway,30,0,Daylight,0,0,0,Non-trunk,1,1,0,0,Neither,Offside,2018-07-04,17:10:00,Wednesday,Manchester,E08000003,Urban,53.475576,-2.249897,E01033683,28.63319459,28,801.5,463,281.5,52,5,902,133.5,63.5,53.5,62.5,20,8,10.5,10,501,39.5,144.2200909,1428.5,9.905,374,360.5,63.5,6,0,0,0,0,501,34,28,18.5,12.5,0,157,7.5,12.5,119.5,9.5,1.759495145,9.05e-6,2,11,35,5263.196108,1.248287521
06A145966,2018,Severe/Fatal,Male,21 - 25,0,0,Urban area,Most deprived 10%,1,2,1,Single carriageway,30,0,Daylight,0,0,0,Non-trunk,0,0,0,0,Neither,Nearside,2018-07-11,08:16:00,Wednesday,Manchester,E08000003,Urban,53.476503,-2.231506,E01033654,23.86747199,24,563,379,152,32,0,718,136,40,59,47,18,3,11,25,342,37,64.42446043,1791,27.8,263,263,33,3,0,1,0,0,342,21,28,40,5,0,104,17,22,138,3,2.26222364,8.06e-6,0,26,84,6137.358757,2.721121445
06A146528,2018,Slight,Male,26 - 35,0,0,Urban area,More deprived 20-30%,3,2,1,Single carriageway,30,0,Daylight,0,0,0,Non-trunk,0,0,0,0,Neither,Nearside,2018-07-27,10:02:00,Friday,Manchester,E08000003,Urban,53.474713,-2.241214,E01033662,27.49096065,25,967,725,207,31,4,864,156,43,70,59,13,5,13,18,449,38,138.8965517,2014,14.5,498,393,68,7,0,1,0,0,449,35,35,55,12,0,81,8,22,158,8,0.774186249,5.33e-6,1,19,89,2751.929485,1.496405173
06A146799,2018,Slight,Male,26 - 35,0,0,Urban area,Most deprived 10%,1,2,1,Single carriageway,30,0,Daylight,0,0,0,Non-trunk,1,1,0,0,Neither,Front,2018-07-16,11:39:00,Monday,Manchester,E08000003,Urban,53.477292,-2.259113,E01033681,32.06413545,30,850,367,428,51,4,1098,163,89,54,49,14,6,14,8,661,40,38.76420869,1330,34.31,415,395,35,5,0,0,0,0,661,21,18,22,6,1,156,10,19,177,8,2.21916639,6.49e-6,0,21,46,6095.436681,2.266261708
06A147742,2018,Severe/Fatal,Male,56 - 65,0,0,Urban area,More deprived 30-40%,4,2,1,Single carriageway,30,0,Daylight,0,0,0,Non-trunk,0,0,0,0,Neither,Front,2018-08-30,17:10:00,Thursday,Manchester,E08000003,Urban,53.475699,-2.23798,E01033662,27.49096065,25,967,725,207,31,4,864,156,43,70,59,13,5,13,18,449,38,138.8965517,2014,14.5,498,393,68,7,0,1,0,0,449,35,35,55,12,0,81,8,22,158,8,0.774186249,5.33e-6,1,19,89,2751.929485,1.496405173
06A147849,2018,Severe/Fatal,Female,46 - 55,0,0,Urban area,More deprived 30-40%,4,2,1,Dual carriageway,30,0,Daylight,0,0,0,Non-trunk,0,1,0,0,Neither,Front,2018-08-24,17:29:00,Friday,Manchester,E08000003,Urban,53.47287,-2.254612,E01033683,28.63319459,28,801.5,463,281.5,52,5,902,133.5,63.5,53.5,62.5,20,8,10.5,10,501,39.5,144.2200909,1428.5,9.905,374,360.5,63.5,6,0,0,0,0,501,34,28,18.5,12.5,0,157,7.5,12.5,119.5,9.5,1.759495145,9.05e-6,2,11,35,5263.196108,1.248287521
06A148084,2018,Slight,Male,26 - 35,0,0,Urban area,Least deprived 10%,10,2,1,Single carriageway,30,0,Daylight,0,0,0,Non-trunk,0,0,0,0,Neither,Front,2018-08-31,18:07:00,Friday,Manchester,E08000003,Urban,53.480847,-2.247924,E01033658,30.9487666,30,712,531,163,17,1,831,162,64,58,41,10,5,12,10,427,42,22.81132384,1394,61.11,363,307,34,4,2,0,0,1,427,37,33,56,0,1,68,5,17,180,6,2.915548222,4.78e-6,4,100,687,11257.07516,5.344013367
06A148493,2018,Slight,Male,36 - 45,0,0,Urban area,More deprived 40-50%,5,2,1,Dual carriageway,30,0,Daylight,1,0,0,Non-trunk,0,0,0,0,Neither,Offside,2018-09-18,08:25:00,Tuesday,Manchester,E08000003,Urban,53.468532,-2.235439,E01005066,31.859,30,509,295,179,26,9,425,110,58,50,28,5,5,1,7,102,59,54.93472585,1052,19.15,260,108,55,45,16,12,7,2,102,10,13,59,12,1,117,12,12,82,6,1.884197527,9.7e-6,0,4,59,3731.849273,1.403032597
06A150053,2018,Slight,Male,21 - 25,0,0,Urban area,More deprived 30-40%,4,2,1,Single carriageway,30,0,Daylight,0,0,0,Non-trunk,0,0,0,0,Neither,Front,2018-10-22,17:15:00,Monday,Manchester,E08000003,Urban,53.477017,-2.239524,E01033653,29.28743041,26,1146,865,253,21,7,1139,205,68,77,60,17,10,5,10,598,89,59.26993276,1851,31.23,597,466,67,16,1,0,0,0,598,43,43,58,3,0,112,16,36,219,11,1.692927985,5.52e-6,1,107,453,7402.768836,3.240507463
06A150122,2018,Slight,Male,36 - 45,0,0,Urban area,More deprived 40-50%,5,2,1,Single carriageway,30,0,Darkness - lights lit,0,0,0,Non-trunk,0,1,0,0,Neither,Offside,2018-10-31,19:35:00,Wednesday,Manchester,E08000003,Urban,53.474749,-2.24135,E01033662,27.49096065,25,967,725,207,31,4,864,156,43,70,59,13,5,13,18,449,38,138.8965517,2014,14.5,498,393,68,7,0,1,0,0,449,35,35,55,12,0,81,8,22,158,8,0.774186249,5.33e-6,1,19,89,2751.929485,1.496405173
06A151032,2018,Severe/Fatal,Female,16 - 20,1,0,Urban area,More deprived 20-30%,3,2,1,Single carriageway,30,0,Daylight,0,1,0,Non-trunk,1,0,0,0,Neither,Front,2018-11-28,12:45:00,Wednesday,Manchester,E08000003,Urban,53.476257,-2.242202,E01033662,27.49096065,25,967,725,207,31,4,864,156,43,70,59,13,5,13,18,449,38,138.8965517,2014,14.5,498,393,68,7,0,1,0,0,449,35,35,55,12,0,81,8,22,158,8,0.774186249,5.33e-6,1,19,89,2751.929485,1.496405173
06A151503,2018,Slight,Male,16 - 20,1,0,Urban area,More deprived 10-20%,2,2,1,Single carriageway,30,0,Darkness - lighting unknown,1,0,0,Non-trunk,0,0,0,0,Neither,Front,2018-12-14,19:45:00,Friday,Manchester,E08000003,Urban,53.47227,-2.249049,E01033656,23.57295455,23,485,298,166,21,0,892,190,55,75,52,18,16,15,45,391,35,129.6755725,2718,20.96,163,281,37,3,0,0,0,0,391,40,28,59,21,0,104,18,16,203,12,1.787929259,8.48e-6,0,12,59,3974.089098,1.054149882
06A151888,2018,Slight,Female,21 - 25,0,0,Urban area,More deprived 40-50%,5,2,1,Roundabout,30,0,Daylight,0,0,0,Non-trunk,1,0,0,0,Neither,Back,2018-12-14,11:52:00,Friday,Manchester,E08000003,Urban,53.471071,-2.246798,E01033656,23.57295455,23,485,298,166,21,0,892,190,55,75,52,18,16,15,45,391,35,129.6755725,2718,20.96,163,281,37,3,0,0,0,0,391,40,28,59,21,0,104,18,16,203,12,1.787929259,8.48e-6,0,12,59,3974.089098,1.054149882
06A239742,2018,Severe/Fatal,Male,36 - 45,0,0,Urban area,Most deprived 10%,1,2,1,Single carriageway,30,1,Daylight,0,1,0,Non-trunk,1,1,0,1,Off carriageway,Offside,2018-01-15,11:30:00,Monday,Manchester,E08000003,Urban,53.508096,-2.241312,E01005145,30.68934316,30,776,248,358,140,30,890,173,126,108,47,7,14,8,12,163,232,156.8146214,3003,19.15,137,124,101,125,118,84,47,40,163,17,8,104,29,3,365,54,9,99,38,0.35565786,1.88e-6,0,5,6,2975.959705,0.350504559
06A242077,2018,Severe/Fatal,Male,16 - 20,1,0,Urban area,Most deprived 10%,1,2,1,Single carriageway,30,1,Daylight,0,0,0,Non-trunk,1,0,0,0,Neither,Front,2018-03-30,14:30:00,Friday,Manchester,E08000003,Urban,53.513461,-2.246108,E01005165,32.93549712,32,886,437,329,90,30,827,129,164,113,65,12,3,11,13,166,151,62.31422505,2348,37.68,406,163,82,69,56,57,25,30,166,52,14,98,12,1,293,46,12,121,13,0.952286485,2.54e-6,0,19,20,5108.148747,0.776287785
06A242821,2018,Slight,Male,36 - 45,0,0,Urban area,Most deprived 10%,1,2,1,Single carriageway,30,0,Daylight,0,0,0,Non-trunk,0,0,0,0,Neither,Front,2018-04-24,08:55:00,Tuesday,Manchester,E08000003,Urban,53.506174,-2.216952,E01005203,33.55587949,34,858,465,330,57,6,651,100,176,97,65,15,4,10,15,89,80,31.46277009,2024,64.33,343,197,129,104,54,17,6,8,89,19,8,160,14,1,248,29,10,67,6,2.122889411,3.32e-6,0,25,9,6970.472567,1.945809671
06A242982,2018,Slight,Male,16 - 20,1,0,Urban area,More deprived 10-20%,2,2,1,Single carriageway,30,0,Darkness - lights lit,0,0,0,Non-trunk,0,0,0,0,Neither,Front,2018-04-16,21:30:00,Monday,Manchester,E08000003,Urban,53.518041,-2.239378,E01005166,33.96760925,33,704,306,269,102,27,680,101,103,98,42,6,4,5,8,150,163,77.83430233,2142,27.52,255,112,78,72,70,67,30,19,150,47,4,58,23,1,262,29,10,87,11,0.009116417,3.31e-8,1,20,8,4255.550891,1.418831847
06A244189,2018,Slight,Male,46 - 55,0,0,Urban area,Most deprived 10%,1,2,1,Single carriageway,30,0,Daylight,0,0,0,Non-trunk,0,0,0,0,Neither,Did not impact,2018-05-23,07:35:00,Wednesday,Manchester,E08000003,Urban,53.502273,-2.221726,E01033676,34.50526316,34,733,349,283,85,16,645,121,137,83,67,7,4,4,12,120,90,27.69953052,2006,72.42,258,144,119,92,68,29,10,12,120,28,7,108,18,1,251,23,12,73,9,1.69647034,2.37e-6,1,33,8,5450.381359,4.038361237
06A244274,2018,Slight,Male,16 - 20,1,0,Urban area,Most deprived 10%,1,2,1,Single carriageway,30,0,Daylight,0,0,0,Non-trunk,0,0,0,0,Neither,Nearside,2018-05-19,17:25:00,Saturday,Manchester,E08000003,Urban,53.509602,-2.204952,E01005227,32.26042178,31,741,335,304,90,12,694,86,152,124,81,7,5,5,9,88,137,113.1880109,2077,18.35,213,167,118,141,58,25,12,7,88,15,10,173,8,4,292,36,16,42,9,0,0,0,5,5,2953.838932,0
06A244281,2018,Severe/Fatal,Male,11 - 15,1,0,Urban area,Most deprived 10%,1,2,1,Single carriageway,30,1,Daylight,0,0,0,Non-trunk,1,0,0,0,Neither,Back,2018-05-29,20:15:00,Tuesday,Manchester,E08000003,Urban,53.532127,-2.214867,E01005101,35.87256028,36,727,270,315,113,29,724,107,87,177,90,8,6,6,13,105,125,45.70102589,1871,40.94,212,184,143,115,46,22,5,1,105,11,3,87,25,7,359,53,11,58,6,0,0,0,10,5,3690.225563,1.476236817
06A244529,2018,Slight,Male,6 - 10,1,0,Urban area,Most deprived 10%,1,2,1,One way street,30,0,Daylight,0,0,0,Non-trunk,0,0,0,0,Neither,Front,2018-05-20,13:00:00,Sunday,Manchester,E08000003,Urban,53.511594,-2.196291,E01005226,33.48202189,32,702,309,306,76,11,707,61,164,143,95,11,9,3,11,106,104,89.64401294,1939,21.63,194,153,150,106,58,19,8,12,106,8,7,195,11,0,292,33,10,36,7,0,0,0,11,5,4514.204219,0.725527687
06A244964,2018,Slight,Male,11 - 15,1,0,Urban area,Most deprived 10%,1,2,1,Dual carriageway,30,0,Daylight,0,0,0,Non-trunk,0,1,0,0,Neither,Front,2018-06-14,16:14:00,Thursday,Manchester,E08000003,Urban,53.49648,-2.237855,E01005147,29.94320264,30,900,378,400,99,23,938,160,161,125,76,5,11,7,8,184,201,49.78533095,2783,55.9,240,171,148,135,94,51,44,15,184,9,13,125,27,3,365,31,14,140,24,0.37983779,6.73e-7,0,23,4,6639.029992,2.094960924
06A245093,2018,Slight,Male,26 - 35,0,0,Urban area,More deprived 20-30%,3,2,1,Single carriageway,30,0,Daylight,0,0,0,Non-trunk,0,0,0,0,Neither,Front,2018-06-11,08:30:00,Monday,Manchester,E08000003,Urban,53.483617,-2.247201,E01033658,30.9487666,30,712,531,163,17,1,831,162,64,58,41,10,5,12,10,427,42,22.81132384,1394,61.11,363,307,34,4,2,0,0,1,427,37,33,56,0,1,68,5,17,180,6,2.915548222,4.78e-6,4,100,687,11257.07516,5.344013367
06A245301,2018,Slight,Male,36 - 45,0,0,Urban area,More deprived 20-30%,3,2,1,Single carriageway,30,0,Daylight,0,0,0,Non-trunk,0,0,0,1,Off carriageway,Nearside,2018-06-19,17:30:00,Tuesday,Manchester,E08000003,Urban,53.508223,-2.217309,E01005203,33.55587949,34,858,465,330,57,6,651,100,176,97,65,15,4,10,15,89,80,31.46277009,2024,64.33,343,197,129,104,54,17,6,8,89,19,8,160,14,1,248,29,10,67,6,2.122889411,3.32e-6,0,25,9,6970.472567,1.945809671
06A245427,2018,Severe/Fatal,Male,36 - 45,0,0,Urban area,Most deprived 10%,1,2,1,Single carriageway,20,0,Daylight,0,0,0,Non-trunk,0,0,0,0,Neither,Front,2018-06-19,07:40:00,Tuesday,Manchester,E08000003,Urban,53.499016,-2.208383,E01033678,32.47510252,31,656,315,258,73,10,609,69,164,95,58,8,1,6,10,81,117,49.41569282,1776,35.94,233,128,105,88,50,23,22,9,81,43,9,124,12,2,242,24,10,56,8,0.396429787,1.1e-6,1,20,10,4040.930788,1.240336274
06A245889,2018,Slight,Male,11 - 15,1,0,Urban area,Most deprived 10%,1,3,1,Single carriageway,30,1,Daylight,0,0,0,Non-trunk,1,0,0,0,Neither,Offside,2018-07-07,13:40:00,Saturday,Manchester,E08000003,Urban,53.506562,-2.215959,E01005203,33.55587949,34,858,465,330,57,6,651,100,176,97,65,15,4,10,15,89,80,31.46277009,2024,64.33,343,197,129,104,54,17,6,8,89,19,8,160,14,1,248,29,10,67,6,2.122889411,3.32e-6,0,25,9,6970.472567,1.945809671
06A246482,2018,Slight,Male,16 - 20,1,0,Urban area,More deprived 10-20%,2,2,1,Single carriageway,30,1,Darkness - lights lit,0,0,0,Non-trunk,0,0,0,0,Neither,Front,2018-07-24,23:00:00,Tuesday,Manchester,E08000003,Urban,53.506143,-2.237939,E01005143,29.57536985,29,793,267,355,145,26,998,216,163,119,73,7,4,7,8,178,223,171.3390313,3007,17.55,162,107,95,126,142,74,44,43,178,18,13,109,29,1,386,74,11,154,32,0.375087252,2.15e-6,0,5,6,3002.272623,0.482190464
06A248406,2018,Severe/Fatal,Female,21 - 25,0,0,Urban area,More deprived 30-40%,4,2,1,Single carriageway,40,0,Daylight,0,0,0,Non-trunk,1,1,0,0,Neither,Front,2018-08-23,07:20:00,Thursday,Manchester,E08000003,Urban,53.521042,-2.16614,E01005251,34.65269086,34,641,209,283,124,25,720,68,121,180,80,7,11,4,8,125,116,55.9706471,1678,29.98,157,197,122,97,41,17,5,2,125,6,5,93,6,1,360,33,13,68,7,0.044666263,1.48e-7,1,15,7,4111.959132,1.406799917
06A248587,2018,Slight,Male,21 - 25,0,0,Urban area,Most deprived 10%,1,2,1,One way street,30,0,Daylight,0,0,0,Non-trunk,0,0,0,0,Neither,Front,2018-09-26,08:18:00,Wednesday,Manchester,E08000003,Urban,53.509867,-2.191141,E01005225,36.89059305,36,856,382,343,107,24,763,83,150,148,88,3,4,9,14,134,130,80.71731585,2093,25.93,270,277,144,88,47,20,2,8,134,27,6,112,15,1,346,35,15,57,15,0.057873338,2.28e-7,0,7,6,4212.7935880000005,0.805899405
06A249026,2018,Slight,Male,46 - 55,0,0,Urban area,Less deprived 10-20%,9,2,1,Single carriageway,30,0,Daylight,0,0,0,Non-trunk,0,0,0,0,Neither,Front,2018-10-07,17:15:00,Sunday,Manchester,E08000003,Urban,53.495305,-2.250057,E01033674,33.54958131,32,667,351,262,46,8,823,154,90,72,56,19,8,10,8,316,90,28.66988284,2080,72.55,243,260,68,51,19,16,5,3,316,17,21,64,12,1,182,17,20,147,24,1.411308197,1.95e-6,0,24,11,11606.19432,2.853133102
06A249061,2018,Slight,Male,11 - 15,1,0,Urban area,Most deprived 10%,1,2,1,Single carriageway,30,0,Darkness - lights lit,0,0,0,Non-trunk,0,0,0,0,Neither,Back,2018-10-10,19:05:00,Wednesday,Manchester,E08000003,Urban,53.50771,-2.217442,E01005203,33.55587949,34,858,465,330,57,6,651,100,176,97,65,15,4,10,15,89,80,31.46277009,2024,64.33,343,197,129,104,54,17,6,8,89,19,8,160,14,1,248,29,10,67,6,2.122889411,3.32e-6,0,25,9,6970.472567,1.945809671
06A249259,2018,Slight,Male,26 - 35,0,0,Urban area,Most deprived 10%,1,2,1,Single carriageway,30,0,Daylight,0,0,0,Non-trunk,1,0,0,0,Neither,Back,2018-09-12,17:37:00,Wednesday,Manchester,E08000003,Urban,53.508875,-2.242508,E01005142,30.1905232,31,702,276,331,78,17,680,129,94,106,72,13,5,3,9,112,137,83.80847953,2293,27.36,199,122,93,84,94,60,26,25,112,7,13,92,17,1,278,45,10,91,17,0.621028001,2.3e-6,0,16,3,4372.48526,0.755764099
06A252083,2018,Slight,Male,36 - 45,0,0,Urban area,Less deprived 20-30%,8,2,1,Single carriageway,30,0,Daylight,0,0,0,Non-trunk,0,1,0,0,Neither,Offside,2018-12-28,08:05:00,Friday,Manchester,E08000003,Urban,53.497374,-2.253522,E01033674,33.54958131,32,667,351,262,46,8,823,154,90,72,56,19,8,10,8,316,90,28.66988284,2080,72.55,243,260,68,51,19,16,5,3,316,17,21,64,12,1,182,17,20,147,24,1.411308197,1.95e-6,0,24,11,11606.19432,2.853133102
06A339949,2018,Severe/Fatal,Male,36 - 45,0,0,Urban area,Less deprived 40-50%,6,2,1,Dual carriageway,30,0,Darkness - lights unlit,0,1,0,Non-trunk,0,1,0,0,Neither,Nearside,2018-01-25,06:45:00,Thursday,Manchester,E08000003,Urban,53.483095,-2.18305,E01005092,34.72873819,33,783,372,330,63,18,708,74,174,141,85,9,4,9,10,112,90,75.13513514,1946,25.9,253,232,116,85,72,15,3,5,112,61,16,116,10,2,289,26,18,50,9,0.258716318,9.82e-7,0,13,12,4526.032251,0.866526465
06A341111,2018,Slight,Male,56 - 65,0,0,Urban area,Most deprived 10%,1,2,1,Dual carriageway,30,0,Daylight,0,0,0,Non-trunk,0,0,0,0,Neither,Nearside,2018-02-25,10:00:00,Sunday,Manchester,E08000003,Urban,53.474133,-2.194552,E01005106,32.72684989,32,900,441,369,77,13,848,119,217,120,73,2,12,5,19,141,140,22.68662519,2334,102.88,263,242,160,130,62,28,14,4,141,18,8,180,8,4,306,37,28,106,9,1.417279348,1.37e-6,1,26,20,12838.65367,4.08856558
06A341400,2018,Slight,Male,6 - 10,1,0,Urban area,More deprived 10-20%,2,2,1,Dual carriageway,30,0,Daylight,0,0,0,Non-trunk,0,0,0,0,Neither,Front,2018-03-08,16:15:00,Thursday,Manchester,E08000003,Urban,53.495974,-2.210674,E01005257,33.6538055,33,806,385,331,80,10,722,83,221,92,70,4,8,17,16,100,111,11.62346679,2009,172.84,276,198,126,112,62,23,9,0,100,19,13,133,15,1,301,42,23,67,10,4.326402325,2.5e-6,0,33,10,15513.16205,6.887151125
06A341476,2018,Slight,Female,21 - 25,0,0,Urban area,More deprived 10-20%,2,2,1,Dual carriageway,30,0,Darkness - lights lit,1,1,0,Non-trunk,0,0,0,0,Neither,Offside,2018-03-09,22:30:00,Friday,Manchester,E08000003,Urban,53.480885,-2.224372,E01033663,31.24622136,30,624.5,324,259.5,36,5,848,101,85.5,42.5,50.5,14.5,12,10,8,498,26,97.25274725,1062,10.92,281.5,275,43,19.5,3.5,1,0,0,498,27.5,26,20.5,6,1,115.5,10.5,14.5,122.5,5,2.031653652,9.44e-6,1,18,15,5871.801981,2.19396314
06A342070,2018,Severe/Fatal,Female,26 - 35,0,0,Urban area,More deprived 10-20%,2,2,1,Single carriageway,30,0,Daylight,0,0,0,Non-trunk,0,1,0,0,Neither,Offside,2018-03-26,18:30:00,Monday,Manchester,E08000003,Urban,53.475075,-2.211324,E01033688,36.23062731,35,701,317,295,75,14,631,78,129,80,46,4,8,17,12,170,87,18.50368125,1709,92.36,266,188,97,75,50,15,9,3,170,21,18,75,10,0,219,18,13,74,13,4.181791696,4.48e-6,1,36,38,10505.28321,3.445742733
06A343878,2018,Slight,Male,36 - 45,0,0,Urban area,More deprived 10-20%,2,2,1,Single carriageway,30,0,Daylight,0,0,0,Non-trunk,0,0,0,0,Neither,Nearside,2018-05-05,17:50:00,Saturday,Manchester,E08000003,Urban,53.451777,-2.190022,E01005194,30.5024255,31,474,188.5,226,42.5,17,476.5,62.5,93.5,80.5,39.5,8.5,4,5,4.5,72,106.5,125.7869249,1558.5,12.39,99.5,106.5,72,67.5,67.5,33.5,19,11,72,1.5,3.5,91,10,0.5,195.5,24.5,20.5,44,12,0.123366239,4.89e-7,0,11,8,4726.32033,0.35580465
06A343901,2018,Slight,Male,21 - 25,0,0,Urban area,Most deprived 10%,1,2,1,Dual carriageway,30,0,Daylight,0,0,0,Non-trunk,1,0,0,0,Neither,Front,2018-05-09,07:50:00,Wednesday,Manchester,E08000003,Urban,53.476309,-2.193718,E01005106,32.72684989,32,900,441,369,77,13,848,119,217,120,73,2,12,5,19,141,140,22.68662519,2334,102.88,263,242,160,130,62,28,14,4,141,18,8,180,8,4,306,37,28,106,9,1.417279348,1.37e-6,1,26,20,12838.65367,4.08856558
06A344203,2018,Slight,Male,21 - 25,0,0,Urban area,More deprived 20-30%,3,2,1,Dual carriageway,30,0,Daylight,0,0,0,Non-trunk,0,0,0,0,Neither,Back,2018-05-14,08:11:00,Monday,Manchester,E08000003,Urban,53.458013,-2.160743,E01005193,34.2106599,34,801,338,349,92,22,765,41,137,180,75,4,7,4,8,178,131,61.03448276,1770,29,310,237,116,90,30,17,3,1,178,0,5,147,7,1,315,33,34,41,5,1.05304736,3.62e-6,0,5,13,3226.216674,0.652640111
06A344348,2018,Slight,Male,16 - 20,1,0,Urban area,More deprived 10-20%,2,2,1,Dual carriageway,30,0,Daylight,0,0,0,Non-trunk,0,0,0,0,Neither,Front,2018-05-17,09:40:00,Thursday,Manchester,E08000003,Urban,53.465214,-2.196168,E01005232,32.98723613,32,706,271,296,113,26,699,109,131,99,51,24,5,9,9,127,135,21.65748341,1926,88.93,245,141,99,97,59,30,23,10,127,5,6,87,16,1,321,39,13,75,10,0.911346723,1.02e-6,0,27,21,7741.583399,3.047226638
06A345521,2018,Slight,Male,46 - 55,0,0,Urban area,Most deprived 10%,1,2,1,Single carriageway,30,0,Daylight,0,0,0,Non-trunk,1,0,1,0,In carriageway,Front,2018-06-13,13:35:00,Wednesday,Manchester,E08000003,Urban,53.483107,-2.213549,E01033688,36.23062731,35,701,317,295,75,14,631,78,129,80,46,4,8,17,12,170,87,18.50368125,1709,92.36,266,188,97,75,50,15,9,3,170,21,18,75,10,0,219,18,13,74,13,4.181791696,4.48e-6,1,36,38,10505.28321,3.445742733
06A345938,2018,Slight,Male,11 - 15,1,0,Urban area,Most deprived 10%,1,2,1,Single carriageway,30,0,Daylight,0,0,0,Non-trunk,1,0,0,0,Neither,Front,2018-07-10,15:30:00,Tuesday,Manchester,E08000003,Urban,53.473046,-2.170969,E01005108,32.93987686,32,560.5,238,240,69.5,13,551,68.5,111.5,100,52,4,3,9,15,110,78,41.02254428,1528.5,37.26,147,150,103.5,78.5,49,23,4.5,5.5,110,9,7,95,7.5,2,225.5,19,15,51.5,11,1.288050225,1.73e-6,0,7,56,9936.003863,1.619117905
06A345988,2018,Slight,Female,26 - 35,0,0,Urban area,Most deprived 10%,1,2,1,Dual carriageway,30,0,Daylight,0,0,0,Non-trunk,0,1,0,0,Neither,Front,2018-07-10,07:40:00,Tuesday,Manchester,E08000003,Urban,53.490433,-2.203111,E01033669,35.20416387,34,647,307,275,55,10,557,86,136,80,49,6,3,2,7,122,66,17.80719281,1426,80.08,268,179,83,67,30,12,5,3,122,30,7,83,13,3,191,28,7,68,7,3.567850026,4.5e-6,2,27,133,11136.38892,3.455417067
06A346543,2018,Slight,Male,6 - 10,1,0,Urban area,Most deprived 10%,1,2,1,Single carriageway,30,0,Darkness - lights unlit,0,0,0,Non-trunk,0,0,0,0,Neither,Front,2018-07-21,20:30:00,Saturday,Manchester,E08000003,Urban,53.486991,-2.174115,E01005097,32.23588235,30,650,250,271,115,14,648,72,175,127,67,8,8,4,13,83,91,37.42084053,1950,52.11,131,155,131,97,95,31,8,2,83,34,12,101,10,3,296,37,16,46,7,1.160569223,2.23e-6,0,7,4,3240.17978,0.711747085
06A347019,2018,Slight,Male,46 - 55,0,0,Urban area,Most deprived 10%,1,2,1,Single carriageway,20,0,Darkness - lights unlit,0,0,0,Non-trunk,0,0,0,0,Neither,Front,2018-07-27,23:40:00,Friday,Manchester,E08000003,Urban,53.468766,-2.15863,E01005187,30.43227537,30,838,410,335,84,9,810,75,178,194,91,14,6,4,13,110,125,147.7631579,2246,15.2,214,211,189,118,71,26,3,5,110,3,18,196,15,0,319,32,18,67,32,0.304672778,2.02e-6,0,5,5,2579.361171,0.236760432
06A347288,2018,Slight,Male,16 - 20,1,0,Urban area,Most deprived 10%,1,2,1,Single carriageway,20,0,Daylight,0,0,0,Non-trunk,1,0,0,0,Neither,Front,2018-08-13,20:05:00,Monday,Manchester,E08000003,Urban,53.472349,-2.161415,E01033666,35.47425474,35,731,263.5,333.5,115.5,18.5,813.5,58.5,123,207,81.5,9,9,11,11.5,195.5,107.5,64.13617021,1884,29.375,232.5,191.5,128,95.5,50,18,6.5,9.5,195.5,13,13,127.5,9,1.5,338.5,33.5,20.5,48.5,13.5,1.616376739,2.76e-6,0,21,32,8846.831034,2.932651907
06A350054,2018,Slight,Male,26 - 35,0,0,Urban area,Most deprived 10%,1,2,1,Single carriageway,30,1,Daylight,0,0,0,Non-trunk,0,0,0,0,Neither,Front,2018-11-05,15:55:00,Monday,Manchester,E08000003,Urban,53.495264,-2.210791,E01005129,35.12369231,34,832,388,357,79,8,824,118,173,93,75,13,3,5,15,224,105,42.79739777,1842,43.04,337,250,102,79,38,16,10,4,224,11,20,125,14,0,250,21,28,124,7,0.698466922,1.63e-6,0,14,11,5728.572713,2.059406818
06A350596,2018,Slight,Male,26 - 35,0,0,Urban area,Most deprived 10%,1,2,1,Single carriageway,30,0,Darkness - no lighting,1,1,0,Non-trunk,0,0,0,0,Neither,Offside,2018-11-15,19:48:00,Thursday,Manchester,E08000003,Urban,53.487875,-2.178142,E01005097,32.23588235,30,650,250,271,115,14,648,72,175,127,67,8,8,4,13,83,91,37.42084053,1950,52.11,131,155,131,97,95,31,8,2,83,34,12,101,10,3,296,37,16,46,7,1.160569223,2.23e-6,0,7,4,3240.17978,0.711747085
06A350902,2018,Slight,Male,16 - 20,1,0,Urban area,Most deprived 10%,1,3,1,Single carriageway,30,0,Darkness - lights lit,0,0,0,Non-trunk,0,0,0,0,Neither,Front,2018-11-24,23:25:00,Saturday,Manchester,E08000003,Urban,53.481639,-2.204832,E01033669,35.20416387,34,647,307,275,55,10,557,86,136,80,49,6,3,2,7,122,66,17.80719281,1426,80.08,268,179,83,67,30,12,5,3,122,30,7,83,13,3,191,28,7,68,7,3.567850026,4.5e-6,2,27,133,11136.38892,3.455417067
06A351362,2018,Slight,Male,26 - 35,0,0,Urban area,Most deprived 10%,1,2,1,Single carriageway,30,0,Daylight,0,0,0,Non-trunk,0,0,0,0,Neither,Front,2018-12-02,12:05:00,Sunday,Manchester,E08000003,Urban,53.487932,-2.224364,E01005130,35.39524838,35,732,412,265,52,3,637,109,97,79,57,7,5,7,2,200,74,42.07618494,1447,34.39,342,215,92,57,14,8,1,3,200,9,8,86,9,1,188,16,18,92,8,0.451825132,1.31e-6,0,9,8,6409.005155,1.611161832
06E139399,2018,Slight,Male,26 - 35,0,0,Urban area,More deprived 30-40%,4,2,1,Single carriageway,30,0,Daylight,0,0,0,Non-trunk,1,0,0,0,Neither,Back,2018-01-12,13:30:00,Friday,Manchester,E08000003,Urban,53.456407,-2.200178,E01005232,32.98723613,32,706,271,296,113,26,699,109,131,99,51,24,5,9,9,127,135,21.65748341,1926,88.93,245,141,99,97,59,30,23,10,127,5,6,87,16,1,321,39,13,75,10,0.911346723,1.02e-6,0,27,21,7741.583399,3.047226638
06E139481,2018,Slight,Male,26 - 35,0,0,Urban area,More deprived 30-40%,4,2,1,Single carriageway,30,0,Darkness - lights lit,0,0,0,Non-trunk,0,0,0,0,Neither,Front,2018-01-12,16:45:00,Friday,Manchester,E08000003,Urban,53.465699,-2.257793,E01005214,29.6342537,29,987,444,441,82,20,1219,189,183,139,79,14,7,5,13,489,101,99.79114453,2389,23.94,296,319,170,117,39,26,7,10,489,20,13,137,20,3,242,21,68,184,26,0.427851726,1.79e-6,0,13,28,3746.053306,0.573590045
06E140198,2018,Severe/Fatal,Female,16 - 20,1,0,Urban area,More deprived 20-30%,3,2,1,Single carriageway,30,0,Daylight,0,0,0,Non-trunk,0,1,0,0,Neither,Front,2018-02-05,10:34:00,Monday,Manchester,E08000003,Urban,53.468451,-2.240034,E01005212,25.91968447,22,761,433,299,26,3,871,144,94,72,55,27,7,25,29,335,83,112.4820144,3127,27.8,324,243,108,52,23,6,3,2,335,17,34,99,14,2,172,16,37,136,10,2.112358829,7.57e-6,0,19,211,8200.01292,1.446376403
06E140456,2018,Slight,Male,36 - 45,0,0,Urban area,Less deprived 30-40%,7,2,1,Single carriageway,30,0,Darkness - lights lit,0,0,0,Non-trunk,0,1,0,0,Neither,Front,2018-01-23,17:55:00,Tuesday,Manchester,E08000003,Urban,53.455976,-2.225386,E01005284,25.45450292,23,654,408,195,44,7,740,155,121,59,57,14,7,5,36,232,54,87.59271746,2598,29.66,269,190,77,67,31,7,4,9,232,8,7,109,18,1,123,35,31,171,7,1.450401873,4.9e-6,0,9,125,5009.24423,0.893620935
06E140560,2018,Slight,Female,36 - 45,0,0,Urban area,More deprived 20-30%,3,2,1,Single carriageway,20,0,Daylight,0,0,0,Non-trunk,0,0,0,0,Neither,Back,2018-02-05,10:20:00,Monday,Manchester,E08000003,Urban,53.456331,-2.246246,E01005245,32.41234568,29,960,488,362,96,14,868,159,170,103,74,12,0,6,20,184,140,89.50558214,2806,31.35,303,215,146,96,86,46,34,34,184,8,3,174,19,0,296,21,36,117,10,0.907345961,2.9e-6,0,9,13,7022.627444,0.969162622
06E140731,2018,Slight,Male,21 - 25,0,0,Urban area,Most deprived 10%,1,2,1,Single carriageway,20,1,Darkness - lights lit,1,1,0,Non-trunk,0,0,0,0,Neither,Nearside,2018-01-15,19:30:00,Monday,Manchester,E08000003,Urban,53.452661,-2.229284,E01005285,31.45419255,28,510,274,173,53,10,467,81,72,65,29,6,6,8,8,127,65,132.5280414,1536,11.59,176,99,60,63,38,27,23,25,127,5,11,74,16,1,129,8,15,61,21,0.534108136,4.59e-6,0,1,17,1330.754971,0.209257678
06E140813,2018,Slight,Male,26 - 35,0,0,Urban area,More deprived 20-30%,3,2,1,Dual carriageway,30,0,Darkness - lighting unknown,0,0,0,Non-trunk,0,0,0,0,Neither,Offside,2018-02-05,17:20:00,Monday,Manchester,E08000003,Urban,53.467159,-2.229376,E01005062,27.63575,26,419.5,213.5,161.5,36.5,8,491.5,137.5,67,41.5,33,11,2.5,6,4,144.5,44.5,51.12359551,1501.5,29.37,119.5,106,74.5,65.5,35,8.5,6.5,4.5,144.5,3,10,64,7,0.5,103.5,11.5,17,121.5,7,3.633340733,6.18e-6,0,28,244,8894.878973,2.017187943
06E141108,2018,Slight,Female,16 - 20,1,0,Urban area,More deprived 30-40%,4,2,1,Single carriageway,30,0,Daylight,1,0,0,Non-trunk,0,0,0,0,Neither,Offside,2018-02-09,13:55:00,Friday,Manchester,E08000003,Urban,53.457789,-2.226826,E01005244,27.35116868,24,813,476,247,64,26,888,160,183,85,65,16,6,18,21,205,129,158.3597884,2993,18.9,226,171,107,138,74,70,16,12,205,12,13,164,15,1,219,29,37,167,23,1.289353585,6.75e-6,0,9,40,6017.132507,0.696996425
06E141220,2018,Slight,Male,26 - 35,0,0,Urban area,Less deprived 40-50%,6,2,1,Single carriageway,30,0,Darkness - lights lit,0,0,0,Non-trunk,0,0,0,0,Neither,Offside,2018-02-06,17:15:00,Tuesday,Manchester,E08000003,Urban,53.46685,-2.257755,E01005213,32.35167464,31,1163,664,415,67,17,1026,179,179,101,75,20,10,9,12,320,121,93.52321498,2397,25.63,501,351,159,84,48,12,4,4,320,27,12,145,29,4,258,16,55,147,14,1.397037087,5.53e-6,0,9,26,4838.780237,0.400145139
06E141767,2018,Slight,Male,21 - 25,0,0,Urban area,More deprived 10-20%,2,2,1,Single carriageway,30,0,Daylight,0,0,0,Non-trunk,1,0,0,0,Neither,Front,2018-03-20,09:00:00,Tuesday,Manchester,E08000003,Urban,53.46325,-2.219249,E01033652,28.13242249,24,381.5,208.5,135.5,28,9.5,389.5,107,70,43.5,29.5,6.5,4,6,7.5,74,41.5,58.40998686,1333.5,22.83,136,94,55,39.5,28.5,20,5.5,5.5,74,5.5,7.5,65,9.5,1,98.5,14.5,8.5,97.5,8.5,0.430605752,1.54e-6,0,9,35,3096.66469,0.798905368
06E142191,2018,Severe/Fatal,Male,26 - 35,0,0,Urban area,More deprived 20-30%,3,2,1,Dual carriageway,30,0,Daylight,0,0,0,Non-trunk,1,0,0,0,Neither,Front,2018-03-21,08:35:00,Wednesday,Manchester,E08000003,Urban,53.469599,-2.232222,E01005062,27.63575,26,419.5,213.5,161.5,36.5,8,491.5,137.5,67,41.5,33,11,2.5,6,4,144.5,44.5,51.12359551,1501.5,29.37,119.5,106,74.5,65.5,35,8.5,6.5,4.5,144.5,3,10,64,7,0.5,103.5,11.5,17,121.5,7,3.633340733,6.18e-6,0,28,244,8894.878973,2.017187943
06E143274,2018,Slight,Female,46 - 55,0,0,Urban area,Less deprived 40-50%,6,2,1,Single carriageway,30,0,Daylight,0,0,0,Non-trunk,0,0,0,0,Neither,Front,2018-05-01,18:00:00,Tuesday,Manchester,E08000003,Urban,53.459975,-2.248586,E01005245,32.41234568,29,960,488,362,96,14,868,159,170,103,74,12,0,6,20,184,140,89.50558214,2806,31.35,303,215,146,96,86,46,34,34,184,8,3,174,19,0,296,21,36,117,10,0.907345961,2.9e-6,0,9,13,7022.627444,0.969162622
06E143464,2018,Slight,Male,26 - 35,0,0,Urban area,More deprived 10-20%,2,2,1,Single carriageway,30,0,Daylight,0,0,0,Non-trunk,0,0,0,0,Neither,Offside,2018-04-15,12:00:00,Sunday,Manchester,E08000003,Urban,53.45253,-2.222612,E01005284,25.45450292,23,654,408,195,44,7,740,155,121,59,57,14,7,5,36,232,54,87.59271746,2598,29.66,269,190,77,67,31,7,4,9,232,8,7,109,18,1,123,35,31,171,7,1.450401873,4.9e-6,0,9,125,5009.24423,0.893620935
06E144025,2018,Slight,Female,26 - 35,0,0,Urban area,More deprived 10-20%,2,2,1,Single carriageway,30,0,Daylight,0,0,0,Non-trunk,0,1,0,0,Neither,Nearside,2018-05-22,18:00:00,Tuesday,Manchester,E08000003,Urban,53.464376,-2.223065,E01005062,27.63575,26,419.5,213.5,161.5,36.5,8,491.5,137.5,67,41.5,33,11,2.5,6,4,144.5,44.5,51.12359551,1501.5,29.37,119.5,106,74.5,65.5,35,8.5,6.5,4.5,144.5,3,10,64,7,0.5,103.5,11.5,17,121.5,7,3.633340733,6.18e-6,0,28,244,8894.878973,2.017187943
06E144065,2018,Severe/Fatal,Male,26 - 35,0,0,Urban area,More deprived 30-40%,4,2,1,Single carriageway,20,0,Darkness - lights lit,0,0,0,Non-trunk,0,0,0,0,Neither,Offside,2018-05-19,23:20:00,Saturday,Manchester,E08000003,Urban,53.449043,-2.231417,E01005241,28.61126849,29,596,247.5,274,66.5,8,672.5,110,132,68,35.5,8.5,5.5,6.5,8.5,223,75,151.6080402,1508.5,9.95,167.5,169.5,128,75.5,35.5,16.5,3,2,223,8.5,5.5,80.5,11,1.5,194.5,13,51.5,73.5,9.5,0.866221578,4.29e-6,0,4,20,3137.363213,0.124074169
06E144089,2018,Slight,Female,26 - 35,0,0,Urban area,More deprived 10-20%,2,2,1,Single carriageway,30,0,Daylight,0,0,0,Non-trunk,0,1,0,0,Neither,Offside,2018-05-11,15:10:00,Friday,Manchester,E08000003,Urban,53.453732,-2.223958,E01005288,29.0377249,26,676,377,219,58,22,658,91,138,74,58,8,0,5,8,178,98,97.95808705,1823,18.61,206,138,159,78,49,30,13,4,178,9,11,129,13,2,171,19,35,77,11,0.696751759,3.73e-6,0,4,39,5263.907801,0.245468301
06E144094,2018,Slight,Female,26 - 35,0,0,Urban area,Less deprived 20-30%,8,2,1,Single carriageway,30,0,Daylight,1,1,0,Non-trunk,0,0,0,0,Neither,Offside,2018-05-21,16:40:00,Monday,Manchester,E08000003,Urban,53.456344,-2.225629,E01005284,25.45450292,23,654,408,195,44,7,740,155,121,59,57,14,7,5,36,232,54,87.59271746,2598,29.66,269,190,77,67,31,7,4,9,232,8,7,109,18,1,123,35,31,171,7,1.450401873,4.9e-6,0,9,125,5009.24423,0.893620935
06E144100,2018,Slight,Male,21 - 25,0,0,Urban area,Less deprived 40-50%,6,2,1,Single carriageway,30,1,Daylight,0,0,0,Non-trunk,0,1,1,0,In carriageway,Front,2018-05-21,17:30:00,Monday,Manchester,E08000003,Urban,53.450218,-2.208446,E01005287,32.06823421,29,655,253,231,131,40,718,91,131,90,65,16,17,7,13,159,129,109.5193654,2347,21.43,164,100,74,84,86,83,37,26,159,5,4,106,21,3,271,52,11,66,14,0.409921238,1.91e-6,0,2,2,3416.994646,1.007296184
06E144347,2018,Severe/Fatal,Male,36 - 45,0,0,Urban area,More deprived 10-20%,2,2,1,Single carriageway,30,0,Daylight,0,0,0,Non-trunk,0,0,0,0,Neither,Offside,2018-05-16,08:42:00,Wednesday,Manchester,E08000003,Urban,53.455665,-2.203473,E01005237,31.19228868,31,525,169,219,101,36,664,93,105,84,79,15,11,6,6,119,146,126.0519802,2037,16.16,111,81,56,81,69,47,54,28,119,3,8,97,15,2,290,46,11,64,12,0.602203733,3.69e-6,0,5,1,4641.373823,0.322623881
06E144538,2018,Slight,Male,46 - 55,0,0,Urban area,More deprived 30-40%,4,2,1,Single carriageway,30,0,Daylight,0,0,0,Non-trunk,1,0,0,0,Neither,Front,2018-06-06,18:10:00,Wednesday,Manchester,E08000003,Urban,53.454475,-2.220634,E01005284,25.45450292,23,654,408,195,44,7,740,155,121,59,57,14,7,5,36,232,54,87.59271746,2598,29.66,269,190,77,67,31,7,4,9,232,8,7,109,18,1,123,35,31,171,7,1.450401873,4.9e-6,0,9,125,5009.24423,0.893620935
06E144560,2018,Severe/Fatal,Male,21 - 25,0,0,Urban area,More deprived 30-40%,4,2,1,Dual carriageway,30,0,Daylight,0,0,0,Non-trunk,0,0,0,0,Neither,Front,2018-06-01,16:15:00,Friday,Manchester,E08000003,Urban,53.47284,-2.229106,E01005065,31.72524407,29,802,394,321,72,15,774,192,104,72,69,6,7,11,17,186,110,32.95420079,2173,65.94,260,212,130,111,46,30,9,5,186,12,8,105,19,1,233,19,17,164,12,2.480693669,3.79e-6,0,17,23,9047.417741,3.23352833
06E144561,2018,Severe/Fatal,Male,26 - 35,0,0,Urban area,Most deprived 10%,1,2,1,Single carriageway,30,0,Daylight,0,0,1,Non-trunk,0,0,0,0,Neither,Nearside,2018-05-18,08:20:00,Friday,Manchester,E08000003,Urban,53.461598,-2.208019,E01033657,26.42676623,23,381.5,208.5,135.5,28,9.5,389.5,107,70,43.5,29.5,6.5,4,6,7.5,74,41.5,58.40998686,1333.5,22.83,136,94,55,39.5,28.5,20,5.5,5.5,74,5.5,7.5,65,9.5,1,98.5,14.5,8.5,97.5,8.5,0.365786881,2.13e-6,0,5,11,4101.993787,1.059249805
06E145006,2018,Slight,Male,26 - 35,0,0,Urban area,More deprived 20-30%,3,2,1,Single carriageway,30,0,Daylight,0,0,0,Non-trunk,0,0,0,0,Neither,Front,2018-06-19,09:00:00,Tuesday,Manchester,E08000003,Urban,53.467347,-2.239063,E01005210,24.77453788,23,447,276,146,20,5,520,100,53,66,31,10,7,11,44,121,77,121.6651334,2645,21.74,221,108,38,34,19,17,5,5,121,13,6,111,13,0,138,11,14,83,6,1.604325499,7.4e-6,0,15,54,4912.098336,1.117948888
06E145255,2018,Severe/Fatal,Male,36 - 45,0,0,Urban area,More deprived 10-20%,2,2,1,Single carriageway,30,0,Daylight,0,0,0,Non-trunk,0,1,1,0,In carriageway,Offside,2018-06-05,20:15:00,Tuesday,Manchester,E08000003,Urban,53.456299,-2.225945,E01005244,27.35116868,24,813,476,247,64,26,888,160,183,85,65,16,6,18,21,205,129,158.3597884,2993,18.9,226,171,107,138,74,70,16,12,205,12,13,164,15,1,219,29,37,167,23,1.289353585,6.75e-6,0,9,40,6017.132507,0.696996425
06E145316,2018,Severe/Fatal,Male,16 - 20,1,0,Urban area,More deprived 10-20%,2,2,1,Single carriageway,20,0,Daylight,0,0,0,Non-trunk,0,0,0,0,Neither,Front,2018-06-22,12:30:00,Friday,Manchester,E08000003,Urban,53.453369,-2.200149,E01005237,31.19228868,31,525,169,219,101,36,664,93,105,84,79,15,11,6,6,119,146,126.0519802,2037,16.16,111,81,56,81,69,47,54,28,119,3,8,97,15,2,290,46,11,64,12,0.602203733,3.69e-6,0,5,1,4641.373823,0.322623881
06E145668,2018,Slight,Male,36 - 45,0,0,Urban area,Least deprived 10%,10,2,1,Single carriageway,30,0,Daylight,0,0,0,Non-trunk,0,1,0,0,Neither,Front,2018-07-02,15:45:00,Monday,Manchester,E08000003,Urban,53.451789,-2.209598,E01005287,32.06823421,29,655,253,231,131,40,718,91,131,90,65,16,17,7,13,159,129,109.5193654,2347,21.43,164,100,74,84,86,83,37,26,159,5,4,106,21,3,271,52,11,66,14,0.409921238,1.91e-6,0,2,2,3416.994646,1.007296184
06E146605,2018,Slight,Male,46 - 55,0,0,Urban area,Most deprived 10%,1,2,1,Single carriageway,30,0,Daylight,0,0,0,Non-trunk,0,0,0,0,Neither,Back,2018-07-19,09:38:00,Thursday,Manchester,E08000003,Urban,53.46818,-2.211787,E01005061,32.54834606,32,656,278,295,70,13,588,97,109,100,57,9,5,12,18,92,89,20.77922078,1792,86.24,210,141,108,95,53,28,15,9,92,11,9,130,16,1,229,18,22,56,6,0.483626085,5.58e-7,1,22,2,8783.493896,3.927293337
06E146754,2018,Slight,Male,21 - 25,0,0,Urban area,More deprived 10-20%,2,3,1,Single carriageway,30,0,Darkness - no lighting,0,0,0,Non-trunk,0,0,0,0,Neither,Front,2018-08-05,22:37:00,Sunday,Manchester,E08000003,Urban,53.454129,-2.191614,E01005194,30.5024255,31,474,188.5,226,42.5,17,476.5,62.5,93.5,80.5,39.5,8.5,4,5,4.5,72,106.5,125.7869249,1558.5,12.39,99.5,106.5,72,67.5,67.5,33.5,19,11,72,1.5,3.5,91,10,0.5,195.5,24.5,20.5,44,12,0.123366239,4.89e-7,0,11,8,4726.32033,0.35580465
06E147219,2018,Slight,Female,26 - 35,0,0,Urban area,Less deprived 40-50%,6,2,1,Roundabout,30,0,Darkness - lights lit,0,0,0,Non-trunk,0,0,0,0,Neither,Back,2018-08-09,03:00:00,Thursday,Manchester,E08000003,Urban,53.470255,-2.222493,E01005065,31.72524407,29,802,394,321,72,15,774,192,104,72,69,6,7,11,17,186,110,32.95420079,2173,65.94,260,212,130,111,46,30,9,5,186,12,8,105,19,1,233,19,17,164,12,2.480693669,3.79e-6,0,17,23,9047.417741,3.23352833
06E147537,2018,Slight,Male,56 - 65,0,0,Urban area,Less deprived 30-40%,7,2,1,Single carriageway,30,1,Daylight,1,1,1,Non-trunk,1,0,0,0,Neither,Back,2018-08-16,07:45:00,Thursday,Manchester,E08000003,Urban,53.45612,-2.215583,E01005284,25.45450292,23,654,408,195,44,7,740,155,121,59,57,14,7,5,36,232,54,87.59271746,2598,29.66,269,190,77,67,31,7,4,9,232,8,7,109,18,1,123,35,31,171,7,1.450401873,4.9e-6,0,9,125,5009.24423,0.893620935
06E147760,2018,Slight,Male,26 - 35,0,0,Urban area,Most deprived 10%,1,2,1,Single carriageway,30,0,Daylight,0,0,0,Non-trunk,0,0,0,0,Neither,Front,2018-08-30,14:57:00,Thursday,Manchester,E08000003,Urban,53.453329,-2.241319,E01005240,28.19362113,27,630.5,301,261,59,9.5,608,93,129,80.5,29.5,9,6,3.5,5.5,141.5,110.5,73.13583233,1814.5,24.81,198,144.5,91,80.5,46,30.5,24,16,141.5,4.5,10,87.5,18.5,1,209.5,20.5,35.5,63.5,15.5,1.921115883,3.87e-6,0,10,11,6484.102852,1.648596829
06E148442,2018,Slight,Female,26 - 35,0,0,Urban area,More deprived 30-40%,4,2,1,Single carriageway,30,1,Daylight,1,1,0,Non-trunk,0,1,0,0,Neither,Front,2018-09-21,09:00:00,Friday,Manchester,E08000003,Urban,53.457598,-2.218226,E01005284,25.45450292,23,654,408,195,44,7,740,155,121,59,57,14,7,5,36,232,54,87.59271746,2598,29.66,269,190,77,67,31,7,4,9,232,8,7,109,18,1,123,35,31,171,7,1.450401873,4.9e-6,0,9,125,5009.24423,0.893620935
06E149509,2018,Slight,Male,21 - 25,0,0,Urban area,More deprived 30-40%,4,2,2,Single carriageway,30,0,Darkness - lights lit,0,0,0,Non-trunk,0,1,0,0,Neither,Back,2018-10-20,04:37:00,Saturday,Manchester,E08000003,Urban,53.470281,-2.237031,E01005066,31.859,30,509,295,179,26,9,425,110,58,50,28,5,5,1,7,102,59,54.93472585,1052,19.15,260,108,55,45,16,12,7,2,102,10,13,59,12,1,117,12,12,82,6,1.884197527,9.7e-6,0,4,59,3731.849273,1.403032597
06E150032,2018,Slight,Male,36 - 45,0,0,Urban area,Most deprived 10%,1,2,1,Single carriageway,20,0,Darkness - lights lit,0,0,0,Non-trunk,0,0,0,1,Off carriageway,Did not impact,2018-10-27,18:10:00,Saturday,Manchester,E08000003,Urban,53.452292,-2.199556,E01005237,31.19228868,31,525,169,219,101,36,664,93,105,84,79,15,11,6,6,119,146,126.0519802,2037,16.16,111,81,56,81,69,47,54,28,119,3,8,97,15,2,290,46,11,64,12,0.602203733,3.69e-6,0,5,1,4641.373823,0.322623881
06E150228,2018,Severe/Fatal,Male,21 - 25,0,0,Urban area,More deprived 20-30%,3,2,1,Single carriageway,30,0,Daylight,0,0,0,Non-trunk,0,0,0,0,Neither,Offside,2018-11-06,09:00:00,Tuesday,Manchester,E08000003,Urban,53.457771,-2.226841,E01005244,27.35116868,24,813,476,247,64,26,888,160,183,85,65,16,6,18,21,205,129,158.3597884,2993,18.9,226,171,107,138,74,70,16,12,205,12,13,164,15,1,219,29,37,167,23,1.289353585,6.75e-6,0,9,40,6017.132507,0.696996425
06E150238,2018,Slight,Male,21 - 25,0,0,Urban area,More deprived 20-30%,3,2,1,Single carriageway,30,0,Darkness - lights lit,0,0,0,Non-trunk,0,0,0,0,Neither,Front,2018-10-29,23:20:00,Monday,Manchester,E08000003,Urban,53.46014,-2.214293,E01033657,26.42676623,23,381.5,208.5,135.5,28,9.5,389.5,107,70,43.5,29.5,6.5,4,6,7.5,74,41.5,58.40998686,1333.5,22.83,136,94,55,39.5,28.5,20,5.5,5.5,74,5.5,7.5,65,9.5,1,98.5,14.5,8.5,97.5,8.5,0.365786881,2.13e-6,0,5,11,4101.993787,1.059249805
06E150379,2018,Slight,Male,36 - 45,0,0,Urban area,More deprived 30-40%,4,4,2,Single carriageway,30,1,Darkness - lights lit,0,0,0,Non-trunk,0,0,0,0,Neither,Front,2018-11-13,18:10:00,Tuesday,Manchester,E08000003,Urban,53.466472,-2.253956,E01005214,29.6342537,29,987,444,441,82,20,1219,189,183,139,79,14,7,5,13,489,101,99.79114453,2389,23.94,296,319,170,117,39,26,7,10,489,20,13,137,20,3,242,21,68,184,26,0.427851726,1.79e-6,0,13,28,3746.053306,0.573590045
06E150657,2018,Slight,Male,26 - 35,0,0,Urban area,More deprived 10-20%,2,2,1,Single carriageway,30,0,Darkness - lighting unknown,1,0,0,Non-trunk,0,0,0,0,Neither,Offside,2018-11-09,20:25:00,Friday,Manchester,E08000003,Urban,53.452813,-2.225128,E01005288,29.0377249,26,676,377,219,58,22,658,91,138,74,58,8,0,5,8,178,98,97.95808705,1823,18.61,206,138,159,78,49,30,13,4,178,9,11,129,13,2,171,19,35,77,11,0.696751759,3.73e-6,0,4,39,5263.907801,0.245468301
06E240453,2018,Slight,Female,46 - 55,0,0,Urban area,Less deprived 10-20%,9,3,1,Single carriageway,30,1,Darkness - lights lit,1,1,0,Non-trunk,0,0,0,0,Neither,Offside,2018-01-31,16:45:00,Wednesday,Manchester,E08000003,Urban,53.420827,-2.212816,E01005126,36.74427083,34,803,156,399,202,46,1008,58,125,182,52,23,9,7,8,428,116,68.87895461,2003,29.08,242,260,112,93,58,29,5,4,428,16,11,44,9,1,383,33,22,42,18,0.139045768,4.77e-7,0,13,17,4873.274727,2.274514205
06E240479,2018,Slight,Male,36 - 45,0,0,Urban area,More deprived 10-20%,2,2,1,Single carriageway,30,0,Darkness - lights unlit,1,1,0,Non-trunk,0,0,0,0,Neither,Front,2018-02-08,18:48:00,Thursday,Manchester,E08000003,Urban,53.43974,-2.231578,E01005278,31.6544158,26,536,120,217,155,44,726,63,177,107,38,12,3,6,11,217,92,79.81058975,1854,23.23,85,110,84,125,63,39,9,21,217,5,2,103,15,0,276,31,28,38,13,0.995924683,4.35e-6,0,10,1,3279.008447,0.738890824
06E241979,2018,Slight,Male,26 - 35,0,0,Urban area,More deprived 40-50%,5,2,1,Single carriageway,30,0,Daylight,0,0,0,Non-trunk,0,1,0,0,Neither,Front,2018-03-12,16:00:00,Monday,Manchester,E08000003,Urban,53.443262,-2.250281,E01005181,36.04164625,33,688,139,313,168,68,918,84,148,119,48,8,4,16,13,359,119,54.73321859,2226,40.67,199,157,90,82,72,44,24,22,359,9,2,51,7,0,370,34,29,45,11,2.514112921,6.19e-6,0,11,11,5769.021727,1.658119891
06E242116,2018,Slight,Male,21 - 25,0,0,Urban area,More deprived 20-30%,3,2,1,Single carriageway,30,0,Daylight,1,1,0,Non-trunk,0,0,0,0,Neither,Did not impact,2018-03-27,11:50:00,Tuesday,Manchester,E08000003,Urban,53.447918,-2.191767,E01005219,33.27923844,33,924,412,370,114,28,1024,46,177,156,80,9,8,12,15,378,143,92.59861732,2277,24.59,363,233,132,102,42,29,7,16,378,8,43,117,14,1,299,42,42,61,17,1.082245611,4.46e-6,0,4,39,4258.320713,1.404495035
06E242117,2018,Slight,Male,21 - 25,0,0,Urban area,More deprived 30-40%,4,2,1,Single carriageway,20,0,Darkness - lights lit,0,1,0,Non-trunk,0,0,0,0,Neither,Nearside,2018-01-02,17:20:00,Tuesday,Manchester,E08000003,Urban,53.447344,-2.236512,E01005180,34.99317585,34,763,299,355,92,17,705,121,157,114,27,17,3,3,8,148,107,37.14451538,1920,51.69,264,196,102,110,54,21,8,7,148,2,3,82,18,2,292,33,36,79,8,2.20912779,4.3e-6,0,12,13,4411.239226,1.883103917
06E242966,2018,Slight,Male,46 - 55,0,0,Urban area,Most deprived 10%,1,2,1,Roundabout,30,0,Daylight,0,0,0,Non-trunk,0,0,0,0,Neither,Front,2018-03-29,10:20:00,Thursday,Manchester,E08000003,Urban,53.44265,-2.203049,E01005218,35.60789926,31,629,221,248,113,47,656,43,104,102,44,10,4,9,15,225,100,75.63815495,1689,22.33,215,142,95,85,45,22,19,7,225,6,16,61,12,0,238,16,37,32,12,1.204408697,5.4e-6,0,11,4,3906.249861,1.206090611
06E243317,2018,Slight,Male,36 - 45,0,0,Urban area,More deprived 30-40%,4,2,1,Single carriageway,30,0,Daylight,0,0,0,Non-trunk,1,0,0,0,Neither,Offside,2018-05-04,09:15:00,Friday,Manchester,E08000003,Urban,53.44426,-2.191584,E01005221,31.55467446,32,873,330,407,107,29,1125,111,185,185,67,13,7,5,9,378,165,96.81818182,2556,26.4,226,219,141,112,78,49,21,18,378,9,28,168,19,1,361,31,42,73,17,0.657439081,2.53e-6,1,13,21,3657.523701,1.563878552
06E243670,2018,Slight,Female,26 - 35,0,0,Urban area,Less deprived 30-40%,7,2,1,Single carriageway,30,0,Daylight,0,0,0,Non-trunk,0,0,0,0,Neither,Offside,2018-05-11,16:25:00,Friday,Manchester,E08000003,Urban,53.441355,-2.218805,E01005185,22.51164519,21,511,236,169,71,35,736,59,166,92,39,15,14,13,49,200,89,139.4354149,3260,23.38,109,100,67,71,53,60,42,7,200,6,22,184,10,0,145,17,58,66,23,1.800599604,7.81e-6,0,7,69,3777.948894,0.427055009
06E243899,2018,Slight,Female,21 - 25,0,0,Urban area,More deprived 20-30%,3,2,1,Single carriageway,30,0,Daylight,0,0,0,Non-trunk,0,0,0,0,Neither,Back,2018-05-11,17:00:00,Friday,Manchester,E08000003,Urban,53.437931,-2.213594,E01005310,27.01939655,23,585,240,220,81,44,603,57,142,116,26,6,11,7,27,136,75,127.7992278,1986,15.54,100,105,115,121,60,56,17,12,136,7,11,121,14,1,189,25,37,54,10,0.331205607,2.13e-6,0,5,7,2023.584257,0
06E243927,2018,Slight,Male,26 - 35,0,0,Urban area,More deprived 20-30%,3,2,1,Single carriageway,30,0,Daylight,0,0,0,Non-trunk,0,1,0,0,Neither,Did not impact,2018-05-18,12:00:00,Friday,Manchester,E08000003,Urban,53.442578,-2.218616,E01005185,22.51164519,21,511,236,169,71,35,736,59,166,92,39,15,14,13,49,200,89,139.4354149,3260,23.38,109,100,67,71,53,60,42,7,200,6,22,184,10,0,145,17,58,66,23,1.800599604,7.81e-6,0,7,69,3777.948894,0.427055009
06E244603,2018,Slight,Male,26 - 35,0,0,Urban area,Less deprived 20-30%,8,2,1,Single carriageway,30,0,Daylight,0,0,0,Non-trunk,1,0,0,0,Neither,Front,2018-06-04,17:08:00,Monday,Manchester,E08000003,Urban,53.439704,-2.217321,E01005309,29.74169121,25,950,478,341,92,39,886,70,171,157,43,9,2,12,25,339,58,105.9942912,2228,21.02,390,321,76,39,41,28,26,29,339,6,10,172,9,1,193,21,44,82,9,0.747030956,3.51e-6,0,6,30,5308.982111,0.600192459
06E244623,2018,Slight,Male,46 - 55,0,0,Urban area,Most deprived 10%,1,2,1,Single carriageway,30,1,Daylight,0,0,0,Non-trunk,0,1,0,0,Neither,Back,2018-06-06,08:15:00,Wednesday,Manchester,E08000003,Urban,53.439419,-2.220586,E01005271,27.53744701,24,620,275,220,90,35,663,60,141,110,25,8,10,5,29,214,61,108.529251,1985,18.29,209,145,52,69,57,44,22,22,214,9,8,146,3,2,161,13,30,69,10,0.32074513,1.77e-6,0,5,51,2698.604569,0
06E244724,2018,Severe/Fatal,Female,46 - 55,0,0,Urban area,Less deprived 40-50%,6,2,1,Single carriageway,30,0,Daylight,0,0,0,Non-trunk,0,0,0,0,Neither,Offside,2018-05-23,08:25:00,Wednesday,Manchester,E08000003,Urban,53.441256,-2.21903,E01005185,22.51164519,21,511,236,169,71,35,736,59,166,92,39,15,14,13,49,200,89,139.4354149,3260,23.38,109,100,67,71,53,60,42,7,200,6,22,184,10,0,145,17,58,66,23,1.800599604,7.81e-6,0,7,69,3777.948894,0.427055009
06E244906,2018,Severe/Fatal,Male,46 - 55,0,0,Urban area,Less deprived 20-30%,8,2,1,Single carriageway,30,0,Daylight,0,0,0,Non-trunk,1,0,0,0,Neither,Back,2018-05-23,08:20:00,Wednesday,Manchester,E08000003,Urban,53.447487,-2.191524,E01005219,33.27923844,33,924,412,370,114,28,1024,46,177,156,80,9,8,12,15,378,143,92.59861732,2277,24.59,363,233,132,102,42,29,7,16,378,8,43,117,14,1,299,42,42,61,17,1.082245611,4.46e-6,0,4,39,4258.320713,1.404495035
06E245551,2018,Slight,Male,21 - 25,0,0,Urban area,More deprived 30-40%,4,2,1,Single carriageway,30,0,Darkness - lights lit,0,0,0,Non-trunk,0,0,0,0,Neither,Front,2018-06-27,00:35:00,Wednesday,Manchester,E08000003,Urban,53.442551,-2.21845,E01005185,22.51164519,21,511,236,169,71,35,736,59,166,92,39,15,14,13,49,200,89,139.4354149,3260,23.38,109,100,67,71,53,60,42,7,200,6,22,184,10,0,145,17,58,66,23,1.800599604,7.81e-6,0,7,69,3777.948894,0.427055009
06E246096,2018,Severe/Fatal,Female,21 - 25,0,0,Urban area,More deprived 30-40%,4,2,1,Single carriageway,30,0,Darkness - lights lit,0,0,0,Non-trunk,0,1,0,0,Neither,Front,2018-07-11,22:15:00,Wednesday,Manchester,E08000003,Urban,53.443256,-2.24885,E01005181,36.04164625,33,688,139,313,168,68,918,84,148,119,48,8,4,16,13,359,119,54.73321859,2226,40.67,199,157,90,82,72,44,24,22,359,9,2,51,7,0,370,34,29,45,11,2.514112921,6.19e-6,0,11,11,5769.021727,1.658119891
06E246213,2018,Slight,Male,26 - 35,0,0,Urban area,More deprived 10-20%,2,2,1,Single carriageway,30,0,Daylight,0,0,0,Non-trunk,0,0,0,0,Neither,Nearside,2018-07-02,08:20:00,Monday,Manchester,E08000003,Urban,53.441905,-2.250273,E01005181,36.04164625,33,688,139,313,168,68,918,84,148,119,48,8,4,16,13,359,119,54.73321859,2226,40.67,199,157,90,82,72,44,24,22,359,9,2,51,7,0,370,34,29,45,11,2.514112921,6.19e-6,0,11,11,5769.021727,1.658119891
06E246302,2018,Slight,Female,26 - 35,0,0,Urban area,More deprived 10-20%,2,2,1,Single carriageway,30,0,Daylight,0,0,0,Non-trunk,0,1,0,0,Neither,Offside,2018-07-05,14:30:00,Thursday,Manchester,E08000003,Urban,53.439932,-2.220077,E01005271,27.53744701,24,620,275,220,90,35,663,60,141,110,25,8,10,5,29,214,61,108.529251,1985,18.29,209,145,52,69,57,44,22,22,214,9,8,146,3,2,161,13,30,69,10,0.32074513,1.77e-6,0,5,51,2698.604569,0
06E246459,2018,Slight,Male,26 - 35,0,0,Urban area,Most deprived 10%,1,2,1,Single carriageway,30,1,Daylight,0,0,0,Non-trunk,0,0,0,0,Neither,Offside,2018-07-02,10:10:00,Monday,Manchester,E08000003,Urban,53.437619,-2.231476,E01005273,28.42218021,24,593,243,228,91,31,652,47,105,129,44,8,4,4,10,249,52,114.5704467,1667,14.55,181,154,80,81,35,25,19,18,249,13,4,92,7,0,177,8,43,52,7,0.404619718,2.75e-6,0,8,5,3471.037294,0.817653207
06E246902,2018,Slight,Male,26 - 35,0,0,Urban area,Most deprived 10%,1,2,1,Single carriageway,30,0,Daylight,0,0,0,Non-trunk,0,0,0,0,Neither,Back,2018-08-05,07:55:00,Sunday,Manchester,E08000003,Urban,53.439826,-2.18753,E01005222,32.72842999,33,909,363,436,97,13,920,70,153,143,65,7,8,16,3,323,132,51.21893491,2164,42.25,348,255,116,87,57,30,10,7,323,4,24,111,16,1,306,28,49,52,9,1.35816838,3.24e-6,0,4,8,4299.186965,0.814240773
06E246951,2018,Slight,Female,26 - 35,0,0,Urban area,More deprived 10-20%,2,2,1,Single carriageway,30,0,Daylight,0,0,0,Non-trunk,0,0,0,0,Neither,Front,2018-08-03,08:20:00,Friday,Manchester,E08000003,Urban,53.442623,-2.21848,E01005185,22.51164519,21,511,236,169,71,35,736,59,166,92,39,15,14,13,49,200,89,139.4354149,3260,23.38,109,100,67,71,53,60,42,7,200,6,22,184,10,0,145,17,58,66,23,1.800599604,7.81e-6,0,7,69,3777.948894,0.427055009
06E247277,2018,Slight,Female,21 - 25,0,0,Urban area,More deprived 20-30%,3,2,1,Single carriageway,30,0,Darkness - lights lit,1,1,0,Non-trunk,0,0,0,0,Neither,Offside,2018-08-11,21:00:00,Saturday,Manchester,E08000003,Urban,53.443211,-2.248865,E01005181,36.04164625,33,688,139,313,168,68,918,84,148,119,48,8,4,16,13,359,119,54.73321859,2226,40.67,199,157,90,82,72,44,24,22,359,9,2,51,7,0,370,34,29,45,11,2.514112921,6.19e-6,0,11,11,5769.021727,1.658119891
06E248689,2018,Slight,Female,46 - 55,0,0,Urban area,Least deprived 10%,10,2,1,Single carriageway,40,0,Daylight,0,0,0,Non-trunk,1,0,0,0,Neither,Offside,2018-08-31,17:30:00,Friday,Manchester,E08000003,Urban,53.442026,-2.20544,E01005282,29.48272727,24,445,155,173,81,36,575.5,43.5,109.5,90,32.5,12,7,12,23,165,81,71.59286947,1867.5,26.085,68.5,91,85,74.5,60.5,34.5,17.5,12.5,165,5,14.5,85,10.5,0.5,202.5,19.5,21.5,42.5,8.5,1.057850168,2.89e-6,0,11,10,7296.203006,1.885133971
06E248792,2018,Slight,Male,26 - 35,0,0,Urban area,More deprived 10-20%,2,2,1,Single carriageway,30,0,Daylight,0,0,0,Non-trunk,0,1,0,0,Neither,Front,2018-09-29,18:34:00,Saturday,Manchester,E08000003,Urban,53.463465,-2.219762,E01005062,27.63575,26,419.5,213.5,161.5,36.5,8,491.5,137.5,67,41.5,33,11,2.5,6,4,144.5,44.5,51.12359551,1501.5,29.37,119.5,106,74.5,65.5,35,8.5,6.5,4.5,144.5,3,10,64,7,0.5,103.5,11.5,17,121.5,7,3.633340733,6.18e-6,0,28,244,8894.878973,2.017187943
06E249167,2018,Severe/Fatal,Male,36 - 45,0,0,Urban area,Less deprived 30-40%,7,2,1,Single carriageway,30,0,Daylight,0,0,0,Non-trunk,0,0,0,0,Neither,Front,2018-10-07,11:07:00,Sunday,Manchester,E08000003,Urban,53.441794,-2.251552,E01005181,36.04164625,33,688,139,313,168,68,918,84,148,119,48,8,4,16,13,359,119,54.73321859,2226,40.67,199,157,90,82,72,44,24,22,359,9,2,51,7,0,370,34,29,45,11,2.514112921,6.19e-6,0,11,11,5769.021727,1.658119891
06E249213,2018,Slight,Female,36 - 45,0,0,Urban area,More deprived 10-20%,2,2,1,Single carriageway,30,0,Daylight,0,0,0,Non-trunk,0,0,0,0,Neither,Nearside,2018-10-11,10:16:00,Thursday,Manchester,E08000003,Urban,53.432807,-2.232759,E01005274,34.06706231,30,697,241,329,107,20,808,85,104,160,37,15,8,11,15,305,68,69.12751678,1751,25.33,199,209,139,83,31,24,10,2,305,30,10,92,4,0,225,22,41,73,7,0.277991872,1.09e-6,0,10,28,4966.012921,0.698852378
06E251626,2018,Slight,Male,36 - 45,0,0,Urban area,More deprived 20-30%,3,2,1,Single carriageway,30,0,Daylight,0,1,0,Non-trunk,1,0,0,0,Neither,Front,2018-12-17,15:30:00,Monday,Manchester,E08000003,Urban,53.425946,-2.215219,E01005123,33.28884826,32,609,202,278,102,27,668,91,130,99,38,6,1,6,9,181,107,79.37360179,1774,22.35,126,147,143,107,47,21,15,3,181,4,10,55,11,1,291,32,17,63,7,0.57000606,2.54e-6,0,3,10,3459.481622,0.865769259
06E339476,2018,Severe/Fatal,Female,36 - 45,0,0,Urban area,Less deprived 30-40%,7,2,1,Single carriageway,30,0,Darkness - lights lit,1,1,0,Non-trunk,1,0,0,0,Neither,Offside,2018-01-04,15:10:00,Thursday,Manchester,E08000003,Urban,53.419833,-2.243312,E01005078,39.28571429,35,833,233,430,155,15,949,43,110,183,65,14,6,8,2,466,52,42.37380628,1553,36.65,426,310,51,31,9,6,2,0,466,28,8,38,1,0,307,13,33,48,6,1.805419836,4.96e-6,0,6,12,4046.972988,1.848304515
06E339553,2018,Severe/Fatal,Male,36 - 45,0,0,Urban area,Less deprived 30-40%,7,2,1,Single carriageway,30,0,Darkness - lights lit,1,1,0,Non-trunk,0,0,0,0,Neither,Nearside,2018-01-16,16:45:00,Tuesday,Manchester,E08000003,Urban,53.426327,-2.258654,E01005084,37.0935,36,858,218,429,178,33,1061,49,181,208,47,16,5,10,8,441,96,23.09460858,2009,86.99,249,302,150,101,42,9,4,1,441,41,3,61,8,1,373,34,35,47,14,3.686988444,4.25e-6,0,19,4,3679.009646,1.049649947
06E340024,2018,Severe/Fatal,Male,26 - 35,0,0,Urban area,Most deprived 10%,1,2,1,Dual carriageway,40,1,Daylight,1,1,0,Non-trunk,0,1,0,1,Off carriageway,Front,2018-01-16,08:15:00,Tuesday,Manchester,E08000003,Urban,53.410235,-2.219503,E01005171,37.6742379,35,700,145,317,202,36,911,49,94,197,62,7,11,11,6,393,81,32.60504202,1746,53.55,187,257,92,94,46,18,5,1,393,23,18,42,5,1,337,32,12,38,9,1.1770006,2.17e-6,1,25,60,10638.44397,3.200990704
06E342410,2018,Severe/Fatal,Male,46 - 55,0,0,Urban area,More deprived 30-40%,4,3,1,One way street,30,1,Daylight,0,1,0,Non-trunk,0,0,0,0,Neither,Front,2018-04-04,11:15:00,Wednesday,Manchester,E08000003,Urban,53.41814,-2.244852,E01005173,39.25641026,37,722,152,312,213,45,887,47,81,170,49,16,9,10,15,440,50,19.72208679,1618,82.04,231,262,101,98,23,3,1,1,440,18,5,30,2,1,291,11,36,49,6,2.384125171,2.9e-6,0,7,9,5785.249123,2.341560972
06E343088,2018,Slight,Male,26 - 35,0,0,Urban area,More deprived 30-40%,4,2,1,Single carriageway,30,0,Daylight,1,1,0,Non-trunk,0,0,0,0,Neither,Did not impact,2018-04-28,17:59:00,Saturday,Manchester,E08000003,Urban,53.44263,-2.279966,E01005150,34.95905588,32,841,340,359,109,33,1163,51,168,157,64,14,11,9,5,607,77,69.13982878,1696,24.53,390,277,71,59,25,12,2,6,607,88,9,46,11,1,239,19,74,56,10,1.850597177,7.56e-6,1,16,45,6661.275763,2.305838714
06E343929,2018,Severe/Fatal,Male,26 - 35,0,0,Urban area,More deprived 30-40%,4,2,1,Single carriageway,30,0,Daylight,0,0,0,Non-trunk,0,1,0,0,Neither,Back,2018-05-09,13:05:00,Wednesday,Manchester,E08000003,Urban,53.415263,-2.231986,E01005177,40.85443959,41,619,159,272,165,23,658,43,45,114,33,8,5,10,5,353,42,70.28047465,1303,18.54,227,219,77,74,21,1,0,0,353,14,7,22,1,3,197,4,14,39,1,0.339581418,1.85e-6,0,1,5,4020.622325,0.170304296
06E344811,2018,Slight,Female,36 - 45,0,0,Urban area,Most deprived 10%,1,2,1,Single carriageway,30,0,Daylight,0,0,0,Non-trunk,0,0,0,0,Neither,Back,2018-06-11,08:33:00,Monday,Manchester,E08000003,Urban,53.410208,-2.228785,E01005169,42.00158228,44,597,64,297,193,43,738,22,75,151,48,20,8,9,7,347,51,18.36844224,1369,74.53,171,228,86,81,24,4,1,1,347,15,7,27,2,1,275,17,16,28,4,2.11200453,2.82e-6,0,11,11,7323.680438,1.700201412
06E345471,2018,Slight,Male,46 - 55,0,0,Urban area,More deprived 10-20%,2,2,1,Dual carriageway,30,1,Daylight,0,0,0,Non-trunk,0,0,0,0,Neither,Back,2018-06-22,07:55:00,Friday,Manchester,E08000003,Urban,53.438475,-2.257057,E01005279,34.67746615,33,817,226,390,153,48,939,101,152,145,53,17,11,8,14,312,126,35.07177033,2199,62.7,214,242,139,109,60,35,7,11,312,23,6,75,20,0,369,25,23,68,17,3.69823359,5.85e-6,0,15,6,10333.21579,3.195711009
06E345971,2018,Slight,Male,11 - 15,1,0,Urban area,Most deprived 10%,1,2,1,Single carriageway,30,0,Daylight,0,0,0,Non-trunk,0,0,0,0,Neither,Offside,2018-07-09,08:47:00,Monday,Manchester,E08000003,Urban,53.425704,-2.264083,E01005084,37.0935,36,858,218,429,178,33,1061,49,181,208,47,16,5,10,8,441,96,23.09460858,2009,86.99,249,302,150,101,42,9,4,1,441,41,3,61,8,1,373,34,35,47,14,3.686988444,4.25e-6,0,19,4,3679.009646,1.049649947
06E346660,2018,Slight,Male,46 - 55,0,0,Urban area,Most deprived 10%,1,2,1,Single carriageway,30,0,Daylight,0,0,0,Non-trunk,0,1,0,0,Neither,Front,2018-07-24,09:30:00,Tuesday,Manchester,E08000003,Urban,53.442446,-2.274093,E01005154,34.32133995,33,657,194,307,128,28,886,32,116,129,34,8,4,11,6,481,65,93.6351706,1427,15.24,229,226,96,76,23,3,3,0,481,65,4,27,5,0,211,6,42,46,2,1.606061987,1.04e-5,0,5,10,2797.047478,0.802293919
06E348325,2018,Slight,Male,26 - 35,0,0,Urban area,More deprived 20-30%,3,2,1,Single carriageway,30,0,Darkness - lights unlit,0,0,0,Non-trunk,1,0,0,0,Neither,Back,2018-09-17,01:10:00,Monday,Manchester,E08000003,Urban,53.421166,-2.24192,E01005083,31.38564761,30,954,310,438,176,30,1302,82,119,237,62,16,15,15,8,675,73,50.36996437,1838,36.49,444,331,64,75,26,8,2,5,675,58,8,60,7,1,342,15,52,78,5,0.859594539,2.34e-6,0,20,19,8399.178472,1.865815306
06E348744,2018,Slight,Male,46 - 55,0,0,Urban area,Least deprived 10%,10,2,1,Single carriageway,30,0,Darkness - lights lit,0,0,0,Non-trunk,0,0,0,0,Neither,Front,2018-09-28,19:36:00,Friday,Manchester,E08000003,Urban,53.427857,-2.261914,E01005084,37.0935,36,858,218,429,178,33,1061,49,181,208,47,16,5,10,8,441,96,23.09460858,2009,86.99,249,302,150,101,42,9,4,1,441,41,3,61,8,1,373,34,35,47,14,3.686988444,4.25e-6,0,19,4,3679.009646,1.049649947
06E348753,2018,Slight,Male,56 - 65,0,0,Urban area,Less deprived 40-50%,6,2,1,Single carriageway,30,0,Daylight,0,0,0,Non-trunk,0,0,0,0,Neither,Nearside,2018-10-01,10:34:00,Monday,Manchester,E08000003,Urban,53.431862,-2.259636,E01005081,34.59106529,34,773,317,322,119,15,723,80,124,142,28,8,2,5,3,232,99,43.45337467,1822,41.93,301,192,109,102,33,15,14,5,232,52,2,35,10,2,287,24,24,46,9,1.214560907,2.89e-6,0,14,15,2544.509209,1.130160282
06E349231,2018,Slight,Female,26 - 35,0,0,Urban area,More deprived 20-30%,3,2,1,Single carriageway,30,0,Daylight,0,0,0,Non-trunk,0,1,0,0,Neither,Front,2018-10-03,19:15:00,Wednesday,Manchester,E08000003,Urban,53.442539,-2.272498,E01005296,38.47647768,37,629,144,293,147,45,790,50,127,90,41,9,6,2,7,386,72,69.79955457,1567,22.45,197,205,75,85,31,22,9,5,386,24,3,28,2,0,237,17,46,34,9,0.164805339,7.44e-7,0,10,29,3239.674511,1.883609427
06E349533,2018,Slight,Male,56 - 65,0,0,Urban area,Less deprived 30-40%,7,2,2,Single carriageway,30,0,Daylight,0,0,0,Non-trunk,1,0,0,0,Neither,Nearside,2018-10-22,09:05:00,Monday,Manchester,E08000003,Urban,53.445006,-2.278672,E01005150,34.95905588,32,841,340,359,109,33,1163,51,168,157,64,14,11,9,5,607,77,69.13982878,1696,24.53,390,277,71,59,25,12,2,6,607,88,9,46,11,1,239,19,74,56,10,1.850597177,7.56e-6,1,16,45,6661.275763,2.305838714
06E350164,2018,Slight,Male,36 - 45,0,0,Urban area,Less deprived 30-40%,7,2,1,Single carriageway,30,0,Daylight,0,0,0,Non-trunk,1,0,0,0,Neither,Back,2018-10-30,14:25:00,Tuesday,Manchester,E08000003,Urban,53.41273,-2.23101,E01005169,42.00158228,44,597,64,297,193,43,738,22,75,151,48,20,8,9,7,347,51,18.36844224,1369,74.53,171,228,86,81,24,4,1,1,347,15,7,27,2,1,275,17,16,28,4,2.11200453,2.82e-6,0,11,11,7323.680438,1.700201412
06E350296,2018,Severe/Fatal,Male,36 - 45,0,0,Urban area,Less deprived 20-30%,8,2,1,Single carriageway,30,1,Daylight,0,0,0,Non-trunk,0,0,0,0,Neither,Front,2018-11-07,09:23:00,Wednesday,Manchester,E08000003,Urban,53.412350000000004,-2.222899,E01005168,39.25804146,41,523,59,252,177,35,702,41,58,122,43,13,7,7,5,341,65,40.75471698,1404,34.45,118,146,109,108,28,7,5,1,341,17,3,23,3,0,249,9,18,28,9,1.390752438,4.08e-6,1,14,51,6623.343672,2.797247936
06E353919,2018,Slight,Male,26 - 35,0,0,Urban area,More deprived 40-50%,5,2,1,Single carriageway,30,0,Darkness - lights lit,0,0,0,Non-trunk,0,0,0,0,Neither,Offside,2018-06-20,21:50:00,Wednesday,Manchester,E08000003,Urban,53.455115,-2.26428,E01005302,34.91047619,34,1005,414,436,132,23,1104,74,197,113,59,20,6,9,5,489,132,78.7528006,2109,26.78,457,279,133,77,39,11,5,4,489,27,14,72,9,2,298,26,78,83,8,0.084956383,3.17e-7,0,5,9,3177.16374,1.342585605
06E439927,2018,Slight,Male,26 - 35,0,0,Urban area,Less deprived 40-50%,6,2,1,Single carriageway,30,0,Darkness - lights lit,1,1,0,Non-trunk,0,0,0,0,Neither,Front,2018-01-15,18:30:00,Monday,Manchester,E08000003,Urban,53.409379,-2.256596,E01005268,40.49311701,39,1074,277,531,227,39,1203,51,158,241,66,28,11,7,11,500,130,26.54770575,2187,82.38,429,365,139,104,25,8,2,0,500,9,9,110,7,3,443,24,34,51,14,1.672002822,2.03e-6,0,12,8,7749.992591,4.477840505
06E439974,2018,Slight,Male,56 - 65,0,0,Urban area,More deprived 40-50%,5,2,1,Single carriageway,60,0,Daylight,0,1,0,Non-trunk,0,0,0,0,Neither,Did not impact,2018-01-28,11:30:00,Sunday,Manchester,E08000003,Rural,53.349952,-2.296797,E01005316,35.44235751,35,689,209,322,124,34,800,158,143,102,79,13,3,6,11,139,146,2.389128157,1642,687.28,220,204,115,105,33,5,4,1,139,13,3,64,12,3,367,57,49,80,11,7.794086106,1.13e-6,2,117,66,21035.56127,10.14904149
06E440207,2018,Severe/Fatal,Male,36 - 45,0,0,Urban area,Most deprived 10%,1,2,1,Single carriageway,30,0,Darkness - lighting unknown,0,1,0,Non-trunk,1,0,0,0,Neither,Front,2018-02-02,07:10:00,Friday,Manchester,E08000003,Urban,53.397504,-2.257051,E01005295,36.3117757,35,1140,226,593,277,44,1391,98,249,243,107,35,4,9,13,454,179,29.31187569,2641,90.1,382,392,194,115,42,15,2,0,454,27,10,74,17,1,651,39,17,87,14,2.423416104,2.7e-6,0,10,10,7176.454556,5.565346088
06E440402,2018,Severe/Fatal,Male,56 - 65,0,0,Urban area,Less deprived 10-20%,9,2,1,Single carriageway,30,0,Darkness - lights lit,1,1,0,Non-trunk,0,0,0,0,Neither,Back,2018-02-08,18:45:00,Thursday,Manchester,E08000003,Urban,53.408731,-2.256983,E01005268,40.49311701,39,1074,277,531,227,39,1203,51,158,241,66,28,11,7,11,500,130,26.54770575,2187,82.38,429,365,139,104,25,8,2,0,500,9,9,110,7,3,443,24,34,51,14,1.672002822,2.03e-6,0,12,8,7749.992591,4.477840505
06E441015,2018,Slight,Female,26 - 35,0,0,Urban area,More deprived 10-20%,2,2,1,Single carriageway,30,0,Darkness - lighting unknown,0,0,0,Non-trunk,0,0,0,0,Neither,Back,2018-02-26,06:45:00,Monday,Manchester,E08000003,Urban,53.392262,-2.285529,E01005070,36.18859649,35,803,344,335,100,24,784,247,126,102,64,9,6,4,11,121,94,22.89574811,1847,80.67,311,205,135,96,29,18,4,4,121,37,6,40,9,1,312,34,19,196,9,1.099146226,1.35e-6,1,27,53,9760.638839,2.928052924
06E442444,2018,Slight,Male,11 - 15,1,0,Urban area,Less deprived 30-40%,7,2,1,Single carriageway,30,0,Daylight,0,0,0,Non-trunk,0,1,0,0,Neither,Front,2018-04-05,11:55:00,Thursday,Manchester,E08000003,Urban,53.406398,-2.312008,E01005114,46.17586796,48,815,130,384,234,67,790,49,120,124,59,15,5,13,10,337,58,32.76995305,1745,53.25,303,286,104,78,32,6,5,1,337,17,3,7,6,3,347,25,8,33,5,1.042591509,1.97e-6,0,9,7,6515.814018,1.487813438
06E444330,2018,Slight,Male,26 - 35,0,0,Urban area,Most deprived 10%,1,2,1,Single carriageway,30,0,Daylight,0,1,0,Non-trunk,0,1,0,0,Neither,Front,2018-05-30,09:00:00,Wednesday,Manchester,E08000003,Urban,53.406465,-2.261588,E01005268,40.49311701,39,1074,277,531,227,39,1203,51,158,241,66,28,11,7,11,500,130,26.54770575,2187,82.38,429,365,139,104,25,8,2,0,500,9,9,110,7,3,443,24,34,51,14,1.672002822,2.03e-6,0,12,8,7749.992591,4.477840505
06E445244,2018,Slight,Male,26 - 35,0,0,Urban area,Less deprived 40-50%,6,2,1,Single carriageway,30,0,Daylight,0,0,0,Non-trunk,0,0,0,0,Neither,Front,2018-06-25,15:00:00,Monday,Manchester,E08000003,Urban,53.407451,-2.278938,E01005112,36.37437811,36,675,159,321,156,39,718,122,105,114,54,9,6,5,11,168,124,22.50228549,1723,76.57,185,191,131,109,43,10,5,2,168,12,4,30,20,2,364,33,15,58,7,2.788334647,3.65e-6,0,18,3,7869.948185,2.749819854
06E445446,2018,Slight,Male,11 - 15,1,0,Urban area,Most deprived 10%,1,2,1,Single carriageway,30,0,Daylight,0,0,0,Non-trunk,0,1,0,0,Neither,Offside,2018-05-14,15:30:00,Monday,Manchester,E08000003,Urban,53.39119,-2.271463,E01005088,32.46105742,31,725,310,320,73,22,676,181,121,104,56,10,3,2,5,90,104,54.65083404,1933,35.37,181,202,145,116,53,17,8,3,90,18,3,82,17,2,304,54,27,74,7,1.352854424,3.81e-6,0,11,3,4602.391052,1.379846642
06E445483,2018,Severe/Fatal,Male,36 - 45,0,0,Urban area,Least deprived 10%,10,3,1,Single carriageway,30,0,Daylight,0,0,0,Non-trunk,0,0,0,0,Neither,Back,2018-06-29,18:03:00,Friday,Manchester,E08000003,Urban,53.408909,-2.317457,E01005114,46.17586796,48,815,130,384,234,67,790,49,120,124,59,15,5,13,10,337,58,32.76995305,1745,53.25,303,286,104,78,32,6,5,1,337,17,3,7,6,3,347,25,8,33,5,1.042591509,1.97e-6,0,9,7,6515.814018,1.487813438
06E445523,2018,Slight,Female,46 - 55,0,0,Urban area,Most deprived 10%,1,2,1,Single carriageway,40,0,Daylight,0,0,0,Non-trunk,0,0,0,0,Neither,Front,2018-06-27,17:50:00,Wednesday,Manchester,E08000003,Urban,53.370795,-2.278817,E01005316,35.44235751,35,689,209,322,124,34,800,158,143,102,79,13,3,6,11,139,146,2.389128157,1642,687.28,220,204,115,105,33,5,4,1,139,13,3,64,12,3,367,57,49,80,11,7.794086106,1.13e-6,2,117,66,21035.56127,10.14904149
06E446502,2018,Slight,Male,56 - 65,0,0,Urban area,Less deprived 10-20%,9,3,1,Single carriageway,30,0,Daylight,0,0,0,Non-trunk,0,0,0,0,Neither,Back,2018-07-27,11:45:00,Friday,Manchester,E08000003,Urban,53.392391,-2.256479,E01005086,33.27641348,31,702,273,301,101,27,684,99,174,114,55,10,4,3,6,109,110,77.03793382,1909,24.78,171,171,154,126,49,27,3,0,109,20,5,75,12,4,324,37,21,66,9,0.80712663,3.21e-6,0,5,4,3846.561737,0.367795085
06E447149,2018,Slight,Male,46 - 55,0,0,Urban area,Most deprived 10%,1,2,1,Dual carriageway,30,0,Darkness - lights lit,0,0,0,Non-trunk,1,1,0,0,Neither,Offside,2018-08-03,22:30:00,Friday,Manchester,E08000003,Urban,53.380792,-2.274463,E01005319,34.78519856,33,896,284,422,162,28,1028,208,191,158,88,20,4,7,11,185,156,49.75369458,2323,46.69,225,272,192,118,56,24,5,5,185,20,5,96,18,5,459,86,37,101,15,1.334782015,2.85e-6,0,12,5,6785.850334,1.110385742
06E448112,2018,Severe/Fatal,Male,26 - 35,0,0,Urban area,More deprived 20-30%,3,2,1,Single carriageway,20,1,Darkness - lights lit,0,0,0,Non-trunk,0,0,0,0,Neither,Front,2018-09-12,03:00:00,Wednesday,Manchester,E08000003,Urban,53.398925,-2.306404,E01005113,37.04771115,36,810,354,342,96,18,655,97,151,101,62,12,5,3,6,129,89,65.93059937,1672,25.36,355,195,168,65,22,6,3,1,129,30,3,45,17,2,286,34,27,67,15,0.329641034,1.3e-6,0,12,8,5280.555034,0.701475341
06E448779,2018,Slight,Male,46 - 55,0,0,Rural,Less deprived 20-30%,8,2,1,Single carriageway,30,0,Daylight,0,0,0,Non-trunk,0,0,0,0,Neither,Front,2018-09-26,09:00:00,Wednesday,Manchester,E08000003,Urban,53.392245,-2.285409,E01005070,36.18859649,35,803,344,335,100,24,784,247,126,102,64,9,6,4,11,121,94,22.89574811,1847,80.67,311,205,135,96,29,18,4,4,121,37,6,40,9,1,312,34,19,196,9,1.099146226,1.35e-6,1,27,53,9760.638839,2.928052924
06E448956,2018,Slight,Female,46 - 55,0,0,Urban area,Less deprived 40-50%,6,2,1,Single carriageway,40,0,Daylight,0,0,0,Non-trunk,1,0,0,0,Neither,Front,2018-09-28,09:35:00,Friday,Manchester,E08000003,Urban,53.364744,-2.247385,E01005317,37.4628917,35,920,310,406,161,43,941,122,193,90,113,20,4,5,8,226,160,10.28670367,2020,196.37,326,310,146,83,38,15,2,2,226,44,8,42,17,4,411,51,25,98,12,3.695045467,1.88e-6,2,34,15,16710.03945,8.297994137
06E451753,2018,Severe/Fatal,Male,36 - 45,0,0,Urban area,Less deprived 30-40%,7,2,1,Dual carriageway,40,0,Darkness - lights lit,0,0,0,Non-trunk,1,1,0,0,Neither,Nearside,2018-12-22,07:40:00,Saturday,Manchester,E08000003,Urban,53.365218,-2.25672,E01005317,37.4628917,35,920,310,406,161,43,941,122,193,90,113,20,4,5,8,226,160,10.28670367,2020,196.37,326,310,146,83,38,15,2,2,226,44,8,42,17,4,411,51,25,98,12,3.695045467,1.88e-6,2,34,15,16710.03945,8.297994137
06F139559,2018,Slight,Male,11 - 15,1,0,Urban area,More deprived 30-40%,4,2,1,Dual carriageway,50,1,Daylight,0,0,0,Non-trunk,1,0,0,0,Neither,Front,2018-01-15,08:21:00,Monday,Salford,E08000006,Urban,53.50253,-2.329085,E01005694,38.93443627,40,690,87,312,228,63,943,113,149,129,67,22,9,7,8,297,142,19.84901278,1709,86.1,155,235,151,123,20,5,1,0,297,6,3,35,11,1,490,44,10,34,13,4.10373427,4.77e-6,0,9,6,4807.473473,1.245934693
06F140272,2018,Severe/Fatal,Male,66 - 75,0,1,Urban area,More deprived 20-30%,3,2,1,Roundabout,30,0,Darkness - lights lit,1,1,0,Non-trunk,0,0,0,0,Neither,Nearside,2018-01-19,05:40:00,Friday,Salford,E08000006,Urban,53.519429,-2.396783,E01005712,40.11232544,38,842,208,421,186,27,955,56,100,184,152,24,7,4,1,279,148,61.45101973,1838,29.91,323,269,131,77,25,12,4,3,279,3,22,59,11,2,462,45,6,53,12,0.211192761,7e-7,1,13,11,5226.288131,2.194563254
06F141297,2018,Slight,Male,56 - 65,0,0,Urban area,Less deprived 40-50%,6,2,1,Single carriageway,30,0,Daylight,0,1,0,Non-trunk,0,0,0,0,Neither,Front,2018-03-08,17:00:00,Thursday,Salford,E08000006,Urban,53.510089,-2.335688,E01005672,39.06932931,39,612,183,317,92,20,701,95,118,139,40,15,6,1,4,198,85,53.83319292,1278,23.74,215,223,102,51,14,6,0,0,198,7,13,53,6,1,300,32,16,69,6,0,0,1,8,11,2983.841664,1.33754804
06F141809,2018,Slight,Male,26 - 35,0,0,Urban area,Most deprived 10%,1,2,1,Single carriageway,30,0,Darkness - lights lit,1,1,0,Non-trunk,0,0,0,0,Neither,Offside,2018-03-22,21:21:00,Thursday,Salford,E08000006,Urban,53.477393,-2.367583,E01005605,37.6754386,36,737,203,354,150,30,827,111,165,134,66,21,4,11,4,185,126,15.42325581,1658,107.5,248,222,153,82,27,4,1,0,185,6,4,67,9,2,431,51,26,42,4,2.842097513,2.63e-6,0,17,8,9881.957974,3.715679137
06F141810,2018,Slight,Male,46 - 55,0,0,Urban area,Less deprived 40-50%,6,2,1,Single carriageway,30,0,Daylight,0,0,0,Non-trunk,1,0,0,0,Neither,Front,2018-03-16,16:55:00,Friday,Salford,E08000006,Urban,53.510841,-2.389706,E01005737,43.78837052,49,589,35,182,270,102,742,11,69,107,93,23,21,5,7,327,79,1.721898076,1511,877.52,104,240,98,114,28,6,1,0,327,3,2,9,0,2,352,15,4,17,8,4.897771821,5.57e-7,0,27,5,12289.80163,7.548195448
06F142568,2018,Slight,Male,36 - 45,0,0,Urban area,Most deprived 10%,1,2,1,Single carriageway,30,1,Daylight,1,1,0,Non-trunk,0,0,0,0,Neither,Nearside,2018-04-13,19:00:00,Friday,Salford,E08000006,Urban,53.482893,-2.337779,E01005631,47.2869898,51,1045,673,291,62,19,632,112,124,83,48,18,3,12,6,163,63,56.58414065,1577,27.87,723,203,65,35,11,5,2,0,163,37,9,54,19,1,217,21,10,92,6,0.736242558,2.68e-6,0,25,47,4448.451587,1.625265877
06F142696,2018,Slight,Male,56 - 65,0,0,Urban area,Less deprived 20-30%,8,2,1,Single carriageway,30,0,Daylight,0,0,0,Non-trunk,0,0,0,0,Neither,Front,2018-04-16,08:34:00,Monday,Salford,E08000006,Urban,53.522497,-2.390145,E01005711,43.11350975,45,628,94,307,178,49,698,47,75,134,76,17,5,4,9,214,117,18.43915344,1394,75.6,196,239,92,71,24,4,1,2,214,0,3,26,4,1,365,28,7,42,10,0.113687905,1.5e-7,0,12,4,2724.735235,2.983442126
06F143047,2018,Slight,Male,26 - 35,0,0,Urban area,More deprived 40-50%,5,2,1,Single carriageway,30,0,Daylight,0,1,0,Non-trunk,0,0,0,0,Neither,Front,2018-04-23,17:30:00,Monday,Salford,E08000006,Urban,53.507832,-2.329669,E01005701,41.89052751,43,715,89,330,221,75,861,85,138,111,65,22,5,4,9,311,111,46.13050076,1824,39.54,164,251,133,119,39,6,0,3,311,0,3,29,8,2,416,42,11,35,6,1.714292531,4.27e-6,0,12,3,7430.575105,2.312535886
06F143143,2018,Severe/Fatal,Male,46 - 55,0,0,Urban area,More deprived 10-20%,2,3,1,Single carriageway,30,0,Daylight,0,0,0,Non-trunk,0,0,0,0,Neither,Front,2018-04-19,17:36:00,Thursday,Salford,E08000006,Urban,53.481244,-2.276391,E01032907,32.121873,30,772,357.5,336,75.5,3,993,155,134,55,72,13.5,8.5,13.5,16,475.5,50,29.16132847,1479.5,50.735,294,334,87.5,37,14,5,0.5,0.5,475.5,20,17,46.5,12.5,0.5,203.5,14.5,36.5,157.5,7.5,5.731015748,5.67e-6,0,23,50,10069.59698,8.922447558
06F144344,2018,Severe/Fatal,Male,26 - 35,0,0,Urban area,More deprived 20-30%,3,2,1,Single carriageway,30,0,Darkness - lights lit,0,0,0,Non-trunk,0,0,0,0,Neither,Front,2018-04-30,22:30:00,Monday,Salford,E08000006,Urban,53.485595000000004,-2.366041,E01005728,39.59068924,39,762,122,358,239,43,977,86,204,131,99,17,8,8,12,303,109,60.79429735,1791,29.46,207,266,143,115,23,8,0,0,303,13,3,20,6,7,492,52,23,50,11,0.589439882,1.99e-6,0,6,5,2586.040908,1.554844185
06F144916,2018,Slight,Male,21 - 25,0,0,Urban area,Less deprived 10-20%,9,2,1,Single carriageway,30,0,Daylight,0,0,0,Non-trunk,0,1,0,0,Neither,Offside,2018-06-05,17:40:00,Tuesday,Salford,E08000006,Rural,53.466722,-2.393595,E01005732,40.34703947,42,546,193,231,107,15,518,21,143,85,55,8,2,3,5,114,82,6.038925301,1207,199.87,199,173,82,61,20,7,2,2,114,3,3,46,12,4,248,23,24,30,9,1.544281361,7.75e-7,0,17,6,5072.996677,1.795027384
06F144966,2018,Slight,Male,26 - 35,0,0,Urban area,More deprived 40-50%,5,2,1,Single carriageway,30,0,Daylight,0,0,0,Non-trunk,0,0,0,0,Neither,Front,2018-06-15,08:20:00,Friday,Salford,E08000006,Urban,53.483206,-2.344577,E01005638,35.00891862,34,971,368,432,149,22,1071,161,201,143,77,15,10,2,14,304,144,78.32093518,2211,28.23,376,289,152,95,25,11,25,3,304,21,16,94,14,6,415,48,26,120,5,0.512576461,1.81e-6,1,9,12,5563.776732,2.597591279
06F145197,2018,Slight,Male,56 - 65,0,0,Urban area,Less deprived 30-40%,7,2,1,Single carriageway,30,0,Daylight,0,0,0,Non-trunk,0,0,0,0,Neither,Front,2018-06-06,17:45:00,Wednesday,Salford,E08000006,Urban,53.491971,-2.359253,E01005727,38.83430657,39,647,163,326,131,27,782,57,165,110,69,14,8,12,9,244,94,77.43972445,1349,17.42,247,232,76,59,22,9,1,0,244,7,2,45,10,7,351,30,22,52,10,0.452543712,2.61e-6,0,4,4,2949.429847,0.920465631
06F145269,2018,Severe/Fatal,Female,36 - 45,0,0,Urban area,Least deprived 10%,10,2,1,Roundabout,30,0,Daylight,0,0,0,Non-trunk,0,0,0,0,Neither,Front,2018-06-26,06:50:00,Tuesday,Salford,E08000006,Rural,53.502098,-2.386114,E01005738,44.63374266,46,822,77,309,347,89,970,30,122,128,105,20,14,13,17,416,105,5.972316629,1933,323.66,229,319,127,111,33,4,0,1,416,6,2,20,3,4,462,18,7,29,8,3.228366505,1e-6,0,19,10,6944.948077,9.584708154
06F145507,2018,Slight,Male,6 - 10,1,0,Urban area,More deprived 20-30%,3,2,2,Single carriageway,30,0,Daylight,0,0,0,Non-trunk,1,1,0,0,Neither,Nearside,2018-06-25,20:06:00,Monday,Salford,E08000006,Urban,53.420427,-2.448195,E01005619,39.3371059,39,515,107,213,151,44,580,66,48,92,121,14,8,3,7,127,94,24.39072716,1231,50.47,148,172,89,65,29,10,1,0,127,1,13,20,6,6,325,30,16,29,5,1.793954149,3.51e-6,0,15,2,5822.634758,2.203881288
06F145910,2018,Slight,Male,11 - 15,1,0,Urban area,Less deprived 30-40%,7,2,1,Dual carriageway,50,0,Daylight,0,0,0,Non-trunk,0,1,0,0,Neither,Front,2018-06-23,15:45:00,Saturday,Salford,E08000006,Urban,53.506159,-2.42389,E01005736,43.68448023,46,625,79,295,212,39,645,20,53,142,108,21,9,4,4,214,70,51.87713311,1368,26.37,190,238,109,71,16,2,0,0,214,0,4,20,4,0,329,23,7,36,6,0.641859995,2.45e-6,0,6,1,6626.570006,1.813469206
06F148109,2018,Severe/Fatal,Male,46 - 55,0,0,Urban area,Less deprived 30-40%,7,2,1,Single carriageway,30,0,Daylight,1,1,0,Non-trunk,0,0,0,0,Neither,Offside,2018-09-11,07:55:00,Tuesday,Salford,E08000006,Urban,53.454161,-2.405481,E01005640,34.92118227,33,529,135,242,115,37,575,41,108,128,67,13,3,7,2,102,104,5.788958413,1360,234.93,134,148,124,79,31,7,4,0,102,1,4,48,4,2,333,23,9,40,8,1.948220651,8.25e-7,0,15,4,10142.1012,5.059823703
06F149623,2018,Slight,Male,11 - 15,1,0,Urban area,More deprived 20-30%,3,2,1,Single carriageway,30,0,Daylight,0,0,0,Non-trunk,0,1,0,0,Neither,Front,2018-10-18,16:15:00,Thursday,Salford,E08000006,Urban,53.433303,-2.43233,E01005621,39.22580645,38,785,233,336,167,49,791,116,41,142,154,15,4,5,5,198,111,2.007144072,1770,881.85,315,221,106,81,23,14,23,1,198,2,25,33,7,4,376,38,21,85,2,3.959258069,4.5e-7,1,11,12,6396.250769,3.986443332
06F151201,2018,Slight,Male,11 - 15,1,0,Urban area,Least deprived 10%,10,2,1,Single carriageway,30,0,Daylight,0,1,0,Non-trunk,0,0,0,0,Neither,Nearside,2018-12-03,15:05:00,Monday,Salford,E08000006,Urban,53.50963,-2.402693,E01005717,36.8012008,40,563,21,189,251,102,831,50,54,130,121,28,9,8,9,349,73,40.74947589,1555,38.16,76,191,120,145,22,4,2,2,349,1,7,19,5,3,394,26,6,14,6,1.556051528,4.09e-6,0,3,3,6682.483502,0.429177952
06F239131,2018,Severe/Fatal,Male,11 - 15,1,0,Urban area,More deprived 10-20%,2,2,1,Single carriageway,30,0,Darkness - lights lit,0,0,0,Non-trunk,0,0,0,0,Neither,Front,2018-01-05,07:50:00,Friday,Salford,E08000006,Urban,53.488592,-2.321261,E01005719,37.993636360000004,34,1010,445,437,113,15,1031,199,168,162,71,21,8,10,8,283,101,28.99829254,2038,70.28,431,350,132,57,25,15,3,1,283,73,10,85,18,1,330,26,26,166,12,2.472853409,3.47e-6,1,31,12,8097.24013,4.068772226
06F239630,2018,Slight,Male,46 - 55,0,0,Urban area,More deprived 40-50%,5,2,1,Single carriageway,30,0,Darkness - lights lit,1,1,0,Non-trunk,0,0,0,0,Neither,Front,2018-01-18,00:30:00,Thursday,Salford,E08000006,Urban,53.480634,-2.294817,E01032914,32.45311682,31,1146,493,573,77,3,1453,135,337,95,110,27,10,17,14,617,91,41.40960562,2121,51.22,494,417,174,43,16,1,0,1,617,112,33,83,10,3,344,43,42,158,9,2.010808907,3.93e-6,0,15,23,7413.090677,1.697064516
06F240090,2018,Slight,Male,46 - 55,0,0,Urban area,More deprived 20-30%,3,2,1,Single carriageway,20,1,Darkness - lights lit,0,0,0,Non-trunk,1,0,0,0,Neither,Front,2018-01-23,07:33:00,Tuesday,Salford,E08000006,Urban,53.487525,-2.316958,E01005719,37.993636360000004,34,1010,445,437,113,15,1031,199,168,162,71,21,8,10,8,283,101,28.99829254,2038,70.28,431,350,132,57,25,15,3,1,283,73,10,85,18,1,330,26,26,166,12,2.472853409,3.47e-6,1,31,12,8097.24013,4.068772226
06F240241,2018,Slight,Male,26 - 35,0,0,Urban area,More deprived 20-30%,3,2,1,Single carriageway,30,0,Darkness - lights lit,0,0,0,Non-trunk,1,0,0,0,Neither,Nearside,2018-01-30,18:05:00,Tuesday,Salford,E08000006,Urban,53.480606,-2.295073,E01005723,35.17831483,33,653,284,252,100,17,728,147,166,56,49,10,5,3,12,186,94,25.89647646,1661,64.14,193,187,105,97,41,20,7,0,186,23,2,63,13,0,258,36,37,103,10,1.12086968,1.75e-6,1,22,20,4051.729564,2.761762858
06F240971,2018,Slight,Male,36 - 45,0,0,Urban area,More deprived 20-30%,3,2,1,Single carriageway,30,0,Darkness - lights lit,0,0,0,Non-trunk,0,0,0,0,Neither,Front,2018-02-17,17:45:00,Saturday,Salford,E08000006,Urban,53.508088,-2.25348,E01005614,21.33154122,15,618,298,267,41,12,887,491,65,45,40,8,2,3,5,149,79,188.9092017,3100,16.41,98,94,45,71,71,48,42,148,149,4,3,38,14,0,231,26,12,399,11,0,0,0,8,22,4169.430444,0.392625653
06F241623,2018,Slight,Male,46 - 55,0,0,Urban area,More deprived 30-40%,4,3,1,Dual carriageway,30,0,Daylight,1,1,0,Non-trunk,1,0,0,0,Neither,Offside,2018-03-18,15:45:00,Sunday,Salford,E08000006,Urban,53.470038,-2.282948,E01032686,30.27423364,29,646.5,284,279,78,5.5,857,72.5,155,61,63,16,7,7.5,12.5,418.5,44,61.23946725,1126.5,18.395,271.5,295,58.5,17,2.5,1.5,0,0,418.5,86.5,13.5,19.5,10.5,1.5,182.5,21.5,17.5,78.5,6.5,0.038019681,1.04e-7,3,34,75,4882.842258,1.235438728
06F241868,2018,Slight,Male,16 - 20,1,0,Urban area,Most deprived 10%,1,2,1,Single carriageway,30,0,Daylight,0,0,0,Non-trunk,0,0,0,0,Neither,Front,2018-03-14,16:30:00,Wednesday,Salford,E08000006,Urban,53.509561,-2.262657,E01005650,34.57126633,30,633,302,241,65,25,657,248,74,35,38,13,1,4,8,159,77,45.62728938,1993,43.68,274,99,76,30,32,23,28,69,159,1,6,33,11,0,222,24,19,183,2,0.966722862,2.23e-6,0,5,13,4934.185531,1.525958041
06F242477,2018,Slight,Female,26 - 35,0,0,Urban area,More deprived 30-40%,4,2,1,Dual carriageway,40,0,Daylight,0,0,0,Non-trunk,0,0,0,0,Neither,Offside,2018-04-05,17:00:00,Thursday,Salford,E08000006,Urban,53.481643,-2.278594,E01032907,32.121873,30,772,357.5,336,75.5,3,993,155,134,55,72,13.5,8.5,13.5,16,475.5,50,29.16132847,1479.5,50.735,294,334,87.5,37,14,5,0.5,0.5,475.5,20,17,46.5,12.5,0.5,203.5,14.5,36.5,157.5,7.5,5.731015748,5.67e-6,0,23,50,10069.59698,8.922447558
06F242693,2018,Slight,Male,36 - 45,0,0,Urban area,More deprived 30-40%,4,2,1,Single carriageway,20,0,Daylight,0,0,0,Non-trunk,0,0,0,0,Neither,Nearside,2018-04-16,19:01:00,Monday,Salford,E08000006,Urban,53.483245,-2.261907,E01032906,32.61217773,31,1139,647,423,57,12,1329,271,173,74,92,21,9,10,13,580,86,60.73127229,2043,33.64,553,441,97,29,13,3,2,1,580,22,21,108,12,2,225,14,40,296,13,3.280546995,9.65e-6,1,20,34,7009.530946,3.27626851
06F242718,2018,Severe/Fatal,Male,21 - 25,0,0,Urban area,More deprived 10-20%,2,2,1,Single carriageway,30,0,Daylight,0,0,0,Non-trunk,0,1,0,0,Neither,Offside,2018-04-19,07:55:00,Thursday,Salford,E08000006,Urban,53.480739,-2.273329,E01032907,32.121873,30,772,357.5,336,75.5,3,993,155,134,55,72,13.5,8.5,13.5,16,475.5,50,29.16132847,1479.5,50.735,294,334,87.5,37,14,5,0.5,0.5,475.5,20,17,46.5,12.5,0.5,203.5,14.5,36.5,157.5,7.5,5.731015748,5.67e-6,0,23,50,10069.59698,8.922447558
06F243083,2018,Slight,Male,36 - 45,0,0,Urban area,Most deprived 10%,1,2,1,Single carriageway,30,1,Daylight,0,0,0,Non-trunk,0,1,0,0,Neither,Front,2018-04-26,07:20:00,Thursday,Salford,E08000006,Urban,53.478836,-2.26414,E01032907,32.121873,30,772,357.5,336,75.5,3,993,155,134,55,72,13.5,8.5,13.5,16,475.5,50,29.16132847,1479.5,50.735,294,334,87.5,37,14,5,0.5,0.5,475.5,20,17,46.5,12.5,0.5,203.5,14.5,36.5,157.5,7.5,5.731015748,5.67e-6,0,23,50,10069.59698,8.922447558
06F243385,2018,Slight,Male,36 - 45,0,0,Urban area,Less deprived 30-40%,7,2,1,Single carriageway,30,0,Daylight,0,0,0,Non-trunk,0,0,0,0,Neither,Front,2018-05-03,13:56:00,Thursday,Salford,E08000006,Urban,53.515873,-2.261399,E01005649,35.97181572,32,645,166,299,145,35,732,258,114,47,29,6,4,5,8,195,66,46.83337864,1723,36.79,219,202,63,58,37,27,16,22,195,2,3,36,13,1,302,25,5,143,4,0.514444356,1.4e-6,0,12,4,5467.591748,0.54853452
06F243452,2018,Slight,Male,36 - 45,0,0,Urban area,Most deprived 10%,1,2,1,Single carriageway,30,0,Daylight,0,0,0,Non-trunk,0,0,0,0,Neither,Back,2018-04-20,09:30:00,Friday,Salford,E08000006,Urban,53.490151,-2.2881,E01005680,37.23812665,37,791,426,260,88,17,640,110,199,37,50,12,6,5,7,121,93,18.50229676,1732,93.61,380,188,102,60,27,13,19,3,121,9,4,81,23,2,244,35,24,90,7,2.4503926,2.62e-6,0,31,70,15554.42755,4.200241365
06F243977,2018,Slight,Female,26 - 35,0,0,Urban area,More deprived 10-20%,2,2,1,Dual carriageway,30,0,Daylight,1,1,0,Non-trunk,1,0,0,0,Neither,Did not impact,2018-05-21,17:05:00,Monday,Salford,E08000006,Urban,53.48968,-2.285956,E01005680,37.23812665,37,791,426,260,88,17,640,110,199,37,50,12,6,5,7,121,93,18.50229676,1732,93.61,380,188,102,60,27,13,19,3,121,9,4,81,23,2,244,35,24,90,7,2.4503926,2.62e-6,0,31,70,15554.42755,4.200241365
06F244020,2018,Slight,Male,21 - 25,0,0,Urban area,More deprived 40-50%,5,2,1,Single carriageway,30,0,Daylight,0,0,0,Non-trunk,0,0,0,0,Neither,Front,2018-05-10,09:42:00,Thursday,Salford,E08000006,Urban,53.484449,-2.261824,E01032906,32.61217773,31,1139,647,423,57,12,1329,271,173,74,92,21,9,10,13,580,86,60.73127229,2043,33.64,553,441,97,29,13,3,2,1,580,22,21,108,12,2,225,14,40,296,13,3.280546995,9.65e-6,1,20,34,7009.530946,3.27626851
06F244106,2018,Slight,Male,26 - 35,0,0,Urban area,More deprived 10-20%,2,2,1,Dual carriageway,40,0,Daylight,0,0,0,Non-trunk,1,0,0,0,Neither,Front,2018-05-25,18:35:00,Friday,Salford,E08000006,Urban,53.486222,-2.276921,E01005610,29.79360244,23,477,224,189,57,7,750,132,139,69,81,20,12,23,62,137,75,43.83010432,2941,67.1,122,137,82,84,30,14,3,5,137,4,34,97,17,2,273,46,23,111,5,2.081757245,3.1e-6,1,19,43,6976.616993,2.651402987
06F244605,2018,Severe/Fatal,Male,26 - 35,0,0,Small town,More deprived 30-40%,4,2,1,Single carriageway,30,0,Daylight,0,0,0,Non-trunk,0,1,0,0,Neither,Front,2018-05-31,09:40:00,Thursday,Salford,E08000006,Urban,53.510189,-2.262917,E01005650,34.57126633,30,633,302,241,65,25,657,248,74,35,38,13,1,4,8,159,77,45.62728938,1993,43.68,274,99,76,30,32,23,28,69,159,1,6,33,11,0,222,24,19,183,2,0.966722862,2.23e-6,0,5,13,4934.185531,1.525958041
06F245216,2018,Severe/Fatal,Male,36 - 45,0,0,Urban area,More deprived 30-40%,4,2,1,Single carriageway,30,0,Daylight,0,0,0,Non-trunk,0,0,0,1,Off carriageway,Front,2018-06-21,20:40:00,Thursday,Salford,E08000006,Urban,53.489128,-2.294951,E01005721,43.37122208,43,787,351,306,100,30,728,127,206,37,62,14,3,3,8,173,95,38.12331123,1552,40.71,360,239,87,69,17,10,1,3,173,16,3,93,10,1,281,33,25,89,5,1.018030856,2.46e-6,0,14,8,5190.192507,0.893736981
06F245408,2018,Severe/Fatal,Male,46 - 55,0,0,Rural,Less deprived 10-20%,9,2,1,Dual carriageway,20,0,Daylight,0,0,0,Non-trunk,0,1,0,0,Neither,Front,2018-06-20,18:20:00,Wednesday,Salford,E08000006,Urban,53.483359,-2.263098,E01032906,32.61217773,31,1139,647,423,57,12,1329,271,173,74,92,21,9,10,13,580,86,60.73127229,2043,33.64,553,441,97,29,13,3,2,1,580,22,21,108,12,2,225,14,40,296,13,3.280546995,9.65e-6,1,20,34,7009.530946,3.27626851
06F246802,2018,Slight,Male,36 - 45,0,0,Urban area,Most deprived 10%,1,2,1,Dual carriageway,40,0,Darkness - lighting unknown,0,0,0,Non-trunk,0,1,0,0,Neither,Front,2018-08-02,21:52:00,Thursday,Salford,E08000006,Urban,53.478183,-2.278556,E01005667,35.00405885,34,1031,462,451,105,13,1105,187,238,90,77,11,11,12,17,349,113,60.83467095,2274,37.38,386,306,168,112,38,17,6,0,349,67,14,33,21,6,322,43,54,185,12,0.145905027,3.83e-7,0,9,20,7428.312097,0.949927768
06F247462,2018,Slight,Male,11 - 15,1,0,Urban area,Less deprived 40-50%,6,2,1,Single carriageway,30,0,Daylight,0,0,0,Non-trunk,0,0,0,0,Neither,Offside,2018-08-21,20:00:00,Tuesday,Salford,E08000006,Urban,53.513749,-2.267056,E01005648,37.26752176,37,1024,236,482,253,53,1189,115,221,135,74,21,11,19,8,406,179,29.80476673,2351,78.88,369,316,136,115,58,18,10,1,406,5,5,57,10,0,540,45,30,71,16,1.006092809,1.27e-6,0,10,5,4289.329624,1.751541957
06F248096,2018,Severe/Fatal,Male,16 - 20,1,0,Urban area,Most deprived 10%,1,2,1,Dual carriageway,30,0,Darkness - lights lit,0,0,0,Non-trunk,0,0,0,0,Neither,Nearside,2018-09-11,19:05:00,Tuesday,Salford,E08000006,Urban,53.477004,-2.283175,E01032912,34.96933835,32,975,458,408,92,17,923,122,218,75,91,13,6,12,13,281,92,36.37674195,2271,62.43,373,324,140,74,34,27,2,2,281,73,10,56,15,0,301,31,25,119,11,2.837187205,4.54e-6,0,22,35,11459.58959,3.685796189
06F248102,2018,Slight,Male,36 - 45,0,0,Urban area,More deprived 40-50%,5,2,1,Single carriageway,30,0,Daylight,0,0,0,Non-trunk,0,0,0,0,Neither,Front,2018-09-12,17:46:00,Wednesday,Salford,E08000006,Urban,53.484155,-2.252268,E01032687,29.73187415,29,669.5,434.5,203,29.5,2.5,844,184,79.5,42.5,48.5,9.5,7,5.5,6.5,414.5,46.5,97.27348993,1159.5,11.92,271.5,327.5,55.5,13.5,2,0,0,0,414.5,24,18.5,47,7,1.5,106,9,17,193,7,1.016733708,4.23e-6,0,7,35,3854.863336,1.763475575
06F248410,2018,Slight,Male,26 - 35,0,0,Urban area,More deprived 20-30%,3,2,1,Single carriageway,30,0,Daylight,0,0,0,Non-trunk,0,0,0,0,Neither,Front,2018-09-14,08:00:00,Friday,Salford,E08000006,Urban,53.476384,-2.290403,E01032685,34.35296557,33,723.3333333,350.6666667,295,72.66666667,5,930,81,169.3333333,53,60.66666667,14.66666667,11.33333333,12.66666667,10,471,46.33333333,59.59339263,1250.666667,20.98666667,305,327.3333333,72,16.66666667,1.333333333,0.333333333,0,0,471,89,25.33333333,25,8.666666667,1.333333333,184.6666667,13,20.66666667,86,5.666666667,1.516102537,2.42e-6,3,38,86,7715.692772,3.288553108
06F248478,2018,Slight,Male,36 - 45,0,0,Urban area,Less deprived 30-40%,7,2,1,Single carriageway,30,0,Daylight,0,0,0,Non-trunk,0,0,0,0,Neither,Front,2018-09-24,08:30:00,Monday,Salford,E08000006,Urban,53.484152,-2.300492,E01005656,34.15242347,32,715,309,313,79,14,785,148,177,42,83,15,9,7,8,200,96,114.5074224,1697,14.82,231,219,132,68,46,13,6,2,200,28,7,90,19,3,260,43,27,92,11,0,0,0,4,3,3126.692248,0.841086136
06F248810,2018,Slight,Female,46 - 55,0,0,Urban area,More deprived 10-20%,2,2,1,Single carriageway,30,0,Darkness - lights lit,1,1,0,Non-trunk,0,0,0,0,Neither,Front,2018-10-01,03:50:00,Monday,Salford,E08000006,Urban,53.503315,-2.253617,E01005612,35.15002143,36,1054,599,377,62,16,812,202,177,106,66,8,3,6,12,127,105,84.53151618,2481,29.35,548,192,101,72,53,22,21,43,127,6,4,120,23,3,261,33,19,206,9,1.676183903,5.75e-6,0,12,53,5111.83453,1.706085039
06F248879,2018,Slight,Male,36 - 45,0,0,Urban area,More deprived 30-40%,4,2,1,Roundabout,30,0,Darkness - lighting unknown,0,0,0,Non-trunk,0,0,0,0,Neither,Back,2018-09-29,04:10:00,Saturday,Salford,E08000006,Urban,53.491435,-2.284808,E01005681,32.87342437,25,549,357,154,26,12,371,44,96,28,36,13,3,6,14,80,51,67.81038375,1502,22.15,269,157,79,26,8,9,3,0,80,7,11,67,12,2,105,18,10,55,5,1.026261091,4.66e-6,0,11,66,5848.650036,1.585660292
06F249614,2018,Severe/Fatal,Male,46 - 55,0,0,Urban area,Most deprived 10%,1,2,1,Single carriageway,30,0,Daylight,0,0,0,Non-trunk,0,0,0,0,Neither,Front,2018-10-24,14:35:00,Wednesday,Salford,E08000006,Urban,53.509006,-2.285317,E01005652,34.45493827,34,568,154,259,127,28,638,51,176,97,35,9,6,8,4,150,102,57.89277736,1555,26.86,138,154,112,92,43,21,3,5,150,2,2,53,7,1,321,45,16,35,3,0.824216266,3.03e-6,0,5,10,2552.953572,0.702376223
06F249841,2018,Severe/Fatal,Male,46 - 55,0,0,Urban area,More deprived 20-30%,3,2,1,Roundabout,30,0,Daylight,0,0,0,Non-trunk,1,0,0,0,Neither,Nearside,2018-10-16,16:20:00,Tuesday,Salford,E08000006,Urban,53.471348,-2.295189,E01032685,34.35296557,33,723.3333333,350.6666667,295,72.66666667,5,930,81,169.3333333,53,60.66666667,14.66666667,11.33333333,12.66666667,10,471,46.33333333,59.59339263,1250.666667,20.98666667,305,327.3333333,72,16.66666667,1.333333333,0.333333333,0,0,471,89,25.33333333,25,8.666666667,1.333333333,184.6666667,13,20.66666667,86,5.666666667,1.516102537,2.42e-6,3,38,86,7715.692772,3.288553108
06F250437,2018,Slight,Male,26 - 35,0,0,Urban area,More deprived 10-20%,2,2,1,Roundabout,30,0,Daylight,0,1,0,Non-trunk,1,0,0,0,Neither,Nearside,2018-11-20,08:05:00,Tuesday,Salford,E08000006,Urban,53.475935,-2.286512,E01032912,34.96933835,32,975,458,408,92,17,923,122,218,75,91,13,6,12,13,281,92,36.37674195,2271,62.43,373,324,140,74,34,27,2,2,281,73,10,56,15,0,301,31,25,119,11,2.837187205,4.54e-6,0,22,35,11459.58959,3.685796189
06F251271,2018,Slight,Male,56 - 65,0,0,Urban area,More deprived 20-30%,3,2,1,Single carriageway,30,0,Daylight,0,0,0,Non-trunk,0,0,0,0,Neither,Offside,2018-11-27,09:00:00,Tuesday,Salford,E08000006,Urban,53.492964,-2.295444,E01005628,40.6016624,37,665,205,286,136,38,797,95,191,66,59,18,9,7,13,234,105,58.11808118,1575,27.1,219,227,99,69,27,13,5,4,234,5,6,87,19,3,319,34,29,56,5,0.1912122,7.05e-7,0,7,11,2992.549237,0.464434838
06G139850,2018,Slight,Male,11 - 15,1,0,Urban area,Most deprived 10%,1,2,1,Dual carriageway,30,1,Daylight,0,1,0,Non-trunk,0,0,0,0,Neither,Front,2018-01-15,15:05:00,Monday,Tameside,E08000008,Urban,53.485418,-2.068167,E01006066,40.20185449,39,604,184,283,112,25,645,117,104,55,106,8,4,1,5,143,102,42.5948224,1415,33.22,192,235,87,60,19,8,1,1,143,2,17,27,9,4,313,38,5,79,5,0.003003239,9.12e-9,0,12,3,5316.768072,0.87056798
06G139955,2018,Slight,Male,56 - 65,0,0,Urban area,Most deprived 10%,1,2,1,Single carriageway,30,0,Daylight,1,1,0,Non-trunk,0,0,0,0,Neither,Front,2018-01-24,08:12:00,Wednesday,Tameside,E08000008,Urban,53.491568,-2.092066,E01005949,39.245086,39,710,252,321,116,21,717,147,101,97,72,20,5,1,7,163,104,58.12807882,1652,28.42,271,214,103,62,27,14,15,4,163,17,14,56,12,2,307,39,10,91,9,0.49711039,1.74e-6,0,11,2,6118.983812,0.623591729
06G140983,2018,Slight,Male,21 - 25,0,0,Urban area,More deprived 30-40%,4,2,1,Single carriageway,30,0,Darkness - lights lit,0,0,0,Non-trunk,0,0,0,0,Neither,Offside,2018-02-24,18:45:00,Saturday,Tameside,E08000008,Urban,53.480344,-2.075076,E01006023,40.43668407,42,800,330,309,120,41,672,131,128,71,79,13,2,4,8,121,115,20.96516884,1577,75.22,351,255,109,58,24,4,1,0,121,1,16,40,10,4,349,40,5,78,7,1.27592832,1.69e-6,1,21,7,9638.89162,6.315982203
06G145635,2018,Slight,Male,26 - 35,0,0,Urban area,More deprived 20-30%,3,2,1,Single carriageway,30,0,Daylight,0,0,0,Non-trunk,0,0,0,0,Neither,Nearside,2018-07-02,16:10:00,Monday,Tameside,E08000008,Urban,53.468592,-2.104761,E01006008,35.73130377,36,613,112,293,175,33,741,107,128,115,82,15,6,7,5,172,104,9.96763754,1386,139.05,166,238,113,80,12,4,0,0,172,4,11,46,3,2,407,15,6,60,11,1.678404139,1.21e-6,0,24,6,9501.746444,7.165501002
06G145792,2018,Slight,Male,11 - 15,1,0,Urban area,Most deprived 10%,1,2,1,Single carriageway,20,0,Daylight,0,0,0,Non-trunk,0,0,0,0,Neither,Front,2018-07-06,08:30:00,Friday,Tameside,E08000008,Urban,53.486424,-2.105815,E01005950,28.75854109,27,642,192,307,114,29,695,124,105,110,55,10,6,7,6,128,144,28.25409197,2175,76.98,143,146,70,91,78,56,29,27,128,9,5,54,18,1,322,51,6,77,25,2.315762742,3.02e-6,1,14,9,6187.751304,2.184527343
06G146485,2018,Slight,Male,11 - 15,1,0,Urban area,More deprived 20-30%,3,2,1,Single carriageway,30,1,Daylight,0,0,0,Non-trunk,1,0,0,0,Neither,Front,2018-07-06,18:15:00,Friday,Tameside,E08000008,Urban,53.492858,-2.032984,E01006073,37.61420244,36,816,169,372,215,60,975,60,176,144,141,33,6,10,10,237,158,1.496086034,2045,1366.9,235,242,162,127,33,16,2,1,237,2,18,48,8,2,538,55,5,46,16,3.130547442,2.29e-7,0,9,4,2428.600458,1.101047695
06G147925,2018,Severe/Fatal,Male,21 - 25,0,0,Urban area,More deprived 10-20%,2,2,1,Dual carriageway,30,0,Daylight,1,1,0,Non-trunk,1,0,0,0,Neither,Front,2018-09-11,06:45:00,Tuesday,Tameside,E08000008,Urban,53.487256,-2.088727,E01005948,34.93173432,34,1172,702,372,82,16,841,192,130,127,108,10,3,4,9,143,115,23.81393434,2314,97.17,697,223,78,66,39,34,15,18,143,26,13,119,18,2,286,40,19,167,8,4.064870334,4.18e-6,2,102,154,19930.12146,8.239471905
06G148280,2018,Slight,Male,26 - 35,0,0,Urban area,Less deprived 30-40%,7,2,1,Single carriageway,30,0,Daylight,0,0,0,Non-trunk,0,0,0,0,Neither,Offside,2018-09-13,11:00:00,Thursday,Tameside,E08000008,Urban,53.503341,-2.105389,E01005954,45.7891492,49,762,275,331,130,26,570,88,118,83,50,11,3,3,3,122,89,35.46704599,1496,42.18,403,179,90,55,23,8,2,2,122,6,4,33,9,0,308,22,12,48,7,0.347126662,8.24e-7,0,15,8,3489.36654,1.481892435
06G150392,2018,Slight,Male,21 - 25,0,0,Urban area,Most deprived 10%,1,2,1,Dual carriageway,30,0,Darkness - lighting unknown,0,1,0,Non-trunk,0,0,0,0,Neither,Back,2018-11-15,20:24:00,Thursday,Tameside,E08000008,Urban,53.498731,-2.103478,E01005954,45.7891492,49,762,275,331,130,26,570,88,118,83,50,11,3,3,3,122,89,35.46704599,1496,42.18,403,179,90,55,23,8,2,2,122,6,4,33,9,0,308,22,12,48,7,0.347126662,8.24e-7,0,15,8,3489.36654,1.481892435
06G239880,2018,Slight,Male,11 - 15,1,0,Urban area,More deprived 20-30%,3,2,1,Dual carriageway,30,0,Darkness - lights lit,1,1,0,Non-trunk,0,0,0,0,Neither,Nearside,2018-01-17,17:59:00,Wednesday,Tameside,E08000008,Urban,53.458848,-2.115174,E01005971,41.0037092,42,632,151,298,142,41,657,84,97,144,50,7,6,5,6,155,103,34.47046843,1354,39.28,208,238,121,43,20,3,1,2,155,2,4,38,4,1,363,23,4,58,7,0,0,0,12,24,4447.997148,1.504377543
06G241087,2018,Slight,Male,26 - 35,0,0,Urban area,More deprived 40-50%,5,2,1,Single carriageway,30,0,Daylight,0,0,1,Non-trunk,0,0,0,0,Neither,Front,2018-02-22,08:30:00,Thursday,Tameside,E08000008,Urban,53.452086,-2.071728,E01006028,41.72675086,43,896,429,332,103,32,664,104,105,95,99,19,3,9,4,129,97,45.46850998,1776,39.06,461,217,106,62,25,11,8,6,129,2,10,41,11,0,337,39,8,76,11,0.387766042,9.76e-7,0,38,11,6567.34479,1.556158259
06G241119,2018,Severe/Fatal,Male,11 - 15,1,0,Urban area,Most deprived 10%,1,3,1,Single carriageway,20,1,Darkness - lighting unknown,0,0,0,Non-trunk,0,0,0,0,Neither,Front,2018-01-30,17:15:00,Tuesday,Tameside,E08000008,Urban,53.483357,-2.056349,E01006022,41.68933112,40,1042,290,501,201,50,1043,128,184,105,158,20,6,6,9,275,152,36.56970155,1936,52.94,480,352,125,54,17,5,8,0,275,8,31,35,9,0,531,43,6,96,14,0.506383922,9.53e-7,0,13,3,4407.798511,1.501837575
06G242887,2018,Slight,Male,36 - 45,0,0,Urban area,More deprived 10-20%,2,3,2,Single carriageway,30,0,Daylight,0,0,0,Non-trunk,1,0,0,0,Neither,Back,2018-04-19,13:45:00,Thursday,Tameside,E08000008,Urban,53.454895,-2.113175,E01005974,39.25442739,38,819,265,394,133,27,804,105,133,151,77,8,4,4,11,184,127,33.96908251,1692,49.81,313,292,119,68,20,6,1,3,184,1,5,86,3,4,378,45,16,78,9,0.277841269,5.58e-7,0,24,19,7439.926728,2.129865986
06G243202,2018,Severe/Fatal,Male,46 - 55,0,0,Urban area,Most deprived 10%,1,2,1,Single carriageway,30,0,Daylight,0,0,0,Non-trunk,0,0,0,0,Neither,Front,2018-04-29,20:50:00,Sunday,Tameside,E08000008,Urban,53.448632,-2.077067,E01006040,33.41249327,31,630,191,272,131,36,690,78,99,138,71,17,5,10,9,176,87,28.66020006,1891,65.98,187,163,88,71,65,27,17,12,176,1,3,55,14,1,308,45,4,61,21,1.392416526,2.13e-6,1,23,4,6400.421006,3.977028653
06G245174,2018,Slight,Male,6 - 10,1,0,Urban area,Most deprived 10%,1,2,1,Single carriageway,20,1,Daylight,0,0,0,Non-trunk,1,0,0,0,Neither,Front,2018-06-11,16:50:00,Monday,Tameside,E08000008,Urban,53.461129,-2.085088,E01006036,34.22521655,33,947,260,451,190,46,1022,137,207,142,118,14,7,3,8,246,140,38.99963755,2152,55.18,363,266,154,88,34,30,7,4,246,2,25,46,3,4,525,41,10,107,13,0.768875721,1.4e-6,2,20,3,8485.78193,3.635359726
06G245875,2018,Slight,Male,26 - 35,0,0,Rural,Less deprived 30-40%,7,2,1,Single carriageway,30,0,Daylight,0,0,0,Non-trunk,0,0,0,0,Neither,Nearside,2018-06-25,16:40:00,Monday,Tameside,E08000008,Urban,53.44584,-2.070573,E01006041,35.76055489,36,698,195,325,148,30,739,94,113,108,104,13,3,5,3,169,127,80.19571295,1721,21.46,224,195,117,100,36,15,6,7,169,2,17,50,10,3,360,40,2,69,15,0.526761717,2.42e-6,0,9,2,5079.703917,0.456163622
06G246044,2018,Slight,Male,21 - 25,0,0,Urban area,More deprived 40-50%,5,2,1,Single carriageway,30,0,Daylight,0,0,0,Non-trunk,1,1,0,0,Neither,Offside,2018-07-02,08:00:00,Monday,Tameside,E08000008,Urban,53.48028,-2.158552,E01005998,38.76081871,40,754,206,328,171,49,924,112,160,187,59,9,5,7,7,220,158,50.70043103,1882,37.12,193,249,142,106,41,14,4,2,220,60,5,49,9,3,443,44,9,72,14,0.863016119,2.3e-6,1,12,6,6218.144003,1.886326279
06G246539,2018,Slight,Male,36 - 45,0,0,Small town,Least deprived 10%,10,2,1,Dual carriageway,40,0,Daylight,0,0,0,Non-trunk,0,0,0,0,Neither,Back,2018-07-25,07:21:00,Wednesday,Tameside,E08000008,Urban,53.447234,-2.025315,E01006050,36.06739726,36,782,301,336,122,23,727,75,120,144,118,9,2,2,4,118,135,41.74603175,1841,44.1,273,210,145,84,46,20,3,0,118,1,9,74,5,3,391,44,5,68,11,1.637828344,3.68e-6,0,18,7,8835.313514,1.72314652
06G250883,2018,Slight,Male,46 - 55,0,0,Urban area,More deprived 10-20%,2,2,1,Dual carriageway,40,0,Daylight,0,0,0,Trunk (Roads managed by Highways England),0,0,0,0,Neither,Nearside,2018-11-25,09:35:00,Sunday,Tameside,E08000008,Rural,53.454182,-2.024898,E01006052,39.57245902,40,664,233,273,125,33,617,34,86,114,102,19,5,1,3,143,110,14.97204586,1580,105.53,199,222,115,71,42,10,2,3,143,1,6,55,2,5,336,28,3,36,3,1.08261414,1.02e-6,0,17,0,6003.7241540000005,2.608979249
06J139881,2018,Severe/Fatal,Male,26 - 35,0,0,Small town,Less deprived 20-30%,8,2,1,Dual carriageway,30,0,Darkness - lights lit,0,0,0,Non-trunk,0,1,0,0,Neither,Front,2018-01-22,18:12:00,Monday,Stockport,E08000007,Urban,53.410909,-2.164446,E01005917,36.66438746,36,900,330,423,133,14,916,142,145,155,79,13,4,9,7,256,106,36.00236081,1830,50.83,369,312,116,60,29,8,1,5,256,2,17,119,10,5,362,28,12,98,4,2.345506175,4.65e-6,0,52,31,6777.506159,4.483092588
06J140534,2018,Slight,Male,Over 75,0,1,Urban area,Less deprived 10-20%,9,2,1,Single carriageway,30,0,Darkness - lights lit,1,1,0,Non-trunk,0,0,0,0,Neither,Front,2018-02-08,17:00:00,Thursday,Stockport,E08000007,Urban,53.424274,-2.164558,E01005916,37.86412023,36,724,171,361,161,31,848,96,102,174,63,10,3,6,8,284,102,41.49100257,1614,38.9,240,269,107,67,32,5,1,3,284,0,13,75,5,5,352,29,20,56,11,0.531245734,1.36e-6,0,11,14,3713.229782,1.95052741
06J140651,2018,Severe/Fatal,Female,6 - 10,1,0,Urban area,More deprived 40-50%,5,2,1,Single carriageway,30,0,Darkness - lights lit,0,1,0,Non-trunk,0,0,0,0,Neither,Offside,2018-01-24,19:00:00,Wednesday,Stockport,E08000007,Urban,53.397944,-2.138439,E01005876,39.90605428,40,606,83,281,192,50,784,149,125,88,73,8,3,4,3,220,111,70.71901608,1495,21.14,127,235,124,87,26,4,2,1,220,1,8,22,9,5,398,37,13,68,8,0,0,0,9,27,2607.987724,1.033438755
06J141291,2018,Severe/Fatal,Male,36 - 45,0,0,Urban area,More deprived 40-50%,5,2,1,Single carriageway,30,0,Darkness - lights lit,0,0,0,Non-trunk,0,0,0,0,Neither,Front,2018-02-26,19:22:00,Monday,Stockport,E08000007,Urban,53.397265,-2.134617,E01005824,41.56923077,43,614,101,253,196,64,762,114,135,104,65,7,5,9,5,205,113,62.62458472,1508,24.08,169,192,115,93,31,9,3,0,205,0,4,25,7,1,415,22,20,60,2,0,0,0,10,3,3558.941489,1.050953879
06J141921,2018,Slight,Female,26 - 35,0,0,Urban area,Most deprived 10%,1,2,1,Single carriageway,30,0,Daylight,1,0,0,Non-trunk,1,0,0,0,Neither,Front,2018-03-21,07:00:00,Wednesday,Stockport,E08000007,Urban,53.401284,-2.169478,E01005822,36.69061758,35,1037,533,394,93,17,919,133,157,117,80,14,4,8,7,268,131,38.80139088,1897,48.89,505,324,123,52,22,8,1,0,268,2,39,107,18,1,306,38,18,113,6,3.671868872,7.52e-6,1,92,37,6182.326506,2.351292944
06J142178,2018,Slight,Female,36 - 45,0,0,Urban area,Less deprived 20-30%,8,2,1,Single carriageway,30,1,Daylight,1,1,0,Non-trunk,0,0,0,0,Neither,Did not impact,2018-03-28,18:10:00,Wednesday,Stockport,E08000007,Urban,53.41572,-2.169084,E01005917,36.66438746,36,900,330,423,133,14,916,142,145,155,79,13,4,9,7,256,106,36.00236081,1830,50.83,369,312,116,60,29,8,1,5,256,2,17,119,10,5,362,28,12,98,4,2.345506175,4.65e-6,0,52,31,6777.506159,4.483092588
06J142502,2018,Severe/Fatal,Male,56 - 65,0,0,Urban area,More deprived 30-40%,4,2,1,Single carriageway,30,1,Daylight,0,0,0,Non-trunk,0,0,0,0,Neither,Nearside,2018-04-04,07:50:00,Wednesday,Stockport,E08000007,Urban,53.434481,-2.154272,E01005892,39.63510561,39,550,123,254,142,31,632,65,109,118,45,6,3,4,4,172,106,16.26652972,1267,77.89,156,204,108,54,18,5,4,2,172,1,1,50,3,5,315,29,10,41,5,2.799289955,3.59e-6,1,5,14,7468.234698,2.408083741
06J143142,2018,Slight,Male,56 - 65,0,0,Urban area,Least deprived 10%,10,2,1,Roundabout,30,0,Daylight,0,1,0,Non-trunk,0,0,0,0,Neither,Nearside,2018-04-25,18:25:00,Wednesday,Stockport,E08000007,Urban,53.418697,-2.161106,E01005915,39.11381074,39,716,206,334,149,27,763,125,147,113,53,11,4,2,8,183,117,23.72491959,1549,65.29,258,237,119,75,20,5,1,3,183,0,6,56,10,2,371,38,9,76,7,1.783677941,2.73e-6,0,13,11,8776.897343,2.402479995
06J143460,2018,Slight,Female,46 - 55,0,0,Urban area,Less deprived 30-40%,7,2,1,Single carriageway,30,0,Daylight,0,0,0,Non-trunk,0,0,0,0,Neither,Front,2018-04-25,19:45:00,Wednesday,Stockport,E08000007,Urban,53.434,-2.183019,E01005869,42.00981675,43,653,125,283,205,40,735,56,110,121,51,4,3,9,3,292,86,31.87912748,1593,49.97,187,210,101,110,27,15,1,1,292,2,9,37,2,2,302,25,11,41,9,0.691933284,1.38e-6,0,11,11,3826.093245,1.778924267
06J143891,2018,Slight,Male,11 - 15,1,0,Urban area,More deprived 40-50%,5,2,1,Single carriageway,30,1,Daylight,1,1,0,Non-trunk,1,0,1,0,In carriageway,Nearside,2018-05-02,07:45:00,Wednesday,Stockport,E08000007,Urban,53.400415,-2.173776,E01005816,35.28784119,35,707,176,390,112,29,862,101,127,136,68,11,3,3,9,302,102,128.2662284,1561,12.17,220,262,129,62,22,7,4,0,302,1,42,47,10,1,335,33,21,67,6,0.218085389,1.8e-6,0,3,2,2404.465201,0.059426888
06J144213,2018,Slight,Male,16 - 20,1,0,Urban area,More deprived 10-20%,2,2,1,Single carriageway,30,0,Daylight,1,1,0,Non-trunk,0,0,0,0,Neither,Front,2018-05-25,08:40:00,Friday,Stockport,E08000007,Urban,53.438207,-2.15719,E01005892,39.63510561,39,550,123,254,142,31,632,65,109,118,45,6,3,4,4,172,106,16.26652972,1267,77.89,156,204,108,54,18,5,4,2,172,1,1,50,3,5,315,29,10,41,5,2.799289955,3.59e-6,1,5,14,7468.234698,2.408083741
06J144215,2018,Slight,Male,56 - 65,0,0,Urban area,More deprived 30-40%,4,2,1,Single carriageway,30,0,Daylight,0,0,0,Non-trunk,0,0,0,0,Neither,Offside,2018-05-22,14:40:00,Tuesday,Stockport,E08000007,Urban,53.387985,-2.153457,E01005798,46.08808583,48,807,224,377,159,47,769,72,113,81,79,11,6,7,6,309,85,42.37419355,1642,38.75,393,223,90,70,24,5,3,1,309,1,20,26,5,1,321,20,16,47,6,0.206247511,5.27e-7,1,18,6,5248.329396,1.625263998
06J144685,2018,Slight,Female,11 - 15,1,0,Urban area,Most deprived 10%,1,2,1,Single carriageway,30,0,Daylight,0,0,0,Non-trunk,1,0,0,0,Neither,Offside,2018-05-22,18:20:00,Tuesday,Stockport,E08000007,Urban,53.401234,-2.130433,E01005873,40.47841226,43,584,90,227,211,56,775,66,178,116,63,5,7,7,3,201,129,38.21540062,1469,38.44,145,188,108,109,30,1,3,0,201,1,3,24,0,5,445,28,9,53,4,0,0,0,11,2,2558.849571,0.777674321
06J146405,2018,Slight,Male,46 - 55,0,0,Urban area,Less deprived 10-20%,9,2,1,Single carriageway,30,0,Daylight,0,0,0,Non-trunk,1,0,0,0,Neither,Nearside,2018-07-15,13:45:00,Sunday,Stockport,E08000007,Urban,53.424265,-2.164633,E01005916,37.86412023,36,724,171,361,161,31,848,96,102,174,63,10,3,6,8,284,102,41.49100257,1614,38.9,240,269,107,67,32,5,1,3,284,0,13,75,5,5,352,29,20,56,11,0.531245734,1.36e-6,0,11,14,3713.229782,1.95052741
06J147750,2018,Slight,Male,11 - 15,1,0,Urban area,Less deprived 20-30%,8,2,1,Single carriageway,30,0,Daylight,0,0,0,Non-trunk,1,0,0,0,Neither,Nearside,2018-09-02,18:30:00,Sunday,Stockport,E08000007,Urban,53.385871,-2.154848,E01005800,41.27284345,44,690,84,301,230,75,831,78,132,87,82,17,3,7,5,345,75,46.20886981,1615,34.95,191,240,117,112,25,3,1,0,345,1,18,20,4,2,366,19,13,31,9,0.457806265,1.33e-6,0,3,2,2171.079927,0.257293661
06J147797,2018,Slight,Male,16 - 20,1,0,Urban area,More deprived 30-40%,4,2,1,Single carriageway,30,0,Daylight,0,0,0,Non-trunk,0,1,0,0,Neither,Nearside,2018-08-30,14:20:00,Thursday,Stockport,E08000007,Urban,53.417629,-2.160244,E01005915,39.11381074,39,716,206,334,149,27,763,125,147,113,53,11,4,2,8,183,117,23.72491959,1549,65.29,258,237,119,75,20,5,1,3,183,0,6,56,10,2,371,38,9,76,7,1.783677941,2.73e-6,0,13,11,8776.897343,2.402479995
06J147806,2018,Slight,Male,26 - 35,0,0,Urban area,Most deprived 10%,1,2,1,Single carriageway,30,1,Daylight,0,0,0,Non-trunk,1,0,0,0,Neither,Front,2018-08-17,18:46:00,Friday,Stockport,E08000007,Urban,53.402993,-2.162009,E01005766,38.18758527,37,801,320,347,104,30,808,143,156,104,67,9,1,1,3,219,105,59.31863727,1776,29.94,324,210,144,63,27,21,5,5,219,0,20,84,17,3,307,26,18,110,4,0.536515904,1.77e-6,0,21,13,7314.316004,2.75772031
06J147905,2018,Slight,Female,46 - 55,0,0,Urban area,Less deprived 30-40%,7,2,1,Single carriageway,30,0,Daylight,0,0,0,Non-trunk,0,0,0,0,Neither,Front,2018-08-28,17:40:00,Tuesday,Stockport,E08000007,Urban,53.416393,-2.169553,E01005917,36.66438746,36,900,330,423,133,14,916,142,145,155,79,13,4,9,7,256,106,36.00236081,1830,50.83,369,312,116,60,29,8,1,5,256,2,17,119,10,5,362,28,12,98,4,2.345506175,4.65e-6,0,52,31,6777.506159,4.483092588
06J149930,2018,Slight,Male,26 - 35,0,0,Urban area,Most deprived 10%,1,2,1,Single carriageway,30,0,Darkness - lights lit,0,0,0,Non-trunk,0,0,0,0,Neither,Front,2018-10-30,17:40:00,Tuesday,Stockport,E08000007,Urban,53.426228,-2.161857,E01005915,39.11381074,39,716,206,334,149,27,763,125,147,113,53,11,4,2,8,183,117,23.72491959,1549,65.29,258,237,119,75,20,5,1,3,183,0,6,56,10,2,371,38,9,76,7,1.783677941,2.73e-6,0,13,11,8776.897343,2.402479995
06J151532,2018,Slight,Male,46 - 55,0,0,Urban area,More deprived 40-50%,5,2,1,Roundabout,30,0,Darkness - lights lit,0,1,0,Non-trunk,0,0,0,0,Neither,Front,2018-12-06,16:50:00,Thursday,Stockport,E08000007,Urban,53.396722,-2.1383,E01005824,41.56923077,43,614,101,253,196,64,762,114,135,104,65,7,5,9,5,205,113,62.62458472,1508,24.08,169,192,115,93,31,9,3,0,205,0,4,25,7,1,415,22,20,60,2,0,0,0,10,3,3558.941489,1.050953879
06J239394,2018,Slight,Male,56 - 65,0,0,Small town,Less deprived 30-40%,7,2,1,Single carriageway,30,0,Daylight,0,0,0,Non-trunk,0,0,0,0,Neither,Nearside,2018-01-12,09:15:00,Friday,Stockport,E08000007,Urban,53.364099,-2.06946,E01005907,52.60188542,58,619,63,268,228,60,554,23,65,85,96,17,4,5,5,180,74,15.30600659,1348,88.07,190,263,74,69,17,3,2,0,180,0,8,13,2,3,294,17,6,25,5,0.925506122,1.05e-6,0,24,1,4184.98585,1.260603111
06J242699,2018,Slight,Male,36 - 45,0,0,Urban area,More deprived 40-50%,5,2,1,Single carriageway,30,0,Daylight,0,0,0,Non-trunk,0,0,0,0,Neither,Front,2018-04-09,14:45:00,Monday,Stockport,E08000007,Urban,53.394502,-2.062111,E01005910,44.39312977,47,761,204,328,172,57,729,85,57,108,99,5,4,7,6,228,130,44.05021834,1614,36.64,304,233,109,75,26,13,0,1,228,1,11,26,3,3,338,22,9,82,7,0.729860263,1.96e-6,0,27,1,6718.418933,0.98584215100000006
06J243662,2018,Severe/Fatal,Male,36 - 45,0,0,Urban area,Least deprived 10%,10,2,1,Single carriageway,30,0,Daylight,0,0,0,Non-trunk,0,0,0,0,Neither,Front,2018-05-08,20:25:00,Tuesday,Stockport,E08000007,Urban,53.42192,-2.118127,E01005751,39.81662592,42,615,100,301,175,39,700,76,128,108,79,11,3,3,2,192,98,60.3708495,1400,23.19,189,209,119,66,26,5,2,1,192,0,10,36,2,1,369,24,9,51,6,0.005693286,2.47e-8,0,5,1,3033.355879,1.209005214
06J244247,2018,Slight,Male,56 - 65,0,0,Rural,Less deprived 40-50%,6,2,1,Single carriageway,30,0,Daylight,0,0,0,Non-trunk,0,0,0,0,Neither,Front,2018-05-22,08:30:00,Tuesday,Stockport,E08000007,Urban,53.413338,-2.09674,E01005899,49.6495782,52,751,180,320,194,57,649,49,92,80,88,7,3,3,2,227,98,20.57179161,1619,78.7,298,250,95,86,17,4,1,0,227,0,19,20,5,3,318,21,4,36,3,2.83297488,3.62e-6,0,10,1,6070.4593,3.204918774
06J246292,2018,Slight,Male,66 - 75,0,1,Urban area,Less deprived 30-40%,7,2,1,Single carriageway,30,0,Daylight,0,0,0,Non-trunk,1,1,0,0,Neither,Front,2018-06-22,09:30:00,Friday,Stockport,E08000007,Urban,53.41332,-2.096665,E01005899,49.6495782,52,751,180,320,194,57,649,49,92,80,88,7,3,3,2,227,98,20.57179161,1619,78.7,298,250,95,86,17,4,1,0,227,0,19,20,5,3,318,21,4,36,3,2.83297488,3.62e-6,0,10,1,6070.4593,3.204918774
06J246623,2018,Severe/Fatal,Male,26 - 35,0,0,Urban area,Less deprived 10-20%,9,2,1,Single carriageway,20,1,Darkness - lights lit,0,0,0,Non-trunk,1,0,0,0,Neither,Front,2018-08-01,21:30:00,Wednesday,Stockport,E08000007,Urban,53.423923,-2.089376,E01005748,48.01529255,52,659,72,248,255,84,738,60,91,127,79,12,3,8,4,267,87,33.01310044,1512,45.8,182,259,99,94,23,4,0,0,267,0,10,12,0,4,378,29,5,23,5,0.096847302,2.09e-7,0,4,1,4532.227317,2.011522377
06J249068,2018,Slight,Male,26 - 35,0,0,Urban area,Less deprived 40-50%,6,2,1,Single carriageway,30,0,Daylight,0,0,0,Non-trunk,0,0,0,0,Neither,Front,2018-10-07,12:20:00,Sunday,Stockport,E08000007,Urban,53.382609,-2.103902,E01005837,39.50655022,40,664,57,280,263,64,810,83,110,117,110,11,8,3,6,247,115,34.92995933,1546,44.26,192,232,108,101,25,7,0,0,247,0,8,16,4,2,476,28,5,15,5,0,0,0,10,2,3874.213374,1.233210662
06J250483,2018,Slight,Female,56 - 65,0,0,Urban area,Less deprived 30-40%,7,2,1,Single carriageway,30,0,Daylight,0,0,0,Non-trunk,0,0,0,0,Neither,Front,2018-11-19,10:00:00,Monday,Stockport,E08000007,Urban,53.396527,-2.087845,E01005884,46.78038674,52,592,52,235,228,77,689,59,78,75,73,8,6,8,10,296,76,13.64976696,1435,105.13,129,244,98,96,20,7,0,0,296,0,4,11,2,0,311,16,13,28,5,2.667116967,2.51e-6,0,18,1,6923.700599,3.393679795
06J340986,2018,Slight,Female,26 - 35,0,0,Urban area,Less deprived 40-50%,6,2,1,Single carriageway,30,0,Daylight,0,0,0,Non-trunk,1,0,0,0,Neither,Offside,2018-02-21,08:38:00,Wednesday,Stockport,E08000007,Urban,53.395095,-2.21144,E01005774,42.67253751,45,728,234,301,150,43,646,73,95,109,63,10,0,6,7,196,87,24.75231703,1549,62.58,327,180,93,98,23,6,2,0,196,3,1,21,4,1,317,26,16,54,6,0.464917285,7.51e-7,0,2,15,5626.622738,1.162286922
06J341051,2018,Severe/Fatal,Male,46 - 55,0,0,Urban area,Less deprived 10-20%,9,2,1,Roundabout,30,0,Daylight,0,0,0,Non-trunk,0,0,0,0,Neither,Front,2018-02-23,11:35:00,Friday,Stockport,E08000007,Rural,53.380351,-2.218372,E01005784,42.92239011,45,547,40,184,254,69,644,39,74,90,63,11,5,10,9,282,61,13.96914446,1494,106.95,105,189,88,109,41,10,3,3,282,1,6,7,2,1,293,14,14,15,8,1.464053494,1.36e-6,0,15,16,14224.95709,2.196719833
06J341568,2018,Slight,Male,36 - 45,0,0,Urban area,Less deprived 20-30%,8,2,1,Single carriageway,30,0,Daylight,0,1,0,Non-trunk,0,0,0,0,Neither,Front,2018-03-06,07:40:00,Tuesday,Stockport,E08000007,Urban,53.373545,-2.156261,E01005808,45.26626776,50,526,29,191,237,69,630,36,89,45,60,3,4,7,6,334,46,36.05138962,1375,38.14,100,184,107,105,21,8,1,0,334,0,6,5,1,1,234,12,3,26,6,0.054361337,1.43e-7,0,14,0,3139.864586,0.064839287
06J342177,2018,Slight,Male,56 - 65,0,0,Urban area,Least deprived 10%,10,2,1,Roundabout,30,0,Daylight,0,0,0,Non-trunk,1,0,0,0,Neither,Front,2018-03-30,18:25:00,Friday,Stockport,E08000007,Urban,53.367303,-2.184131,E01005792,44.70444851,48,591,53,196,262,80,712,46,95,67,70,13,7,6,10,345,53,39.00636943,1531,39.25,115,227,82,122,39,4,1,0,345,0,11,7,0,2,297,20,5,19,6,0,0,0,9,2,3116.482875,1.487829573
06J345942,2018,Severe/Fatal,Male,56 - 65,0,0,Urban area,More deprived 30-40%,4,2,1,Single carriageway,30,0,Daylight,0,0,0,Non-trunk,1,0,0,0,Neither,Front,2018-07-06,19:12:00,Friday,Stockport,E08000007,Urban,53.395272,-2.213351,E01005769,41.45586207,39,785,128,441,183,33,839,57,112,144,66,14,5,11,5,352,73,11.42352422,1552,135.86,316,316,87,42,19,5,0,0,352,8,11,21,3,1,354,22,21,37,7,2.043284173,1.5e-6,0,15,21,4940.322276,6.352309279
06J346503,2018,Slight,Male,11 - 15,1,0,Urban area,Less deprived 20-30%,8,2,1,Single carriageway,30,1,Daylight,0,0,0,Non-trunk,0,0,0,0,Neither,Front,2018-07-23,07:06:00,Monday,Stockport,E08000007,Urban,53.354199,-2.164739,E01005925,47.52254098,50,609,105,222,199,83,593,32,63,71,62,17,4,6,5,297,36,25.03052503,1435,57.33,196,199,89,98,20,4,3,0,297,0,10,7,0,2,226,13,3,27,9,0.3293221,5.72e-7,1,17,2,11596.83216,1.8621960339999999
06J346504,2018,Slight,Male,11 - 15,1,0,Urban area,Less deprived 20-30%,8,2,1,Single carriageway,30,1,Daylight,0,0,0,Non-trunk,0,0,0,0,Neither,Back,2018-07-02,10:30:00,Monday,Stockport,E08000007,Urban,53.378312,-2.19676,E01005785,41.07995227,42,659,82,283,235,59,788,83,104,92,75,12,2,5,7,339,69,54.17746114,1673,30.88,169,207,107,129,33,15,0,1,339,3,10,11,3,0,352,17,10,39,3,0.268599512,8.56e-7,0,8,4,3059.037832,0.426122253
06J348229,2018,Slight,Male,46 - 55,0,0,Urban area,Less deprived 20-30%,8,2,1,Single carriageway,30,0,Daylight,0,0,0,Non-trunk,0,0,0,0,Neither,Front,2018-09-13,11:45:00,Thursday,Stockport,E08000007,Urban,53.392527,-2.243006,E01005775,43.38662614,44,643,74,260,243,66,806,57,90,125,77,21,4,7,7,346,72,38.04844607,1665,43.76,171,197,108,121,31,7,3,5,346,0,10,9,4,0,361,20,6,40,8,0.316941949,7.28e-7,0,6,5,3382.4356,0.928221084
06J348758,2018,Severe/Fatal,Male,26 - 35,0,0,Urban area,More deprived 20-30%,3,2,1,Single carriageway,30,0,Darkness - lights lit,0,0,0,Non-trunk,1,0,0,0,Neither,Front,2018-09-24,06:00:00,Monday,Stockport,E08000007,Urban,53.389246,-2.21535,E01005773,42.65148515,44,653,128,237,228,60,750,42,81,118,61,17,4,12,6,327,82,30.44741429,1572,51.63,194,205,114,99,28,10,1,1,327,1,9,16,2,2,312,18,14,36,10,1.75305171,3.37e-6,0,12,5,6646.559201,2.147112532
06K142771,2018,Slight,Male,21 - 25,0,0,Urban area,Most deprived 10%,1,2,1,Single carriageway,30,0,Daylight,0,0,0,Non-trunk,0,0,0,0,Neither,Front,2018-04-19,08:03:00,Thursday,Bolton,E08000001,Urban,53.566876,-2.431034,E01004848,37.41883304,33,779,458,263,43,15,636,164,84,77,90,25,5,1,4,101,85,23.96239395,2090,87.22,404,161,77,56,31,27,14,11,101,0,34,60,23,1,231,43,20,113,10,3.87064219,4.41e-6,1,96,64,13337.0054,6.750953205
06K144736,2018,Slight,Male,21 - 25,0,0,Urban area,More deprived 20-30%,3,3,1,Single carriageway,30,0,Daylight,0,0,0,Non-trunk,0,1,0,0,Neither,Nearside,2018-06-08,12:50:00,Friday,Bolton,E08000001,Urban,53.572482,-2.426802,E01004848,37.41883304,33,779,458,263,43,15,636,164,84,77,90,25,5,1,4,101,85,23.96239395,2090,87.22,404,161,77,56,31,27,14,11,101,0,34,60,23,1,231,43,20,113,10,3.87064219,4.41e-6,1,96,64,13337.0054,6.750953205
06K145937,2018,Slight,Male,21 - 25,0,0,Urban area,More deprived 20-30%,3,2,1,Single carriageway,30,0,Daylight,0,0,0,Non-trunk,0,0,0,0,Neither,Front,2018-07-11,17:35:00,Wednesday,Bolton,E08000001,Urban,53.567342,-2.421466,E01004817,36.19341126,32,969,443,362,129,35,921,169,136,111,118,24,5,12,10,208,128,24.36260623,2064,84.72,479,268,85,63,37,22,7,8,208,1,44,98,19,5,358,42,8,123,13,3.089442719,3.65e-6,0,31,60,9951.786736,3.751252652
06K146352,2018,Slight,Male,16 - 20,1,0,Urban area,Most deprived 10%,1,2,1,Single carriageway,30,0,Daylight,0,0,0,Non-trunk,1,0,0,0,Neither,Back,2018-06-22,05:40:00,Friday,Bolton,E08000001,Urban,53.56885,-2.458732,E01004834,32.40767123,30,583,191,261,96,35,643,111,104,71,63,35,2,3,4,115,135,133.0030488,1745,13.12,154,151,98,92,42,27,8,11,115,4,14,24,29,1,328,41,8,73,10,0.026831986,2.04e-7,0,7,4,2243.555848,0.467352139
06K146848,2018,Severe/Fatal,Male,16 - 20,1,0,Urban area,More deprived 20-30%,3,2,1,Single carriageway,30,0,Daylight,0,0,0,Non-trunk,0,0,0,0,Neither,Front,2018-08-04,13:45:00,Saturday,Bolton,E08000001,Urban,53.566676,-2.4368,E01004852,31.41666667,30,488,116,242,94,36,644,183,82,49,71,32,6,2,6,112,101,88.95737031,1732,19.47,77,96,81,85,76,41,12,19,112,3,7,21,18,0,315,57,1,96,13,0,0,0,12,5,1470.246337,0.774937108
06K146903,2018,Slight,Male,66 - 75,0,1,Urban area,Less deprived 20-30%,8,2,1,Single carriageway,30,0,Daylight,0,0,0,Non-trunk,0,0,0,0,Neither,Front,2018-08-09,13:05:00,Thursday,Bolton,E08000001,Urban,53.568611,-2.441048,E01004851,37.98433584,37,626,273,252,75,26,547,135,78,60,65,19,2,0,7,84,97,78.432282,1691,21.56,228,135,98,50,46,36,12,23,84,0,10,31,26,0,248,52,3,77,17,0.019974787,9.26e-8,0,10,8,3323.086671,0.44920798
06K150092,2018,Slight,Male,26 - 35,0,0,Urban area,Most deprived 10%,1,2,1,Single carriageway,30,0,Daylight,0,1,0,Non-trunk,0,1,0,0,Neither,Did not impact,2018-11-02,08:44:00,Friday,Bolton,E08000001,Urban,53.565398,-2.446978,E01004829,33.83617021,33,480,168,218,72,22,538,139,66,54,53,20,2,4,4,99,97,71.7519685,1458,20.32,120,109,83,66,55,35,11,6,99,0,11,21,21,0,248,34,2,95,9,0.293479865,1.44e-6,0,8,3,2740.355355,0.542718749
06K239661,2018,Slight,Male,16 - 20,1,0,Urban area,More deprived 40-50%,5,2,1,Dual carriageway,40,0,Darkness - lights lit,0,0,0,Non-trunk,0,1,0,0,Neither,Front,2018-01-14,16:50:00,Sunday,Bolton,E08000001,Urban,53.60083,-2.434825,E01004766,41.55455093,42,805,278,320,157,50,678,85,122,93,71,33,5,5,4,153,107,32.16918898,1658,51.54,367,210,105,76,36,9,3,0,153,0,9,22,23,1,372,38,4,47,9,1.949305961,3.81e-6,0,11,6,8586.982785,1.849813187
06K239767,2018,Slight,Male,56 - 65,0,0,Urban area,Most deprived 10%,1,2,1,Dual carriageway,30,0,Darkness - lighting unknown,1,1,0,Non-trunk,1,0,0,0,Neither,Front,2018-01-15,08:02:00,Monday,Bolton,E08000001,Urban,53.596677,-2.451826,E01004864,40.10854207,41,681,156,307,179,39,743,105,138,73,73,32,4,5,8,183,122,67.31034483,1464,21.75,240,241,110,51,33,4,1,0,183,0,6,29,10,1,405,53,8,42,3,0.843200797,3.91e-6,0,9,5,5536.459585,1.184082967
06K239846,2018,Severe/Fatal,Male,46 - 55,0,0,Rural,Less deprived 10-20%,9,2,1,Single carriageway,40,0,Darkness - lights lit,0,1,0,Non-trunk,0,0,0,0,Neither,Front,2018-01-22,05:35:00,Monday,Bolton,E08000001,Rural,53.566093,-2.541853,E01004776,39.47979798,41,826,148,400,215,63,929,93,113,184,89,42,8,5,12,242,141,3.402364102,1822,535.51,276,280,137,97,30,5,1,0,242,0,19,16,6,4,509,51,8,67,8,5.179899474,9.66e-7,0,22,3,11968.95234,4.953827141
06K242803,2018,Slight,Male,26 - 35,0,0,Urban area,Most deprived 10%,1,1,2,Single carriageway,30,0,Daylight,0,0,0,Non-trunk,0,0,0,0,Neither,Front,2018-04-16,10:50:00,Monday,Bolton,E08000001,Urban,53.587684,-2.394779,E01004793,37.066957,35,694,276,282,106,30,614,64,166,84,84,18,1,3,7,98,89,56.50064683,1747,30.92,227,194,129,81,45,14,4,2,98,2,2,33,20,8,323,49,13,62,3,0,0,0,27,4,6569.933191,0.653120248
06K243328,2018,Severe/Fatal,Male,11 - 15,1,0,Urban area,Most deprived 10%,1,2,1,Single carriageway,30,0,Daylight,1,1,0,Non-trunk,1,1,0,0,Neither,Front,2018-05-09,16:40:00,Wednesday,Bolton,E08000001,Urban,53.592456,-2.462614,E01004919,42.92066667,45,648,97,304,206,41,708,48,162,52,75,40,6,2,8,217,98,37.78167251,1509,39.94,188,244,93,76,36,7,0,1,217,0,7,16,9,2,386,24,6,35,6,0.925910022,2.3e-6,0,13,0,8587.272996,0.84167243
06K243644,2018,Severe/Fatal,Male,36 - 45,0,0,Urban area,Most deprived 10%,1,2,1,Single carriageway,30,0,Daylight,0,0,0,Non-trunk,0,1,0,0,Neither,Offside,2018-05-10,18:22:00,Thursday,Bolton,E08000001,Urban,53.580705,-2.395862,E01004796,40.72960822,41,669,151,271,200,47,746,65,180,92,90,14,2,2,7,163,131,30.88984712,1576,51.02,208,203,131,87,31,7,1,2,163,3,2,38,12,1,414,34,6,56,16,1.412956499,2.77e-6,0,14,4,5244.303453,1.201573865
06K243767,2018,Severe/Fatal,Male,46 - 55,0,0,Urban area,More deprived 10-20%,2,2,1,Single carriageway,30,0,Daylight,0,0,0,Non-trunk,0,0,0,0,Neither,Front,2018-05-16,15:08:00,Wednesday,Bolton,E08000001,Urban,53.580306,-2.407639,E01004932,38.89921977,38,723,228,341,130,24,717,127,124,89,84,25,2,2,6,139,119,28.01512287,1482,52.9,290,238,109,57,15,8,2,3,139,3,6,41,28,3,376,48,3,63,6,1.401469316,2.62e-6,0,8,0,1072.907469,2.009236018
06K244475,2018,Severe/Fatal,Male,46 - 55,0,0,Urban area,Less deprived 20-30%,8,2,1,Single carriageway,30,0,Daylight,0,0,0,Non-trunk,0,0,0,0,Neither,Front,2018-06-03,15:40:00,Sunday,Bolton,E08000001,Urban,53.580326,-2.454521,E01004923,35.73406721,34,634,124,315,149,46,784,127,132,74,84,28,8,5,12,207,107,99.52465835,1675,16.83,192,171,106,89,35,24,10,8,207,1,14,28,21,1,369,56,12,64,9,0,0,0,5,0,2387.463918,0.008312176
06K244861,2018,Slight,Male,26 - 35,0,0,Urban area,Less deprived 30-40%,7,2,1,Single carriageway,30,0,Daylight,0,0,0,Non-trunk,0,0,0,0,Neither,Front,2018-06-16,17:05:00,Saturday,Bolton,E08000001,Urban,53.598554,-2.550805,E01004890,42.98992081,44,683,163,306,178,36,695,74,58,145,75,37,13,1,7,177,108,44.80856587,1381,30.82,268,237,97,61,16,3,0,0,177,0,6,36,10,1,376,27,3,59,3,0.231732748,7.46e-7,0,15,1,4925.536906,1.184690713
06K245063,2018,Severe/Fatal,Male,56 - 65,0,0,Urban area,Least deprived 10%,10,2,1,Single carriageway,30,0,Daylight,0,0,0,Non-trunk,0,0,0,1,Off carriageway,Front,2018-06-10,12:55:00,Sunday,Bolton,E08000001,Urban,53.604216,-2.552934,E01004889,40.6277933,43,633,144,280,170,39,694,73,103,136,79,41,6,2,4,138,112,43.73854612,1432,32.74,209,207,107,79,27,4,1,0,138,0,4,37,6,1,393,33,8,69,7,0.100075755,2.99e-7,0,21,1,4000.351845,0.076786047
06K245238,2018,Slight,Male,46 - 55,0,0,Urban area,More deprived 20-30%,3,2,1,Single carriageway,30,0,Daylight,0,0,0,Non-trunk,1,0,0,0,Neither,Front,2018-06-24,10:25:00,Sunday,Bolton,E08000001,Urban,53.623173,-2.435357,E01004804,45.06046196,49,609,50,212,266,81,674,22,60,147,79,36,3,6,6,227,88,31.30063966,1468,46.9,141,244,94,105,21,3,2,0,227,0,5,5,1,2,400,16,3,11,3,0.152683559,3.24e-7,0,4,0,1109.940896,0.793097762
06K246429,2018,Slight,Male,46 - 55,0,0,Urban area,Less deprived 10-20%,9,2,1,Single carriageway,30,0,Daylight,0,0,0,Non-trunk,0,0,0,0,Neither,Nearside,2018-07-23,17:51:00,Monday,Bolton,E08000001,Urban,53.586582,-2.41495,E01004927,32.98184818,31,1050,445,413,172,20,966,161,189,144,112,33,10,5,7,174,131,33.99320431,2301,67.69,439,268,155,123,40,14,10,2,174,2,30,46,38,2,514,55,9,85,9,1.042282851,1.56e-6,0,6,7,3551.87965,2.018775572
06K247443,2018,Severe/Fatal,Male,6 - 10,1,0,Urban area,More deprived 10-20%,2,2,1,Single carriageway,30,0,Daylight,0,0,0,Non-trunk,1,0,0,0,Neither,Front,2018-08-21,17:40:00,Tuesday,Bolton,E08000001,Urban,53.584818,-2.391474,E01004793,37.066957,35,694,276,282,106,30,614,64,166,84,84,18,1,3,7,98,89,56.50064683,1747,30.92,227,194,129,81,45,14,4,2,98,2,2,33,20,8,323,49,13,62,3,0,0,0,27,4,6569.933191,0.653120248
06K248380,2018,Slight,Male,36 - 45,0,0,Urban area,Most deprived 10%,1,2,1,Single carriageway,30,0,Daylight,1,1,0,Non-trunk,0,0,0,0,Neither,Front,2018-09-16,11:00:00,Sunday,Bolton,E08000001,Urban,53.60265,-2.55515,E01004889,40.6277933,43,633,144,280,170,39,694,73,103,136,79,41,6,2,4,138,112,43.73854612,1432,32.74,209,207,107,79,27,4,1,0,138,0,4,37,6,1,393,33,8,69,7,0.100075755,2.99e-7,0,21,1,4000.351845,0.076786047
06K248475,2018,Slight,Male,56 - 65,0,0,Rural,Less deprived 10-20%,9,2,1,Single carriageway,30,1,Daylight,0,0,0,Non-trunk,0,0,0,0,Neither,Front,2018-09-19,17:36:00,Wednesday,Bolton,E08000001,Urban,53.582513,-2.530311,E01004781,37.91752577,38,954,153,467,276,58,1158,150,68,206,125,82,17,9,13,364,124,7.806324111,2133,273.24,306,327,156,129,24,8,1,0,364,1,19,25,8,5,583,45,5,94,8,5.582448301,2.04e-6,0,19,13,9007.455858,4.49975795
06K249447,2018,Slight,Female,46 - 55,0,0,Urban area,Less deprived 30-40%,7,2,1,Roundabout,30,0,Daylight,0,0,0,Non-trunk,0,0,0,0,Neither,Front,2018-10-21,11:30:00,Sunday,Bolton,E08000001,Urban,53.582605,-2.529814,E01004781,37.91752577,38,954,153,467,276,58,1158,150,68,206,125,82,17,9,13,364,124,7.806324111,2133,273.24,306,327,156,129,24,8,1,0,364,1,19,25,8,5,583,45,5,94,8,5.582448301,2.04e-6,0,19,13,9007.455858,4.49975795
06K250425,2018,Slight,Male,16 - 20,1,0,Urban area,Most deprived 10%,1,2,1,Single carriageway,30,0,Darkness - lights lit,0,0,0,Non-trunk,1,0,0,0,Neither,Offside,2018-11-15,18:06:00,Thursday,Bolton,E08000001,Urban,53.580615,-2.401238,E01004931,41.13357185,42,745,256,328,133,28,623,129,95,77,58,23,7,8,4,130,92,45.66423358,1564,34.25,310,222,98,78,26,7,3,1,130,1,7,23,16,2,332,38,8,66,1,0.559299201,1.64e-6,0,5,3,2681.614334,0.959153397
06K344820,2018,Slight,Female,56 - 65,0,0,Urban area,More deprived 30-40%,4,2,1,Single carriageway,30,0,Daylight,0,0,0,Non-trunk,1,0,0,1,Off carriageway,Back,2018-06-09,11:45:00,Saturday,Bolton,E08000001,Urban,53.546742,-2.521534,E01004938,38.74984046,38,627,235,235,113,44,601,69,68,133,44,30,7,4,7,126,113,53.58255452,1548,28.89,203,162,115,96,37,11,2,3,126,1,15,16,12,1,303,39,7,67,11,0,0,0,7,3,3808.065217,0.475145545
06K344999,2018,Slight,Male,21 - 25,0,0,Urban area,Most deprived 10%,1,2,1,Single carriageway,30,1,Darkness - lights lit,1,1,0,Non-trunk,0,0,0,0,Neither,Front,2018-06-13,21:30:00,Wednesday,Bolton,E08000001,Rural,53.557925,-2.394366,E01004855,35.02939118,34,623,198,277,120,28,689,100,154,97,72,23,11,2,4,123,103,18.60319055,1481,79.61,190,215,108,62,27,10,8,4,123,2,16,42,22,0,350,48,9,70,7,1.577885573,1.99e-6,0,14,3,4191.295985,2.119956853
06K345207,2018,Severe/Fatal,Male,6 - 10,1,0,Urban area,More deprived 10-20%,2,2,1,Single carriageway,30,0,Daylight,0,0,0,Non-trunk,0,0,0,0,Neither,Front,2018-06-19,17:30:00,Tuesday,Bolton,E08000001,Urban,53.558941,-2.450201,E01004878,35.35308796,35,545,141,242,124,38,643,151,101,48,61,21,6,3,4,127,121,72.95786758,1697,23.26,121,133,90,72,75,30,15,10,127,1,11,21,20,0,359,44,5,50,5,0,0,0,8,0,5522.388514,0.965336268
06K345911,2018,Slight,Male,46 - 55,0,0,Rural,More deprived 40-50%,5,2,1,Single carriageway,40,1,Daylight,0,0,0,Non-trunk,0,0,0,0,Neither,Offside,2018-07-02,17:15:00,Monday,Bolton,E08000001,Urban,53.547846,-2.4675,E01004833,42.24183417,45,644,88,295,188,73,745,89,133,78,71,25,7,5,8,189,140,2.776013789,1530,551.15,180,225,120,72,30,12,2,2,189,2,6,18,12,0,408,38,6,56,5,6.431979495,1.17e-6,0,27,1,9697.939326,9.205973769
06K346381,2018,Slight,Male,46 - 55,0,0,Urban area,Less deprived 40-50%,6,2,1,Single carriageway,30,1,Daylight,0,0,0,Non-trunk,1,0,0,0,Neither,Nearside,2018-07-20,10:49:00,Friday,Bolton,E08000001,Rural,53.544427,-2.356256,E01004904,38.22259887,40,738,88,319,259,72,944,52,134,180,132,32,14,2,7,249,142,8.662880743,1678,193.7,230,245,136,98,25,3,3,0,249,9,5,28,4,4,560,37,3,37,7,0.801234068,4.13e-7,0,13,4,6030.841621,3.279356168
06K346564,2018,Slight,Male,46 - 55,0,0,Urban area,More deprived 20-30%,3,2,1,Single carriageway,30,1,Daylight,0,0,0,Non-trunk,0,0,0,0,Neither,Back,2018-07-27,07:00:00,Friday,Bolton,E08000001,Rural,53.560445,-2.387656,E01004917,36.82901319,37,959,182,408,286,83,1014,81,224,108,143,44,6,2,10,238,158,13.21525102,2298,173.89,265,341,162,124,46,8,13,0,238,4,4,25,21,5,616,41,5,47,7,2.802537977,1.61e-6,0,14,4,6366.920251,5.683584241
06K347271,2018,Slight,Male,26 - 35,0,0,Urban area,More deprived 40-50%,5,2,1,Single carriageway,30,0,Daylight,0,0,0,Non-trunk,0,0,0,0,Neither,Back,2018-08-11,13:50:00,Saturday,Bolton,E08000001,Urban,53.554266,-2.399887,E01004857,33.3471629,31,665,221,291,114,39,714,102,160,80,80,11,4,4,7,119,147,50.33077534,1902,37.79,184,191,102,92,38,19,21,20,119,1,15,48,32,6,347,50,9,80,8,0.413723545,1.1e-6,1,18,3,5239.883734,2.404623997
06K347689,2018,Slight,Male,36 - 45,0,0,Urban area,Most deprived 10%,1,2,1,Single carriageway,30,0,Daylight,0,0,0,Non-trunk,1,0,0,0,Neither,Front,2018-08-30,13:45:00,Thursday,Bolton,E08000001,Urban,53.53698,-2.366846,E01004904,38.22259887,40,738,88,319,259,72,944,52,134,180,132,32,14,2,7,249,142,8.662880743,1678,193.7,230,245,136,98,25,3,3,0,249,9,5,28,4,4,560,37,3,37,7,0.801234068,4.13e-7,0,13,4,6030.841621,3.279356168
06L140222,2018,Slight,Male,11 - 15,1,0,Urban area,Less deprived 40-50%,6,2,1,Single carriageway,30,0,Daylight,0,0,0,Non-trunk,1,0,0,0,Neither,Front,2018-02-04,12:50:00,Sunday,Wigan,E08000010,Urban,53.553077,-2.643255,E01006371,40.62581486,42,649,134,330,157,28,777,177,72,60,95,41,10,2,8,206,106,55.6561086,1476,26.52,208,227,100,71,24,14,2,0,206,0,18,18,11,5,345,44,13,108,7,0,0,0,4,6,1808.050413,1.229732771
06L141504,2018,Slight,Male,36 - 45,0,0,Urban area,Less deprived 20-30%,8,2,2,Single carriageway,30,0,Daylight,0,0,0,Non-trunk,0,0,0,0,Neither,Nearside,2018-03-13,08:20:00,Tuesday,Wigan,E08000010,Urban,53.508063,-2.651621,E01006262,38.12429731,40,705,172,274,205,54,823,82,168,118,94,46,13,0,8,162,132,6.997871992,1710,244.36,191,241,113,112,29,12,1,3,162,0,12,42,4,3,488,56,11,39,10,2.609973744,1.07e-6,0,27,7,5666.417994,3.831714448
06L143100,2018,Slight,Male,46 - 55,0,0,Urban area,Most deprived 10%,1,2,1,Single carriageway,30,1,Daylight,0,0,0,Non-trunk,0,0,1,0,In carriageway,Front,2018-04-28,10:50:00,Saturday,Wigan,E08000010,Urban,53.550126,-2.647044,E01006258,42.12002413,43,713,185,347,132,49,785,205,93,72,83,44,8,2,13,151,114,57.36295235,1601,27.91,250,237,106,87,22,8,0,1,151,0,10,17,4,4,426,41,14,110,6,0,0,0,11,4,3151.065957,0.886853949
06L145073,2018,Slight,Male,46 - 55,0,0,Urban area,More deprived 20-30%,3,2,1,Roundabout,30,0,Daylight,0,0,0,Non-trunk,0,0,0,0,Neither,Front,2018-06-20,12:05:00,Wednesday,Wigan,E08000010,Urban,53.527598,-2.560745,E01006286,49.82959327,55,700,117,326,185,72,643,79,81,137,63,31,4,3,9,105,131,39.71974522,1559,39.25,232,271,88,73,28,5,2,0,105,0,5,14,4,2,429,44,12,25,5,0,0,0,11,5,4023.920058,0.697644289
06L145213,2018,Severe/Fatal,Male,46 - 55,0,0,Urban area,Less deprived 30-40%,7,2,1,Single carriageway,30,0,Daylight,0,0,0,Non-trunk,0,0,0,0,Neither,Front,2018-06-26,16:30:00,Tuesday,Wigan,E08000010,Urban,53.537606,-2.633515,E01006349,37.75339147,35,1015,294,489,188,44,1175,237,176,134,133,69,17,10,12,245,142,15.2572841,2037,133.51,400,367,134,75,32,4,1,1,245,0,31,42,18,4,613,65,17,131,12,8.547569076,6.42e-6,1,37,54,14557.90405,11.27398403
06L145903,2018,Slight,Male,11 - 15,1,0,Urban area,More deprived 20-30%,3,2,1,Single carriageway,30,0,Daylight,0,0,0,Non-trunk,1,0,0,0,Neither,Offside,2018-07-09,08:15:00,Monday,Wigan,E08000010,Urban,53.475223,-2.581072,E01006348,45.23555071,49,1119,86,425,479,129,1405,62,82,229,186,121,28,12,15,479,191,5.564799798,2642,474.77,283,438,194,159,41,5,1,0,479,2,9,12,3,5,811,29,5,42,5,2.581131284,5.44e-7,0,25,7,33126.50394,5.972134197
06L146042,2018,Slight,Male,26 - 35,0,0,Small town,Least deprived 10%,10,3,1,Single carriageway,30,0,Daylight,0,0,0,Non-trunk,1,0,1,0,In carriageway,Front,2018-07-15,08:20:00,Sunday,Wigan,E08000010,Urban,53.577305,-2.712597,E01006321,43.07997595,46,689,66,269,267,87,831,50,76,108,119,59,29,9,9,262,110,37.08593931,1601,43.17,189,261,102,105,25,3,3,0,262,0,17,10,2,2,471,27,6,28,5,0.030074479,6.98e-8,0,12,0,4239.698961,0
06L146057,2018,Slight,Male,16 - 20,1,0,Urban area,Most deprived 10%,1,2,1,Dual carriageway,30,0,Daylight,0,0,0,Non-trunk,0,0,0,0,Neither,Front,2018-07-15,13:00:00,Sunday,Wigan,E08000010,Urban,53.541996,-2.649622,E01006349,37.75339147,35,1015,294,489,188,44,1175,237,176,134,133,69,17,10,12,245,142,15.2572841,2037,133.51,400,367,134,75,32,4,1,1,245,0,31,42,18,4,613,65,17,131,12,8.547569076,6.42e-6,1,37,54,14557.90405,11.27398403
06L146242,2018,Slight,Male,46 - 55,0,0,Urban area,More deprived 10-20%,2,2,1,One way street,30,0,Daylight,0,0,0,Non-trunk,0,0,0,0,Neither,Offside,2018-07-11,15:08:00,Wednesday,Wigan,E08000010,Urban,53.542323,-2.645597,E01006349,37.75339147,35,1015,294,489,188,44,1175,237,176,134,133,69,17,10,12,245,142,15.2572841,2037,133.51,400,367,134,75,32,4,1,1,245,0,31,42,18,4,613,65,17,131,12,8.547569076,6.42e-6,1,37,54,14557.90405,11.27398403
06L146373,2018,Slight,Male,46 - 55,0,0,Urban area,Less deprived 20-30%,8,2,1,Single carriageway,30,0,Daylight,0,0,0,Non-trunk,0,0,0,0,Neither,Front,2018-07-11,18:30:00,Wednesday,Wigan,E08000010,Urban,53.531944,-2.666486,E01006355,40.75064767,42,695,153,353,157,32,717,72,156,93,92,45,3,0,10,133,113,66.86336813,1473,22.03,236,255,121,62,18,0,3,0,133,0,10,18,8,5,424,53,18,47,4,0,0,0,8,2,3530.985283,0.545487703
06L147256,2018,Slight,Male,36 - 45,0,0,Urban area,More deprived 20-30%,3,2,1,Single carriageway,30,0,Daylight,0,0,0,Non-trunk,0,0,0,0,Neither,Nearside,2018-08-17,17:05:00,Friday,Wigan,E08000010,Urban,53.535691,-2.636941,E01006349,37.75339147,35,1015,294,489,188,44,1175,237,176,134,133,69,17,10,12,245,142,15.2572841,2037,133.51,400,367,134,75,32,4,1,1,245,0,31,42,18,4,613,65,17,131,12,8.547569076,6.42e-6,1,37,54,14557.90405,11.27398403
06L149188,2018,Slight,Male,46 - 55,0,0,Urban area,Less deprived 30-40%,7,2,1,Single carriageway,30,0,Darkness - lights lit,0,1,0,Non-trunk,0,0,0,0,Neither,Nearside,2018-10-12,06:15:00,Friday,Wigan,E08000010,Urban,53.538104,-2.637913,E01006349,37.75339147,35,1015,294,489,188,44,1175,237,176,134,133,69,17,10,12,245,142,15.2572841,2037,133.51,400,367,134,75,32,4,1,1,245,0,31,42,18,4,613,65,17,131,12,8.547569076,6.42e-6,1,37,54,14557.90405,11.27398403
06L149842,2018,Slight,Male,6 - 10,1,0,Urban area,Less deprived 20-30%,8,2,1,Single carriageway,20,0,Darkness - lights lit,0,0,0,Non-trunk,1,0,0,0,Neither,Nearside,2018-11-02,16:50:00,Friday,Wigan,E08000010,Urban,53.52833,-2.668224,E01006400,36.97415186,38,729,38,263,339,89,1075,71,220,109,126,82,20,3,19,285,140,35.03688093,1995,56.94,114,238,158,170,44,4,1,0,285,0,8,15,1,4,677,41,6,39,1,0.717517144,1.25e-6,1,2,1,1918.248464,0.638902622
06L151118,2018,Severe/Fatal,Male,46 - 55,0,0,Urban area,Most deprived 10%,1,1,2,Single carriageway,20,1,Daylight,1,1,0,Non-trunk,0,0,0,0,Neither,Front,2018-12-08,12:10:00,Saturday,Wigan,E08000010,Urban,53.543143,-2.676184,E01006357,33.37876543,31,643,276,256,84,27,575,140,109,86,79,26,2,2,7,42,82,26.62592754,1830,68.73,177,154,102,127,54,15,10,7,42,1,6,40,15,2,300,61,15,89,4,1.61954714,2.35e-6,0,17,12,7819.889415,1.708920754
06L152292,2018,Slight,Male,36 - 45,0,0,Urban area,Less deprived 30-40%,7,2,1,Single carriageway,30,0,Darkness - lights lit,1,1,0,Non-trunk,1,0,0,0,Neither,Front,2018-12-21,15:40:00,Friday,Wigan,E08000010,Urban,53.544235,-2.606721,E01006307,39.35615491,39,607,179,247,137,44,640,138,86,87,65,34,7,2,8,93,120,33.13238486,1374,41.47,204,193,109,74,22,7,2,0,93,0,2,21,7,6,383,41,9,74,1,0.695316944,1.71e-6,0,12,10,4032.789642,1.458266493
06L152342,2018,Slight,Male,66 - 75,0,1,Urban area,Less deprived 20-30%,8,2,1,Single carriageway,30,0,Darkness - lights lit,1,1,0,Non-trunk,0,0,0,0,Neither,Nearside,2018-12-07,05:18:00,Friday,Wigan,E08000010,Urban,53.545081,-2.610189,E01006307,39.35615491,39,607,179,247,137,44,640,138,86,87,65,34,7,2,8,93,120,33.13238486,1374,41.47,204,193,109,74,22,7,2,0,93,0,2,21,7,6,383,41,9,74,1,0.695316944,1.71e-6,0,12,10,4032.789642,1.458266493
06L243420,2018,Slight,Male,46 - 55,0,0,Urban area,More deprived 10-20%,2,2,1,Single carriageway,30,0,Daylight,0,0,0,Non-trunk,0,0,0,0,Neither,Front,2018-05-06,15:20:00,Sunday,Wigan,E08000010,Urban,53.507957,-2.592421,E01006214,36.52158528,35,608,139,274,149,46,621,25,123,120,93,35,9,2,3,99,112,7.595285305,1379,181.56,205,196,110,57,23,13,3,1,99,0,3,28,7,4,407,38,9,23,6,1.666700067,9.18e-7,0,24,5,10650.16997,5.287978868
06L243820,2018,Severe/Fatal,Male,36 - 45,0,0,Urban area,More deprived 20-30%,3,2,1,Single carriageway,30,0,Daylight,0,0,0,Non-trunk,1,0,0,0,Neither,Offside,2018-05-07,14:00:00,Monday,Wigan,E08000010,Urban,53.502264,-2.524137,E01006283,36.61246787,37,722,223,306,161,32,668,87,89,106,94,37,8,0,5,108,134,20.71400549,1584,76.47,261,218,123,86,23,11,0,0,108,0,3,36,11,0,391,44,17,50,12,0.342572567,4.47e-7,0,16,21,3906.921505,0.902358508
06L244091,2018,Slight,Male,56 - 65,0,0,Urban area,More deprived 10-20%,2,2,1,Single carriageway,30,0,Daylight,0,0,0,Non-trunk,0,0,0,0,Neither,Front,2018-05-26,15:00:00,Saturday,Wigan,E08000010,Urban,53.50986,-2.539988,E01006283,36.61246787,37,722,223,306,161,32,668,87,89,106,94,37,8,0,5,108,134,20.71400549,1584,76.47,261,218,123,86,23,11,0,0,108,0,3,36,11,0,391,44,17,50,12,0.342572567,4.47e-7,0,16,21,3906.921505,0.902358508
06L244199,2018,Severe/Fatal,Male,6 - 10,1,0,Urban area,Less deprived 40-50%,6,2,1,Single carriageway,20,1,Daylight,0,0,0,Non-trunk,0,0,0,0,Neither,Front,2018-05-29,15:05:00,Tuesday,Wigan,E08000010,Urban,53.50535,-2.590756,E01006216,37.44798206,38,875,91,351,353,80,1099,33,172,183,152,72,17,5,16,238,211,27.21511122,2190,80.47,197,321,153,141,49,8,3,1,238,0,4,35,9,5,705,59,7,29,10,0.323650144,4.05e-7,0,2,0,3988.909674,0.013536542
06L244434,2018,Slight,Male,11 - 15,1,0,Urban area,Most deprived 10%,1,2,1,Single carriageway,30,0,Daylight,0,0,0,Non-trunk,0,0,0,0,Neither,Front,2018-05-24,15:15:00,Thursday,Wigan,E08000010,Urban,53.530021,-2.569225,E01006286,49.82959327,55,700,117,326,185,72,643,79,81,137,63,31,4,3,9,105,131,39.71974522,1559,39.25,232,271,88,73,28,5,2,0,105,0,5,14,4,2,429,44,12,25,5,0,0,0,11,5,4023.920058,0.697644289
06L244527,2018,Slight,Male,11 - 15,1,0,Urban area,More deprived 10-20%,2,2,1,Single carriageway,20,0,Daylight,0,0,0,Non-trunk,0,1,0,0,Neither,Back,2018-05-26,14:00:00,Saturday,Wigan,E08000010,Urban,53.507995,-2.59218,E01006214,36.52158528,35,608,139,274,149,46,621,25,123,120,93,35,9,2,3,99,112,7.595285305,1379,181.56,205,196,110,57,23,13,3,1,99,0,3,28,7,4,407,38,9,23,6,1.666700067,9.18e-7,0,24,5,10650.16997,5.287978868
06L244675,2018,Slight,Male,6 - 10,1,0,Urban area,More deprived 10-20%,2,2,1,Single carriageway,30,1,Daylight,0,0,0,Non-trunk,0,0,0,0,Neither,Back,2018-06-11,19:15:00,Monday,Wigan,E08000010,Urban,53.53002,-2.488455,E01006289,36.99455634,37,806,333,327,113,33,676,88,105,102,89,19,12,1,8,106,146,57.96156486,1689,29.14,346,235,103,79,29,11,4,2,106,3,7,48,8,5,377,42,10,61,8,0,0,0,19,6,2812.379378,0.69262159
06L244700,2018,Slight,Male,11 - 15,1,0,Urban area,More deprived 20-30%,3,2,1,Single carriageway,30,1,Daylight,0,0,0,Non-trunk,0,0,0,0,Neither,Back,2018-06-06,16:40:00,Wednesday,Wigan,E08000010,Urban,53.522585,-2.52472,E01006281,40.70637284,43,794,63,327,301,103,998,43,147,177,126,60,16,5,4,234,186,33.62263496,1937,57.61,179,311,145,108,36,10,1,1,234,0,1,22,7,4,634,50,15,26,8,0.676870967,1.18e-6,0,12,1,4203.621225,1.566418107
06L245730,2018,Slight,Male,46 - 55,0,0,Urban area,Less deprived 20-30%,8,2,1,Single carriageway,30,0,Daylight,0,0,0,Non-trunk,0,0,0,0,Neither,Front,2018-07-01,20:10:00,Sunday,Wigan,E08000010,Urban,53.528985,-2.548544,E01006285,44.35254989,49,823,81,320,318,104,983,63,112,179,103,80,12,1,10,246,177,27.21204374,1916,70.41,191,364,114,124,26,3,1,1,246,0,9,13,0,4,622,46,7,29,5,0,0,0,21,1,7181.306956,0
06L246299,2018,Severe/Fatal,Male,36 - 45,0,0,Urban area,More deprived 30-40%,4,2,1,Single carriageway,30,0,Daylight,0,0,0,Non-trunk,1,0,0,0,Neither,Offside,2018-07-11,17:44:00,Wednesday,Wigan,E08000010,Urban,53.512161,-2.542189,E01006322,37.68614046,37,875,196,347,283,49,1016,61,156,176,136,56,17,6,10,223,175,8.802802042,2086,236.97,233,304,174,111,40,9,6,0,223,2,4,57,3,4,598,69,11,38,10,1.809926168,7.65e-7,0,20,5,3581.562812,2.465487878
06L246949,2018,Slight,Male,36 - 45,0,0,Urban area,More deprived 30-40%,4,2,1,Single carriageway,30,0,Daylight,0,0,0,Non-trunk,0,0,0,0,Neither,Offside,2018-08-08,13:50:00,Wednesday,Wigan,E08000010,Urban,53.532348,-2.578746,E01006272,41.66823253,43,761,208,343,167,43,829,90,157,156,92,42,7,0,7,154,124,9.664262915,1635,169.18,294,230,143,70,15,6,1,2,154,0,17,38,7,8,466,57,12,64,7,2.472725509,1.46e-6,0,13,7,8286.699354,3.542007241
06L247168,2018,Slight,Male,36 - 45,0,0,Urban area,More deprived 20-30%,3,3,1,Single carriageway,30,0,Daylight,0,0,0,Non-trunk,0,0,0,0,Neither,Back,2018-08-18,11:40:00,Saturday,Wigan,E08000010,Urban,53.526867,-2.490048,E01006291,38.85466667,38,686,184,315,153,34,714,88,100,89,103,24,6,4,9,161,130,53.76699743,1463,27.21,244,233,117,64,28,2,0,0,161,0,17,38,2,4,370,35,6,71,9,0.102779212,3.8e-7,0,10,2,3632.365001,0.910154478
06L248348,2018,Severe/Fatal,Male,36 - 45,0,0,Urban area,More deprived 10-20%,2,2,1,Single carriageway,30,0,Darkness - lights lit,0,0,0,Non-trunk,1,0,0,0,Neither,Did not impact,2018-09-19,20:57:00,Wednesday,Wigan,E08000010,Urban,53.495789,-2.524841,E01006328,39.07922912,39,702,283,310,80,29,694,177,42,92,106,28,5,1,6,102,135,56.07785531,1527,27.23,281,207,111,60,23,15,4,2,102,0,2,70,13,3,323,42,18,114,7,0.31852635,1.16e-6,0,9,22,3326.413302,1.2254756
06L248695,2018,Slight,Male,11 - 15,1,0,Urban area,Most deprived 10%,1,2,1,Single carriageway,30,0,Daylight,0,0,0,Non-trunk,0,0,0,0,Neither,Front,2018-09-26,16:00:00,Wednesday,Wigan,E08000010,Urban,53.505393,-2.523829,E01006336,35.75348578,34,702,307,294,80,21,507,125,70,101,40,25,7,3,15,40,81,31.70591614,1656,52.23,263,194,103,87,36,16,1,2,40,0,3,59,13,3,261,40,7,76,4,1.59144982,3.07e-6,0,8,11,3748.507403,0.517640056
06L249378,2018,Severe/Fatal,Male,11 - 15,1,0,Urban area,Less deprived 20-30%,8,2,1,Single carriageway,30,0,Daylight,0,0,0,Non-trunk,1,0,0,0,Neither,Offside,2018-10-13,12:45:00,Saturday,Wigan,E08000010,Urban,53.530198,-2.505897,E01006241,34.38257576,34,979,217,394,298,70,1179,85,148,190,171,61,15,1,9,278,221,23.55724624,2539,107.78,236,318,195,142,66,13,5,2,278,0,14,38,6,6,688,67,14,59,9,0.063179759,5.85e-8,0,16,3,5928.476924,3.317202938
06L250685,2018,Slight,Male,26 - 35,0,0,Urban area,Most deprived 10%,1,2,1,Single carriageway,50,1,Daylight,0,0,0,Non-trunk,0,0,0,0,Neither,Front,2018-11-26,15:15:00,Monday,Wigan,E08000010,Urban,53.50039,-2.445767,E01006251,41.28990228,45,655,52,273,233,97,816,23,81,117,142,35,12,2,10,249,145,1.128242601,1544,1368.5,167,260,99,100,19,6,3,1,249,1,5,14,0,2,469,37,8,23,7,6.594414368,4.81e-7,0,12,5,20896.98709,15.45275708
06L251529,2018,Slight,Male,11 - 15,1,0,Urban area,Less deprived 20-30%,8,2,1,Single carriageway,20,0,Darkness - lights lit,1,1,0,Non-trunk,0,0,0,0,Neither,Back,2018-12-06,19:45:00,Thursday,Wigan,E08000010,Urban,53.524446,-2.493037,E01006244,44.74810127,46,890,358,380,121,31,729,93,95,121,100,24,2,4,7,154,129,17.24457249,1676,97.19,451,257,108,54,16,4,1,0,154,3,3,62,4,3,364,33,10,86,6,1.562267619,1.6e-6,0,19,21,4452.108028,1.495037985
06M105008,2018,Severe/Fatal,Male,36 - 45,0,0,Urban area,More deprived 20-30%,3,2,1,Single carriageway,30,0,Darkness - lights lit,0,0,0,Non-trunk,0,1,0,0,Neither,Offside,2018-11-06,16:30:00,Tuesday,Trafford,E08000009,Urban,53.464226,-2.265722,E01006185,32.97516556,32,766.5,389,305,57.5,15,727,78,147,78,50.5,7.5,4,7.5,13.5,259,82,51.1627907,1441,28.165,383.5,230,76,42.5,21.5,6.5,5.5,2.5,259,61,9,66,11,2,203,11,27,72.5,7.5,2.590106272,4.62e-6,0,19,16,9021.975772,3.497449349
06M139555,2018,Slight,Male,36 - 45,0,0,Urban area,More deprived 40-50%,5,2,1,Roundabout,30,0,Darkness - lights lit,1,1,0,Non-trunk,0,0,0,0,Neither,Nearside,2018-01-16,18:12:00,Tuesday,Trafford,E08000009,Urban,53.457317,-2.35735,E01006118,41.65563808,43,668,150,305,158,55,706,87,82,127,58,4,6,1,5,256,80,39.0491453,1462,37.44,249,198,109,88,19,5,3,0,256,5,2,29,4,1,329,16,8,50,9,0.794491674,2.13e-6,0,9,4,6020.637123,1.25658874
06M139704,2018,Slight,Male,46 - 55,0,0,Urban area,Less deprived 20-30%,8,2,1,Single carriageway,30,0,Darkness - lights lit,0,0,0,Non-trunk,1,0,0,0,Neither,Did not impact,2018-01-12,17:29:00,Friday,Trafford,E08000009,Urban,53.452181,-2.333801,E01006156,38.44300059,39,695,127,318,198,52,760,71,165,112,57,13,0,3,5,216,118,47.24809483,1674,35.43,215,220,111,95,41,11,4,1,216,12,3,33,11,0,384,35,25,34,9,0.167969505,4.74e-7,0,11,5,2912.620337,1.759828788
06M140159,2018,Slight,Male,36 - 45,0,0,Urban area,Less deprived 30-40%,7,2,1,Single carriageway,30,0,Darkness - lights lit,1,1,0,Non-trunk,0,0,0,0,Neither,Front,2018-01-29,07:39:00,Monday,Trafford,E08000009,Urban,53.450262,-2.396575,E01006126,38.82845894,38,744,188,330,183,43,823,72,138,154,107,9,6,0,6,211,120,40.65058641,1837,45.19,236,214,129,117,33,13,1,1,211,9,0,56,8,1,428,36,29,37,8,0,0,0,13,5,4504.000392,0.709450354
06M140189,2018,Slight,Male,26 - 35,0,0,Urban area,More deprived 20-30%,3,2,1,Single carriageway,30,0,Darkness - lights lit,0,0,0,Non-trunk,0,0,0,0,Neither,Offside,2018-02-01,17:13:00,Thursday,Trafford,E08000009,Urban,53.451958,-2.320217,E01006157,37.06426156,38,658,105,303,199,51,876,77,165,154,63,12,3,2,8,272,120,5.722263338,1701,297.26,152,219,127,102,39,14,3,3,272,11,4,31,10,1,436,28,23,48,13,15.84918599,5.31e-6,4,69,13,29134.39076,13.70279565
06M140842,2018,Severe/Fatal,Male,56 - 65,0,0,Urban area,Most deprived 10%,1,2,1,Roundabout,30,0,Darkness - lights unlit,0,0,1,Non-trunk,0,0,0,0,Neither,Nearside,2018-02-15,20:35:00,Thursday,Trafford,E08000009,Urban,53.466709,-2.306108,E01006157,37.06426156,38,658,105,303,199,51,876,77,165,154,63,12,3,2,8,272,120,5.722263338,1701,297.26,152,219,127,102,39,14,3,3,272,11,4,31,10,1,436,28,23,48,13,15.84918599,5.31e-6,4,69,13,29134.39076,13.70279565
06M141064,2018,Severe/Fatal,Female,26 - 35,0,0,Urban area,Less deprived 30-40%,7,2,1,Single carriageway,30,0,Darkness - lights lit,0,0,0,Non-trunk,0,0,0,0,Neither,Front,2018-02-23,22:18:00,Friday,Trafford,E08000009,Rural,53.470465,-2.349099,E01006121,41.53514589,45,597,78,306,168,45,694,117,98,119,51,5,1,8,5,189,101,2.647166362,1448,547,136,224,127,84,25,3,0,0,189,7,3,29,10,4,357,24,21,44,6,19.54034386,3.58e-6,2,112,117,31815.02923,18.20887304
06M141419,2018,Slight,Male,16 - 20,1,0,Urban area,More deprived 30-40%,4,2,1,Single carriageway,30,0,Daylight,0,0,0,Non-trunk,1,0,0,0,Neither,Front,2018-03-09,16:00:00,Friday,Trafford,E08000009,Urban,53.464635,-2.283394,E01006188,33.36680449,33,786,261,398,95,32,1039,98,217,118,56,17,7,10,4,423,89,32.96885355,1990,60.36,252,230,122,88,43,36,10,6,423,79,10,39,13,1,317,27,50,67,12,1.221111968,2.01e-6,1,21,11,12494.09906,5.466714416
06M141676,2018,Slight,Male,26 - 35,0,0,Urban area,More deprived 30-40%,4,2,1,Single carriageway,30,0,Daylight,1,0,0,Non-trunk,0,0,0,0,Neither,Offside,2018-03-11,12:30:00,Sunday,Trafford,E08000009,Urban,53.453787,-2.283006,E01006145,36.39518196,36,806,284,351,142,29,884,108,201,109,42,7,7,7,12,264,127,30.72659176,2051,66.75,249,231,135,92,57,23,10,8,264,68,9,62,8,2,337,20,34,70,9,2.501914564,3.73e-6,2,27,23,5594.826901,4.913355556
06M142768,2018,Slight,Male,11 - 15,1,0,Urban area,More deprived 20-30%,3,2,1,Single carriageway,30,0,Daylight,0,0,0,Non-trunk,0,0,0,0,Neither,Nearside,2018-04-16,15:20:00,Monday,Trafford,E08000009,Urban,53.453223,-2.364438,E01006120,44.10635261,49,558,54,247,209,48,675,75,72,102,62,19,9,5,6,263,62,56.2992126,1430,25.4,121,201,106,98,27,4,2,0,263,3,2,16,2,2,298,22,12,47,7,0.009643958,3.87e-8,0,6,3,7244.084309,0.872337325
06M143873,2018,Slight,Female,26 - 35,0,0,Urban area,More deprived 10-20%,2,2,1,Single carriageway,30,0,Daylight,0,0,0,Non-trunk,0,0,0,0,Neither,Offside,2018-05-16,16:30:00,Wednesday,Trafford,E08000009,Urban,53.456846,-2.261625,E01006115,38.37007389,39,592,167,248,134,43,713,50,126,79,42,11,2,10,8,317,68,79.18622848,1518,19.17,212,151,86,71,38,17,9,10,317,19,5,29,8,3,238,24,34,30,7,1.238829982,6.57e-6,0,7,6,3674.428642,0.686809723
06M143888,2018,Slight,Male,36 - 45,0,0,Urban area,More deprived 40-50%,5,2,1,Single carriageway,30,0,Daylight,0,0,0,Non-trunk,0,0,0,0,Neither,Offside,2018-04-30,17:30:00,Monday,Trafford,E08000009,Urban,53.458245,-2.293984,E01006186,34.47029204,34,947,354,376,182,35,1094,129,239,118,65,10,2,9,16,371,135,29.4599018,2160,73.32,345,292,132,110,38,16,7,7,371,59,7,63,12,3,387,36,43,96,15,2.582238089,3.57e-6,1,26,64,8739.468288,2.622165561
06M143973,2018,Slight,Male,6 - 10,1,0,Urban area,More deprived 20-30%,3,2,1,Roundabout,30,0,Daylight,0,0,0,Non-trunk,0,0,0,0,Neither,Offside,2018-05-22,12:10:00,Tuesday,Trafford,E08000009,Urban,53.452932,-2.287126,E01006141,36.10973451,37,646,141,312,153,40,822,92,150,108,47,13,9,6,5,283,109,60.60913706,1791,29.55,154,189,114,96,58,17,10,8,283,23,4,39,7,1,328,28,26,66,17,1.131615323,3.79e-6,0,11,1,3835.214709,1.378825584
06M144417,2018,Slight,Male,46 - 55,0,0,Urban area,More deprived 40-50%,5,2,1,Single carriageway,40,0,Daylight,1,0,0,Non-trunk,0,0,0,0,Neither,Front,2018-06-03,09:35:00,Sunday,Trafford,E08000009,Urban,53.433375,-2.385099,E01006107,41.79125897,43,700,169,311,164,56,677,54,62,150,103,15,8,1,6,166,112,1.597050366,1594,998.09,257,194,115,85,31,15,1,1,166,7,2,41,4,2,378,26,11,39,2,7.383291395,7.39e-7,0,46,2,10060.30071,12.54667501
06M144426,2018,Slight,Male,11 - 15,1,0,Urban area,Most deprived 10%,1,2,1,Single carriageway,30,1,Daylight,0,0,0,Non-trunk,0,0,0,0,Neither,Front,2018-05-27,15:31:00,Sunday,Trafford,E08000009,Urban,53.462237,-2.262728,E01006112,33.15844156,32,700,283,275,113,29,719,89,133,96,45,3,6,11,3,241,92,105.3470437,2049,19.45,214,132,128,80,73,44,19,12,241,11,3,69,11,1,259,21,21,74,8,0.284738441,1.43e-6,0,5,8,3652.741684,0.517201913
06M144625,2018,Slight,Female,46 - 55,0,0,Urban area,More deprived 10-20%,2,2,1,Single carriageway,30,1,Daylight,0,0,0,Non-trunk,0,0,0,0,Neither,Front,2018-06-08,09:10:00,Friday,Trafford,E08000009,Urban,53.457295,-2.285695,E01006145,36.39518196,36,806,284,351,142,29,884,108,201,109,42,7,7,7,12,264,127,30.72659176,2051,66.75,249,231,135,92,57,23,10,8,264,68,9,62,8,2,337,20,34,70,9,2.501914564,3.73e-6,2,27,23,5594.826901,4.913355556
06M144651,2018,Slight,Male,26 - 35,0,0,Urban area,Most deprived 10%,1,2,1,Single carriageway,30,0,Daylight,0,0,0,Non-trunk,0,1,0,0,Neither,Front,2018-06-07,09:15:00,Thursday,Trafford,E08000009,Urban,53.453916,-2.273564,E01006113,37.26350461,36,473,83,190,141,59,717,80,124,102,38,8,4,7,4,281,69,95.79881657,1619,16.9,78,101,79,95,54,32,22,12,281,30,5,30,5,0,265,26,22,43,8,0.442031104,2.59e-6,0,8,3,3602.321035,1.087400862
06M144817,2018,Severe/Fatal,Male,6 - 10,1,0,Urban area,Less deprived 40-50%,6,2,1,Single carriageway,20,1,Daylight,0,0,0,Non-trunk,0,0,0,0,Neither,Front,2018-06-10,12:54:00,Sunday,Trafford,E08000009,Urban,53.453329,-2.290276,E01006145,36.39518196,36,806,284,351,142,29,884,108,201,109,42,7,7,7,12,264,127,30.72659176,2051,66.75,249,231,135,92,57,23,10,8,264,68,9,62,8,2,337,20,34,70,9,2.501914564,3.73e-6,2,27,23,5594.826901,4.913355556
06M147444,2018,Severe/Fatal,Female,26 - 35,0,0,Urban area,More deprived 30-40%,4,2,1,Dual carriageway,30,0,Darkness - lights lit,0,1,0,Non-trunk,1,0,0,0,Neither,Front,2018-08-25,20:20:00,Saturday,Trafford,E08000009,Urban,53.462032,-2.28553,E01006186,34.47029204,34,947,354,376,182,35,1094,129,239,118,65,10,2,9,16,371,135,29.4599018,2160,73.32,345,292,132,110,38,16,7,7,371,59,7,63,12,3,387,36,43,96,15,2.582238089,3.57e-6,1,26,64,8739.468288,2.622165561
06M147618,2018,Severe/Fatal,Male,26 - 35,0,0,Urban area,Most deprived 10%,1,2,1,Roundabout,40,0,Daylight,0,0,0,Non-trunk,0,0,0,0,Neither,Front,2018-08-30,11:20:00,Thursday,Trafford,E08000009,Urban,53.474736,-2.323175,E01006121,41.53514589,45,597,78,306,168,45,694,117,98,119,51,5,1,8,5,189,101,2.647166362,1448,547,136,224,127,84,25,3,0,0,189,7,3,29,10,4,357,24,21,44,6,19.54034386,3.58e-6,2,112,117,31815.02923,18.20887304
06M147685,2018,Slight,Male,46 - 55,0,0,Urban area,Less deprived 40-50%,6,2,1,Single carriageway,20,0,Daylight,0,0,0,Non-trunk,0,0,0,0,Neither,Front,2018-09-04,09:01:00,Tuesday,Trafford,E08000009,Urban,53.450424,-2.283269,E01006146,37.92372881,39,644,98,334,164,48,833,70,140,96,47,6,3,4,3,350,114,51.12760491,1791,35.03,147,185,113,114,55,22,6,4,350,27,10,17,8,2,317,27,26,37,14,1.037030801,3.02e-6,1,2,4,5209.236938,1.035483334
06M148097,2018,Slight,Female,6 - 10,1,0,Urban area,More deprived 30-40%,4,2,1,Single carriageway,30,0,Daylight,0,0,0,Non-trunk,0,0,0,0,Neither,Front,2018-09-13,08:30:00,Thursday,Trafford,E08000009,Urban,53.442207,-2.372097,E01006129,45.64638511,49,637,133,285,179,40,611,68,74,87,54,12,5,4,5,239,63,29.55370489,1384,46.83,227,213,95,78,20,3,0,0,239,3,7,16,2,0,277,14,9,39,4,0,0,0,13,4,3830.224208,1.797576051
06M148585,2018,Slight,Male,11 - 15,1,0,Urban area,Less deprived 30-40%,7,2,1,Single carriageway,20,0,Daylight,0,0,0,Non-trunk,0,0,0,0,Neither,Front,2018-09-25,08:00:00,Tuesday,Trafford,E08000009,Urban,53.44902,-2.339122,E01006156,38.44300059,39,695,127,318,198,52,760,71,165,112,57,13,0,3,5,216,118,47.24809483,1674,35.43,215,220,111,95,41,11,4,1,216,12,3,33,11,0,384,35,25,34,9,0.167969505,4.74e-7,0,11,5,2912.620337,1.759828788
06M149365,2018,Slight,Male,36 - 45,0,0,Urban area,Less deprived 20-30%,8,3,1,Dual carriageway,40,0,Daylight,0,1,0,Non-trunk,0,1,0,0,Neither,Front,2018-10-18,10:13:00,Thursday,Trafford,E08000009,Urban,53.445952,-2.306923,E01006144,39.59444048,39,692,303,294,82,13,607,41,125,114,26,9,1,1,6,221,63,20.96188748,1386,66.12,297,231,83,48,20,11,2,0,221,34,0,43,8,2,189,23,37,45,5,6.033005005,9.13e-6,0,11,14,10926.19162,3.855032581
06M149458,2018,Slight,Male,36 - 45,0,0,Urban area,More deprived 30-40%,4,2,1,Single carriageway,30,1,Daylight,0,0,0,Non-trunk,0,0,0,0,Neither,Front,2018-09-25,07:10:00,Tuesday,Trafford,E08000009,Urban,53.450666,-2.272158,E01006115,38.37007389,39,592,167,248,134,43,713,50,126,79,42,11,2,10,8,317,68,79.18622848,1518,19.17,212,151,86,71,38,17,9,10,317,19,5,29,8,3,238,24,34,30,7,1.238829982,6.57e-6,0,7,6,3674.428642,0.686809723
06M150180,2018,Severe/Fatal,Male,16 - 20,1,0,Urban area,More deprived 40-50%,5,2,1,Roundabout,30,0,Daylight,0,0,0,Non-trunk,0,1,0,0,Neither,Nearside,2018-11-07,12:10:00,Wednesday,Trafford,E08000009,Urban,53.457741,-2.356811,E01006118,41.65563808,43,668,150,305,158,55,706,87,82,127,58,4,6,1,5,256,80,39.0491453,1462,37.44,249,198,109,88,19,5,3,0,256,5,2,29,4,1,329,16,8,50,9,0.794491674,2.13e-6,0,9,4,6020.637123,1.25658874
06M150350,2018,Slight,Male,26 - 35,0,0,Urban area,Less deprived 30-40%,7,2,1,Dual carriageway,40,0,Darkness - lights lit,0,0,0,Non-trunk,0,0,0,0,Neither,Front,2018-11-13,17:50:00,Tuesday,Trafford,E08000009,Urban,53.447079,-2.305546,E01006144,39.59444048,39,692,303,294,82,13,607,41,125,114,26,9,1,1,6,221,63,20.96188748,1386,66.12,297,231,83,48,20,11,2,0,221,34,0,43,8,2,189,23,37,45,5,6.033005005,9.13e-6,0,11,14,10926.19162,3.855032581
06M151799,2018,Slight,Female,16 - 20,1,0,Urban area,Less deprived 40-50%,6,2,1,Single carriageway,30,0,Darkness - lights lit,1,1,0,Non-trunk,1,0,0,0,Neither,Back,2018-12-08,18:40:00,Saturday,Trafford,E08000009,Urban,53.444834,-2.297731,E01006142,40.9544688,41,752,229,326,151,46,744,61,125,115,38,5,5,5,8,297,85,26.57169402,1716,64.58,292,211,111,78,34,13,5,8,297,35,2,23,6,6,294,17,23,35,8,1.939546408,3e-6,0,7,9,6885.404253,2.6848450169999998
06M151917,2018,Severe/Fatal,Male,11 - 15,1,0,Urban area,More deprived 30-40%,4,2,1,Single carriageway,40,0,Darkness - lights lit,0,1,0,Non-trunk,0,0,0,0,Neither,Nearside,2018-12-29,16:53:00,Saturday,Trafford,E08000009,Urban,53.464988,-2.289873,E01006157,37.06426156,38,658,105,303,199,51,876,77,165,154,63,12,3,2,8,272,120,5.722263338,1701,297.26,152,219,127,102,39,14,3,3,272,11,4,31,10,1,436,28,23,48,13,15.84918599,5.31e-6,4,69,13,29134.39076,13.70279565
06M239428,2018,Slight,Male,36 - 45,0,0,Urban area,Less deprived 20-30%,8,2,1,Single carriageway,30,1,Daylight,0,0,0,Non-trunk,0,0,0,0,Neither,Front,2018-01-14,10:20:00,Sunday,Trafford,E08000009,Urban,53.374775,-2.341987,E01006083,42.81804397,48,484,29,148,208,99,620,39,45,51,70,13,4,6,5,346,41,26.01708706,1279,49.16,81,184,84,98,28,7,1,0,346,10,2,1,2,0,203,11,7,29,6,0,0,0,8,5,5082.475411,1.289562239
06M240130,2018,Severe/Fatal,Male,11 - 15,1,0,Urban area,More deprived 20-30%,3,2,1,Single carriageway,30,0,Daylight,0,0,0,Non-trunk,0,1,0,0,Neither,Front,2018-02-02,16:15:00,Friday,Trafford,E08000009,Urban,53.427268,-2.345149,E01006170,41.62813102,43,675,113,284,235,43,772,69,109,105,58,5,6,6,5,332,77,11.32555673,1602,141.45,200,217,112,114,29,3,2,0,332,8,2,8,5,3,336,25,9,43,3,3.119590435,2.21e-6,0,4,0,4694.589564,4.326460188
06M240188,2018,Slight,Female,36 - 45,0,0,Urban area,More deprived 10-20%,2,2,1,Single carriageway,30,0,Darkness - lighting unknown,1,1,0,Non-trunk,0,0,0,0,Neither,Back,2018-02-01,07:52:00,Thursday,Trafford,E08000009,Urban,53.391706,-2.303254,E01006208,39.6392638,42,621,95,260,207,59,671,60,140,81,61,12,3,7,7,217,83,35.27405049,1551,43.97,186,192,101,83,37,17,6,2,217,13,4,16,8,3,324,32,12,42,2,0.621986636,1.4e-6,0,3,1,3944.98634,0.222949341
06M240210,2018,Slight,Male,56 - 65,0,0,Urban area,Least deprived 10%,10,2,1,Single carriageway,30,0,Daylight,0,1,0,Non-trunk,1,0,0,0,Neither,Nearside,2018-01-14,09:00:00,Sunday,Trafford,E08000009,Urban,53.367494,-2.322497,E01006134,42.62987442,47,527,27,122,231,147,682,38,58,53,92,16,8,4,5,372,36,12.70746447,1493,117.49,83,177,96,115,42,13,2,1,372,1,1,1,1,0,270,11,1,20,5,0,0,0,11,0,6636.950194,1.081526468
06M240229,2018,Severe/Fatal,Female,56 - 65,0,0,Urban area,Less deprived 20-30%,8,2,1,Single carriageway,30,0,Daylight,0,0,0,Non-trunk,0,0,0,0,Neither,Front,2018-01-26,16:30:00,Friday,Trafford,E08000009,Urban,53.380246,-2.323752,E01006140,37.31285231,40,629,50,232,270,77,829,69,80,61,115,21,5,12,9,392,65,26.54881101,1697,63.92,127,193,114,137,39,8,8,0,392,14,3,4,0,0,348,21,10,27,9,0.937719169,1.45e-6,0,11,3,6453.873431,1.614442205
06M240338,2018,Slight,Male,26 - 35,0,0,Urban area,Less deprived 30-40%,7,2,1,Single carriageway,30,0,Darkness - lights lit,0,0,0,Non-trunk,0,0,0,0,Neither,Front,2018-02-07,17:46:00,Wednesday,Trafford,E08000009,Urban,53.416676,-2.289019,E01006176,40.71774194,41,725,95,316,250,64,848,29,139,163,42,16,3,7,4,344,101,12.5216763,1733,138.4,202,245,138,105,23,7,0,2,344,25,0,17,7,1,388,18,13,23,11,0.702297752,5.05e-7,1,9,2,4986.547192,6.998896488
06M241683,2018,Slight,Male,26 - 35,0,0,Urban area,Less deprived 20-30%,8,2,1,Single carriageway,30,1,Daylight,1,1,0,Non-trunk,0,0,0,0,Neither,Front,2018-03-13,09:45:00,Tuesday,Trafford,E08000009,Urban,53.446655,-2.339539,E01006184,41.05225125,41,753,210,315,165,63,767,57,153,139,54,7,5,5,9,235,103,11.55782313,1699,147,283,224,102,93,34,15,4,0,235,9,3,49,6,4,375,21,21,36,5,4.849983879,3.32e-6,0,8,8,4984.059848,3.231423962
06M241915,2018,Severe/Fatal,Male,Over 75,0,1,Urban area,Least deprived 10%,10,2,1,Single carriageway,40,0,Daylight,0,0,0,Non-trunk,0,0,0,0,Neither,Front,2018-03-25,11:56:00,Sunday,Trafford,E08000009,Urban,53.392595,-2.31747,E01006204,45.31265823,48,705,138,262,252,53,685,61,102,110,38,16,6,8,6,283,55,42.81183932,1620,37.84,234,225,94,112,33,5,2,0,283,5,2,12,3,1,324,24,11,17,5,1.079106932,2.83e-6,0,11,5,6180.59391,2.989912216
06M242626,2018,Slight,Male,36 - 45,0,0,Urban area,Most deprived 10%,1,2,1,Single carriageway,30,0,Daylight,0,0,0,Non-trunk,0,0,0,0,Neither,Nearside,2018-04-16,11:15:00,Monday,Trafford,E08000009,Urban,53.416523,-2.352449,E01006152,45.90173053,50,620,33,202,277,108,707,33,73,99,68,31,8,7,13,315,60,29.1015625,1639,56.32,118,226,115,108,36,14,5,0,315,8,0,3,3,0,347,13,6,13,4,0.046922373,8.34e-8,0,7,11,5638.320793,0
06M243039,2018,Slight,Male,26 - 35,0,0,Urban area,More deprived 30-40%,4,2,1,Roundabout,30,0,Daylight,0,0,0,Non-trunk,0,0,0,0,Neither,Front,2018-04-24,05:44:00,Tuesday,Trafford,E08000009,Urban,53.399754,-2.309237,E01006206,37.83935113,38,752,146,337,205,64,796,95,131,106,75,11,8,8,12,247,103,59.78886756,1869,31.26,248,191,122,114,53,16,3,3,247,11,5,27,11,0,397,36,17,37,8,1.907678819,6.02e-6,0,14,2,6766.369449,0.831731162
06M244453,2018,Slight,Male,21 - 25,0,0,Urban area,More deprived 30-40%,4,2,1,Single carriageway,30,0,Daylight,0,0,0,Non-trunk,0,0,0,0,Neither,Did not impact,2018-06-01,16:00:00,Friday,Trafford,E08000009,Urban,53.395211,-2.343355,E01006193,39.88163788,41,621,84,287,204,46,731,78,66,59,71,15,4,0,2,375,61,51.07351984,1570,30.74,162,200,98,117,36,7,2,0,375,16,3,5,1,0,266,16,7,36,5,0.475038067,1.53e-6,2,13,7,5161.684081,0.447388092
06M244938,2018,Severe/Fatal,Male,26 - 35,0,0,Urban area,Less deprived 20-30%,8,2,1,Single carriageway,30,0,Daylight,0,0,0,Non-trunk,1,0,0,1,Off carriageway,Did not impact,2018-06-13,15:30:00,Wednesday,Trafford,E08000009,Urban,53.424457,-2.318295,E01006161,38.93093344,40,947,180,491,226,50,1140,70,130,185,48,20,8,4,7,577,91,48.68035191,2158,44.33,331,294,139,135,32,10,2,0,577,72,5,13,2,0,360,15,20,61,18,0,0,0,17,23,3910.957342,1.718633702
06M245214,2018,Slight,Male,46 - 55,0,0,Small town,Least deprived 10%,10,2,1,Single carriageway,30,1,Daylight,0,0,0,Non-trunk,0,0,1,1,Both,Front,2018-06-23,08:00:00,Saturday,Trafford,E08000009,Rural,53.403294,-2.455626,E01006087,44.23277592,49,562,24,170,250,118,684,16,47,64,110,24,11,2,7,342,61,0.775844104,1452,1871.51,105,226,99,88,31,5,5,3,342,13,2,8,0,0,281,9,2,20,8,9.016234241,4.82e-7,0,68,1,37242.49574,23.45759839
06M245887,2018,Slight,Male,26 - 35,0,0,Urban area,Less deprived 40-50%,6,2,1,Single carriageway,30,0,Daylight,0,0,0,Non-trunk,1,0,0,0,Neither,Front,2018-07-10,06:40:00,Tuesday,Trafford,E08000009,Rural,53.392525,-2.416338,E01006087,44.23277592,49,562,24,170,250,118,684,16,47,64,110,24,11,2,7,342,61,0.775844104,1452,1871.51,105,226,99,88,31,5,5,3,342,13,2,8,0,0,281,9,2,20,8,9.016234241,4.82e-7,0,68,1,37242.49574,23.45759839
06M246282,2018,Severe/Fatal,Male,26 - 35,0,0,Small town,Less deprived 10-20%,9,2,1,Single carriageway,40,0,Daylight,0,0,0,Non-trunk,0,0,0,0,Neither,Front,2018-06-02,16:00:00,Saturday,Trafford,E08000009,Urban,53.396735,-2.311952,E01006206,37.83935113,38,752,146,337,205,64,796,95,131,106,75,11,8,8,12,247,103,59.78886756,1869,31.26,248,191,122,114,53,16,3,3,247,11,5,27,11,0,397,36,17,37,8,1.907678819,6.02e-6,0,14,2,6766.369449,0.831731162
06M246711,2018,Slight,Male,21 - 25,0,0,Urban area,More deprived 40-50%,5,2,1,Single carriageway,30,0,Daylight,1,1,0,Non-trunk,1,0,0,0,Neither,Nearside,2018-07-30,15:46:00,Monday,Trafford,E08000009,Urban,53.391606,-2.330906,E01006192,44.16384563,46,626,91,235,230,70,699,63,88,61,72,12,6,5,6,299,87,17.60064973,1517,86.19,168,215,91,109,34,4,1,1,299,6,1,4,3,1,323,11,14,33,6,0.988972111,1.16e-6,0,11,1,6230.420331,0.876766096
06M246968,2018,Slight,Female,26 - 35,0,0,Urban area,More deprived 10-20%,2,2,1,Single carriageway,30,0,Daylight,0,0,0,Non-trunk,0,0,0,0,Neither,Front,2018-08-07,19:14:00,Tuesday,Trafford,E08000009,Urban,53.415626,-2.336389,E01006100,40.85132515,44,601,86,238,219,58,716,51,77,100,50,19,8,2,4,343,62,54.28675666,1488,27.41,166,181,108,110,25,9,2,0,343,15,0,14,1,1,280,19,11,32,0,0.402520071,1.48e-6,0,5,6,3208.955609,0.841852755
06M247086,2018,Slight,Male,16 - 20,1,0,Urban area,More deprived 20-30%,3,2,1,Single carriageway,30,0,Daylight,0,0,0,Non-trunk,0,0,0,0,Neither,Front,2018-07-30,13:00:00,Monday,Trafford,E08000009,Urban,53.426335,-2.328452,E01006150,42.2645644,42,865,230,389,194,52,921,78,129,136,54,12,3,5,8,408,88,57.47229709,1919,33.39,359,253,100,110,33,11,1,0,408,42,3,26,5,2,310,23,30,60,14,0.441323423,1.33e-6,0,11,30,6990.146403,1.77655681
06M247121,2018,Slight,Male,46 - 55,0,0,Urban area,Least deprived 10%,10,2,1,Single carriageway,30,0,Daylight,0,0,0,Non-trunk,0,0,0,0,Neither,Front,2018-05-09,08:36:00,Wednesday,Trafford,E08000009,Urban,53.392444,-2.352024,E01006075,41.1002627,41,1038,260,489,233,56,1136,106,87,76,106,23,18,13,10,625,72,28.65918803,2146,74.88,423,334,112,134,30,5,0,0,625,29,7,7,10,1,338,10,16,84,12,0.256629443,3.43e-7,2,90,146,10698.31429,3.354748454
06M247123,2018,Severe/Fatal,Male,36 - 45,0,0,Urban area,Less deprived 10-20%,9,2,1,Single carriageway,30,1,Daylight,0,0,0,Non-trunk,0,0,0,0,Neither,Offside,2018-08-10,17:50:00,Friday,Trafford,E08000009,Urban,53.40302,-2.33468,E01006190,42.03093987,45,642,57,246,267,72,794,61,96,91,59,15,8,7,4,375,78,44.84316853,1687,37.62,140,214,115,132,33,8,0,0,375,18,2,5,3,2,323,22,10,33,2,0,0,0,6,6,2292.701571,1.305778263
06M247658,2018,Slight,Male,21 - 25,0,0,Urban area,More deprived 30-40%,4,2,1,Single carriageway,30,0,Darkness - lights lit,0,0,0,Non-trunk,0,0,0,0,Neither,Back,2018-08-27,23:55:00,Monday,Trafford,E08000009,Urban,53.405655,-2.355969,E01006089,35.12394068,35,808,115,399,253,41,1080,128,109,80,122,47,8,17,16,436,117,43.0802139,2014,46.75,192,265,165,143,33,10,0,0,436,18,1,21,8,3,467,29,18,69,9,1.132442528,2.4e-6,0,14,28,8567.720511,2.23076886
06M249234,2018,Slight,Male,66 - 75,0,1,Urban area,Less deprived 10-20%,9,2,1,Single carriageway,30,0,Daylight,0,0,0,Non-trunk,0,1,0,0,Neither,Front,2018-10-11,11:30:00,Thursday,Trafford,E08000009,Urban,53.391758,-2.327809,E01006205,45.46205357,48,551,57,215,210,69,614,48,91,67,69,10,3,5,5,261,55,52.8554549,1342,25.39,152,182,85,99,25,7,0,1,261,6,3,5,3,1,277,22,10,20,6,1.981380794,7.87e-6,0,5,4,3151.799278,1.431576337
06M351025,2018,Slight,Male,26 - 35,0,0,Urban area,More deprived 30-40%,4,2,1,Single carriageway,30,0,Darkness - lights lit,0,1,0,Non-trunk,0,0,0,0,Neither,Front,2018-11-26,21:30:00,Monday,Trafford,E08000009,Urban,53.457018,-2.26131,E01006115,38.37007389,39,592,167,248,134,43,713,50,126,79,42,11,2,10,8,317,68,79.18622848,1518,19.17,212,151,86,71,38,17,9,10,317,19,5,29,8,3,238,24,34,30,7,1.238829982,6.57e-6,0,7,6,3674.428642,0.686809723
06N140206,2018,Slight,Male,46 - 55,0,0,Urban area,Less deprived 30-40%,7,3,1,Single carriageway,30,0,Daylight,0,0,0,Non-trunk,0,0,0,0,Neither,Front,2018-02-04,13:58:00,Sunday,Bury,E08000002,Urban,53.598669,-2.308602,E01004964,37.30984456,35,839,233,410,160,36,932,168,116,106,141,25,2,4,5,237,128,46.26530102,1852,40.03,315,267,137,85,24,10,1,2,237,20,1,35,26,0,453,43,15,93,8,2.249194312,5.61e-6,0,16,4,8346.767417,2.182492503
06N142112,2018,Slight,Male,46 - 55,0,0,Urban area,More deprived 10-20%,2,2,1,Single carriageway,30,0,Daylight,0,1,0,Non-trunk,1,0,0,0,Neither,Offside,2018-03-23,11:00:00,Friday,Bury,E08000002,Urban,53.597012,-2.288206,E01004980,36.62886598,36,644,245,297,83,19,627,142,76,80,94,9,8,3,2,107,106,73.84459116,1454,19.69,258,196,81,49,26,18,8,7,107,17,3,31,20,4,300,35,9,94,10,0.712672177,3.69e-6,0,9,8,4935.637827,0.74908835
06N143639,2018,Slight,Male,66 - 75,0,1,Urban area,Less deprived 30-40%,7,2,1,Single carriageway,30,1,Daylight,0,0,0,Non-trunk,0,0,0,0,Neither,Offside,2018-05-04,18:39:00,Friday,Bury,E08000002,Urban,53.640709,-2.325229,E01005018,38.6730038,40,722,148,330,203,41,776,91,32,122,131,29,7,4,4,272,84,34.7845805,1534,44.1,252,244,129,77,18,1,1,0,272,5,2,18,6,5,379,22,0,60,6,0.646705503,1.46e-6,0,16,1,3602.20578,0.50141373
06N149032,2018,Slight,Male,56 - 65,0,0,Urban area,Less deprived 10-20%,9,2,1,Dual carriageway,30,1,Daylight,0,0,0,Non-trunk,0,0,0,0,Neither,Offside,2018-10-07,10:00:00,Sunday,Bury,E08000002,Urban,53.594777,-2.297997,E01005024,31.11940299,30,1000,458,422,98,22,1006,175,107,89,151,25,7,7,8,278,159,34.72276838,2649,76.29,366,263,118,86,73,56,19,19,278,40,10,80,27,0,336,49,9,154,20,1.499704129,1.96e-6,0,31,84,10882.24289,3.712663704
06N239990,2018,Severe/Fatal,Male,26 - 35,0,0,Urban area,Less deprived 30-40%,7,2,1,Dual carriageway,30,0,Darkness - lights lit,0,0,0,Non-trunk,0,0,0,0,Neither,Offside,2018-01-24,17:52:00,Wednesday,Bury,E08000002,Urban,53.523696,-2.276275,E01005045,40.65861214,40,724,190,345,154,35,833,70,71,175,56,17,1,3,9,344,87,51.57693533,1619,31.39,247,242,114,80,24,12,3,1,344,39,3,17,4,1,332,30,12,44,8,0.837890693,2.66e-6,0,13,3,5127.136976,1.480561983
06N240141,2018,Slight,Male,36 - 45,0,0,Urban area,Less deprived 40-50%,6,2,1,Single carriageway,30,0,Daylight,0,0,0,Non-trunk,0,1,0,0,Neither,Front,2018-01-30,10:20:00,Tuesday,Bury,E08000002,Urban,53.578808,-2.373778,E01005000,41.84281843,45,588,41,227,223,97,765,30,130,114,99,25,4,7,7,216,133,12.9295948,1471,113.77,125,232,108,95,19,8,2,1,216,10,0,6,4,2,462,43,5,15,5,1.507999861,1.32e-6,0,16,2,9836.237908,2.146569803
06N241338,2018,Severe/Fatal,Male,56 - 65,0,0,Urban area,More deprived 40-50%,5,2,1,Single carriageway,30,0,Daylight,0,0,0,Non-trunk,0,0,0,0,Neither,Nearside,2018-03-09,09:50:00,Friday,Bury,E08000002,Urban,53.52175,-2.274497,E01005033,36.35897436,35,597,108,257,175,57,732,124,69,106,62,7,3,4,3,267,87,35.07118928,1675,47.76,171,175,79,77,32,22,15,24,267,8,7,22,8,0,298,28,13,73,6,0.668785944,1.42e-6,0,9,9,4293.525854,1.050272412
06N242060,2018,Slight,Female,26 - 35,0,0,Urban area,More deprived 10-20%,2,2,1,Single carriageway,30,0,Daylight,1,1,0,Non-trunk,1,0,0,0,Neither,Offside,2018-03-27,08:45:00,Tuesday,Bury,E08000002,Urban,53.519377,-2.285975,E01005032,45.60047657,42,559,184,249,105,21,498,42,71,86,46,4,4,2,5,142,96,16.09264371,1341,83.33,230,154,83,56,25,6,2,2,142,3,3,28,5,1,244,27,11,29,6,1.570981142,1.87e-6,0,13,3,8025.108429,1.991565703
06N242480,2018,Slight,Male,11 - 15,1,0,Urban area,Most deprived 10%,1,2,1,Single carriageway,30,1,Daylight,0,0,0,Non-trunk,0,0,0,0,Neither,Offside,2018-04-09,10:55:00,Monday,Bury,E08000002,Urban,53.563484,-2.330328,E01005008,34.98562718,34,951,365,403,148,35,878,110,132,142,95,18,6,5,10,218,142,49.98849252,2172,43.45,356,260,167,107,40,13,5,3,218,43,5,33,18,0,406,44,12,80,19,1.753766568,4.04e-6,0,13,3,4117.359114,1.121667095
06N244559,2018,Slight,Male,36 - 45,0,0,Urban area,Least deprived 10%,10,2,1,Single carriageway,30,0,Daylight,1,1,0,Non-trunk,0,0,0,0,Neither,Front,2018-05-25,19:20:00,Friday,Bury,E08000002,Urban,53.532879,-2.285402,E01005036,42.94766547,44,1067,395,451,173,48,974,81,100,195,93,25,5,9,11,354,101,47.95548028,1982,41.33,543,306,103,72,36,8,0,0,354,56,3,32,8,3,399,29,16,67,6,0.194841659,4.7e-7,1,21,22,7220.537101,1.644864972
06N244658,2018,Slight,Male,46 - 55,0,0,Urban area,Less deprived 20-30%,8,2,1,Single carriageway,30,0,Daylight,0,0,0,Non-trunk,0,0,0,0,Neither,Front,2018-06-06,08:00:00,Wednesday,Bury,E08000002,Urban,53.569769,-2.348708,E01005002,40.83745124,42,645,113,263,198,71,701,60,116,124,101,21,1,5,6,152,115,61.51020408,1507,24.5,172,248,111,80,20,8,4,4,152,8,0,22,4,0,445,28,5,35,1,0,0,0,6,0,4352.966523,0
06N244709,2018,Slight,Male,26 - 35,0,0,Rural,Less deprived 20-30%,8,2,1,Single carriageway,30,0,Daylight,0,0,0,Non-trunk,1,1,0,0,Neither,Front,2018-05-23,17:30:00,Wednesday,Bury,E08000002,Urban,53.552957,-2.297069,E01004989,44.35289958,46,570,58,235,210,67,683,43,59,120,57,15,7,4,7,320,51,37.55285412,1421,37.84,147,210,102,80,20,7,3,2,320,23,2,3,2,1,283,20,3,21,8,0.706807581,1.85e-6,0,22,9,4633.853746,1.819473553
06N244960,2018,Slight,Male,26 - 35,0,0,Urban area,Less deprived 20-30%,8,2,1,Roundabout,30,0,Daylight,0,0,0,Non-trunk,0,0,0,0,Neither,Front,2018-06-07,17:47:00,Thursday,Bury,E08000002,Urban,53.577006,-2.276003,E01005054,41.43454791,44,705,111,314,225,55,773,62,137,84,121,22,4,8,9,214,112,4.592224496,1571,342.1,233,241,108,90,27,5,1,0,214,8,0,19,6,0,454,22,6,38,7,5.08698957,1.49e-6,0,21,7,10087.37902,6.989799824
06N245228,2018,Slight,Male,56 - 65,0,0,Urban area,Less deprived 20-30%,8,2,1,Single carriageway,30,0,Daylight,0,0,0,Non-trunk,0,0,0,0,Neither,Front,2018-06-27,20:12:00,Wednesday,Bury,E08000002,Urban,53.536471,-2.271153,E01004973,39.61848958,39,652,121,321,168,42,837,55,69,161,73,15,2,3,7,354,98,73.21005216,1544,21.09,179,228,118,94,22,6,3,1,354,24,6,29,8,0,339,34,12,31,5,0.276114086,1.3e-6,0,7,4,4114.092487,0.72406147
06N245241,2018,Severe/Fatal,Male,36 - 45,0,0,Rural,More deprived 10-20%,2,2,1,Single carriageway,30,0,Daylight,0,0,0,Non-trunk,0,0,0,0,Neither,Front,2018-06-25,20:10:00,Monday,Bury,E08000002,Urban,53.542194,-2.287743,E01004983,39.14541213,38,568,97,284,154,33,735,60,72,160,60,14,12,5,4,251,97,39.48135198,1355,34.32,167,192,102,61,31,8,5,2,251,52,1,31,6,3,309,25,10,41,9,0.492596055,1.46e-6,0,13,5,3535.407068,1.664318409
06N245273,2018,Severe/Fatal,Male,6 - 10,1,0,Urban area,More deprived 10-20%,2,2,1,Single carriageway,20,1,Daylight,0,0,0,Non-trunk,0,0,0,0,Neither,Front,2018-06-21,19:00:00,Thursday,Bury,E08000002,Urban,53.539935,-2.277452,E01004971,42.24473148,44,600,78,275,200,47,714,53,63,140,59,19,6,10,6,266,92,60.06493506,1480,24.64,153,202,114,90,32,4,4,1,266,29,0,15,6,1,344,22,8,19,5,0,0,0,4,0,2788.698099,0.240588491
06N246205,2018,Slight,Female,6 - 10,1,0,Urban area,More deprived 30-40%,4,2,1,Single carriageway,20,0,Daylight,0,0,0,Non-trunk,1,0,0,0,Neither,Front,2018-07-18,18:35:00,Wednesday,Bury,E08000002,Urban,53.546657,-2.285917,E01004942,33.90393795,34,639,261,269,94,15,574,90,81,108,50,15,2,3,8,113,104,76.02862254,1700,22.36,188,162,118,82,62,19,5,7,113,27,3,40,10,2,271,37,6,58,6,0.2190368,9.8e-7,0,6,5,3831.990731,0.562900607
06N250968,2018,Severe/Fatal,Male,56 - 65,0,0,Urban area,More deprived 30-40%,4,2,1,Single carriageway,30,0,Darkness - lights lit,0,0,0,Non-trunk,0,0,0,0,Neither,Front,2018-11-21,17:20:00,Wednesday,Bury,E08000002,Urban,53.551511,-2.29656,E01004989,44.35289958,46,570,58,235,210,67,683,43,59,120,57,15,7,4,7,320,51,37.55285412,1421,37.84,147,210,102,80,20,7,3,2,320,23,2,3,2,1,283,20,3,21,8,0.706807581,1.85e-6,0,22,9,4633.853746,1.819473553
06P143918,2018,Slight,Male,46 - 55,0,0,Urban area,Less deprived 10-20%,9,2,1,Single carriageway,30,0,Daylight,0,0,0,Non-trunk,0,0,0,0,Neither,Back,2018-05-19,13:00:00,Saturday,Rochdale,E08000005,Urban,53.61702,-2.20576,E01005574,43.93060498,48,693,69,242,280,102,767,29,155,89,94,21,9,6,10,246,108,17.29037422,1728,99.94,167,258,114,98,36,13,5,2,246,0,3,15,9,0,448,24,2,14,6,1.332517096,1.33e-6,0,20,1,5208.464798,2.196384637
06P146393,2018,Slight,Male,46 - 55,0,0,Urban area,Less deprived 10-20%,9,2,1,Single carriageway,40,0,Daylight,0,0,0,Non-trunk,0,1,0,0,Neither,Front,2018-06-26,08:03:00,Tuesday,Rochdale,E08000005,Urban,53.608952,-2.20365,E01005575,47.15946633,51,761,88,342,245,86,763,34,159,103,85,24,10,12,10,231,95,37.72007042,1714,45.44,230,290,123,72,31,6,6,1,231,1,6,20,5,3,450,24,1,16,5,0.932534979,2.03e-6,0,15,1,3630.31109,3.027492894
06P151146,2018,Slight,Male,36 - 45,0,0,Urban area,Most deprived 10%,1,2,1,Single carriageway,30,0,Darkness - no lighting,1,1,0,Non-trunk,1,0,0,0,Neither,Back,2018-12-04,17:00:00,Tuesday,Rochdale,E08000005,Urban,53.616438,-2.149705,E01005482,37.10735294,37,892,592,245,46,9,466,106,82,72,29,22,2,9,3,61,80,19.3657456,1661,85.77,557,167,62,41,33,20,8,4,61,19,7,58,9,2,173,35,7,87,7,1.729367569,2e-6,2,112,64,11838.92862,5.081785544
06P241237,2018,Slight,Male,36 - 45,0,0,Urban area,Most deprived 10%,1,2,1,Single carriageway,20,1,Daylight,1,1,0,Non-trunk,0,0,0,0,Neither,Nearside,2018-02-28,13:00:00,Wednesday,Rochdale,E08000005,Urban,53.600251,-2.156357,E01005464,32.24549665,32,664,221,271,134,38,716,163,143,110,59,16,4,2,4,90,125,53.84194695,1969,36.57,129,161,150,119,62,24,13,4,90,4,2,41,29,6,386,61,12,78,7,0.08947328,2.44e-7,0,19,2,5612.307394,0.770718874
06P245812,2018,Severe/Fatal,Male,11 - 15,1,0,Urban area,Most deprived 10%,1,2,1,Single carriageway,20,0,Daylight,0,0,0,Non-trunk,0,0,0,0,Neither,Front,2018-07-08,14:00:00,Sunday,Rochdale,E08000005,Urban,53.631874,-2.13978,E01005578,33.67606602,30,515,186,207,81,41,519,81,115,54,58,24,6,5,10,73,93,41.96355725,1543,36.77,180,106,52,59,45,32,17,22,73,6,7,31,27,0,273,42,1,51,10,0.070149484,1.91e-7,0,5,1,5272.45986,0.626799041
06P246701,2018,Slight,Male,16 - 20,1,0,Urban area,Most deprived 10%,1,2,1,Single carriageway,30,0,Daylight,0,0,0,Non-trunk,0,1,0,0,Neither,Front,2018-06-22,15:15:00,Friday,Rochdale,E08000005,Urban,53.622875,-2.133626,E01005579,28.7269188,27,550,181,262,88,19,539,148,102,61,48,16,8,2,3,44,107,51.23898678,1861,36.32,110,100,94,84,88,44,24,8,44,5,2,27,39,2,298,58,7,51,6,0.277446581,7.62e-7,0,6,3,2564.199241,0.857887713
06P247484,2018,Slight,Male,16 - 20,1,0,Urban area,More deprived 30-40%,4,2,1,Dual carriageway,30,0,Daylight,0,0,0,Non-trunk,0,1,0,0,Neither,Front,2018-08-21,16:00:00,Tuesday,Rochdale,E08000005,Urban,53.60403,-2.1462,E01005469,38.01897321,39,687,155,304,175,53,794,159,116,94,78,23,16,4,11,152,141,60.51145799,1822,30.11,181,199,133,86,48,25,10,6,152,3,7,27,20,2,439,45,6,84,11,0,0,0,12,6,4222.855103,0.884276782
06P250783,2018,Slight,Male,21 - 25,0,0,Urban area,More deprived 10-20%,2,2,1,Single carriageway,30,0,Darkness - lights lit,0,0,0,Non-trunk,0,0,0,0,Neither,Front,2018-11-18,19:50:00,Sunday,Rochdale,E08000005,Urban,53.612216,-2.132429,E01005569,35.41361257,34,638,203,278,120,37,607,170,58,79,49,21,6,4,8,103,109,57.08824466,1792,31.39,193,157,88,87,52,42,15,7,103,22,6,14,20,5,312,27,4,80,13,0.676943793,2.14e-6,0,14,10,4330.504862,1.579895926
06P250794,2018,Slight,Male,26 - 35,0,0,Urban area,Less deprived 20-30%,8,2,1,Single carriageway,30,0,Darkness - lights lit,0,0,0,Non-trunk,0,0,0,0,Neither,Front,2018-11-21,17:20:00,Wednesday,Rochdale,E08000005,Urban,53.601253,-2.102535,E01005562,39.57575758,41,679,155,298,172,54,713,46,143,122,79,30,8,3,9,148,125,21.61581435,1509,69.81,221,232,127,75,16,6,3,1,148,28,2,8,9,5,421,36,6,43,8,0.726217345,1.04e-6,0,22,5,2141.860592,2.107636543
06P339871,2018,Slight,Male,66 - 75,0,1,Urban area,Less deprived 30-40%,7,2,1,Single carriageway,20,1,Daylight,0,0,0,Non-trunk,0,0,0,0,Neither,Back,2018-01-07,16:00:00,Sunday,Rochdale,E08000005,Urban,53.559354,-2.175981,E01005537,43.12071651,46,560,75,250,189,46,645,58,95,132,67,12,9,3,9,147,113,49.62876123,1270,25.59,158,218,99,60,17,4,3,1,147,1,4,21,7,3,387,34,3,27,7,0.78226082,3.07e-6,0,7,1,5188.964365,0.958725978
06P340190,2018,Severe/Fatal,Male,36 - 45,0,0,Urban area,Less deprived 40-50%,6,2,1,Single carriageway,30,1,Daylight,0,0,0,Non-trunk,0,0,0,0,Neither,Front,2018-02-01,16:13:00,Thursday,Rochdale,E08000005,Rural,53.581317,-2.231203,E01005508,42.05852417,46,785,60,295,314,116,956,70,108,204,109,24,14,17,11,280,119,4.624317253,2015,435.74,172,274,148,135,35,12,4,3,280,5,5,16,4,2,571,40,3,26,6,1.634337451,3.75e-7,0,20,2,10756.73202,7.643477637
06P345626,2018,Slight,Male,Over 75,0,1,Urban area,More deprived 30-40%,4,2,1,Roundabout,30,0,Daylight,0,0,0,Non-trunk,0,0,0,0,Neither,Nearside,2018-06-30,19:31:00,Saturday,Rochdale,E08000005,Urban,53.581566,-2.207929,E01005508,42.05852417,46,785,60,295,314,116,956,70,108,204,109,24,14,17,11,280,119,4.624317253,2015,435.74,172,274,148,135,35,12,4,3,280,5,5,16,4,2,571,40,3,26,6,1.634337451,3.75e-7,0,20,2,10756.73202,7.643477637
06P347723,2018,Slight,Male,16 - 20,1,0,Urban area,More deprived 10-20%,2,2,1,Single carriageway,30,0,Daylight,0,0,0,Non-trunk,0,0,0,0,Neither,Front,2018-08-31,17:00:00,Friday,Rochdale,E08000005,Urban,53.55143,-2.201924,E01005524,41.58544955,43,618,151,255,157,55,712,94,99,150,60,16,5,6,9,152,121,49.22973878,1470,29.86,191,201,102,73,34,13,2,2,152,0,3,47,14,2,379,36,11,54,14,0.34521146,1.16e-6,0,3,3,3891.446735,1.658166515
06P348870,2018,Slight,Female,56 - 65,0,0,Urban area,Less deprived 10-20%,9,2,1,Single carriageway,40,1,Daylight,0,0,0,Non-trunk,0,0,1,1,Both,Nearside,2018-09-27,14:10:00,Thursday,Rochdale,E08000005,Rural,53.580383,-2.252796,E01005514,36.36144578,35,779,197,354,181,47,874,113,150,141,108,24,10,3,12,171,142,7.165339032,1844,257.35,227,256,155,84,37,11,2,1,171,4,0,53,26,5,482,55,12,59,8,1.586098443,6.2e-7,0,34,3,12484.55572,9.404144826
06P349132,2018,Slight,Male,11 - 15,1,0,Urban area,More deprived 30-40%,4,2,1,Single carriageway,20,1,Daylight,0,0,0,Non-trunk,1,0,0,0,Neither,Back,2018-10-07,13:07:00,Sunday,Rochdale,E08000005,Urban,53.543317,-2.194597,E01005533,42.37780473,43,803,237,381,147,38,759,96,89,157,71,13,7,5,8,191,122,42.99337748,1623,37.75,330,263,119,58,25,4,0,1,191,2,2,53,8,1,386,47,6,55,9,0.749618915,2e-6,0,9,2,5520.937767,2.354086293
06Q142619,2018,Slight,Male,46 - 55,0,0,Urban area,Less deprived 40-50%,6,2,1,Single carriageway,30,0,Daylight,0,0,0,Non-trunk,0,0,0,0,Neither,Front,2018-04-10,17:00:00,Tuesday,Oldham,E08000004,Urban,53.549929,-2.103149,E01005432,33.73783955,32,690,359,255,64,12,606,155,94,80,68,15,7,7,6,76,98,35.85164835,1827,50.96,232,156,117,85,64,19,9,6,76,52,8,39,28,0,236,47,7,103,9,1.25203596,2.49e-6,1,28,6,6946.154867,2.421123551
06Q144218,2018,Severe/Fatal,Male,11 - 15,1,0,Urban area,Most deprived 10%,1,2,1,Single carriageway,30,1,Daylight,0,0,0,Non-trunk,0,0,0,0,Neither,Front,2018-05-28,19:40:00,Monday,Oldham,E08000004,Urban,53.519885,-2.098959,E01005324,37.61187762,36,691,274,291,106,20,659,76,187,94,73,14,9,0,5,87,114,30.9751434,1620,52.3,211,225,122,86,32,14,1,0,87,8,0,60,24,0,352,37,9,79,4,0.246377307,4.65e-7,0,19,2,2743.030168,0.194538318
06Q145806,2018,Slight,Male,16 - 20,1,0,Urban area,More deprived 10-20%,2,2,1,Single carriageway,30,0,Darkness - lights lit,0,0,0,Non-trunk,0,0,0,0,Neither,Offside,2018-07-04,23:00:00,Wednesday,Oldham,E08000004,Urban,53.540068,-2.113673,E01005434,31.31336406,30,792,426,281,69,16,610,124,82,95,67,16,10,9,15,70,122,34.63141026,2161,62.4,302,171,90,77,53,60,18,20,70,32,10,74,27,0,257,38,4,82,18,1.204040035,1.92e-6,1,43,41,10750.2665,2.796059715
06Q147414,2018,Severe/Fatal,Male,6 - 10,1,0,Urban area,More deprived 10-20%,2,2,1,Single carriageway,30,0,Daylight,0,0,0,Non-trunk,1,0,0,0,Neither,Front,2018-08-21,19:19:00,Tuesday,Oldham,E08000004,Urban,53.530251,-2.084712,E01005383,32.86220281,32,705,174,304,179,48,763,99,158,107,63,21,12,6,9,130,158,46.34094755,2191,47.28,170,169,109,107,68,43,21,19,130,28,1,26,27,3,420,49,8,54,15,1.49509777,3.23e-6,0,14,5,4403.541918,1.255714187
06Q147663,2018,Slight,Male,26 - 35,0,0,Urban area,Most deprived 10%,1,2,1,Single carriageway,30,0,Daylight,0,0,0,Non-trunk,0,0,0,0,Neither,Front,2018-08-17,12:02:00,Friday,Oldham,E08000004,Urban,53.538188,-2.095335,E01005429,28.30623927,27,466,109,211,113,33,553,124,81,74,44,13,5,4,7,58,143,76.22072251,1920,25.19,69,72,41,67,93,58,33,31,58,23,0,19,22,0,314,32,5,68,12,0.235449496,9.36e-7,0,11,0,4827.941522,1.079639037
06Q149656,2018,Slight,Male,26 - 35,0,0,Urban area,More deprived 30-40%,4,2,1,Single carriageway,30,0,Daylight,0,0,0,Non-trunk,0,0,0,0,Neither,Front,2018-10-19,17:20:00,Friday,Oldham,E08000004,Urban,53.528204,-2.131351,E01005381,34.5619095,33,755,293,324,114,24,665,87,138,115,60,20,9,6,6,116,108,61.45146089,1956,31.83,280,174,105,84,62,27,14,12,116,10,2,65,17,2,311,57,7,74,3,0.678750235,2.13e-6,0,13,6,5620.535748,2.138280521
06Q240095,2018,Slight,Male,11 - 15,1,0,Urban area,More deprived 10-20%,2,2,1,Single carriageway,30,0,Daylight,1,1,0,Non-trunk,0,0,0,0,Neither,Nearside,2018-01-29,08:50:00,Monday,Oldham,E08000004,Urban,53.522945,-2.123552,E01005382,38.19426752,38,651,267,268,88,28,586,100,140,94,50,6,5,2,7,86,96,56.43633813,1609,28.51,226,173,110,63,32,41,5,1,86,6,2,47,13,1,289,42,6,81,8,0.673124227,2.35e-6,0,12,4,4293.488257,1.006309707
06Q242498,2018,Slight,Female,6 - 10,1,0,Urban area,Less deprived 20-30%,8,2,1,Single carriageway,30,0,Daylight,0,0,0,Non-trunk,1,0,0,0,Neither,Nearside,2018-03-24,16:30:00,Saturday,Oldham,E08000004,Urban,53.578701,-2.080082,E01005443,44.91979397,50,542,36,203,217,86,642,36,105,108,76,18,7,0,4,206,82,2.959592774,1314,443.98,106,235,102,74,15,6,0,1,206,6,0,9,6,0,367,18,2,18,7,1.718496114,3.87e-7,0,16,0,10936.22118,4.770260757
06Q243822,2018,Slight,Male,16 - 20,1,0,Urban area,More deprived 30-40%,4,2,1,Single carriageway,30,0,Daylight,0,0,0,Non-trunk,0,0,0,0,Neither,Front,2018-05-11,14:00:00,Friday,Oldham,E08000004,Urban,53.505371,-2.155299,E01005372,38.73398216,39,535,150,238,109,38,613,79,95,120,53,14,2,4,5,151,90,62.84448819,1277,20.32,150,170,124,56,23,12,1,0,151,13,3,28,7,3,315,32,6,49,7,0,0,0,12,8,2714.42672,1.076473428
06Q244831,2018,Slight,Male,6 - 10,1,0,Urban area,Most deprived 10%,1,2,1,Single carriageway,20,1,Daylight,0,0,0,Non-trunk,0,0,0,0,Neither,Back,2018-06-08,20:25:00,Friday,Oldham,E08000004,Urban,53.544774,-2.135446,E01005352,31.81721195,31,467,206,180,67,14,449,112,57,68,45,14,22,8,6,63,54,84.51327434,1528,18.08,140,88,45,63,51,43,22,15,63,29,3,23,6,1,188,62,6,58,7,0.072685298,4.03e-7,0,5,7,3432.589919,0.292045204
06Q244968,2018,Slight,Male,11 - 15,1,0,Urban area,More deprived 10-20%,2,2,1,Single carriageway,30,1,Daylight,0,0,0,Non-trunk,0,0,0,0,Neither,Front,2018-06-14,17:10:00,Thursday,Oldham,E08000004,Urban,53.530229,-2.144739,E01005332,36.70661673,36,988,312,471,156,49,997,179,205,168,79,19,10,10,4,179,144,39.73670535,2294,57.73,367,282,144,100,59,21,10,4,179,43,2,43,23,5,520,59,11,99,10,0.497104795,8.5e-7,0,12,5,7994.491789,1.445818122
06Q245545,2018,Severe/Fatal,Male,46 - 55,0,0,Urban area,Less deprived 10-20%,9,2,1,Single carriageway,30,0,Daylight,0,0,1,Non-trunk,0,0,0,0,Neither,Front,2018-05-15,20:44:00,Tuesday,Oldham,E08000004,Urban,53.565307,-2.017172,E01005416,43.52337662,45,670,69,278,251,72,778,26,71,133,83,26,16,6,6,304,107,3.68915084,1521,412.29,208,249,102,87,18,5,1,1,304,3,6,13,0,2,391,24,6,23,6,0.844691135,2.05e-7,0,33,0,21777.08602,3.929160636
06Q245626,2018,Slight,Male,26 - 35,0,0,Small town,Less deprived 20-30%,8,2,1,Dual carriageway,30,0,Daylight,0,0,0,Non-trunk,0,0,0,0,Neither,Front,2018-06-25,16:15:00,Monday,Oldham,E08000004,Rural,53.539251,-2.013811,E01005407,44.83491686,50,751,71,274,307,99,893,47,59,160,118,26,11,9,6,352,105,5.297707101,1719,324.48,200,293,123,113,21,0,0,0,352,3,12,4,3,2,460,27,10,16,5,1.742376464,5.37e-7,1,33,1,18846.91828,7.966118621
06Q246267,2018,Slight,Female,6 - 10,1,0,Urban area,Less deprived 40-50%,6,2,1,Single carriageway,30,0,Daylight,0,0,0,Non-trunk,0,0,0,0,Neither,Nearside,2018-07-10,18:25:00,Tuesday,Oldham,E08000004,Urban,53.570407,-2.120141,E01005403,37.53023516,37,692,111,285,241,55,885,116,171,122,65,33,7,3,12,222,134,23.43243243,1734,74,174,220,141,116,31,4,2,4,222,6,1,33,10,0,514,33,2,56,5,0,0,0,7,1,3790.378292,0.265788869
06Q246414,2018,Slight,Male,56 - 65,0,0,Urban area,Most deprived 10%,1,2,1,Dual carriageway,40,0,Daylight,0,0,0,Non-trunk,1,0,0,0,Neither,Front,2018-06-07,15:10:00,Thursday,Oldham,E08000004,Urban,53.522499,-2.165467,E01005345,41.58461538,43,617,103,290,176,48,703,63,121,114,65,7,9,3,5,187,129,23.62836032,1503,63.61,159,225,103,93,28,6,4,2,187,12,11,25,6,1,392,27,2,32,9,1.385929738,2.17e-6,0,13,2,6562.04904,1.216560266
06Q246542,2018,Slight,Male,66 - 75,0,1,Urban area,Less deprived 20-30%,8,2,1,Roundabout,30,0,Daylight,0,0,0,Non-trunk,0,0,0,0,Neither,Nearside,2018-07-25,21:10:00,Wednesday,Oldham,E08000004,Urban,53.581876,-2.110402,E01005360,47.57546468,52,640,172,277,153,38,523,45,132,64,64,8,4,4,2,105,95,14.63725074,1380,94.28,219,242,88,57,23,10,0,1,105,4,0,17,10,3,301,38,1,36,8,0,0,0,15,1,2244.967107,1.490881961
06Q251617,2018,Slight,Male,66 - 75,0,1,Rural,Less deprived 20-30%,8,2,1,Single carriageway,30,0,Daylight,0,0,0,Non-trunk,0,0,0,0,Neither,Back,2018-12-13,15:20:00,Thursday,Oldham,E08000004,Urban,53.553937,-2.019522,E01005412,46.56930126,50,794,100,362,257,75,819,64,44,130,114,38,6,9,12,312,90,10.79556382,1684,155.99,265,309,111,82,24,0,1,0,312,5,4,12,4,1,387,34,6,45,6,1.972271656,1.26e-6,0,21,3,13802.04944,1.349903563
06Q251681,2018,Slight,Male,46 - 55,0,0,Urban area,More deprived 20-30%,3,2,1,Single carriageway,40,0,Daylight,0,0,0,Non-trunk,1,0,0,0,Neither,Offside,2018-12-19,14:49:00,Wednesday,Oldham,E08000004,Urban,53.523321,-2.168848,E01005345,41.58461538,43,617,103,290,176,48,703,63,121,114,65,7,9,3,5,187,129,23.62836032,1503,63.61,159,225,103,93,28,6,4,2,187,12,11,25,6,1,392,27,2,32,9,1.385929738,2.17e-6,0,13,2,6562.04904,1.216560266
06Q253021,2018,Slight,Male,21 - 25,0,0,Urban area,Less deprived 40-50%,6,2,1,Single carriageway,30,1,Daylight,0,0,0,Non-trunk,0,0,0,0,Neither,Did not impact,2018-12-13,14:05:00,Thursday,Oldham,E08000004,Urban,53.537447,-2.076277,E01032556,40.5821873,40,672,161,320,152,39,731,88,171,88,86,20,12,2,6,146,112,36.94048205,1502,40.66,196,249,122,78,16,7,1,0,146,9,0,40,9,3,407,44,5,58,7,1.069394922,2.6e-6,0,9,2,3644.749062,0.362707545
06Q345359,2018,Slight,Male,16 - 20,1,0,Urban area,Most deprived 10%,1,2,1,Dual carriageway,40,1,Daylight,0,0,0,Non-trunk,0,0,0,0,Neither,Nearside,2018-06-19,16:30:00,Tuesday,Oldham,E08000004,Urban,53.538708,-2.175413,E01005330,42.47155003,45,692,76,277,256,83,912,80,151,201,58,12,6,8,12,261,123,6.728196378,1735,257.87,147,242,161,107,22,11,0,2,261,5,4,35,4,2,507,25,13,38,20,3.807538209,1.48e-6,0,39,1,16073.96185,6.451723758
06XI50094,2018,Severe/Fatal,Male,46 - 55,0,0,Urban area,Least deprived 10%,10,2,1,Single carriageway,30,1,Daylight,0,0,0,Non-trunk,0,0,0,0,Neither,Offside,2018-09-24,15:50:00,Monday,Manchester,E08000003,Urban,53.364181,-2.258426,E01005317,37.4628917,35,920,310,406,161,43,941,122,193,90,113,20,4,5,8,226,160,10.28670367,2020,196.37,326,310,146,83,38,15,2,2,226,44,8,42,17,4,411,51,25,98,12,3.695045467,1.88e-6,2,34,15,16710.03945,8.297994137
060259439,2019,Slight,Male,26 - 35,0,0,Urban area,More deprived 10-20%,2,2,1,Dual carriageway,60,0,Daylight,0,0,0,Non-trunk,0,1,0,0,Neither,Front,2019-05-22,07:40:00,Wednesday,Wigan,E08000010,Rural,53.475146,-2.521965,E01006301,42.49967084,46,587,39,191,259,98,725,76,51,73,131,32,11,6,7,238,100,10.96659769,1484,135.32,107,243,93,117,25,2,1,0,238,0,0,8,0,1,423,19,3,24,7,0.027075899,2.01e-8,0,3,0,16444.49592,1.779989343
06A152591,2019,Slight,Male,36 - 45,0,0,Urban area,Less deprived 40-50%,6,2,1,Single carriageway,30,0,Daylight,0,0,0,Non-trunk,1,0,0,0,Neither,Front,2019-01-17,09:05:00,Thursday,Manchester,E08000003,Urban,53.476036,-2.231322,E01033654,23.86747199,24,563,379,152,32,0,718,136,40,59,47,18,3,11,25,342,37,64.42446043,1791,27.8,263,263,33,3,0,1,0,0,342,21,28,40,5,0,104,17,22,138,3,2.26222364,8.06e-6,0,26,84,6137.358757,2.721121445
06A152736,2019,Slight,Male,26 - 35,0,0,Urban area,More deprived 10-20%,2,2,1,Single carriageway,20,0,Darkness - lights lit,1,1,0,Non-trunk,0,0,0,0,Neither,Front,2019-01-16,18:43:00,Wednesday,Manchester,E08000003,Urban,53.480808,-2.240721,E01033658,30.9487666,30,712,531,163,17,1,831,162,64,58,41,10,5,12,10,427,42,22.81132384,1394,61.11,363,307,34,4,2,0,0,1,427,37,33,56,0,1,68,5,17,180,6,2.915548222,4.78e-6,4,100,687,11257.07516,5.344013367
06A153204,2019,Slight,Male,21 - 25,0,0,Urban area,More deprived 10-20%,2,2,1,One way street,20,1,Daylight,0,0,0,Non-trunk,0,0,0,0,Neither,Nearside,2019-02-02,16:30:00,Saturday,Manchester,E08000003,Urban,53.48196,-2.239733,E01033658,30.9487666,30,712,531,163,17,1,831,162,64,58,41,10,5,12,10,427,42,22.81132384,1394,61.11,363,307,34,4,2,0,0,1,427,37,33,56,0,1,68,5,17,180,6,2.915548222,4.78e-6,4,100,687,11257.07516,5.344013367
06A153947,2019,Slight,Female,26 - 35,0,0,Urban area,More deprived 20-30%,3,2,1,Single carriageway,30,0,Darkness - no lighting,1,1,0,Non-trunk,1,0,0,0,Neither,Offside,2019-02-05,20:12:00,Tuesday,Manchester,E08000003,Urban,53.477689,-2.236213,E01033653,29.28743041,26,1146,865,253,21,7,1139,205,68,77,60,17,10,5,10,598,89,59.26993276,1851,31.23,597,466,67,16,1,0,0,0,598,43,43,58,3,0,112,16,36,219,11,1.692927985,5.52e-6,1,107,453,7402.768836,3.240507463
06A154089,2019,Slight,Male,36 - 45,0,0,Urban area,Most deprived 10%,1,2,1,Single carriageway,30,0,Darkness - lights lit,0,1,0,Non-trunk,1,0,0,0,Neither,Back,2019-02-10,03:54:00,Sunday,Manchester,E08000003,Urban,53.474533,-2.241137,E01033662,27.49096065,25,967,725,207,31,4,864,156,43,70,59,13,5,13,18,449,38,138.8965517,2014,14.5,498,393,68,7,0,1,0,0,449,35,35,55,12,0,81,8,22,158,8,0.774186249,5.33e-6,1,19,89,2751.929485,1.496405173
06A154360,2019,Slight,Male,26 - 35,0,0,Urban area,More deprived 30-40%,4,2,1,Single carriageway,30,0,Darkness - lights lit,0,0,0,Non-trunk,0,0,0,0,Neither,Front,2019-01-24,16:40:00,Thursday,Manchester,E08000003,Urban,53.473269,-2.239895,E01005128,26.06866792,25,695,542,138,12,3,634,108,28,40,40,8,5,1,23,355,26,148.4249084,2026,13.65,365,298,25,6,0,0,1,0,355,20,25,32,4,0,51,13,7,123,5,0.834327504,6.09e-6,0,21,84,3570.664978,0.943179815
06A154854,2019,Slight,Male,36 - 45,0,0,Urban area,Less deprived 30-40%,7,2,1,Single carriageway,30,0,Daylight,0,0,0,Non-trunk,0,1,0,0,Neither,Did not impact,2019-03-21,14:25:00,Thursday,Manchester,E08000003,Urban,53.473385,-2.239941,E01033662,27.49096065,25,967,725,207,31,4,864,156,43,70,59,13,5,13,18,449,38,138.8965517,2014,14.5,498,393,68,7,0,1,0,0,449,35,35,55,12,0,81,8,22,158,8,0.774186249,5.33e-6,1,19,89,2751.929485,1.496405173
06A155316,2019,Slight,Male,26 - 35,0,0,Urban area,Most deprived 10%,1,2,1,Single carriageway,30,0,Daylight,0,0,0,Non-trunk,1,0,0,0,Neither,Back,2019-04-03,07:10:00,Wednesday,Manchester,E08000003,Urban,53.47935,-2.23693,E01033653,29.28743041,26,1146,865,253,21,7,1139,205,68,77,60,17,10,5,10,598,89,59.26993276,1851,31.23,597,466,67,16,1,0,0,0,598,43,43,58,3,0,112,16,36,219,11,1.692927985,5.52e-6,1,107,453,7402.768836,3.240507463
06A155429,2019,Slight,Female,16 - 20,1,0,Urban area,More deprived 20-30%,3,2,1,Single carriageway,30,1,Darkness - lights lit,0,0,0,Non-trunk,0,0,0,0,Neither,Did not impact,2019-03-30,04:11:00,Saturday,Manchester,E08000003,Urban,53.477736,-2.239905,E01033653,29.28743041,26,1146,865,253,21,7,1139,205,68,77,60,17,10,5,10,598,89,59.26993276,1851,31.23,597,466,67,16,1,0,0,0,598,43,43,58,3,0,112,16,36,219,11,1.692927985,5.52e-6,1,107,453,7402.768836,3.240507463
06A155575,2019,Slight,Male,21 - 25,0,0,Urban area,More deprived 30-40%,4,2,1,Single carriageway,30,0,Darkness - lighting unknown,0,0,0,Non-trunk,0,0,0,0,Neither,Front,2019-04-09,04:55:00,Tuesday,Manchester,E08000003,Urban,53.476652,-2.233435,E01033654,23.86747199,24,563,379,152,32,0,718,136,40,59,47,18,3,11,25,342,37,64.42446043,1791,27.8,263,263,33,3,0,1,0,0,342,21,28,40,5,0,104,17,22,138,3,2.26222364,8.06e-6,0,26,84,6137.358757,2.721121445
06A155707,2019,Slight,Male,26 - 35,0,0,Urban area,More deprived 20-30%,3,2,1,Single carriageway,30,0,Daylight,1,0,0,Non-trunk,0,0,0,0,Neither,Front,2019-03-28,08:25:00,Thursday,Manchester,E08000003,Urban,53.474996,-2.247814,E01033683,28.63319459,28,801.5,463,281.5,52,5,902,133.5,63.5,53.5,62.5,20,8,10.5,10,501,39.5,144.2200909,1428.5,9.905,374,360.5,63.5,6,0,0,0,0,501,34,28,18.5,12.5,0,157,7.5,12.5,119.5,9.5,1.759495145,9.05e-6,2,11,35,5263.196108,1.248287521
06A155877,2019,Slight,Male,16 - 20,1,0,Urban area,More deprived 40-50%,5,2,1,Single carriageway,30,1,Darkness - lights lit,0,0,0,Non-trunk,0,0,0,0,Neither,Front,2019-04-13,23:50:00,Saturday,Manchester,E08000003,Urban,53.478953,-2.237923,E01033653,29.28743041,26,1146,865,253,21,7,1139,205,68,77,60,17,10,5,10,598,89,59.26993276,1851,31.23,597,466,67,16,1,0,0,0,598,43,43,58,3,0,112,16,36,219,11,1.692927985,5.52e-6,1,107,453,7402.768836,3.240507463
06A157313,2019,Slight,Male,21 - 25,0,0,Urban area,Most deprived 10%,1,2,1,Single carriageway,30,0,Daylight,0,0,0,Non-trunk,0,0,0,0,Neither,Front,2019-05-21,17:43:00,Tuesday,Manchester,E08000003,Urban,53.478867,-2.249178,E01033658,30.9487666,30,712,531,163,17,1,831,162,64,58,41,10,5,12,10,427,42,22.81132384,1394,61.11,363,307,34,4,2,0,0,1,427,37,33,56,0,1,68,5,17,180,6,2.915548222,4.78e-6,4,100,687,11257.07516,5.344013367
06A157433,2019,Slight,Male,26 - 35,0,0,Urban area,More deprived 10-20%,2,2,1,One way street,20,0,Daylight,1,1,0,Non-trunk,0,0,0,0,Neither,Back,2019-05-29,16:20:00,Wednesday,Manchester,E08000003,Urban,53.484383,-2.237245,E01033667,32.42880524,30,879,667,186,20,6,1044,212,86,73,67,13,5,12,9,480,87,112.2740964,1491,13.28,389,440,39,10,1,1,0,0,480,47,32,53,6,0,112,9,37,260,8,0.495255755,3.67e-6,0,17,110,3785.454354,1.200398011
06A157435,2019,Slight,Male,26 - 35,0,0,Urban area,More deprived 20-30%,3,2,1,Single carriageway,30,0,Daylight,0,0,0,Non-trunk,0,0,0,0,Neither,Offside,2019-05-26,12:20:00,Sunday,Manchester,E08000003,Urban,53.474722,-2.241214,E01033662,27.49096065,25,967,725,207,31,4,864,156,43,70,59,13,5,13,18,449,38,138.8965517,2014,14.5,498,393,68,7,0,1,0,0,449,35,35,55,12,0,81,8,22,158,8,0.774186249,5.33e-6,1,19,89,2751.929485,1.496405173
06A157445,2019,Slight,Male,26 - 35,0,0,Urban area,More deprived 10-20%,2,2,1,Single carriageway,30,0,Daylight,0,0,0,Non-trunk,0,0,0,0,Neither,Front,2019-06-03,08:40:00,Monday,Manchester,E08000003,Urban,53.47549,-2.220517,E01033661,32.40400216,29,1201,619,489,87,6,1582,243,135,112,127,18,18,20,6,838,65,35.6527977,1988,55.76,532,570,84,12,3,0,0,0,838,51,53,50,13,0,292,11,30,242,6,1.700048683,3.05e-6,2,27,76,8391.114324,2.601711064
06A157461,2019,Slight,Male,56 - 65,0,0,Urban area,Most deprived 10%,1,2,1,Dual carriageway,30,0,Daylight,1,1,0,Non-trunk,0,0,0,0,Neither,Front,2019-05-30,12:00:00,Thursday,Manchester,E08000003,Urban,53.471725,-2.247555,E01033656,23.57295455,23,485,298,166,21,0,892,190,55,75,52,18,16,15,45,391,35,129.6755725,2718,20.96,163,281,37,3,0,0,0,0,391,40,28,59,21,0,104,18,16,203,12,1.787929259,8.48e-6,0,12,59,3974.089098,1.054149882
06A157646,2019,Slight,Male,26 - 35,0,0,Urban area,More deprived 20-30%,3,2,1,Single carriageway,30,0,Daylight,0,0,0,Non-trunk,1,0,0,0,Neither,Back,2019-06-04,12:30:00,Tuesday,Manchester,E08000003,Urban,53.474155,-2.237218,E01005128,26.06866792,25,695,542,138,12,3,634,108,28,40,40,8,5,1,23,355,26,148.4249084,2026,13.65,365,298,25,6,0,0,1,0,355,20,25,32,4,0,51,13,7,123,5,0.834327504,6.09e-6,0,21,84,3570.664978,0.943179815
06A157655,2019,Slight,Male,26 - 35,0,0,Urban area,Less deprived 10-20%,9,2,1,Single carriageway,30,0,Daylight,0,0,0,Non-trunk,0,0,0,0,Neither,Offside,2019-06-06,17:10:00,Thursday,Manchester,E08000003,Urban,53.476999,-2.239509,E01033653,29.28743041,26,1146,865,253,21,7,1139,205,68,77,60,17,10,5,10,598,89,59.26993276,1851,31.23,597,466,67,16,1,0,0,0,598,43,43,58,3,0,112,16,36,219,11,1.692927985,5.52e-6,1,107,453,7402.768836,3.240507463
06A157775,2019,Slight,Male,56 - 65,0,0,Urban area,More deprived 10-20%,2,2,1,Single carriageway,30,0,Daylight,0,0,0,Non-trunk,0,0,0,0,Neither,Front,2019-06-03,16:08:00,Monday,Manchester,E08000003,Urban,53.475708,-2.23798,E01033662,27.49096065,25,967,725,207,31,4,864,156,43,70,59,13,5,13,18,449,38,138.8965517,2014,14.5,498,393,68,7,0,1,0,0,449,35,35,55,12,0,81,8,22,158,8,0.774186249,5.33e-6,1,19,89,2751.929485,1.496405173
06A158258,2019,Slight,Male,26 - 35,0,0,Urban area,Most deprived 10%,1,2,1,Single carriageway,30,0,Daylight,0,0,0,Non-trunk,0,0,0,0,Neither,Front,2019-05-30,14:40:00,Thursday,Manchester,E08000003,Urban,53.486479,-2.241039,E01033664,30.17185185,29,1077,671,349,53,4,1284,181,122,70,105,12,12,5,9,685,83,71.72067901,1859,25.92,500,468,84,16,6,2,0,0,685,53,37,61,8,0,167,11,29,223,13,1.175808321,4.57e-6,1,50,91,5961.356201,1.928692529
06A158279,2019,Slight,Male,26 - 35,0,0,Urban area,Most deprived 10%,1,2,1,Single carriageway,30,0,Daylight,0,0,0,Non-trunk,0,0,0,0,Neither,Offside,2019-06-27,16:45:00,Thursday,Manchester,E08000003,Urban,53.475346,-2.230068,E01033654,23.86747199,24,563,379,152,32,0,718,136,40,59,47,18,3,11,25,342,37,64.42446043,1791,27.8,263,263,33,3,0,1,0,0,342,21,28,40,5,0,104,17,22,138,3,2.26222364,8.06e-6,0,26,84,6137.358757,2.721121445
06A159050,2019,Slight,Male,26 - 35,0,0,Urban area,More deprived 10-20%,2,2,1,Dual carriageway,30,1,Daylight,0,0,0,Non-trunk,1,0,0,0,Neither,Offside,2019-07-03,05:00:00,Wednesday,Manchester,E08000003,Urban,53.48843,-2.240613,E01033658,30.9487666,30,712,531,163,17,1,831,162,64,58,41,10,5,12,10,427,42,22.81132384,1394,61.11,363,307,34,4,2,0,0,1,427,37,33,56,0,1,68,5,17,180,6,2.915548222,4.78e-6,4,100,687,11257.07516,5.344013367
06A159698,2019,Slight,Male,46 - 55,0,0,Urban area,Less deprived 10-20%,9,2,1,Single carriageway,20,0,Daylight,0,1,0,Non-trunk,1,0,0,0,Neither,Front,2019-07-31,18:30:00,Wednesday,Manchester,E08000003,Urban,53.480499,-2.246671,E01033658,30.9487666,30,712,531,163,17,1,831,162,64,58,41,10,5,12,10,427,42,22.81132384,1394,61.11,363,307,34,4,2,0,0,1,427,37,33,56,0,1,68,5,17,180,6,2.915548222,4.78e-6,4,100,687,11257.07516,5.344013367
06A159708,2019,Slight,Male,26 - 35,0,0,Urban area,Most deprived 10%,1,2,1,Single carriageway,30,0,Darkness - lights lit,0,1,0,Non-trunk,0,0,0,0,Neither,Nearside,2019-07-26,02:05:00,Friday,Manchester,E08000003,Urban,53.464343,-2.226078,E01005062,27.63575,26,419.5,213.5,161.5,36.5,8,491.5,137.5,67,41.5,33,11,2.5,6,4,144.5,44.5,51.12359551,1501.5,29.37,119.5,106,74.5,65.5,35,8.5,6.5,4.5,144.5,3,10,64,7,0.5,103.5,11.5,17,121.5,7,3.633340733,6.18e-6,0,28,244,8894.878973,2.017187943
06A159887,2019,Slight,Male,36 - 45,0,0,Urban area,Less deprived 10-20%,9,2,1,Single carriageway,30,0,Daylight,0,1,0,Non-trunk,0,0,0,0,Neither,Nearside,2019-07-31,18:27:00,Wednesday,Manchester,E08000003,Urban,53.47944,-2.237097,E01033653,29.28743041,26,1146,865,253,21,7,1139,205,68,77,60,17,10,5,10,598,89,59.26993276,1851,31.23,597,466,67,16,1,0,0,0,598,43,43,58,3,0,112,16,36,219,11,1.692927985,5.52e-6,1,107,453,7402.768836,3.240507463
06A160054,2019,Slight,Male,36 - 45,0,0,Urban area,Least deprived 10%,10,2,1,Single carriageway,30,0,Daylight,0,0,0,Non-trunk,0,1,0,0,Neither,Offside,2019-08-06,08:30:00,Tuesday,Manchester,E08000003,Urban,53.473611,-2.248409,E01033656,23.57295455,23,485,298,166,21,0,892,190,55,75,52,18,16,15,45,391,35,129.6755725,2718,20.96,163,281,37,3,0,0,0,0,391,40,28,59,21,0,104,18,16,203,12,1.787929259,8.48e-6,0,12,59,3974.089098,1.054149882
06A160346,2019,Slight,Male,36 - 45,0,0,Urban area,Most deprived 10%,1,2,1,Single carriageway,30,0,Daylight,0,0,0,Non-trunk,1,0,0,0,Neither,Front,2019-08-17,15:34:00,Saturday,Manchester,E08000003,Urban,53.501445,-2.245209,E01033675,29.67214462,30,769,256,387,105,21,814,110,141,111,69,11,8,6,20,192,146,89.57403651,2208,24.65,184,184,151,125,79,34,11,3,192,11,6,91,24,1,334,24,11,107,13,0,0,0,2,6,3137.235736,0.80522945
06A160447,2019,Slight,Male,21 - 25,0,0,Urban area,Most deprived 10%,1,2,1,Single carriageway,30,0,Daylight,0,0,0,Non-trunk,0,0,0,0,Neither,Front,2019-08-13,07:15:00,Tuesday,Manchester,E08000003,Urban,53.475556,-2.251132,E01033683,28.63319459,28,801.5,463,281.5,52,5,902,133.5,63.5,53.5,62.5,20,8,10.5,10,501,39.5,144.2200909,1428.5,9.905,374,360.5,63.5,6,0,0,0,0,501,34,28,18.5,12.5,0,157,7.5,12.5,119.5,9.5,1.759495145,9.05e-6,2,11,35,5263.196108,1.248287521
06A160916,2019,Slight,Male,46 - 55,0,0,Urban area,Less deprived 10-20%,9,2,1,Single carriageway,30,0,Daylight,1,1,0,Non-trunk,0,0,0,0,Neither,Front,2019-09-02,18:05:00,Monday,Manchester,E08000003,Urban,53.473929,-2.250897,E01033683,28.63319459,28,801.5,463,281.5,52,5,902,133.5,63.5,53.5,62.5,20,8,10.5,10,501,39.5,144.2200909,1428.5,9.905,374,360.5,63.5,6,0,0,0,0,501,34,28,18.5,12.5,0,157,7.5,12.5,119.5,9.5,1.759495145,9.05e-6,2,11,35,5263.196108,1.248287521
06A162364,2019,Slight,Male,46 - 55,0,0,Urban area,More deprived 20-30%,3,2,1,Single carriageway,30,0,Darkness - lights lit,1,1,0,Non-trunk,0,0,0,0,Neither,Nearside,2019-09-24,06:15:00,Tuesday,Manchester,E08000003,Urban,53.505361,-2.228843,E01005146,31.97750667,31,455.5,123,216,92.5,24,533,100,80.5,63,66,7.5,2.5,4,3.5,97,109,50.08286377,1511,30.17,107,86.5,77.5,68,51.5,31.5,12.5,19.5,97,23.5,10.5,35,14.5,0.5,243,39,6,52.5,10,1.703669521,2.8e-6,0,22,2,5654.634944,3.862909573
06A162715,2019,Severe/Fatal,Male,16 - 20,1,0,Urban area,More deprived 20-30%,3,2,1,Single carriageway,30,0,Darkness - lighting unknown,1,1,0,Non-trunk,0,0,0,0,Neither,Offside,2019-09-30,20:00:00,Monday,Manchester,E08000003,Urban,53.470263,-2.237166,E01005066,31.859,30,509,295,179,26,9,425,110,58,50,28,5,5,1,7,102,59,54.93472585,1052,19.15,260,108,55,45,16,12,7,2,102,10,13,59,12,1,117,12,12,82,6,1.884197527,9.7e-6,0,4,59,3731.849273,1.403032597
06A162831,2019,Slight,Male,21 - 25,0,0,Urban area,Most deprived 10%,1,2,1,Single carriageway,30,0,Darkness - lights lit,0,0,0,Non-trunk,0,0,0,0,Neither,Front,2019-10-07,19:10:00,Monday,Manchester,E08000003,Urban,53.471293,-2.194298,E01005067,32.51811594,32,805,343,355,96,11,760,79,170,128,76,7,16,14,13,162,95,52.30652886,2075,39.67,287,183,122,96,64,37,9,8,162,5,12,133,12,2,310,34,23,57,7,1.313157505,3.32e-6,0,14,5,9628.276634,1.677467088
06A163651,2019,Slight,Male,26 - 35,0,0,Urban area,More deprived 10-20%,2,2,1,Single carriageway,30,0,Daylight,0,0,0,Non-trunk,0,0,0,0,Neither,Front,2019-10-08,12:45:00,Tuesday,Manchester,E08000003,Urban,53.465653,-2.227576,E01005062,27.63575,26,419.5,213.5,161.5,36.5,8,491.5,137.5,67,41.5,33,11,2.5,6,4,144.5,44.5,51.12359551,1501.5,29.37,119.5,106,74.5,65.5,35,8.5,6.5,4.5,144.5,3,10,64,7,0.5,103.5,11.5,17,121.5,7,3.633340733,6.18e-6,0,28,244,8894.878973,2.017187943
06A163827,2019,Slight,Male,36 - 45,0,0,Urban area,Most deprived 10%,1,2,1,Single carriageway,30,0,Darkness - lights lit,0,0,0,Non-trunk,0,0,0,0,Neither,Offside,2019-10-31,16:30:00,Thursday,Manchester,E08000003,Urban,53.474731,-2.241229,E01033662,27.49096065,25,967,725,207,31,4,864,156,43,70,59,13,5,13,18,449,38,138.8965517,2014,14.5,498,393,68,7,0,1,0,0,449,35,35,55,12,0,81,8,22,158,8,0.774186249,5.33e-6,1,19,89,2751.929485,1.496405173
06A165093,2019,Slight,Male,36 - 45,0,0,Urban area,Least deprived 10%,10,2,1,Single carriageway,30,1,Daylight,0,0,0,Non-trunk,0,0,0,0,Neither,Front,2019-11-27,09:00:00,Wednesday,Manchester,E08000003,Urban,53.471955,-2.231647,E01005066,31.859,30,509,295,179,26,9,425,110,58,50,28,5,5,1,7,102,59,54.93472585,1052,19.15,260,108,55,45,16,12,7,2,102,10,13,59,12,1,117,12,12,82,6,1.884197527,9.7e-6,0,4,59,3731.849273,1.403032597
06A165373,2019,Slight,Male,11 - 15,1,0,Urban area,Most deprived 10%,1,2,1,Single carriageway,30,1,Daylight,0,0,0,Non-trunk,0,0,0,0,Neither,Front,2019-12-02,15:30:00,Monday,Manchester,E08000003,Urban,53.463985,-2.188812,E01005067,32.51811594,32,805,343,355,96,11,760,79,170,128,76,7,16,14,13,162,95,52.30652886,2075,39.67,287,183,122,96,64,37,9,8,162,5,12,133,12,2,310,34,23,57,7,1.313157505,3.32e-6,0,14,5,9628.276634,1.677467088
06A252634,2019,Slight,Male,16 - 20,1,0,Urban area,More deprived 10-20%,2,2,1,Single carriageway,20,0,Darkness - lights lit,1,1,0,Non-trunk,1,0,0,0,Neither,Offside,2019-01-16,07:35:00,Wednesday,Manchester,E08000003,Urban,53.500683,-2.239657,E01005147,29.94320264,30,900,378,400,99,23,938,160,161,125,76,5,11,7,8,184,201,49.78533095,2783,55.9,240,171,148,135,94,51,44,15,184,9,13,125,27,3,365,31,14,140,24,0.37983779,6.73e-7,0,23,4,6639.029992,2.094960924
06A252929,2019,Slight,Male,11 - 15,1,0,Urban area,Most deprived 10%,1,2,1,Single carriageway,30,0,Darkness - lights lit,0,0,0,Non-trunk,0,0,0,0,Neither,Front,2019-01-24,18:10:00,Thursday,Manchester,E08000003,Urban,53.513443,-2.208152,E01005205,34.68555759,34,874,480,320,67,7,705,107,170,141,55,7,5,2,16,69,133,47.28331177,2193,46.38,326,211,118,100,68,30,9,13,69,12,8,202,17,2,262,34,11,78,9,0.67214685,1.46e-6,0,19,41,5982.61646,1.900432143
06A252992,2019,Slight,Male,36 - 45,0,0,Urban area,More deprived 10-20%,2,2,1,Single carriageway,30,0,Darkness - lights lit,1,1,0,Non-trunk,1,0,0,0,Neither,Back,2019-01-24,21:45:00,Thursday,Manchester,E08000003,Urban,53.501811,-2.218618,E01033679,35.71385542,37,579,334,190,43,12,490,55,131,88,50,6,2,2,12,65,79,41.23376623,1397,33.88,235,125,78,74,42,19,6,2,65,17,7,117,8,0,205,9,13,45,4,1.006666059,2.98e-6,0,11,9,5541.856095,1.650576193
06A253974,2019,Slight,Male,36 - 45,0,0,Urban area,More deprived 10-20%,2,2,1,Single carriageway,30,0,Darkness - lighting unknown,0,0,0,Non-trunk,0,0,0,0,Neither,Nearside,2019-01-08,07:10:00,Tuesday,Manchester,E08000003,Urban,53.500025,-2.236186,E01005147,29.94320264,30,900,378,400,99,23,938,160,161,125,76,5,11,7,8,184,201,49.78533095,2783,55.9,240,171,148,135,94,51,44,15,184,9,13,125,27,3,365,31,14,140,24,0.37983779,6.73e-7,0,23,4,6639.029992,2.094960924
06A255332,2019,Slight,Female,26 - 35,0,0,Urban area,More deprived 10-20%,2,2,1,Single carriageway,30,0,Daylight,1,0,0,Non-trunk,0,0,0,0,Neither,Front,2019-03-29,15:52:00,Friday,Manchester,E08000003,Urban,53.521422,-2.214677,E01005140,33.64504717,33,691.5,216,308.5,147.5,19.5,776.5,83.5,121,149.5,65.5,9.5,8,9.5,9.5,200,120.5,36.02523007,1742,48.355,202.5,200,132,86,48.5,14.5,5.5,3,200,6.5,3.5,81,12,1.5,368,32.5,8,48,14,1.174687099,1.21e-6,0,26,10,8102.231172,4.622459641
06A256551,2019,Severe/Fatal,Male,16 - 20,1,0,Urban area,More deprived 10-20%,2,2,1,Single carriageway,20,0,Daylight,0,0,0,Non-trunk,0,0,0,0,Neither,Front,2019-05-01,18:58:00,Wednesday,Manchester,E08000003,Urban,53.514166,-2.206044,E01005207,33.6330807,33,780,354,339,75,12,744,80,129,145,86,17,0,8,12,120,147,80.20667727,2018,25.16,229,200,151,101,69,26,3,1,120,9,7,201,22,0,278,41,12,46,11,0.116946553,4.65e-7,0,4,5,1783.092459,0.028672927
06A257746,2019,Slight,Male,36 - 45,0,0,Urban area,Most deprived 10%,1,2,1,Single carriageway,30,0,Daylight,1,1,0,Non-trunk,0,0,0,0,Neither,Back,2019-06-07,14:14:00,Friday,Manchester,E08000003,Urban,53.499364,-2.219781,E01033676,34.50526316,34,733,349,283,85,16,645,121,137,83,67,7,4,4,12,120,90,27.69953052,2006,72.42,258,144,119,92,68,29,10,12,120,28,7,108,18,1,251,23,12,73,9,1.69647034,2.37e-6,1,33,8,5450.381359,4.038361237
06A258434,2019,Slight,Male,46 - 55,0,0,Urban area,More deprived 30-40%,4,2,1,Single carriageway,30,0,Daylight,0,0,0,Non-trunk,0,0,0,0,Neither,Back,2019-06-29,11:30:00,Saturday,Manchester,E08000003,Urban,53.513858,-2.202409,E01005223,36.22458791,37,604,209,245,128,22,690,91,118,116,68,7,16,5,12,142,115,82.71099744,1617,19.55,171,152,103,96,60,19,3,1,142,5,10,109,22,0,312,26,10,47,8,0,0,0,9,4,2564.908144,0.094749221
06A258500,2019,Slight,Male,26 - 35,0,0,Urban area,More deprived 30-40%,4,2,1,Single carriageway,30,0,Daylight,0,0,0,Non-trunk,0,1,0,0,Neither,Offside,2019-07-03,08:45:00,Wednesday,Manchester,E08000003,Urban,53.524775,-2.214694,E01005136,41.70168067,43,614,188,261,136,29,661,66,93,148,55,10,5,5,10,158,111,43.37833956,1510,34.81,198,190,99,73,35,15,3,3,158,4,4,84,5,3,314,37,12,36,7,1.046078795,3.01e-6,0,12,2,4414.435336,1.730793307
06A259000,2019,Slight,Male,26 - 35,0,0,Urban area,More deprived 30-40%,4,2,1,Single carriageway,30,1,Daylight,0,0,0,Non-trunk,0,0,0,0,Neither,Did not impact,2019-06-28,21:30:00,Friday,Manchester,E08000003,Urban,53.522293,-2.215194,E01005136,41.70168067,43,614,188,261,136,29,661,66,93,148,55,10,5,5,10,158,111,43.37833956,1510,34.81,198,190,99,73,35,15,3,3,158,4,4,84,5,3,314,37,12,36,7,1.046078795,3.01e-6,0,12,2,4414.435336,1.730793307
06A259590,2019,Slight,Male,21 - 25,0,0,Urban area,More deprived 30-40%,4,2,1,Single carriageway,30,0,Daylight,0,0,0,Non-trunk,0,0,0,0,Neither,Front,2019-07-30,08:45:00,Tuesday,Manchester,E08000003,Urban,53.497356,-2.253612,E01033674,33.54958131,32,667,351,262,46,8,823,154,90,72,56,19,8,10,8,316,90,28.66988284,2080,72.55,243,260,68,51,19,16,5,3,316,17,21,64,12,1,182,17,20,147,24,1.411308197,1.95e-6,0,24,11,11606.19432,2.853133102
06A260733,2019,Slight,Female,6 - 10,1,0,Urban area,More deprived 30-40%,4,2,1,Single carriageway,20,0,Daylight,0,0,0,Non-trunk,1,1,0,0,Neither,Front,2019-08-05,17:00:00,Monday,Manchester,E08000003,Urban,53.516915,-2.159971,E01005254,40.83367278,42,705,148,328,178,51,806,65,121,184,84,0,8,10,4,202,128,66.09053498,1606,24.3,219,224,147,80,22,9,2,0,202,19,4,38,9,1,446,31,14,38,5,0,0,0,9,7,2475.315264,0
06A261396,2019,Slight,Male,26 - 35,0,0,Urban area,Most deprived 10%,1,2,1,Dual carriageway,30,0,Daylight,0,1,0,Non-trunk,0,0,0,0,Neither,Did not impact,2019-09-09,16:35:00,Monday,Manchester,E08000003,Urban,53.522042,-2.215042,E01005136,41.70168067,43,614,188,261,136,29,661,66,93,148,55,10,5,5,10,158,111,43.37833956,1510,34.81,198,190,99,73,35,15,3,3,158,4,4,84,5,3,314,37,12,36,7,1.046078795,3.01e-6,0,12,2,4414.435336,1.730793307
06A262614,2019,Slight,Male,26 - 35,0,0,Urban area,More deprived 20-30%,3,2,1,Roundabout,30,0,Darkness - lights lit,0,0,0,Non-trunk,1,0,0,0,Neither,Nearside,2019-10-04,22:00:00,Friday,Manchester,E08000003,Urban,53.470019,-2.246987,E01005212,25.91968447,22,761,433,299,26,3,871,144,94,72,55,27,7,25,29,335,83,112.4820144,3127,27.8,324,243,108,52,23,6,3,2,335,17,34,99,14,2,172,16,37,136,10,2.112358829,7.57e-6,0,19,211,8200.01292,1.446376403
06A265753,2019,Slight,Male,21 - 25,0,0,Urban area,Most deprived 10%,1,2,1,Single carriageway,30,0,Darkness - lights lit,1,1,0,Non-trunk,0,0,0,0,Neither,Back,2019-12-08,22:30:00,Sunday,Manchester,E08000003,Urban,53.475537,-2.251253,E01033683,28.63319459,28,801.5,463,281.5,52,5,902,133.5,63.5,53.5,62.5,20,8,10.5,10,501,39.5,144.2200909,1428.5,9.905,374,360.5,63.5,6,0,0,0,0,501,34,28,18.5,12.5,0,157,7.5,12.5,119.5,9.5,1.759495145,9.05e-6,2,11,35,5263.196108,1.248287521
06A265771,2019,Slight,Male,16 - 20,1,0,Urban area,More deprived 20-30%,3,2,1,Single carriageway,30,0,Darkness - lighting unknown,0,0,0,Non-trunk,0,0,0,0,Neither,Front,2019-10-20,00:01:00,Sunday,Manchester,E08000003,Urban,53.452678,-2.230006,E01005285,31.45419255,28,510,274,173,53,10,467,81,72,65,29,6,6,8,8,127,65,132.5280414,1536,11.59,176,99,60,63,38,27,23,25,127,5,11,74,16,1,129,8,15,61,21,0.534108136,4.59e-6,0,1,17,1330.754971,0.209257678
06A266272,2019,Slight,Male,21 - 25,0,0,Urban area,Most deprived 10%,1,2,1,Single carriageway,30,0,Darkness - lights lit,0,1,0,Non-trunk,0,0,0,0,Neither,Nearside,2019-12-13,23:45:00,Friday,Manchester,E08000003,Urban,53.496376,-2.249506,E01033674,33.54958131,32,667,351,262,46,8,823,154,90,72,56,19,8,10,8,316,90,28.66988284,2080,72.55,243,260,68,51,19,16,5,3,316,17,21,64,12,1,182,17,20,147,24,1.411308197,1.95e-6,0,24,11,11606.19432,2.853133102
06A352525,2019,Slight,Male,26 - 35,0,0,Urban area,Most deprived 10%,1,2,1,Dual carriageway,30,0,Darkness - lights lit,0,0,0,Non-trunk,0,0,0,0,Neither,Nearside,2019-01-15,20:50:00,Tuesday,Manchester,E08000003,Urban,53.491536,-2.219545,E01005129,35.12369231,34,832,388,357,79,8,824,118,173,93,75,13,3,5,15,224,105,42.79739777,1842,43.04,337,250,102,79,38,16,10,4,224,11,20,125,14,0,250,21,28,124,7,0.698466922,1.63e-6,0,14,11,5728.572713,2.059406818
06A354919,2019,Slight,Male,26 - 35,0,0,Urban area,Most deprived 10%,1,2,1,Dual carriageway,30,1,Daylight,0,0,0,Non-trunk,0,0,0,0,Neither,Back,2019-02-23,08:30:00,Saturday,Manchester,E08000003,Urban,53.464627,-2.192189,E01005067,32.51811594,32,805,343,355,96,11,760,79,170,128,76,7,16,14,13,162,95,52.30652886,2075,39.67,287,183,122,96,64,37,9,8,162,5,12,133,12,2,310,34,23,57,7,1.313157505,3.32e-6,0,14,5,9628.276634,1.677467088
06A355509,2019,Slight,Male,36 - 45,0,0,Urban area,More deprived 20-30%,3,2,1,Single carriageway,30,0,Daylight,0,0,0,Non-trunk,0,0,0,0,Neither,Front,2019-03-22,08:43:00,Friday,Manchester,E08000003,Urban,53.483295,-2.18736,E01033669,35.20416387,34,647,307,275,55,10,557,86,136,80,49,6,3,2,7,122,66,17.80719281,1426,80.08,268,179,83,67,30,12,5,3,122,30,7,83,13,3,191,28,7,68,7,3.567850026,4.5e-6,2,27,133,11136.38892,3.455417067
06A356535,2019,Slight,Male,46 - 55,0,0,Urban area,Most deprived 10%,1,2,1,Single carriageway,30,0,Daylight,0,0,0,Non-trunk,1,0,0,0,Neither,Nearside,2019-05-03,18:14:00,Friday,Manchester,E08000003,Urban,53.474646,-2.204769,E01005105,28.97929473,30,1132,367,578,167,20,1269,114,268,145,96,14,12,21,22,448,129,52.45872537,2955,56.33,305,313,230,158,82,31,9,4,448,19,24,100,24,0,452,44,32,113,13,1.04627499,1.87e-6,0,23,47,5796.072528,1.37020326
06A356732,2019,Slight,Female,26 - 35,0,0,Urban area,Most deprived 10%,1,2,1,Single carriageway,30,0,Daylight,0,0,0,Non-trunk,0,0,0,0,Neither,Nearside,2019-04-03,19:00:00,Wednesday,Manchester,E08000003,Urban,53.481009,-2.215272,E01033663,31.24622136,30,624.5,324,259.5,36,5,848,101,85.5,42.5,50.5,14.5,12,10,8,498,26,97.25274725,1062,10.92,281.5,275,43,19.5,3.5,1,0,0,498,27.5,26,20.5,6,1,115.5,10.5,14.5,122.5,5,2.031653652,9.44e-6,1,18,15,5871.801981,2.19396314
06A356912,2019,Slight,Male,46 - 55,0,0,Urban area,Most deprived 10%,1,2,1,Single carriageway,30,1,Daylight,0,0,0,Non-trunk,0,0,0,0,Neither,Front,2019-05-13,18:10:00,Monday,Manchester,E08000003,Urban,53.448842,-2.187103,E01005199,31.00243309,31,904,324,449,114,17,1018,85,178,191,54,13,4,7,7,306,173,183.8945827,2512,13.66,271,227,132,112,74,58,20,10,306,6,16,145,13,2,358,31,41,84,17,0.331095281,2.4e-6,0,2,6,2040.366801,0
06A357300,2019,Slight,Male,46 - 55,0,0,Urban area,Most deprived 10%,1,5,4,Single carriageway,30,0,Daylight,0,0,0,Non-trunk,0,0,0,0,Neither,Did not impact,2019-05-30,14:33:00,Thursday,Manchester,E08000003,Urban,53.494722,-2.190847,E01005257,33.6538055,33,806,385,331,80,10,722,83,221,92,70,4,8,17,16,100,111,11.62346679,2009,172.84,276,198,126,112,62,23,9,0,100,19,13,133,15,1,301,42,23,67,10,4.326402325,2.5e-6,0,33,10,15513.16205,6.887151125
06A357388,2019,Slight,Male,56 - 65,0,0,Urban area,More deprived 10-20%,2,2,1,Single carriageway,30,0,Daylight,0,0,0,Non-trunk,1,0,0,0,Neither,Nearside,2019-05-28,14:40:00,Tuesday,Manchester,E08000003,Urban,53.500296,-2.196088,E01005257,33.6538055,33,806,385,331,80,10,722,83,221,92,70,4,8,17,16,100,111,11.62346679,2009,172.84,276,198,126,112,62,23,9,0,100,19,13,133,15,1,301,42,23,67,10,4.326402325,2.5e-6,0,33,10,15513.16205,6.887151125
06A358348,2019,Slight,Male,36 - 45,0,0,Urban area,Most deprived 10%,1,2,1,Single carriageway,30,0,Daylight,0,0,0,Non-trunk,0,0,0,0,Neither,Front,2019-06-29,06:45:00,Saturday,Manchester,E08000003,Urban,53.476346,-2.193522,E01005106,32.72684989,32,900,441,369,77,13,848,119,217,120,73,2,12,5,19,141,140,22.68662519,2334,102.88,263,242,160,130,62,28,14,4,141,18,8,180,8,4,306,37,28,106,9,1.417279348,1.37e-6,1,26,20,12838.65367,4.08856558
06A358987,2019,Slight,Male,16 - 20,1,0,Urban area,Most deprived 10%,1,2,1,Single carriageway,20,0,Darkness - lights lit,0,0,0,Non-trunk,0,0,0,0,Neither,Front,2019-07-06,22:00:00,Saturday,Manchester,E08000003,Urban,53.472403,-2.161355,E01033666,35.47425474,35,731,263.5,333.5,115.5,18.5,813.5,58.5,123,207,81.5,9,9,11,11.5,195.5,107.5,64.13617021,1884,29.375,232.5,191.5,128,95.5,50,18,6.5,9.5,195.5,13,13,127.5,9,1.5,338.5,33.5,20.5,48.5,13.5,1.616376739,2.76e-6,0,21,32,8846.831034,2.932651907
06A360878,2019,Slight,Female,36 - 45,0,0,Urban area,Most deprived 10%,1,2,1,Single carriageway,30,0,Daylight,0,0,0,Non-trunk,0,0,0,0,Neither,Front,2019-08-24,18:06:00,Saturday,Manchester,E08000003,Urban,53.461436,-2.175079,E01005197,36.56088782,36,705,351,275,61,18,636,59,124,128,70,8,5,4,10,129,99,58.98224044,1727,29.28,285,154,100,72,55,33,5,5,129,2,3,150,10,3,239,38,15,42,6,0.384045472,1.31e-6,0,11,37,5744.568225,0.876376508
06A361637,2019,Slight,Male,36 - 45,0,0,Urban area,More deprived 20-30%,3,2,1,Single carriageway,30,0,Daylight,0,0,0,Non-trunk,0,0,0,0,Neither,Front,2019-09-12,18:00:00,Thursday,Manchester,E08000003,Urban,53.495894,-2.210177,E01005257,33.6538055,33,806,385,331,80,10,722,83,221,92,70,4,8,17,16,100,111,11.62346679,2009,172.84,276,198,126,112,62,23,9,0,100,19,13,133,15,1,301,42,23,67,10,4.326402325,2.5e-6,0,33,10,15513.16205,6.887151125
06A361805,2019,Slight,Male,36 - 45,0,0,Urban area,Least deprived 10%,10,2,1,Single carriageway,30,0,Daylight,0,0,0,Non-trunk,0,0,0,0,Neither,Front,2019-09-16,17:40:00,Monday,Manchester,E08000003,Urban,53.473037,-2.170773,E01005108,32.93987686,32,560.5,238,240,69.5,13,551,68.5,111.5,100,52,4,3,9,15,110,78,41.02254428,1528.5,37.26,147,150,103.5,78.5,49,23,4.5,5.5,110,9,7,95,7.5,2,225.5,19,15,51.5,11,1.288050225,1.73e-6,0,7,56,9936.003863,1.619117905
06A363903,2019,Severe/Fatal,Male,16 - 20,1,0,Urban area,Most deprived 10%,1,2,1,Single carriageway,30,0,Darkness - lights lit,1,1,0,Non-trunk,0,0,0,0,Neither,Offside,2019-10-18,19:15:00,Friday,Manchester,E08000003,Urban,53.503116,-2.180106,E01005256,33.46237425,33,1049,427,479,119,24,1018,75,222,181,105,13,10,15,13,238,146,33.01650825,2640,79.96,367,253,204,119,57,38,9,3,238,57,10,160,17,1,399,49,20,55,10,2.078003939,2.62e-6,1,24,25,9292.634293,2.982744234
06A366392,2019,Slight,Male,26 - 35,0,0,Urban area,More deprived 30-40%,4,2,1,Single carriageway,30,0,Daylight,0,0,0,Non-trunk,0,0,0,0,Neither,Nearside,2019-12-19,14:30:00,Thursday,Manchester,E08000003,Urban,53.487475,-2.180763,E01005097,32.23588235,30,650,250,271,115,14,648,72,175,127,67,8,8,4,13,83,91,37.42084053,1950,52.11,131,155,131,97,95,31,8,2,83,34,12,101,10,3,296,37,16,46,7,1.160569223,2.23e-6,0,7,4,3240.17978,0.711747085
06E152506,2019,Slight,Male,46 - 55,0,0,Urban area,Less deprived 40-50%,6,2,1,Single carriageway,30,0,Daylight,0,0,0,Non-trunk,0,0,0,0,Neither,Offside,2019-01-15,09:49:00,Tuesday,Manchester,E08000003,Urban,53.463293,-2.239297,E01005209,25.67972941,23,463.5,287,152,20,4.5,427.5,94,66.5,46,33.5,5,2,5,17,111.5,47,40.65491184,1614,39.7,207,137,51.5,35,13.5,9,8,2.5,111.5,2,5.5,68,11,0.5,98,10.5,15,97,8.5,4.453173924,5.61e-6,0,24,132,6833.455028,2.225000983
06E152746,2019,Severe/Fatal,Male,21 - 25,0,0,Urban area,More deprived 30-40%,4,2,1,Single carriageway,30,1,Daylight,0,0,0,Non-trunk,0,0,0,0,Neither,Offside,2019-01-09,09:30:00,Wednesday,Manchester,E08000003,Urban,53.452754,-2.222884,E01005286,28.69647153,24,763,357,283,83,40,928,143,159,94,47,16,9,11,18,346,85,79.6398892,2300,28.88,233,183,120,98,46,36,38,11,346,8,11,122,10,2,204,30,44,131,22,1.308229132,4.5e-6,0,7,31,5318.788671,1.151403545
06E152851,2019,Slight,Male,26 - 35,0,0,Urban area,More deprived 20-30%,3,2,1,One way street,30,0,Darkness - lights lit,0,0,0,Non-trunk,0,0,0,0,Neither,Front,2019-01-22,06:20:00,Tuesday,Manchester,E08000003,Urban,53.456353,-2.225749,E01005244,27.35116868,24,813,476,247,64,26,888,160,183,85,65,16,6,18,21,205,129,158.3597884,2993,18.9,226,171,107,138,74,70,16,12,205,12,13,164,15,1,219,29,37,167,23,1.289353585,6.75e-6,0,9,40,6017.132507,0.696996425
06E153179,2019,Slight,Male,46 - 55,0,0,Urban area,Less deprived 20-30%,8,2,1,Single carriageway,30,0,Daylight,0,0,0,Non-trunk,1,0,0,0,Neither,Front,2019-01-23,16:37:00,Wednesday,Manchester,E08000003,Urban,53.459244,-2.227602,E01005284,25.45450292,23,654,408,195,44,7,740,155,121,59,57,14,7,5,36,232,54,87.59271746,2598,29.66,269,190,77,67,31,7,4,9,232,8,7,109,18,1,123,35,31,171,7,1.450401873,4.9e-6,0,9,125,5009.24423,0.893620935
06E153249,2019,Slight,Male,26 - 35,0,0,Urban area,Most deprived 10%,1,2,1,Single carriageway,30,0,Darkness - lights lit,0,0,0,Non-trunk,0,1,0,0,Neither,Offside,2019-02-05,06:48:00,Tuesday,Manchester,E08000003,Urban,53.467031,-2.205771,E01005232,32.98723613,32,706,271,296,113,26,699,109,131,99,51,24,5,9,9,127,135,21.65748341,1926,88.93,245,141,99,97,59,30,23,10,127,5,6,87,16,1,321,39,13,75,10,0.911346723,1.02e-6,0,27,21,7741.583399,3.047226638
06E153581,2019,Severe/Fatal,Male,21 - 25,0,0,Urban area,Most deprived 10%,1,2,1,Single carriageway,30,0,Daylight,0,0,0,Non-trunk,0,0,0,0,Neither,Front,2019-02-11,14:00:00,Monday,Manchester,E08000003,Urban,53.45624,-2.232887,E01005244,27.35116868,24,813,476,247,64,26,888,160,183,85,65,16,6,18,21,205,129,158.3597884,2993,18.9,226,171,107,138,74,70,16,12,205,12,13,164,15,1,219,29,37,167,23,1.289353585,6.75e-6,0,9,40,6017.132507,0.696996425
06E153957,2019,Severe/Fatal,Male,21 - 25,0,0,Urban area,More deprived 30-40%,4,2,1,Dual carriageway,30,0,Daylight,0,1,0,Non-trunk,1,1,0,0,Neither,Front,2019-01-30,12:30:00,Wednesday,Manchester,E08000003,Urban,53.457771,-2.226841,E01005244,27.35116868,24,813,476,247,64,26,888,160,183,85,65,16,6,18,21,205,129,158.3597884,2993,18.9,226,171,107,138,74,70,16,12,205,12,13,164,15,1,219,29,37,167,23,1.289353585,6.75e-6,0,9,40,6017.132507,0.696996425
06E154611,2019,Severe/Fatal,Female,21 - 25,0,0,Urban area,More deprived 20-30%,3,2,1,Single carriageway,30,0,Daylight,0,0,0,Non-trunk,0,0,0,0,Neither,Offside,2019-03-03,06:20:00,Sunday,Manchester,E08000003,Urban,53.455484,-2.214495,E01005286,28.69647153,24,763,357,283,83,40,928,143,159,94,47,16,9,11,18,346,85,79.6398892,2300,28.88,233,183,120,98,46,36,38,11,346,8,11,122,10,2,204,30,44,131,22,1.308229132,4.5e-6,0,7,31,5318.788671,1.151403545
06E154615,2019,Slight,Male,56 - 65,0,0,Urban area,Least deprived 10%,10,2,1,Single carriageway,30,1,Daylight,1,0,0,Non-trunk,0,1,1,1,Both,Nearside,2019-02-15,17:15:00,Friday,Manchester,E08000003,Urban,53.467344,-2.249216,E01005208,27.87914344,27,1101,559,472,58,12,1266,244,198,105,60,13,12,19,26,489,100,60.7923793,2808,46.19,378,399,178,88,37,16,2,2,489,19,14,136,24,1,267,35,63,200,18,3.312792357,7.16e-6,0,17,64,9952.721586,1.757917145
06E155108,2019,Slight,Female,21 - 25,0,0,Urban area,More deprived 20-30%,3,2,1,Single carriageway,30,0,Daylight,1,0,1,Non-trunk,0,0,0,0,Neither,Front,2019-03-22,08:15:00,Friday,Manchester,E08000003,Urban,53.451578,-2.222095,E01005286,28.69647153,24,763,357,283,83,40,928,143,159,94,47,16,9,11,18,346,85,79.6398892,2300,28.88,233,183,120,98,46,36,38,11,346,8,11,122,10,2,204,30,44,131,22,1.308229132,4.5e-6,0,7,31,5318.788671,1.151403545
06E156531,2019,Slight,Female,21 - 25,0,0,Urban area,More deprived 30-40%,4,2,1,Single carriageway,30,0,Daylight,1,1,0,Non-trunk,0,1,0,0,Neither,Back,2019-05-10,13:15:00,Friday,Manchester,E08000003,Urban,53.455132,-2.225125,E01005288,29.0377249,26,676,377,219,58,22,658,91,138,74,58,8,0,5,8,178,98,97.95808705,1823,18.61,206,138,159,78,49,30,13,4,178,9,11,129,13,2,171,19,35,77,11,0.696751759,3.73e-6,0,4,39,5263.907801,0.245468301
06E156655,2019,Slight,Male,46 - 55,0,0,Urban area,More deprived 30-40%,4,2,1,Roundabout,30,0,Daylight,0,0,0,Non-trunk,1,0,0,0,Neither,Nearside,2019-05-10,05:55:00,Friday,Manchester,E08000003,Urban,53.470066,-2.222899,E01005065,31.72524407,29,802,394,321,72,15,774,192,104,72,69,6,7,11,17,186,110,32.95420079,2173,65.94,260,212,130,111,46,30,9,5,186,12,8,105,19,1,233,19,17,164,12,2.480693669,3.79e-6,0,17,23,9047.417741,3.23352833
06E157074,2019,Slight,Male,26 - 35,0,0,Urban area,Most deprived 10%,1,2,1,One way street,30,0,Daylight,0,0,0,Non-trunk,0,0,0,0,Neither,Front,2019-05-14,16:26:00,Tuesday,Manchester,E08000003,Urban,53.471846,-2.231993,E01005066,31.859,30,509,295,179,26,9,425,110,58,50,28,5,5,1,7,102,59,54.93472585,1052,19.15,260,108,55,45,16,12,7,2,102,10,13,59,12,1,117,12,12,82,6,1.884197527,9.7e-6,0,4,59,3731.849273,1.403032597
06E157568,2019,Slight,Male,26 - 35,0,0,Urban area,More deprived 30-40%,4,2,1,Single carriageway,20,0,Daylight,0,0,0,Non-trunk,0,0,0,0,Neither,Front,2019-06-05,16:15:00,Wednesday,Manchester,E08000003,Urban,53.446872,-2.215205,E01005281,30.05034815,23,529,287,195,35,12,558,77,96,54,25,3,5,19,30,191,58,56.5026362,2572,45.52,283,165,34,10,18,6,4,8,191,4,6,100,9,0,144,12,21,60,11,1.238410879,2.74e-6,0,9,53,3869.057074,0.763102558
06E157636,2019,Severe/Fatal,Male,11 - 15,1,0,Urban area,More deprived 20-30%,3,2,1,Single carriageway,30,0,Daylight,1,1,0,Non-trunk,1,0,0,0,Neither,Back,2019-06-08,15:13:00,Saturday,Manchester,E08000003,Urban,53.463286,-2.219309,E01005063,30.93912123,31,763,336,328,82,17,709,155,133,78,64,13,5,5,7,147,102,74.44639719,2118,28.45,245,167,105,121,67,37,10,12,147,6,6,103,18,3,242,20,20,130,16,1.162963766,4.01e-6,0,10,11,6054.505427,1.617631672
06E158518,2019,Slight,Male,36 - 45,0,0,Urban area,More deprived 20-30%,3,2,1,Single carriageway,30,0,Daylight,0,0,0,Non-trunk,0,1,0,0,Neither,Back,2019-06-10,08:30:00,Monday,Manchester,E08000003,Urban,53.468683,-2.222033,E01005065,31.72524407,29,802,394,321,72,15,774,192,104,72,69,6,7,11,17,186,110,32.95420079,2173,65.94,260,212,130,111,46,30,9,5,186,12,8,105,19,1,233,19,17,164,12,2.480693669,3.79e-6,0,17,23,9047.417741,3.23352833
06E158847,2019,Slight,Female,26 - 35,0,0,Urban area,More deprived 30-40%,4,2,1,Single carriageway,30,0,Daylight,1,1,0,Non-trunk,0,0,0,0,Neither,Front,2019-07-11,16:25:00,Thursday,Manchester,E08000003,Urban,53.456533,-2.225795,E01005284,25.45450292,23,654,408,195,44,7,740,155,121,59,57,14,7,5,36,232,54,87.59271746,2598,29.66,269,190,77,67,31,7,4,9,232,8,7,109,18,1,123,35,31,171,7,1.450401873,4.9e-6,0,9,125,5009.24423,0.893620935
06E159562,2019,Slight,Female,26 - 35,0,0,Urban area,Less deprived 40-50%,6,2,1,Single carriageway,30,0,Darkness - lighting unknown,0,0,0,Non-trunk,0,0,0,0,Neither,Front,2019-06-17,23:25:00,Monday,Manchester,E08000003,Urban,53.459316,-2.227617,E01033652,28.13242249,24,381.5,208.5,135.5,28,9.5,389.5,107,70,43.5,29.5,6.5,4,6,7.5,74,41.5,58.40998686,1333.5,22.83,136,94,55,39.5,28.5,20,5.5,5.5,74,5.5,7.5,65,9.5,1,98.5,14.5,8.5,97.5,8.5,0.430605752,1.54e-6,0,9,35,3096.66469,0.798905368
06E159790,2019,Severe/Fatal,Female,46 - 55,0,0,Urban area,More deprived 10-20%,2,2,1,Dual carriageway,30,0,Daylight,0,0,0,Non-trunk,0,1,0,0,Neither,Front,2019-07-15,09:04:00,Monday,Manchester,E08000003,Urban,53.468892,-2.215738,E01005065,31.72524407,29,802,394,321,72,15,774,192,104,72,69,6,7,11,17,186,110,32.95420079,2173,65.94,260,212,130,111,46,30,9,5,186,12,8,105,19,1,233,19,17,164,12,2.480693669,3.79e-6,0,17,23,9047.417741,3.23352833
06E159914,2019,Slight,Male,36 - 45,0,0,Urban area,Less deprived 40-50%,6,2,1,Single carriageway,30,0,Daylight,0,0,0,Non-trunk,0,1,0,0,Neither,Front,2019-08-07,07:45:00,Wednesday,Manchester,E08000003,Urban,53.456676,-2.225977,E01005244,27.35116868,24,813,476,247,64,26,888,160,183,85,65,16,6,18,21,205,129,158.3597884,2993,18.9,226,171,107,138,74,70,16,12,205,12,13,164,15,1,219,29,37,167,23,1.289353585,6.75e-6,0,9,40,6017.132507,0.696996425
06E159944,2019,Slight,Male,46 - 55,0,0,Urban area,Less deprived 20-30%,8,2,1,Single carriageway,30,0,Darkness - lighting unknown,0,0,0,Non-trunk,0,0,0,0,Neither,Back,2019-11-19,18:20:00,Tuesday,Manchester,E08000003,Urban,53.453278,-2.19548,E01005234,30.98636364,31,650,263,283,82,22,686,100,127,114,66,9,7,8,5,103,147,115.2466368,2313,20.07,154,107,77,99,83,60,32,37,103,5,5,132,15,1,251,44,17,91,20,0,0,0,6,13,3600.917605,1.878270481
06E160167,2019,Slight,Female,26 - 35,0,0,Urban area,More deprived 10-20%,2,2,1,Single carriageway,30,0,Daylight,0,0,0,Non-trunk,0,0,0,0,Neither,Front,2019-08-10,11:50:00,Saturday,Manchester,E08000003,Urban,53.450058,-2.227523,E01005288,29.0377249,26,676,377,219,58,22,658,91,138,74,58,8,0,5,8,178,98,97.95808705,1823,18.61,206,138,159,78,49,30,13,4,178,9,11,129,13,2,171,19,35,77,11,0.696751759,3.73e-6,0,4,39,5263.907801,0.245468301
06E160323,2019,Slight,Male,21 - 25,0,0,Urban area,Less deprived 30-40%,7,2,1,Single carriageway,20,0,Darkness - lighting unknown,0,0,0,Non-trunk,0,0,0,0,Neither,Front,2019-08-17,21:25:00,Saturday,Manchester,E08000003,Urban,53.448999,-2.231342,E01005180,34.99317585,34,763,299,355,92,17,705,121,157,114,27,17,3,3,8,148,107,37.14451538,1920,51.69,264,196,102,110,54,21,8,7,148,2,3,82,18,2,292,33,36,79,8,2.20912779,4.3e-6,0,12,13,4411.239226,1.883103917
06E160413,2019,Slight,Male,16 - 20,1,0,Urban area,Most deprived 10%,1,2,1,Single carriageway,20,0,Daylight,0,0,0,Non-trunk,0,0,0,0,Neither,Nearside,2019-08-12,12:30:00,Monday,Manchester,E08000003,Urban,53.45513,-2.244206,E01005246,28.57670821,26,755,375,307,67,6,682,120,144,81,57,6,0,5,14,112,143,179.8301486,2541,14.13,199,131,108,108,73,73,26,41,112,6,4,155,23,0,234,25,17,87,17,0.250415015,1.81e-6,0,4,4,2010.479325,0.342779286
06E160992,2019,Slight,Male,26 - 35,0,0,Urban area,More deprived 10-20%,2,2,1,Single carriageway,30,0,Daylight,0,0,0,Non-trunk,0,0,0,0,Neither,Offside,2019-09-02,19:10:00,Monday,Manchester,E08000003,Urban,53.463232,-2.219219,E01033652,28.13242249,24,381.5,208.5,135.5,28,9.5,389.5,107,70,43.5,29.5,6.5,4,6,7.5,74,41.5,58.40998686,1333.5,22.83,136,94,55,39.5,28.5,20,5.5,5.5,74,5.5,7.5,65,9.5,1,98.5,14.5,8.5,97.5,8.5,0.430605752,1.54e-6,0,9,35,3096.66469,0.798905368
06E161156,2019,Slight,Male,26 - 35,0,0,Urban area,More deprived 10-20%,2,2,1,Single carriageway,30,1,Daylight,0,0,0,Non-trunk,0,0,0,0,Neither,Front,2019-08-06,08:31:00,Tuesday,Manchester,E08000003,Urban,53.469248,-2.232039,E01005062,27.63575,26,419.5,213.5,161.5,36.5,8,491.5,137.5,67,41.5,33,11,2.5,6,4,144.5,44.5,51.12359551,1501.5,29.37,119.5,106,74.5,65.5,35,8.5,6.5,4.5,144.5,3,10,64,7,0.5,103.5,11.5,17,121.5,7,3.633340733,6.18e-6,0,28,244,8894.878973,2.017187943
06E161908,2019,Severe/Fatal,Male,26 - 35,0,0,Urban area,More deprived 10-20%,2,2,1,Single carriageway,30,0,Daylight,1,1,0,Non-trunk,0,0,0,0,Neither,Front,2019-09-11,07:50:00,Wednesday,Manchester,E08000003,Urban,53.453741,-2.223913,E01005288,29.0377249,26,676,377,219,58,22,658,91,138,74,58,8,0,5,8,178,98,97.95808705,1823,18.61,206,138,159,78,49,30,13,4,178,9,11,129,13,2,171,19,35,77,11,0.696751759,3.73e-6,0,4,39,5263.907801,0.245468301
06E162040,2019,Slight,Male,46 - 55,0,0,Urban area,Less deprived 40-50%,6,2,1,Single carriageway,30,0,Daylight,0,0,0,Non-trunk,0,1,0,0,Neither,Front,2019-09-23,09:28:00,Monday,Manchester,E08000003,Urban,53.464405,-2.236185,E01005209,25.67972941,23,463.5,287,152,20,4.5,427.5,94,66.5,46,33.5,5,2,5,17,111.5,47,40.65491184,1614,39.7,207,137,51.5,35,13.5,9,8,2.5,111.5,2,5.5,68,11,0.5,98,10.5,15,97,8.5,4.453173924,5.61e-6,0,24,132,6833.455028,2.225000983
06E162084,2019,Slight,Male,26 - 35,0,0,Urban area,More deprived 10-20%,2,2,1,Roundabout,30,0,Darkness - lights lit,0,0,0,Non-trunk,0,0,0,0,Neither,Offside,2019-08-31,21:18:00,Saturday,Manchester,E08000003,Urban,53.470291,-2.222509,E01005065,31.72524407,29,802,394,321,72,15,774,192,104,72,69,6,7,11,17,186,110,32.95420079,2173,65.94,260,212,130,111,46,30,9,5,186,12,8,105,19,1,233,19,17,164,12,2.480693669,3.79e-6,0,17,23,9047.417741,3.23352833
06E162250,2019,Slight,Male,11 - 15,1,0,Urban area,More deprived 30-40%,4,2,1,Single carriageway,40,0,Daylight,0,0,0,Non-trunk,0,0,0,0,Neither,Front,2019-09-13,07:40:00,Friday,Manchester,E08000003,Urban,53.462617,-2.244746,E01005210,24.77453788,23,447,276,146,20,5,520,100,53,66,31,10,7,11,44,121,77,121.6651334,2645,21.74,221,108,38,34,19,17,5,5,121,13,6,111,13,0,138,11,14,83,6,1.604325499,7.4e-6,0,15,54,4912.098336,1.117948888
06E162347,2019,Slight,Female,26 - 35,0,0,Urban area,More deprived 30-40%,4,2,1,Single carriageway,30,0,Daylight,1,1,0,Non-trunk,0,0,0,0,Neither,Front,2019-09-30,19:00:00,Monday,Manchester,E08000003,Urban,53.459183,-2.244982,E01005245,32.41234568,29,960,488,362,96,14,868,159,170,103,74,12,0,6,20,184,140,89.50558214,2806,31.35,303,215,146,96,86,46,34,34,184,8,3,174,19,0,296,21,36,117,10,0.907345961,2.9e-6,0,9,13,7022.627444,0.969162622
06E162394,2019,Slight,Male,36 - 45,0,0,Urban area,More deprived 20-30%,3,2,1,Single carriageway,30,1,Daylight,0,0,0,Non-trunk,0,0,0,0,Neither,Front,2019-10-02,08:07:00,Wednesday,Manchester,E08000003,Urban,53.448215,-2.191903,E01005219,33.27923844,33,924,412,370,114,28,1024,46,177,156,80,9,8,12,15,378,143,92.59861732,2277,24.59,363,233,132,102,42,29,7,16,378,8,43,117,14,1,299,42,42,61,17,1.082245611,4.46e-6,0,4,39,4258.320713,1.404495035
06E162402,2019,Slight,Female,36 - 45,0,0,Urban area,More deprived 40-50%,5,2,1,Single carriageway,30,0,Daylight,0,0,0,Non-trunk,0,1,0,0,Neither,Back,2019-10-01,10:00:00,Tuesday,Manchester,E08000003,Urban,53.456012,-2.225416,E01005284,25.45450292,23,654,408,195,44,7,740,155,121,59,57,14,7,5,36,232,54,87.59271746,2598,29.66,269,190,77,67,31,7,4,9,232,8,7,109,18,1,123,35,31,171,7,1.450401873,4.9e-6,0,9,125,5009.24423,0.893620935
06E163278,2019,Slight,Male,26 - 35,0,0,Urban area,Less deprived 30-40%,7,2,1,Single carriageway,30,0,Daylight,1,0,0,Non-trunk,0,0,0,0,Neither,Front,2019-10-10,16:50:00,Thursday,Manchester,E08000003,Urban,53.446686,-2.21814,E01005281,30.05034815,23,529,287,195,35,12,558,77,96,54,25,3,5,19,30,191,58,56.5026362,2572,45.52,283,165,34,10,18,6,4,8,191,4,6,100,9,0,144,12,21,60,11,1.238410879,2.74e-6,0,9,53,3869.057074,0.763102558
06E163362,2019,Severe/Fatal,Male,36 - 45,0,0,Urban area,Most deprived 10%,1,2,1,Single carriageway,30,0,Darkness - lighting unknown,0,0,0,Non-trunk,0,0,0,0,Neither,Front,2019-10-23,06:50:00,Wednesday,Manchester,E08000003,Urban,53.472028,-2.21613,E01005065,31.72524407,29,802,394,321,72,15,774,192,104,72,69,6,7,11,17,186,110,32.95420079,2173,65.94,260,212,130,111,46,30,9,5,186,12,8,105,19,1,233,19,17,164,12,2.480693669,3.79e-6,0,17,23,9047.417741,3.23352833
06E163553,2019,Slight,Male,21 - 25,0,0,Urban area,Less deprived 40-50%,6,2,1,Single carriageway,30,1,Daylight,0,0,0,Non-trunk,0,0,0,0,Neither,Front,2019-10-29,12:55:00,Tuesday,Manchester,E08000003,Urban,53.475745,-2.242229,E01033677,28.74259681,27,610,371,209,27,3,679,109,36,45,37,11,3,4,6,390,38,39.32844462,1019,25.91,285,268,46,6,2,1,1,1,390,32,29,32,3,3,67,3,3,106,7,0.964170017,3.71e-6,1,37,325,4004.664031,2.691640104
06E163644,2019,Slight,Male,26 - 35,0,0,Urban area,Less deprived 40-50%,6,2,1,Single carriageway,30,1,Daylight,0,0,0,Non-trunk,0,0,0,0,Neither,Front,2019-10-14,07:40:00,Monday,Manchester,E08000003,Urban,53.470386,-2.260126,E01033672,31.81639624,31,920,506,341,62,11,934,147,119,78,72,12,11,12,7,400,76,73.41663076,1704,23.21,420,333,97,46,14,5,5,1,400,50,17,50,11,1,215,14,39,123,12,1.710303099,7.33e-6,0,3,16,6143.239619,1.103102933
06E164009,2019,Slight,Male,16 - 20,1,0,Urban area,More deprived 30-40%,4,2,1,Single carriageway,30,0,Daylight,0,0,0,Non-trunk,0,1,0,0,Neither,Front,2019-10-23,08:30:00,Wednesday,Manchester,E08000003,Urban,53.455204,-2.225156,E01005288,29.0377249,26,676,377,219,58,22,658,91,138,74,58,8,0,5,8,178,98,97.95808705,1823,18.61,206,138,159,78,49,30,13,4,178,9,11,129,13,2,171,19,35,77,11,0.696751759,3.73e-6,0,4,39,5263.907801,0.245468301
06E164720,2019,Slight,Female,21 - 25,0,0,Urban area,Less deprived 40-50%,6,2,1,Single carriageway,30,0,Darkness - lighting unknown,0,0,0,Non-trunk,0,0,0,0,Neither,Front,2019-11-18,18:30:00,Monday,Manchester,E08000003,Urban,53.452494,-2.222717,E01005286,28.69647153,24,763,357,283,83,40,928,143,159,94,47,16,9,11,18,346,85,79.6398892,2300,28.88,233,183,120,98,46,36,38,11,346,8,11,122,10,2,204,30,44,131,22,1.308229132,4.5e-6,0,7,31,5318.788671,1.151403545
06E164759,2019,Slight,Female,21 - 25,0,0,Urban area,Less deprived 40-50%,6,2,1,Single carriageway,30,0,Darkness - lights lit,0,0,0,Non-trunk,0,1,0,0,Neither,Front,2019-11-19,17:50:00,Tuesday,Manchester,E08000003,Urban,53.456488,-2.225855,E01005244,27.35116868,24,813,476,247,64,26,888,160,183,85,65,16,6,18,21,205,129,158.3597884,2993,18.9,226,171,107,138,74,70,16,12,205,12,13,164,15,1,219,29,37,167,23,1.289353585,6.75e-6,0,9,40,6017.132507,0.696996425
06E165080,2019,Severe/Fatal,Male,36 - 45,0,0,Urban area,More deprived 30-40%,4,3,1,Single carriageway,30,0,Daylight,0,1,0,Non-trunk,0,0,0,0,Neither,Offside,2019-11-25,09:28:00,Monday,Manchester,E08000003,Urban,53.449876,-2.192709,E01005238,29.4,29,582,167,251,122,42,790,93,145,106,47,7,9,13,8,185,177,110.8003857,2298,20.74,88,99,61,88,106,66,36,31,185,4,1,89,17,1,333,56,29,63,11,0.659020954,3.18e-6,0,6,7,2194.62033,1.77591444
06E165312,2019,Slight,Female,36 - 45,0,0,Urban area,More deprived 20-30%,3,2,1,Single carriageway,30,0,Daylight,1,1,0,Non-trunk,0,0,0,0,Neither,Front,2019-11-25,08:20:00,Monday,Manchester,E08000003,Urban,53.469234,-2.243744,E01005212,25.91968447,22,761,433,299,26,3,871,144,94,72,55,27,7,25,29,335,83,112.4820144,3127,27.8,324,243,108,52,23,6,3,2,335,17,34,99,14,2,172,16,37,136,10,2.112358829,7.57e-6,0,19,211,8200.01292,1.446376403
06E165483,2019,Severe/Fatal,Male,21 - 25,0,0,Urban area,Most deprived 10%,1,2,1,Single carriageway,30,0,Darkness - lights lit,1,1,0,Non-trunk,0,0,0,0,Neither,Front,2019-12-06,23:25:00,Friday,Manchester,E08000003,Urban,53.475209,-2.262024,E01033673,30.82114883,29,857,382,403,66,6,1256,161,119,85,65,26,12,17,12,707,52,224.2236025,1444,6.44,335,466,52,4,2,0,0,0,707,53,23,20,9,0,199,7,25,203,9,0.622754098,9.73e-6,0,1,13,1214.905538,0.688748015
06E166497,2019,Slight,Female,26 - 35,0,0,Urban area,Most deprived 10%,1,2,1,Single carriageway,30,0,Darkness - lighting unknown,0,0,0,Non-trunk,0,0,0,0,Neither,Front,2019-12-10,16:50:00,Tuesday,Manchester,E08000003,Urban,53.448569,-2.23947,E01005178,32.57659774,30,738,274,338,97,29,876,137,162,89,60,5,3,8,9,282,121,94.76661952,2010,21.21,190,228,126,81,57,34,14,9,282,6,6,74,12,0,298,26,55,103,12,1.507526539,6.98e-6,0,11,20,4225.855002,1.365962359
06E167911,2019,Slight,Male,56 - 65,0,0,Urban area,More deprived 20-30%,3,2,1,Single carriageway,30,0,Darkness - lights lit,0,0,0,Non-trunk,0,0,0,0,Neither,Front,2019-12-29,18:15:00,Sunday,Manchester,E08000003,Urban,53.468989,-2.240549,E01005212,25.91968447,22,761,433,299,26,3,871,144,94,72,55,27,7,25,29,335,83,112.4820144,3127,27.8,324,243,108,52,23,6,3,2,335,17,34,99,14,2,172,16,37,136,10,2.112358829,7.57e-6,0,19,211,8200.01292,1.446376403
06E169482,2019,Slight,Male,21 - 25,0,0,Urban area,More deprived 30-40%,4,2,1,Single carriageway,20,1,Darkness - lights lit,0,0,0,Non-trunk,0,0,0,0,Neither,Front,2019-12-13,07:15:00,Friday,Manchester,E08000003,Urban,53.446751,-2.217493,E01005281,30.05034815,23,529,287,195,35,12,558,77,96,54,25,3,5,19,30,191,58,56.5026362,2572,45.52,283,165,34,10,18,6,4,8,191,4,6,100,9,0,144,12,21,60,11,1.238410879,2.74e-6,0,9,53,3869.057074,0.763102558
06E254343,2019,Slight,Male,26 - 35,0,0,Urban area,More deprived 30-40%,4,2,1,Single carriageway,30,0,Daylight,0,0,0,Non-trunk,0,0,0,0,Neither,Front,2019-03-05,17:15:00,Tuesday,Manchester,E08000003,Urban,53.43905,-2.220976,E01005271,27.53744701,24,620,275,220,90,35,663,60,141,110,25,8,10,5,29,214,61,108.529251,1985,18.29,209,145,52,69,57,44,22,22,214,9,8,146,3,2,161,13,30,69,10,0.32074513,1.77e-6,0,5,51,2698.604569,0
06E254459,2019,Slight,Female,26 - 35,0,0,Urban area,Less deprived 10-20%,9,2,1,Single carriageway,30,0,Daylight,0,0,0,Non-trunk,0,0,0,0,Neither,Offside,2019-02-28,07:20:00,Thursday,Manchester,E08000003,Urban,53.420595,-2.211566,E01005124,33.02296337,32,672,210,315,119,28,720,110,120,133,34,8,2,3,13,184,113,77.93132328,1861,23.88,158,184,138,97,56,30,4,5,184,4,9,79,11,1,299,34,27,57,11,0,0,0,5,15,3552.589445,0.474489396
06E255728,2019,Slight,Female,26 - 35,0,0,Urban area,More deprived 10-20%,2,2,1,Single carriageway,30,0,Daylight,0,0,0,Non-trunk,0,0,0,0,Neither,Nearside,2019-04-09,14:03:00,Tuesday,Manchester,E08000003,Urban,53.430312,-2.201154,E01005122,33.64643489,33,647,179,300,141,27,713,68,141,116,66,9,4,6,9,166,128,55.42658154,1910,34.46,162,142,119,104,67,36,6,12,166,4,7,69,18,3,335,46,21,42,6,0.903792071,2.65e-6,0,8,7,5174.569643,1.007844231
06E256013,2019,Slight,Male,21 - 25,0,0,Urban area,More deprived 20-30%,3,2,1,Single carriageway,30,0,Darkness - lights lit,0,0,0,Non-trunk,0,1,0,0,Neither,Front,2019-04-13,00:45:00,Saturday,Manchester,E08000003,Urban,53.441256,-2.21903,E01005185,22.51164519,21,511,236,169,71,35,736,59,166,92,39,15,14,13,49,200,89,139.4354149,3260,23.38,109,100,67,71,53,60,42,7,200,6,22,184,10,0,145,17,58,66,23,1.800599604,7.81e-6,0,7,69,3777.948894,0.427055009
06E256828,2019,Slight,Male,16 - 20,1,0,Urban area,Most deprived 10%,1,2,1,Single carriageway,20,0,Daylight,1,1,0,Non-trunk,0,0,0,0,Neither,Front,2019-05-07,17:30:00,Tuesday,Manchester,E08000003,Urban,53.436274,-2.234043,E01005270,34.41830823,33,687,221,329,121,16,737,86,153,138,34,9,3,2,10,210,92,81.7383264,1768,21.63,192,200,134,80,48,18,8,6,210,12,3,94,16,5,270,24,29,69,6,0.004685738,2.2e-8,0,3,9,2187.273303,0.012366881
06E257434,2019,Slight,Male,26 - 35,0,0,Urban area,More deprived 30-40%,4,2,1,Single carriageway,30,0,Daylight,1,1,0,Non-trunk,0,0,0,0,Neither,Offside,2019-06-04,18:00:00,Tuesday,Manchester,E08000003,Urban,53.444097,-2.218428,E01005185,22.51164519,21,511,236,169,71,35,736,59,166,92,39,15,14,13,49,200,89,139.4354149,3260,23.38,109,100,67,71,53,60,42,7,200,6,22,184,10,0,145,17,58,66,23,1.800599604,7.81e-6,0,7,69,3777.948894,0.427055009
06E257565,2019,Slight,Female,26 - 35,0,0,Urban area,More deprived 20-30%,3,2,1,Roundabout,40,0,Daylight,0,0,0,Non-trunk,0,0,0,0,Neither,Nearside,2019-05-30,09:17:00,Thursday,Manchester,E08000003,Urban,53.442143,-2.205124,E01005282,29.48272727,24,445,155,173,81,36,575.5,43.5,109.5,90,32.5,12,7,12,23,165,81,71.59286947,1867.5,26.085,68.5,91,85,74.5,60.5,34.5,17.5,12.5,165,5,14.5,85,10.5,0.5,202.5,19.5,21.5,42.5,8.5,1.057850168,2.89e-6,0,11,10,7296.203006,1.885133971
06E260196,2019,Slight,Female,21 - 25,0,0,Urban area,Least deprived 10%,10,2,1,Single carriageway,30,0,Daylight,0,0,0,Non-trunk,1,0,0,0,Neither,Offside,2019-06-22,12:56:00,Saturday,Manchester,E08000003,Urban,53.441157,-2.219075,E01005185,22.51164519,21,511,236,169,71,35,736,59,166,92,39,15,14,13,49,200,89,139.4354149,3260,23.38,109,100,67,71,53,60,42,7,200,6,22,184,10,0,145,17,58,66,23,1.800599604,7.81e-6,0,7,69,3777.948894,0.427055009
06E260655,2019,Slight,Male,21 - 25,0,0,Urban area,More deprived 30-40%,4,2,1,Single carriageway,30,1,Daylight,0,0,0,Non-trunk,1,0,0,0,Neither,Offside,2019-08-06,08:30:00,Tuesday,Manchester,E08000003,Urban,53.443661,-2.257013,E01005179,33.54161332,32,917,332,368,169,48,1103,99,215,132,54,11,5,9,13,453,112,70.50268732,2230,31.63,402,237,83,87,48,28,11,20,453,16,4,74,11,2,372,37,61,58,13,0.871462636,2.76e-6,0,10,18,3356.564593,1.144704479
06E261204,2019,Slight,Male,11 - 15,1,0,Urban area,Most deprived 10%,1,3,1,Single carriageway,30,0,Daylight,0,0,0,Non-trunk,1,0,0,0,Neither,Front,2019-08-07,13:10:00,Wednesday,Manchester,E08000003,Urban,53.457275,-2.191809,E01005235,32.72981366,32,717,326,297,81,13,661,100,143,116,62,15,4,6,10,78,127,65.93720266,2079,31.53,211,171,87,106,67,49,16,10,78,6,3,115,26,1,308,26,15,73,10,0,0,0,15,9,4070.685577,1.179847932
06E261407,2019,Slight,Female,21 - 25,0,0,Urban area,More deprived 10-20%,2,2,1,Single carriageway,30,0,Daylight,0,0,0,Non-trunk,0,0,0,0,Neither,Nearside,2019-08-30,13:20:00,Friday,Manchester,E08000003,Urban,53.442632,-2.218571,E01005185,22.51164519,21,511,236,169,71,35,736,59,166,92,39,15,14,13,49,200,89,139.4354149,3260,23.38,109,100,67,71,53,60,42,7,200,6,22,184,10,0,145,17,58,66,23,1.800599604,7.81e-6,0,7,69,3777.948894,0.427055009
06E261639,2019,Slight,Female,21 - 25,0,0,Urban area,Less deprived 30-40%,7,2,1,Single carriageway,30,0,Daylight,0,0,0,Non-trunk,1,0,0,0,Neither,Front,2019-09-03,09:48:00,Tuesday,Manchester,E08000003,Urban,53.438239,-2.231479,E01005273,28.42218021,24,593,243,228,91,31,652,47,105,129,44,8,4,4,10,249,52,114.5704467,1667,14.55,181,154,80,81,35,25,19,18,249,13,4,92,7,0,177,8,43,52,7,0.404619718,2.75e-6,0,8,5,3471.037294,0.817653207
06E261650,2019,Slight,Male,46 - 55,0,0,Urban area,Less deprived 30-40%,7,2,1,Single carriageway,30,0,Daylight,0,0,0,Non-trunk,0,0,0,0,Neither,Offside,2019-09-17,16:45:00,Tuesday,Manchester,E08000003,Urban,53.436202,-2.224739,E01005304,31.24815595,26,665,237,248,129,51,827,57,131,142,41,19,9,9,11,344,64,93.24131366,1959,21.01,214,174,96,70,33,24,22,32,344,13,17,91,5,0,229,14,56,53,8,0.221664532,1.06e-6,0,3,32,3799.61594,0.280435288
06E262453,2019,Slight,Male,11 - 15,1,0,Urban area,Less deprived 10-20%,9,2,1,Single carriageway,30,0,Daylight,1,1,0,Non-trunk,0,0,0,0,Neither,Nearside,2019-09-22,11:45:00,Sunday,Manchester,E08000003,Urban,53.405798,-2.314666,E01005114,46.17586796,48,815,130,384,234,67,790,49,120,124,59,15,5,13,10,337,58,32.76995305,1745,53.25,303,286,104,78,32,6,5,1,337,17,3,7,6,3,347,25,8,33,5,1.042591509,1.97e-6,0,9,7,6515.814018,1.487813438
06E262602,2019,Slight,Male,11 - 15,1,0,Urban area,More deprived 10-20%,2,2,1,Dual carriageway,40,0,Daylight,0,0,0,Non-trunk,0,0,0,0,Neither,Front,2019-09-25,16:30:00,Wednesday,Manchester,E08000003,Urban,53.429435,-2.209247,E01005121,34.29592476,34,604,192,289,88,35,625,83,112,114,37,10,2,3,10,142,112,64.49885233,1686,26.14,156,155,117,78,56,21,19,3,142,3,10,67,3,3,288,39,20,44,7,0,0,0,7,8,3241.80109,1.463708764
06E262737,2019,Severe/Fatal,Female,21 - 25,0,0,Urban area,More deprived 30-40%,4,2,1,Single carriageway,30,0,Daylight,0,0,0,Non-trunk,0,0,0,0,Neither,Front,2019-10-02,16:20:00,Wednesday,Manchester,E08000003,Urban,53.456003,-2.225416,E01005284,25.45450292,23,654,408,195,44,7,740,155,121,59,57,14,7,5,36,232,54,87.59271746,2598,29.66,269,190,77,67,31,7,4,9,232,8,7,109,18,1,123,35,31,171,7,1.450401873,4.9e-6,0,9,125,5009.24423,0.893620935
06E262799,2019,Slight,Male,26 - 35,0,0,Urban area,More deprived 20-30%,3,2,1,Single carriageway,30,0,Daylight,0,1,0,Non-trunk,0,1,0,0,Neither,Front,2019-10-05,10:43:00,Saturday,Manchester,E08000003,Urban,53.437158,-2.223329,E01005309,29.74169121,25,950,478,341,92,39,886,70,171,157,43,9,2,12,25,339,58,105.9942912,2228,21.02,390,321,76,39,41,28,26,29,339,6,10,172,9,1,193,21,44,82,9,0.747030956,3.51e-6,0,6,30,5308.982111,0.600192459
06E264747,2019,Slight,Male,26 - 35,0,0,Urban area,More deprived 10-20%,2,2,1,Single carriageway,30,0,Darkness - lights lit,0,0,0,Non-trunk,0,0,0,0,Neither,Front,2019-11-24,17:55:00,Sunday,Manchester,E08000003,Urban,53.439099,-2.186819,E01005222,32.72842999,33,909,363,436,97,13,920,70,153,143,65,7,8,16,3,323,132,51.21893491,2164,42.25,348,255,116,87,57,30,10,7,323,4,24,111,16,1,306,28,49,52,9,1.35816838,3.24e-6,0,4,8,4299.186965,0.814240773
06E264919,2019,Slight,Male,26 - 35,0,0,Urban area,More deprived 30-40%,4,2,1,Single carriageway,30,0,Darkness - lights lit,1,1,0,Non-trunk,0,0,0,0,Neither,Back,2019-11-27,17:05:00,Wednesday,Manchester,E08000003,Urban,53.435141,-2.205015,E01005118,38.78347768,39,476,87,209,126,54,591,69,105,95,38,4,1,5,12,150,112,66.90909091,1472,22,101,132,73,70,45,34,17,7,150,1,11,40,10,2,279,31,21,36,9,0,0,1,5,5,4402.225078,1.243939409
06E265651,2019,Slight,Male,21 - 25,0,0,Urban area,Less deprived 40-50%,6,2,1,Single carriageway,30,0,Daylight,0,0,0,Non-trunk,0,0,0,0,Neither,Front,2019-11-30,10:55:00,Saturday,Manchester,E08000003,Urban,53.43814,-2.231569,E01005278,31.6544158,26,536,120,217,155,44,726,63,177,107,38,12,3,6,11,217,92,79.81058975,1854,23.23,85,110,84,125,63,39,9,21,217,5,2,103,15,0,276,31,28,38,13,0.995924683,4.35e-6,0,10,1,3279.008447,0.738890824
06E266643,2019,Slight,Male,26 - 35,0,0,Urban area,Less deprived 40-50%,6,2,1,Single carriageway,30,0,Daylight,0,1,0,Non-trunk,0,0,0,0,Neither,Front,2019-12-24,14:10:00,Tuesday,Manchester,E08000003,Urban,53.437699,-2.222534,E01005309,29.74169121,25,950,478,341,92,39,886,70,171,157,43,9,2,12,25,339,58,105.9942912,2228,21.02,390,321,76,39,41,28,26,29,339,6,10,172,9,1,193,21,44,82,9,0.747030956,3.51e-6,0,6,30,5308.982111,0.600192459
06E266738,2019,Slight,Male,36 - 45,0,0,Urban area,More deprived 40-50%,5,2,1,Single carriageway,30,1,Darkness - lights lit,0,0,0,Non-trunk,0,0,0,0,Neither,Back,2019-12-04,17:30:00,Wednesday,Manchester,E08000003,Urban,53.44279,-2.183313,E01005222,32.72842999,33,909,363,436,97,13,920,70,153,143,65,7,8,16,3,323,132,51.21893491,2164,42.25,348,255,116,87,57,30,10,7,323,4,24,111,16,1,306,28,49,52,9,1.35816838,3.24e-6,0,4,8,4299.186965,0.814240773
06E332452,2019,Slight,Female,26 - 35,0,0,Urban area,More deprived 10-20%,2,2,1,Single carriageway,30,0,Daylight,0,1,0,Non-trunk,0,0,0,0,Neither,Back,2019-09-26,07:43:00,Thursday,Manchester,E08000003,Urban,53.45688,-2.258463,E01005302,34.91047619,34,1005,414,436,132,23,1104,74,197,113,59,20,6,9,5,489,132,78.7528006,2109,26.78,457,279,133,77,39,11,5,4,489,27,14,72,9,2,298,26,78,83,8,0.084956383,3.17e-7,0,5,9,3177.16374,1.342585605
06E352511,2019,Slight,Male,21 - 25,0,0,Urban area,More deprived 10-20%,2,2,1,Single carriageway,30,0,Daylight,0,0,0,Non-trunk,0,0,0,0,Neither,Nearside,2019-01-11,07:30:00,Friday,Manchester,E08000003,Urban,53.42021,-2.239356,E01005172,39.06157793,37,795,256,334,167,38,867,55,90,172,38,13,8,4,9,421,57,49.43420627,1529,30.93,371,257,72,69,20,3,1,1,421,30,2,42,3,3,275,9,28,47,7,0.772987684,2.51e-6,1,10,18,5254.037361,1.540571502
06E353252,2019,Slight,Male,26 - 35,0,0,Urban area,More deprived 10-20%,2,2,1,Dual carriageway,30,0,Daylight,0,0,0,Non-trunk,1,0,0,0,Neither,Front,2019-02-04,15:55:00,Monday,Manchester,E08000003,Urban,53.439601,-2.251464,E01005279,34.67746615,33,817,226,390,153,48,939,101,152,145,53,17,11,8,14,312,126,35.07177033,2199,62.7,214,242,139,109,60,35,7,11,312,23,6,75,20,0,369,25,23,68,17,3.69823359,5.85e-6,0,15,6,10333.21579,3.195711009
06E353651,2019,Slight,Male,26 - 35,0,0,Urban area,More deprived 20-30%,3,2,1,Single carriageway,30,0,Daylight,0,0,0,Non-trunk,0,0,0,0,Neither,Front,2019-02-19,17:15:00,Tuesday,Manchester,E08000003,Urban,53.44254,-2.272197,E01005296,38.47647768,37,629,144,293,147,45,790,50,127,90,41,9,6,2,7,386,72,69.79955457,1567,22.45,197,205,75,85,31,22,9,5,386,24,3,28,2,0,237,17,46,34,9,0.164805339,7.44e-7,0,10,29,3239.674511,1.883609427
06E354999,2019,Slight,Female,26 - 35,0,0,Urban area,More deprived 30-40%,4,2,1,Single carriageway,30,0,Darkness - lights lit,0,1,0,Non-trunk,0,1,0,0,Neither,Back,2019-03-08,19:55:00,Friday,Manchester,E08000003,Urban,53.453347,-2.267161,E01005302,34.91047619,34,1005,414,436,132,23,1104,74,197,113,59,20,6,9,5,489,132,78.7528006,2109,26.78,457,279,133,77,39,11,5,4,489,27,14,72,9,2,298,26,78,83,8,0.084956383,3.17e-7,0,5,9,3177.16374,1.342585605
06E356583,2019,Slight,Male,36 - 45,0,0,Urban area,Less deprived 20-30%,8,2,1,Single carriageway,30,0,Daylight,0,0,0,Non-trunk,0,1,0,0,Neither,Front,2019-05-10,17:45:00,Friday,Manchester,E08000003,Urban,53.422635,-2.239972,E01005083,31.38564761,30,954,310,438,176,30,1302,82,119,237,62,16,15,15,8,675,73,50.36996437,1838,36.49,444,331,64,75,26,8,2,5,675,58,8,60,7,1,342,15,52,78,5,0.859594539,2.34e-6,0,20,19,8399.178472,1.865815306
06E357859,2019,Slight,Female,46 - 55,0,0,Urban area,More deprived 20-30%,3,2,1,Single carriageway,30,0,Daylight,0,0,0,Non-trunk,0,0,0,0,Neither,Back,2019-06-06,19:30:00,Thursday,Manchester,E08000003,Urban,53.455043,-2.2644,E01005302,34.91047619,34,1005,414,436,132,23,1104,74,197,113,59,20,6,9,5,489,132,78.7528006,2109,26.78,457,279,133,77,39,11,5,4,489,27,14,72,9,2,298,26,78,83,8,0.084956383,3.17e-7,0,5,9,3177.16374,1.342585605
06E358031,2019,Slight,Male,36 - 45,0,0,Urban area,Less deprived 10-20%,9,2,1,Single carriageway,30,0,Daylight,0,0,0,Non-trunk,0,1,0,0,Neither,Did not impact,2019-06-20,08:05:00,Thursday,Manchester,E08000003,Urban,53.417825,-2.231459,E01005176,35.24986508,33,895,241,484,151,19,1130,74,81,194,69,21,16,11,9,589,66,61.25273125,1682,27.46,337,399,104,44,8,2,2,0,589,46,12,46,2,0,317,8,28,77,4,2.39721576,8.59e-6,1,12,47,4918.748899,1.634605461
06E358331,2019,Slight,Female,26 - 35,0,0,Urban area,More deprived 30-40%,4,2,1,Single carriageway,30,0,Daylight,0,0,0,Non-trunk,1,0,0,0,Neither,Offside,2019-06-24,18:00:00,Monday,Manchester,E08000003,Urban,53.422611,-2.2473,E01005078,39.28571429,35,833,233,430,155,15,949,43,110,183,65,14,6,8,2,466,52,42.37380628,1553,36.65,426,310,51,31,9,6,2,0,466,28,8,38,1,0,307,13,33,48,6,1.805419836,4.96e-6,0,6,12,4046.972988,1.848304515
06E358546,2019,Slight,Female,26 - 35,0,0,Urban area,More deprived 20-30%,3,2,1,Single carriageway,30,1,Daylight,0,0,0,Non-trunk,0,0,0,0,Neither,Front,2019-06-26,19:00:00,Wednesday,Manchester,E08000003,Urban,53.444593,-2.278594,E01005150,34.95905588,32,841,340,359,109,33,1163,51,168,157,64,14,11,9,5,607,77,69.13982878,1696,24.53,390,277,71,59,25,12,2,6,607,88,9,46,11,1,239,19,74,56,10,1.850597177,7.56e-6,1,16,45,6661.275763,2.305838714
06E359736,2019,Slight,Male,11 - 15,1,0,Urban area,More deprived 20-30%,3,2,1,Single carriageway,30,0,Daylight,0,0,0,Non-trunk,0,0,0,0,Neither,Offside,2019-07-24,19:46:00,Wednesday,Manchester,E08000003,Urban,53.424679,-2.219863,E01005308,34.65863937,32,616,162,284,137,33,749,93,117,129,43,10,3,3,6,256,89,50.5540581,1688,33.39,143,179,114,114,37,19,5,6,256,7,6,61,7,3,280,38,22,54,10,0.008770847,2.69e-8,0,2,5,2826.707567,0.538935531
06E360162,2019,Slight,Male,21 - 25,0,0,Urban area,More deprived 10-20%,2,3,1,Single carriageway,30,0,Daylight,0,0,0,Non-trunk,0,0,0,0,Neither,Front,2019-07-24,18:15:00,Wednesday,Manchester,E08000003,Urban,53.410108,-2.256104,E01005268,40.49311701,39,1074,277,531,227,39,1203,51,158,241,66,28,11,7,11,500,130,26.54770575,2187,82.38,429,365,139,104,25,8,2,0,500,9,9,110,7,3,443,24,34,51,14,1.672002822,2.03e-6,0,12,8,7749.992591,4.477840505
06E360333,2019,Slight,Female,26 - 35,0,0,Urban area,More deprived 20-30%,3,2,1,Single carriageway,30,0,Daylight,1,1,0,Non-trunk,0,0,0,0,Neither,Offside,2019-08-01,15:50:00,Thursday,Manchester,E08000003,Urban,53.458597,-2.258277,E01005302,34.91047619,34,1005,414,436,132,23,1104,74,197,113,59,20,6,9,5,489,132,78.7528006,2109,26.78,457,279,133,77,39,11,5,4,489,27,14,72,9,2,298,26,78,83,8,0.084956383,3.17e-7,0,5,9,3177.16374,1.342585605
06E360444,2019,Slight,Male,46 - 55,0,0,Urban area,Less deprived 20-30%,8,2,1,Single carriageway,30,0,Daylight,1,1,0,Non-trunk,0,0,0,0,Neither,Offside,2019-07-31,17:30:00,Wednesday,Manchester,E08000003,Urban,53.440898,-2.28274,E01005153,38.0373891,37,785,208,426,133,18,945,31,127,126,43,16,5,9,4,511,73,88.01369863,1542,17.52,309,299,93,56,20,5,1,0,511,39,5,26,2,0,254,12,48,39,9,1.092940525,6.29e-6,0,8,18,3190.958608,0.214786577
06E361122,2019,Slight,Male,11 - 15,1,0,Urban area,Most deprived 10%,1,2,1,Single carriageway,30,0,Daylight,0,0,0,Non-trunk,0,0,0,0,Neither,Back,2019-08-25,14:15:00,Sunday,Manchester,E08000003,Urban,53.382125,-2.248749,E01005292,35.55970647,34,669,271,288,96,14,624,77,155,98,61,10,1,0,13,108,101,49.54456734,1523,30.74,237,191,122,72,34,8,2,0,108,23,3,67,15,4,271,48,23,51,8,0.439511713,1.43e-6,0,3,3,3049.784263,0
06E361263,2019,Slight,Female,36 - 45,0,0,Urban area,More deprived 20-30%,3,2,1,Single carriageway,30,0,Daylight,1,1,0,Non-trunk,0,0,0,0,Neither,Front,2019-09-09,08:35:00,Monday,Manchester,E08000003,Urban,53.440526,-2.264461,E01005301,37.33783784,36,587,128,264,154,41,780,42,130,119,35,12,3,7,0,381,51,57.22007722,1482,25.9,201,168,78,73,31,20,10,8,381,55,1,22,5,1,233,11,30,36,2,1.173838382,4.55e-6,0,12,17,4316.226883,1.163870773
06E362817,2019,Slight,Female,26 - 35,0,0,Urban area,More deprived 30-40%,4,2,1,Single carriageway,30,0,Daylight,1,1,0,Non-trunk,0,0,0,0,Neither,Offside,2019-10-08,07:55:00,Tuesday,Manchester,E08000003,Urban,53.441664,-2.257618,E01005300,38.01088534,37,480,42,226,146,66,676,43,110,92,38,14,3,10,3,258,105,56.52173913,1547,27.37,81,103,108,82,61,26,10,8,258,22,4,17,13,1,282,23,23,18,12,0.746883608,2.71e-6,0,6,3,3714.212232,0.901798186
06E363103,2019,Severe/Fatal,Male,46 - 55,0,0,Urban area,Less deprived 20-30%,8,2,1,Dual carriageway,30,1,Darkness - lights lit,0,1,0,Non-trunk,0,0,0,0,Neither,Back,2019-10-11,19:05:00,Friday,Manchester,E08000003,Urban,53.439257,-2.252666,E01005279,34.67746615,33,817,226,390,153,48,939,101,152,145,53,17,11,8,14,312,126,35.07177033,2199,62.7,214,242,139,109,60,35,7,11,312,23,6,75,20,0,369,25,23,68,17,3.69823359,5.85e-6,0,15,6,10333.21579,3.195711009
06E363953,2019,Slight,Female,46 - 55,0,0,Urban area,Less deprived 20-30%,8,2,1,Single carriageway,30,0,Daylight,0,0,0,Non-trunk,0,0,0,0,Neither,Front,2019-10-23,08:51:00,Wednesday,Manchester,E08000003,Urban,53.447457,-2.279742,E01005159,36.6254093,35,681,149,359,148,25,959,45,161,118,29,12,8,7,3,506,70,65.44715447,1610,24.6,198,226,142,77,30,7,1,2,506,48,7,30,2,2,234,11,70,41,9,1.272699721,5.1e-6,0,4,17,3093.973118,2.189877646
06E364054,2019,Slight,Male,36 - 45,0,0,Urban area,More deprived 40-50%,5,2,1,Single carriageway,30,0,Darkness - lighting unknown,0,1,0,Non-trunk,0,0,0,0,Neither,Front,2019-11-06,07:15:00,Wednesday,Manchester,E08000003,Urban,53.410386,-2.225551,E01005169,42.00158228,44,597,64,297,193,43,738,22,75,151,48,20,8,9,7,347,51,18.36844224,1369,74.53,171,228,86,81,24,4,1,1,347,15,7,27,2,1,275,17,16,28,4,2.11200453,2.82e-6,0,11,11,7323.680438,1.700201412
06E364419,2019,Slight,Female,36 - 45,0,0,Urban area,More deprived 10-20%,2,2,1,Single carriageway,30,0,Darkness - lights lit,1,1,0,Non-trunk,1,0,0,0,Neither,Front,2019-11-07,17:30:00,Thursday,Manchester,E08000003,Urban,53.43147,-2.274203,E01005082,36.09816972,35,750,232,347,141,30,841,51,132,113,48,10,5,3,4,377,98,23.22189235,1799,77.47,245,230,125,90,35,11,9,5,377,35,5,34,8,2,281,22,37,36,5,2.580595286,3.33e-6,1,14,5,5540.209428,1.731976235
06E454997,2019,Slight,Male,66 - 75,0,1,Urban area,Most deprived 10%,1,2,1,Single carriageway,30,0,Daylight,0,0,0,Non-trunk,0,0,0,0,Neither,Front,2019-03-13,16:45:00,Wednesday,Manchester,E08000003,Urban,53.381495,-2.277354,E01005090,36.25974805,36,860,421,335,93,11,676,159,130,95,61,9,3,3,2,110,104,57.58683729,1890,32.82,353,232,121,99,33,14,1,5,110,22,1,63,17,2,312,50,25,64,9,1.115237804,3.39e-6,0,7,25,3602.201904,0.95061038
06E457998,2019,Slight,Male,16 - 20,1,0,Urban area,More deprived 10-20%,2,2,1,Single carriageway,30,0,Daylight,0,0,0,Non-trunk,0,0,0,0,Neither,Nearside,2019-06-18,19:00:00,Tuesday,Manchester,E08000003,Urban,53.371248,-2.240223,E01005317,37.4628917,35,920,310,406,161,43,941,122,193,90,113,20,4,5,8,226,160,10.28670367,2020,196.37,326,310,146,83,38,15,2,2,226,44,8,42,17,4,411,51,25,98,12,3.695045467,1.88e-6,2,34,15,16710.03945,8.297994137
06E458492,2019,Slight,Male,56 - 65,0,0,Urban area,Least deprived 10%,10,2,1,Single carriageway,30,0,Daylight,0,0,0,Non-trunk,0,0,0,0,Neither,Offside,2019-06-18,16:20:00,Tuesday,Manchester,E08000003,Urban,53.400217,-2.307165,E01005114,46.17586796,48,815,130,384,234,67,790,49,120,124,59,15,5,13,10,337,58,32.76995305,1745,53.25,303,286,104,78,32,6,5,1,337,17,3,7,6,3,347,25,8,33,5,1.042591509,1.97e-6,0,9,7,6515.814018,1.487813438
06E458665,2019,Slight,Male,11 - 15,1,0,Urban area,Most deprived 10%,1,2,1,Single carriageway,20,0,Daylight,0,0,0,Non-trunk,0,0,0,0,Neither,Front,2019-06-27,15:35:00,Thursday,Manchester,E08000003,Urban,53.395216,-2.263519,E01005085,31.7915601,30,597,229,273,82,13,629,121,129,105,42,11,3,3,5,110,100,56.98228883,1673,29.36,140,155,121,107,46,21,7,4,110,15,2,63,23,7,264,53,21,64,8,0.777753312,2.66e-6,0,14,6,3777.026172,2.202296497
06E459561,2019,Slight,Male,36 - 45,0,0,Urban area,More deprived 40-50%,5,2,1,Single carriageway,30,0,Daylight,0,0,0,Non-trunk,1,0,0,0,Neither,Back,2019-07-26,17:00:00,Friday,Manchester,E08000003,Urban,53.371168,-2.239847,E01005317,37.4628917,35,920,310,406,161,43,941,122,193,90,113,20,4,5,8,226,160,10.28670367,2020,196.37,326,310,146,83,38,15,2,2,226,44,8,42,17,4,411,51,25,98,12,3.695045467,1.88e-6,2,34,15,16710.03945,8.297994137
06E461171,2019,Slight,Male,11 - 15,1,0,Urban area,More deprived 10-20%,2,2,1,Single carriageway,20,0,Daylight,0,0,0,Non-trunk,0,0,0,0,Neither,Back,2019-08-26,14:00:00,Monday,Manchester,E08000003,Urban,53.383133,-2.272719,E01005090,36.25974805,36,860,421,335,93,11,676,159,130,95,61,9,3,3,2,110,104,57.58683729,1890,32.82,353,232,121,99,33,14,1,5,110,22,1,63,17,2,312,50,25,64,9,1.115237804,3.39e-6,0,7,25,3602.201904,0.95061038
06E467585,2019,Slight,Male,36 - 45,0,0,Urban area,Most deprived 10%,1,2,1,Single carriageway,30,0,Daylight,0,1,0,Non-trunk,1,0,0,0,Neither,Offside,2019-11-13,07:35:00,Wednesday,Manchester,E08000003,Urban,53.38475,-2.248253,E01005290,36.91645078,36,683,253,303,102,25,669,103,156,70,50,12,0,3,13,148,114,50.4784689,1688,33.44,221,174,137,87,46,13,5,3,148,37,3,42,14,6,285,28,23,74,9,1.071936492,3.19e-6,0,11,7,2596.92826,1.404763799
06F152442,2019,Slight,Female,21 - 25,0,0,Urban area,Less deprived 10-20%,9,2,1,Single carriageway,30,0,Darkness - lights lit,0,1,0,Non-trunk,0,0,0,0,Neither,Front,2019-01-11,06:30:00,Friday,Salford,E08000006,Urban,53.503302,-2.360525,E01005742,38.9035309,39,665,80,319,216,50,818,78,103,130,70,12,12,9,3,313,88,42.42837653,1555,36.65,192,223,124,88,30,6,1,0,313,2,4,27,0,2,381,25,10,44,7,0.853053742,2.37e-6,0,4,2,6547.364517,0.856196691
06F153647,2019,Slight,Male,36 - 45,0,0,Urban area,Most deprived 10%,1,2,1,Single carriageway,30,0,Darkness - lights lit,0,1,0,Non-trunk,0,0,0,0,Neither,Offside,2019-01-23,16:40:00,Wednesday,Salford,E08000006,Urban,53.507814,-2.329638,E01005701,41.89052751,43,715,89,330,221,75,861,85,138,111,65,22,5,4,9,311,111,46.13050076,1824,39.54,164,251,133,119,39,6,0,3,311,0,3,29,8,2,416,42,11,35,6,1.714292531,4.27e-6,0,12,3,7430.575105,2.312535886
06F154087,2019,Slight,Male,36 - 45,0,0,Urban area,Less deprived 30-40%,7,2,1,Single carriageway,50,1,Darkness - lights lit,0,0,0,Non-trunk,0,1,0,0,Neither,Nearside,2019-02-18,18:04:00,Monday,Salford,E08000006,Rural,53.462815,-2.397882,E01005640,34.92118227,33,529,135,242,115,37,575,41,108,128,67,13,3,7,2,102,104,5.788958413,1360,234.93,134,148,124,79,31,7,4,0,102,1,4,48,4,2,333,23,9,40,8,1.948220651,8.25e-7,0,15,4,10142.1012,5.059823703
06F154398,2019,Severe/Fatal,Female,56 - 65,0,0,Urban area,Less deprived 10-20%,9,2,1,Single carriageway,30,0,Darkness - lights lit,1,1,0,Non-trunk,1,0,0,0,Neither,Offside,2019-03-06,18:06:00,Wednesday,Salford,E08000006,Urban,53.485367,-2.358384,E01005632,35.6734609,34,1113,324,530,221,38,1311,175,186,154,124,26,11,6,6,459,164,44.38812455,2452,55.24,443,344,136,112,35,22,10,10,459,25,12,80,20,9,510,55,27,104,11,0.457583752,8.23e-7,0,8,12,6008.720335,3.697524679
06F154898,2019,Slight,Male,26 - 35,0,0,Urban area,Less deprived 20-30%,8,2,1,Roundabout,40,0,Daylight,0,0,0,Non-trunk,1,0,0,0,Neither,Nearside,2019-03-19,15:30:00,Tuesday,Salford,E08000006,Urban,53.442839,-2.412299,E01005620,36.11808552,37,1048,174,444,358,72,1346,197,68,269,204,30,10,10,17,365,176,27.29023973,2550,93.44,293,338,187,162,46,17,2,3,365,4,16,50,9,1,714,46,31,96,13,2.185826605,2.32e-6,0,10,10,9323.964691,3.425943516
06F155141,2019,Slight,Male,26 - 35,0,0,Urban area,Most deprived 10%,1,2,1,Single carriageway,30,0,Daylight,0,1,0,Non-trunk,1,1,0,0,Neither,Nearside,2019-01-15,11:30:00,Tuesday,Salford,E08000006,Urban,53.477719,-2.348842,E01005602,38.49776643,38,891,446,341,86,18,674,120,140,94,54,16,1,5,12,138,94,76.36861314,1674,21.92,439,239,117,74,16,5,0,0,138,15,4,65,19,3,283,27,24,90,9,0.589689437,2.65e-6,0,8,8,3388.77398,1.542036756
06F156481,2019,Slight,Male,26 - 35,0,0,Urban area,Most deprived 10%,1,2,1,Single carriageway,30,0,Daylight,1,1,0,Non-trunk,0,0,0,0,Neither,Nearside,2019-04-27,15:28:00,Saturday,Salford,E08000006,Urban,53.482394,-2.354817,E01005601,36.13096695,34,678,262,287,108,21,692,187,133,94,39,7,4,4,5,122,97,87.43718593,1740,19.9,208,200,118,103,37,11,1,2,122,12,1,54,15,1,302,40,24,107,10,0.108297082,5.6e-7,0,5,11,3312.802139,0.476468899
06F156924,2019,Slight,Female,6 - 10,1,0,Urban area,Most deprived 10%,1,2,1,Single carriageway,20,1,Daylight,0,0,0,Non-trunk,0,0,0,0,Neither,Offside,2019-05-16,15:55:00,Thursday,Salford,E08000006,Urban,53.537959,-2.426591,E01005664,32.00237954,29,622,244,263,88,27,559,68,72,94,116,18,4,0,9,84,94,48.56330014,1707,35.15,169,150,120,96,37,40,5,4,84,0,3,64,10,4,299,28,8,50,9,0,0,0,11,6,2190.355616,0
06F157507,2019,Slight,Male,26 - 35,0,0,Urban area,Less deprived 20-30%,8,1,1,Single carriageway,50,0,Daylight,0,0,0,Non-trunk,0,0,0,0,Neither,Front,2019-06-05,18:06:00,Wednesday,Salford,E08000006,Urban,53.429968,-2.424967,E01005618,35.93705584,35,915,209,390,259,57,1059,130,44,149,209,36,19,4,6,316,146,13.72031662,2080,151.6,287,305,168,107,38,9,0,0,316,3,16,32,6,0,564,33,17,62,12,2.930807959,1.95e-6,0,10,5,10624.71388,6.171570967
06F157873,2019,Slight,Male,Over 75,0,1,Urban area,More deprived 30-40%,4,2,1,Single carriageway,30,0,Daylight,0,1,0,Non-trunk,0,0,0,0,Neither,Nearside,2019-06-13,12:12:00,Thursday,Salford,E08000006,Urban,53.535691,-2.417168,E01005660,34.27089022,32,733,315,317,82,19,594,83,60,124,105,11,3,2,6,88,112,56.12684729,1823,32.48,251,185,116,88,65,21,6,1,88,1,3,64,14,5,299,42,9,65,6,0.432409388,1.33e-6,0,20,9,6199.428158,1.261721502
06F159980,2019,Slight,Male,26 - 35,0,0,Urban area,Most deprived 10%,1,2,1,Single carriageway,30,0,Daylight,1,1,0,Non-trunk,0,0,0,0,Neither,Back,2019-07-19,17:05:00,Friday,Salford,E08000006,Urban,53.533205,-2.431326,E01005659,37.11651729,35,627,189,280,128,30,643,79,75,101,114,28,5,1,6,118,116,26.38414217,1544,58.52,181,195,128,88,24,12,3,0,118,0,0,46,13,7,338,38,8,70,5,0,0,0,12,4,4383.724265,1.223571389
06F160218,2019,Slight,Male,11 - 15,1,0,Urban area,More deprived 10-20%,2,2,1,Dual carriageway,30,1,Daylight,0,0,0,Non-trunk,0,0,0,0,Neither,Front,2019-08-10,19:45:00,Saturday,Salford,E08000006,Urban,53.486541,-2.254301,E01032687,29.73187415,29,669.5,434.5,203,29.5,2.5,844,184,79.5,42.5,48.5,9.5,7,5.5,6.5,414.5,46.5,97.27348993,1159.5,11.92,271.5,327.5,55.5,13.5,2,0,0,0,414.5,24,18.5,47,7,1.5,106,9,17,193,7,1.016733708,4.23e-6,0,7,35,3854.863336,1.763475575
06F160341,2019,Slight,Male,16 - 20,1,0,Urban area,Most deprived 10%,1,2,1,Single carriageway,30,1,Daylight,0,0,0,Non-trunk,0,0,0,0,Neither,Front,2019-08-15,09:03:00,Thursday,Salford,E08000006,Urban,53.483313,-2.347682,E01005599,38.2591687,39,873,409,321,113,30,855,182,132,113,61,13,4,4,8,217,121,40.03787082,1903,47.53,336,281,117,78,34,17,6,2,217,32,4,68,17,5,329,33,27,115,6,0.794370347,1.67e-6,1,31,76,6866.676272,2.254697288
06F161526,2019,Severe/Fatal,Female,16 - 20,1,0,Urban area,More deprived 10-20%,2,2,1,Single carriageway,40,1,Daylight,0,0,0,Non-trunk,1,1,0,0,Neither,Offside,2019-08-26,19:18:00,Monday,Wigan,E08000010,Urban,53.52238,-2.432438,E01006379,43.9472973,47,688,81,304,234,69,765,27,65,134,145,32,5,4,7,230,116,8.16126368,1581,193.72,186,264,119,90,24,5,0,0,230,1,1,18,3,2,445,31,9,23,6,2.43360239,1.26e-6,0,11,2,7119.419777,1.761930352
06F162605,2019,Severe/Fatal,Male,56 - 65,0,0,Urban area,Less deprived 10-20%,9,2,1,Single carriageway,30,0,Daylight,0,0,0,Non-trunk,1,0,0,0,Neither,Front,2019-10-02,17:00:00,Wednesday,Salford,E08000006,Urban,53.514291,-2.343396,E01005686,37.83989501,37,634,202,272,137,23,718,77,110,147,50,9,9,3,6,190,117,46.16598296,1463,31.69,211,187,127,67,27,10,0,1,190,0,11,63,11,3,313,53,10,61,4,0,0,0,5,7,3904.791792,1.592655177
06F164863,2019,Severe/Fatal,Male,46 - 55,0,0,Urban area,More deprived 20-30%,3,2,1,Dual carriageway,40,0,Darkness - lights lit,1,1,0,Non-trunk,1,0,0,0,Neither,Offside,2019-11-23,20:08:00,Saturday,Salford,E08000006,Urban,53.476641,-2.268903,E01032917,30.61022044,28,764,353.5,326,78,6.5,1106.5,172,140,83.5,71.5,18.5,10,6.5,11,530,63.5,93.57366771,1492.5,15.95,220.5,394.5,122.5,18,3.5,2,0.5,0.5,530,44.5,12.5,31.5,24,1,222,16.5,22,193,10.5,1.111306244,3.52e-6,0,15,37,4969.621384,1.859457937
06F165126,2019,Slight,Male,26 - 35,0,0,Rural,Less deprived 20-30%,8,2,1,Single carriageway,30,0,Daylight,0,1,0,Non-trunk,0,0,0,0,Neither,Offside,2019-11-25,08:30:00,Monday,Salford,E08000006,Urban,53.479194,-2.29547,E01005723,35.17831483,33,653,284,252,100,17,728,147,166,56,49,10,5,3,12,186,94,25.89647646,1661,64.14,193,187,105,97,41,20,7,0,186,23,2,63,13,0,258,36,37,103,10,1.12086968,1.75e-6,1,22,20,4051.729564,2.761762858
06F165341,2019,Slight,Male,11 - 15,1,0,Urban area,More deprived 10-20%,2,2,1,Single carriageway,30,1,Daylight,0,1,0,Non-trunk,1,0,0,0,Neither,Front,2019-12-03,07:55:00,Tuesday,Salford,E08000006,Urban,53.515696,-2.383613,E01005714,39.70059484,41,699,135,324,205,35,787,46,85,126,124,25,12,1,7,259,102,21.78671418,1712,78.58,183,227,142,97,37,12,2,0,259,3,4,44,14,0,374,40,11,36,3,1.101258115,1.39e-6,0,14,15,9851.472014,2.803464688
06F252303,2019,Slight,Male,26 - 35,0,0,Urban area,More deprived 10-20%,2,2,1,Dual carriageway,30,0,Darkness - lights lit,1,1,0,Non-trunk,0,1,0,0,Neither,Offside,2019-01-07,07:48:00,Monday,Salford,E08000006,Urban,53.480489,-2.295117,E01005723,35.17831483,33,653,284,252,100,17,728,147,166,56,49,10,5,3,12,186,94,25.89647646,1661,64.14,193,187,105,97,41,20,7,0,186,23,2,63,13,0,258,36,37,103,10,1.12086968,1.75e-6,1,22,20,4051.729564,2.761762858
06F253014,2019,Slight,Male,46 - 55,0,0,Urban area,Less deprived 40-50%,6,2,1,Single carriageway,30,0,Darkness - lighting unknown,1,0,0,Non-trunk,0,0,0,0,Neither,Nearside,2019-01-22,17:00:00,Tuesday,Salford,E08000006,Urban,53.47763,-2.268653,E01032917,30.61022044,28,764,353.5,326,78,6.5,1106.5,172,140,83.5,71.5,18.5,10,6.5,11,530,63.5,93.57366771,1492.5,15.95,220.5,394.5,122.5,18,3.5,2,0.5,0.5,530,44.5,12.5,31.5,24,1,222,16.5,22,193,10.5,1.111306244,3.52e-6,0,15,37,4969.621384,1.859457937
06F253318,2019,Slight,Male,36 - 45,0,0,Urban area,Most deprived 10%,1,2,1,Single carriageway,30,0,Daylight,0,0,0,Non-trunk,0,0,0,0,Neither,Front,2019-02-09,13:19:00,Saturday,Salford,E08000006,Urban,53.496629,-2.277621,E01032919,30.7196162,25,582.5,288,230.5,53.5,10.5,683.5,84.5,193.5,61.5,60,15.5,9.5,15,22,125.5,96.5,35.77374196,1891,52.86,164.5,182,121.5,65.5,23,9,2.5,14.5,125.5,7,20,132,27.5,2,205.5,34.5,29,95.5,5,4.936042991,4.63e-6,0,23,43,6472.37124,5.486146859
06F253628,2019,Severe/Fatal,Male,26 - 35,0,0,Urban area,More deprived 10-20%,2,2,1,Roundabout,40,0,Darkness - lights lit,0,0,0,Non-trunk,0,0,0,0,Neither,Offside,2019-02-12,18:45:00,Tuesday,Salford,E08000006,Urban,53.481291,-2.325606,E01005719,37.993636360000004,34,1010,445,437,113,15,1031,199,168,162,71,21,8,10,8,283,101,28.99829254,2038,70.28,431,350,132,57,25,15,3,1,283,73,10,85,18,1,330,26,26,166,12,2.472853409,3.47e-6,1,31,12,8097.24013,4.068772226
06F253709,2019,Slight,Male,21 - 25,0,0,Urban area,Less deprived 40-50%,6,2,1,Single carriageway,30,0,Daylight,0,0,0,Non-trunk,0,0,0,0,Neither,Front,2019-02-19,10:30:00,Tuesday,Salford,E08000006,Urban,53.509722,-2.262733,E01005650,34.57126633,30,633,302,241,65,25,657,248,74,35,38,13,1,4,8,159,77,45.62728938,1993,43.68,274,99,76,30,32,23,28,69,159,1,6,33,11,0,222,24,19,183,2,0.966722862,2.23e-6,0,5,13,4934.185531,1.525958041
06F253858,2019,Slight,Male,16 - 20,1,0,Urban area,Most deprived 10%,1,2,1,Single carriageway,30,0,Daylight,0,0,0,Non-trunk,0,1,0,0,Neither,Front,2019-02-14,10:50:00,Thursday,Salford,E08000006,Urban,53.47735,-2.295984,E01032914,32.45311682,31,1146,493,573,77,3,1453,135,337,95,110,27,10,17,14,617,91,41.40960562,2121,51.22,494,417,174,43,16,1,0,1,617,112,33,83,10,3,344,43,42,158,9,2.010808907,3.93e-6,0,15,23,7413.090677,1.697064516
06F253906,2019,Slight,Male,26 - 35,0,0,Urban area,Most deprived 10%,1,2,1,Single carriageway,30,0,Daylight,0,0,0,Non-trunk,0,0,0,0,Neither,Offside,2019-02-03,07:45:00,Sunday,Salford,E08000006,Urban,53.480553,-2.294816,E01032914,32.45311682,31,1146,493,573,77,3,1453,135,337,95,110,27,10,17,14,617,91,41.40960562,2121,51.22,494,417,174,43,16,1,0,1,617,112,33,83,10,3,344,43,42,158,9,2.010808907,3.93e-6,0,15,23,7413.090677,1.697064516
06F253923,2019,Slight,Male,26 - 35,0,0,Urban area,Most deprived 10%,1,2,1,Single carriageway,30,0,Darkness - lighting unknown,0,0,0,Non-trunk,0,0,0,0,Neither,Front,2019-01-04,16:59:00,Friday,Salford,E08000006,Urban,53.484503,-2.261869,E01032906,32.61217773,31,1139,647,423,57,12,1329,271,173,74,92,21,9,10,13,580,86,60.73127229,2043,33.64,553,441,97,29,13,3,2,1,580,22,21,108,12,2,225,14,40,296,13,3.280546995,9.65e-6,1,20,34,7009.530946,3.27626851
06F254417,2019,Slight,Male,26 - 35,0,0,Urban area,Most deprived 10%,1,2,1,Single carriageway,30,0,Darkness - lights lit,1,1,0,Non-trunk,0,1,0,0,Neither,Front,2019-03-05,19:00:00,Tuesday,Salford,E08000006,Urban,53.488755,-2.257163,E01032687,29.73187415,29,669.5,434.5,203,29.5,2.5,844,184,79.5,42.5,48.5,9.5,7,5.5,6.5,414.5,46.5,97.27348993,1159.5,11.92,271.5,327.5,55.5,13.5,2,0,0,0,414.5,24,18.5,47,7,1.5,106,9,17,193,7,1.016733708,4.23e-6,0,7,35,3854.863336,1.763475575
06F255081,2019,Slight,Female,16 - 20,1,0,Urban area,More deprived 10-20%,2,2,1,Single carriageway,30,0,Daylight,0,1,0,Non-trunk,0,0,0,0,Neither,Front,2019-03-06,14:55:00,Wednesday,Salford,E08000006,Urban,53.496665,-2.265486,E01005609,32.13440672,32,668,249.5,332,77.5,9,761,95.5,156.5,72.5,64,12,4.5,9.5,8,269,69.5,90.23492782,1594,17.665,225.5,213,109.5,56,30,25.5,6,3,269,9.5,11.5,70,12,2.5,239.5,21,18,96.5,10,1.137895954,3.23e-6,0,10,22,2543.575932,1.236032611
06F255103,2019,Slight,Female,16 - 20,1,0,Urban area,More deprived 20-30%,3,2,1,Single carriageway,30,0,Daylight,0,0,0,Non-trunk,0,0,0,0,Neither,Nearside,2019-03-21,13:40:00,Thursday,Salford,E08000006,Urban,53.49578,-2.267591,E01005611,36.09944751,33,1050,480,439,105,26,1079,148,293,106,87,14,4,9,12,234,172,59.96182295,2513,41.91,384,276,152,128,69,26,10,5,234,11,17,168,39,1,361,48,29,147,24,0.79156282,1.88e-6,0,11,39,6900.623883,1.534860032
06F255643,2019,Slight,Male,21 - 25,0,0,Urban area,Most deprived 10%,1,2,1,Roundabout,30,0,Daylight,0,0,0,Non-trunk,0,0,0,0,Neither,Offside,2019-04-01,17:45:00,Monday,Salford,E08000006,Urban,53.471464,-2.295296,E01032685,34.35296557,33,723.3333333,350.6666667,295,72.66666667,5,930,81,169.3333333,53,60.66666667,14.66666667,11.33333333,12.66666667,10,471,46.33333333,59.59339263,1250.666667,20.98666667,305,327.3333333,72,16.66666667,1.333333333,0.333333333,0,0,471,89,25.33333333,25,8.666666667,1.333333333,184.6666667,13,20.66666667,86,5.666666667,1.516102537,2.42e-6,3,38,86,7715.692772,3.288553108
06F257369,2019,Slight,Female,36 - 45,0,0,Urban area,Less deprived 10-20%,9,2,1,Single carriageway,30,0,Daylight,0,0,0,Non-trunk,0,1,0,0,Neither,Front,2019-06-03,15:10:00,Monday,Salford,E08000006,Urban,53.483754,-2.294492,E01005654,32.4994877,31,924,368,422,121,13,1083,120,229,95,89,18,7,14,15,389,107,107.9034029,1966,18.22,327,343,127,77,34,8,4,2,389,40,12,109,15,5,322,23,33,125,10,0.749572063,4.16e-6,0,6,12,3472.813058,0.953982824
06F257482,2019,Slight,Male,11 - 15,1,0,Urban area,More deprived 20-30%,3,2,1,Single carriageway,30,1,Daylight,0,0,0,Non-trunk,0,0,0,0,Neither,Front,2019-06-05,15:55:00,Wednesday,Salford,E08000006,Urban,53.502622,-2.278475,E01005653,34.32020658,32,593,271,234,65,23,616,91,175,91,46,6,4,4,3,103,93,21.98142415,1562,71.06,159,179,103,72,48,23,6,2,103,5,13,90,19,3,257,40,19,57,10,2.432714469,3.48e-6,0,7,12,2597.262707,1.247051964
06F257637,2019,Slight,Female,21 - 25,0,0,Urban area,Less deprived 40-50%,6,2,1,Single carriageway,30,0,Darkness - lights lit,1,1,0,Non-trunk,0,0,0,0,Neither,Front,2019-06-11,21:25:00,Tuesday,Salford,E08000006,Urban,53.502128,-2.257982,E01005612,35.15002143,36,1054,599,377,62,16,812,202,177,106,66,8,3,6,12,127,105,84.53151618,2481,29.35,548,192,101,72,53,22,21,43,127,6,4,120,23,3,261,33,19,206,9,1.676183903,5.75e-6,0,12,53,5111.83453,1.706085039
06F257856,2019,Severe/Fatal,Male,26 - 35,0,0,Urban area,More deprived 40-50%,5,2,1,Single carriageway,40,0,Daylight,0,0,1,Non-trunk,0,0,0,0,Neither,Front,2019-06-08,17:56:00,Saturday,Salford,E08000006,Urban,53.476479,-2.269143,E01032917,30.61022044,28,764,353.5,326,78,6.5,1106.5,172,140,83.5,71.5,18.5,10,6.5,11,530,63.5,93.57366771,1492.5,15.95,220.5,394.5,122.5,18,3.5,2,0.5,0.5,530,44.5,12.5,31.5,24,1,222,16.5,22,193,10.5,1.111306244,3.52e-6,0,15,37,4969.621384,1.859457937
06F258587,2019,Severe/Fatal,Male,26 - 35,0,0,Urban area,More deprived 30-40%,4,3,1,Dual carriageway,30,0,Daylight,0,0,0,Non-trunk,1,0,0,0,Neither,Front,2019-06-26,14:45:00,Wednesday,Salford,E08000006,Urban,53.483407,-2.257266,E01032687,29.73187415,29,669.5,434.5,203,29.5,2.5,844,184,79.5,42.5,48.5,9.5,7,5.5,6.5,414.5,46.5,97.27348993,1159.5,11.92,271.5,327.5,55.5,13.5,2,0,0,0,414.5,24,18.5,47,7,1.5,106,9,17,193,7,1.016733708,4.23e-6,0,7,35,3854.863336,1.763475575
06F258641,2019,Slight,Male,36 - 45,0,0,Urban area,More deprived 30-40%,4,2,1,Single carriageway,30,0,Daylight,0,0,0,Non-trunk,0,0,0,0,Neither,Front,2019-07-07,07:20:00,Sunday,Salford,E08000006,Urban,53.488966,-2.294889,E01005657,38.26045016,35,749,335,311,90,13,841,136,213,65,54,9,9,9,12,187,147,103.030303,1802,17.49,266,212,127,73,37,28,6,1,187,16,14,132,19,1,289,33,32,109,7,0.387237911,2.25e-6,0,3,8,1878.335164,0.418636952
06F259165,2019,Slight,Male,46 - 55,0,0,Urban area,More deprived 40-50%,5,2,1,Single carriageway,30,0,Daylight,0,0,0,Non-trunk,1,1,0,0,Neither,Nearside,2019-07-13,18:30:00,Saturday,Salford,E08000006,Urban,53.486965,-2.253746,E01032911,31.36734694,30,712.5,439,223.5,46,4,901.5,178,79.5,45,66.5,9.5,13.5,10,6.5,442,51,93.07984791,1224,13.15,289.5,361.5,41.5,15.5,1.5,2.5,0,0,442,34.5,22.5,38,11.5,3,130.5,6.5,17.5,191,5.5,1.287363823,4.96e-6,0,3,16,5627.755918,1.055215497
06F259983,2019,Severe/Fatal,Male,46 - 55,0,0,Urban area,Less deprived 20-30%,8,2,1,Single carriageway,30,1,Daylight,0,0,0,Non-trunk,0,0,0,0,Neither,Back,2019-07-12,15:05:00,Friday,Salford,E08000006,Urban,53.516683,-2.265205,E01005647,36.98476298,33,623,186,278,135,24,612,126,99,52,28,8,4,5,4,222,64,54.66132556,1501,27.46,279,166,66,39,29,12,19,14,222,6,2,32,6,1,261,16,5,57,7,0.834117706,3.06e-6,0,7,2,2637.546961,1.317595529
06F260066,2019,Slight,Female,21 - 25,0,0,Urban area,Most deprived 10%,1,2,1,Single carriageway,30,0,Daylight,0,0,0,Non-trunk,0,0,0,0,Neither,Front,2019-08-05,13:45:00,Monday,Salford,E08000006,Urban,53.504379,-2.316902,E01005701,41.89052751,43,715,89,330,221,75,861,85,138,111,65,22,5,4,9,311,111,46.13050076,1824,39.54,164,251,133,119,39,6,0,3,311,0,3,29,8,2,416,42,11,35,6,1.714292531,4.27e-6,0,12,3,7430.575105,2.312535886
06F260259,2019,Slight,Male,21 - 25,0,0,Urban area,Most deprived 10%,1,2,1,Single carriageway,30,0,Daylight,0,0,0,Non-trunk,1,0,0,0,Neither,Back,2019-08-12,17:13:00,Monday,Salford,E08000006,Urban,53.485041,-2.249741,E01032909,29.94518717,29,1043,543,428,63,9,1421,242,123,91,85,26,24,15,13,738,64,120.3366059,1716,14.26,466,494,72,9,2,0,0,0,738,44,46,55,11,1,231,12,17,257,9,0.899797701,6.28e-6,0,35,17,2179.868782,1.766364869
06F260356,2019,Slight,Male,16 - 20,1,0,Urban area,Most deprived 10%,1,2,1,Single carriageway,30,0,Daylight,1,1,0,Non-trunk,0,1,0,0,Neither,Front,2019-08-14,17:35:00,Wednesday,Salford,E08000006,Urban,53.48786,-2.25547,E01033330,37.01411043,36,826,474,283,55,14,652,119,107,49,67,9,7,5,6,178,105,41.39135106,1541,37.23,491,189,77,41,14,10,2,0,178,15,15,62,12,0,213,16,26,104,12,2.531656196,6.76e-6,0,7,28,5556.352195,1.013379272
06F260627,2019,Severe/Fatal,Male,11 - 15,1,0,Urban area,Most deprived 10%,1,2,1,Single carriageway,30,1,Daylight,0,0,0,Non-trunk,0,0,0,0,Neither,Offside,2019-08-20,15:45:00,Tuesday,Salford,E08000006,Urban,53.507643,-2.28377,E01005653,34.32020658,32,593,271,234,65,23,616,91,175,91,46,6,4,4,3,103,93,21.98142415,1562,71.06,159,179,103,72,48,23,6,2,103,5,13,90,19,3,257,40,19,57,10,2.432714469,3.48e-6,0,7,12,2597.262707,1.247051964
06F261415,2019,Severe/Fatal,Male,56 - 65,0,0,Urban area,More deprived 40-50%,5,2,1,Single carriageway,30,0,Daylight,0,0,0,Non-trunk,0,0,0,0,Neither,Nearside,2019-09-08,08:00:00,Sunday,Salford,E08000006,Urban,53.50149,-2.311273,E01005622,37.76820307,36,668,200,326,123,19,876,84,206,99,59,17,4,3,6,298,100,97.97297297,1595,16.28,205,219,115,81,29,17,4,0,298,5,11,95,21,5,312,30,22,70,8,0,0,0,5,8,3619.161055,0.357372664
06F261456,2019,Slight,Male,26 - 35,0,0,Urban area,More deprived 10-20%,2,2,1,Single carriageway,30,0,Daylight,0,0,0,Non-trunk,0,0,0,0,Neither,Front,2019-09-08,13:20:00,Sunday,Salford,E08000006,Urban,53.488792,-2.257103,E01033330,37.01411043,36,826,474,283,55,14,652,119,107,49,67,9,7,5,6,178,105,41.39135106,1541,37.23,491,189,77,41,14,10,2,0,178,15,15,62,12,0,213,16,26,104,12,2.531656196,6.76e-6,0,7,28,5556.352195,1.013379272
06F261535,2019,Slight,Male,21 - 25,0,0,Urban area,Most deprived 10%,1,2,1,Single carriageway,30,1,Daylight,0,0,0,Non-trunk,0,0,0,0,Neither,Offside,2019-09-14,15:57:00,Saturday,Salford,E08000006,Urban,53.4933,-2.28277,E01005681,32.87342437,25,549,357,154,26,12,371,44,96,28,36,13,3,6,14,80,51,67.81038375,1502,22.15,269,157,79,26,8,9,3,0,80,7,11,67,12,2,105,18,10,55,5,1.026261091,4.66e-6,0,11,66,5848.650036,1.585660292
06F261920,2019,Slight,Male,21 - 25,0,0,Urban area,Most deprived 10%,1,2,1,Single carriageway,30,0,Darkness - lighting unknown,1,0,0,Non-trunk,0,1,0,0,Neither,Offside,2019-09-08,05:25:00,Sunday,Salford,E08000006,Urban,53.483632,-2.330672,E01005635,44.82659314,45,681,171,288,166,56,812,102,98,94,72,17,0,10,7,304,108,43.17107093,1552,35.95,270,213,84,79,24,10,0,2,304,10,9,37,4,1,335,18,19,68,8,0.853706577,2.38e-6,1,11,7,5403.922711,2.006197306
06F261961,2019,Slight,Male,46 - 55,0,0,Urban area,Less deprived 30-40%,7,2,1,Single carriageway,30,0,Daylight,0,0,0,Non-trunk,0,1,0,0,Neither,Front,2019-09-19,17:15:00,Thursday,Salford,E08000006,Urban,53.491886,-2.276385,E01032919,30.7196162,25,582.5,288,230.5,53.5,10.5,683.5,84.5,193.5,61.5,60,15.5,9.5,15,22,125.5,96.5,35.77374196,1891,52.86,164.5,182,121.5,65.5,23,9,2.5,14.5,125.5,7,20,132,27.5,2,205.5,34.5,29,95.5,5,4.936042991,4.63e-6,0,23,43,6472.37124,5.486146859
06F262307,2019,Slight,Male,36 - 45,0,0,Urban area,Least deprived 10%,10,2,1,Single carriageway,30,0,Daylight,0,0,0,Non-trunk,0,1,0,0,Neither,Front,2019-09-25,16:15:00,Wednesday,Salford,E08000006,Urban,53.475461,-2.307346,E01005723,35.17831483,33,653,284,252,100,17,728,147,166,56,49,10,5,3,12,186,94,25.89647646,1661,64.14,193,187,105,97,41,20,7,0,186,23,2,63,13,0,258,36,37,103,10,1.12086968,1.75e-6,1,22,20,4051.729564,2.761762858
06F263667,2019,Slight,Male,21 - 25,0,0,Urban area,More deprived 10-20%,2,2,1,Roundabout,30,0,Darkness - lights lit,0,0,0,Non-trunk,0,0,0,0,Neither,Front,2019-10-24,19:05:00,Thursday,Salford,E08000006,Urban,53.496955,-2.276418,E01032919,30.7196162,25,582.5,288,230.5,53.5,10.5,683.5,84.5,193.5,61.5,60,15.5,9.5,15,22,125.5,96.5,35.77374196,1891,52.86,164.5,182,121.5,65.5,23,9,2.5,14.5,125.5,7,20,132,27.5,2,205.5,34.5,29,95.5,5,4.936042991,4.63e-6,0,23,43,6472.37124,5.486146859
06F263766,2019,Slight,Male,26 - 35,0,0,Urban area,More deprived 10-20%,2,2,1,Dual carriageway,20,0,Daylight,1,1,0,Non-trunk,0,1,0,0,Neither,Nearside,2019-10-10,09:45:00,Thursday,Salford,E08000006,Urban,53.484745,-2.274229,E01032907,32.121873,30,772,357.5,336,75.5,3,993,155,134,55,72,13.5,8.5,13.5,16,475.5,50,29.16132847,1479.5,50.735,294,334,87.5,37,14,5,0.5,0.5,475.5,20,17,46.5,12.5,0.5,203.5,14.5,36.5,157.5,7.5,5.731015748,5.67e-6,0,23,50,10069.59698,8.922447558
06F263774,2019,Slight,Male,26 - 35,0,0,Urban area,More deprived 30-40%,4,2,1,Single carriageway,30,1,Daylight,0,0,0,Non-trunk,1,0,0,0,Neither,Offside,2019-10-31,07:15:00,Thursday,Salford,E08000006,Urban,53.483825,-2.319115,E01005720,32.68389463,31,701.5,293,310,81.5,17,756.5,144.5,185.5,58.5,48.5,9.5,2.5,5.5,6.5,211.5,84,31.4480308,1593,50.655,247,235,103,61.5,24,23,3.5,2.5,211.5,54,6,68,11,2.5,249.5,29.5,26.5,86.5,11,3.7746526,3.69e-6,1,41,16,9695.809573,6.292528708
06F263813,2019,Severe/Fatal,Male,46 - 55,0,0,Urban area,Least deprived 10%,10,2,1,Dual carriageway,30,0,Darkness - lighting unknown,0,0,0,Non-trunk,0,0,0,0,Neither,Offside,2019-11-16,18:20:00,Saturday,Salford,E08000006,Urban,53.48538,-2.27574,E01032907,32.121873,30,772,357.5,336,75.5,3,993,155,134,55,72,13.5,8.5,13.5,16,475.5,50,29.16132847,1479.5,50.735,294,334,87.5,37,14,5,0.5,0.5,475.5,20,17,46.5,12.5,0.5,203.5,14.5,36.5,157.5,7.5,5.731015748,5.67e-6,0,23,50,10069.59698,8.922447558
06F268518,2019,Slight,Male,16 - 20,1,0,Urban area,More deprived 30-40%,4,2,1,Single carriageway,30,0,Daylight,1,1,0,Non-trunk,0,0,0,0,Neither,Front,2019-06-11,14:10:00,Tuesday,Salford,E08000006,Urban,53.500365,-2.325511,E01005625,42.90173847,46,606,93,313,164,36,709,93,135,85,58,14,6,2,4,197,115,50.45972784,1372,27.19,182,215,109,74,21,4,0,1,197,3,3,22,7,1,373,40,13,44,6,0.271798115,9.94e-7,0,5,1,3312.080585,0.759725028
06F458913,2019,Severe/Fatal,Male,11 - 15,1,0,Urban area,More deprived 20-30%,3,2,1,Single carriageway,30,0,Daylight,0,0,0,Non-trunk,0,1,0,0,Neither,Offside,2019-07-01,03:45:00,Monday,Salford,E08000006,Urban,53.425076,-2.438086,E01005617,39.36067627,40,601,86,270,180,65,715,102,22,127,148,26,11,2,6,167,104,10.3597928,1480,142.86,152,217,103,92,31,8,2,0,167,1,6,17,2,1,421,39,18,35,8,0.834169893,5.8e-7,0,0,0,5670.815165,2.81043731
06F662730,2019,Severe/Fatal,Male,26 - 35,0,0,Urban area,More deprived 10-20%,2,2,1,Single carriageway,30,0,Daylight,0,0,0,Non-trunk,0,0,0,0,Neither,Front,2019-09-16,17:33:00,Monday,Salford,E08000006,Urban,53.509756,-2.309071,E01005675,34.31879583,34,437,65.5,199,142,30.5,613.5,28.5,118,95,40,12.5,7,5.5,5.5,193.5,108,14.52902493,1535.5,105.685,113.5,136,84.5,76,21,5.5,1,0,193.5,0.5,13,34.5,7.5,1,287.5,26.5,9.5,30,9,4.332506655,2.05e-6,0,27,2,13242.96817,8.303524841
06G153149,2019,Severe/Fatal,Male,66 - 75,0,1,Urban area,Most deprived 10%,1,2,1,Single carriageway,30,0,Darkness - lights lit,0,0,0,Non-trunk,0,0,0,0,Neither,Did not impact,2019-01-28,18:12:00,Monday,Tameside,E08000008,Urban,53.456263,-2.120904,E01005992,42.24442675,44,587,187,278,102,20,558,60,88,108,56,4,1,5,7,131,98,23.68833203,1210,51.08,262,166,81,52,16,4,0,2,131,0,2,36,9,5,287,28,9,52,5,0,0,0,12,6,5422.125662,1.626225458
06G155338,2019,Slight,Male,21 - 25,0,0,Urban area,Most deprived 10%,1,2,1,Single carriageway,30,0,Daylight,0,0,0,Non-trunk,1,0,0,0,Neither,Front,2019-03-27,07:52:00,Wednesday,Tameside,E08000008,Urban,53.48441,-2.070019,E01006023,40.43668407,42,800,330,309,120,41,672,131,128,71,79,13,2,4,8,121,115,20.96516884,1577,75.22,351,255,109,58,24,4,1,0,121,1,16,40,10,4,349,40,5,78,7,1.27592832,1.69e-6,1,21,7,9638.89162,6.315982203
06G155840,2019,Slight,Male,46 - 55,0,0,Urban area,More deprived 40-50%,5,2,1,Single carriageway,20,0,Daylight,0,0,0,Non-trunk,0,0,0,0,Neither,Front,2019-04-10,17:15:00,Wednesday,Tameside,E08000008,Urban,53.470001,-2.071005,E01006020,40.666239590000004,40,628,140,247,186,55,737,103,167,108,81,13,6,4,11,135,109,28.99911426,1637,56.45,162,190,131,106,28,9,1,0,135,0,12,24,12,7,432,44,7,55,5,0,0,0,14,3,4222.768672,0.085460401
06G157498,2019,Severe/Fatal,Male,36 - 45,0,0,Urban area,Less deprived 40-50%,6,2,1,Single carriageway,30,0,Daylight,0,0,0,Non-trunk,0,0,0,0,Neither,Front,2019-05-21,09:55:00,Tuesday,Tameside,E08000008,Urban,53.472943,-2.14712,E01005961,36.76449704,36,1108,104,476,436,92,1537,102,225,308,124,22,11,16,9,518,202,14.60552268,2962,202.8,232,358,220,216,61,17,2,3,518,9,25,60,6,0,806,48,12,42,8,1.735143675,8.55e-7,1,19,5,8283.505378,6.13432536
06G157729,2019,Slight,Male,26 - 35,0,0,Urban area,Less deprived 30-40%,7,2,1,Dual carriageway,40,1,Daylight,0,0,0,Non-trunk,0,0,0,0,Neither,Offside,2019-06-06,07:35:00,Thursday,Tameside,E08000008,Urban,53.484702,-2.101395,E01005948,34.93173432,34,1172,702,372,82,16,841,192,130,127,108,10,3,4,9,143,115,23.81393434,2314,97.17,697,223,78,66,39,34,15,18,143,26,13,119,18,2,286,40,19,167,8,4.064870334,4.18e-6,2,102,154,19930.12146,8.239471905
06G158116,2019,Slight,Male,21 - 25,0,0,Urban area,More deprived 10-20%,2,2,1,Single carriageway,20,0,Daylight,0,1,0,Non-trunk,1,0,0,0,Neither,Front,2019-06-19,17:20:00,Wednesday,Tameside,E08000008,Urban,53.498913,-2.08976,E01005934,39.88516746,41,628,148,279,153,48,687,131,110,103,74,7,0,6,6,159,91,52.76610644,1507,28.56,159,241,113,76,26,6,2,4,159,9,8,33,9,1,356,26,6,70,8,0.058146843,2.05e-7,0,8,3,3986.508918,0
06G158763,2019,Slight,Male,26 - 35,0,0,Urban area,More deprived 30-40%,4,2,1,Single carriageway,30,0,Daylight,0,0,0,Non-trunk,0,0,0,0,Neither,Front,2019-06-27,16:31:00,Thursday,Tameside,E08000008,Urban,53.493502,-2.076862,E01005944,38.66972477,38,722,109,316,239,58,976,189,112,121,131,15,8,4,14,254,128,31.94827586,1853,58,151,242,166,122,26,9,5,2,254,7,19,24,7,0,480,37,7,126,14,0.648225659,1.13e-6,0,18,13,4983.021961,1.266831778
06G160881,2019,Slight,Male,16 - 20,1,0,Urban area,Most deprived 10%,1,2,1,Single carriageway,30,0,Darkness - lights lit,1,1,0,Non-trunk,0,0,0,0,Neither,Front,2019-08-27,23:45:00,Tuesday,Tameside,E08000008,Urban,53.503377,-2.105479,E01005954,45.7891492,49,762,275,331,130,26,570,88,118,83,50,11,3,3,3,122,89,35.46704599,1496,42.18,403,179,90,55,23,8,2,2,122,6,4,33,9,0,308,22,12,48,7,0.347126662,8.24e-7,0,15,8,3489.36654,1.481892435
06G161827,2019,Slight,Male,26 - 35,0,0,Urban area,More deprived 20-30%,3,2,1,Single carriageway,30,0,Daylight,0,0,0,Non-trunk,0,0,0,0,Neither,Offside,2019-11-20,08:10:00,Wednesday,Tameside,E08000008,Urban,53.436568,-2.078971,E01006044,44.33109017,47,655,113,261,214,67,658,48,81,121,91,9,2,6,4,205,91,14.38556721,1523,105.87,195,243,101,80,24,6,5,1,205,2,9,20,3,4,358,26,7,21,5,2.165278448,2.06e-6,0,10,2,4505.587691,2.521374331
06G163402,2019,Slight,Male,26 - 35,0,0,Urban area,More deprived 10-20%,2,2,1,Dual carriageway,20,0,Darkness - lighting unknown,0,0,0,Non-trunk,0,0,0,0,Neither,Back,2019-10-23,08:25:00,Wednesday,Tameside,E08000008,Urban,53.478418,-2.113313,E01005951,34.3439759,33,754,278,354,97,25,756,124,127,139,71,11,4,1,4,153,122,17.89879518,1857,103.75,254,203,132,87,45,16,12,8,153,4,13,89,10,2,335,31,15,98,7,4.379786836,4.23e-6,2,22,13,12265.30797,6.041988299
06G165057,2019,Slight,Male,11 - 15,1,0,Urban area,More deprived 20-30%,3,2,1,Single carriageway,20,0,Daylight,0,0,0,Non-trunk,0,0,0,0,Neither,Front,2019-11-25,09:15:00,Monday,Tameside,E08000008,Urban,53.470796,-2.0643030000000002,E01006020,40.666239590000004,40,628,140,247,186,55,737,103,167,108,81,13,6,4,11,135,109,28.99911426,1637,56.45,162,190,131,106,28,9,1,0,135,0,12,24,12,7,432,44,7,55,5,0,0,0,14,3,4222.768672,0.085460401
06G166005,2019,Slight,Male,56 - 65,0,0,Urban area,Most deprived 10%,1,2,1,Dual carriageway,40,0,Darkness - lights lit,1,1,0,Non-trunk,0,0,0,0,Neither,Nearside,2019-11-26,16:40:00,Tuesday,Tameside,E08000008,Urban,53.48026,-2.122344,E01005951,34.3439759,33,754,278,354,97,25,756,124,127,139,71,11,4,1,4,153,122,17.89879518,1857,103.75,254,203,132,87,45,16,12,8,153,4,13,89,10,2,335,31,15,98,7,4.379786836,4.23e-6,2,22,13,12265.30797,6.041988299
06G259585,2019,Severe/Fatal,Male,26 - 35,0,0,Urban area,Most deprived 10%,1,2,1,Single carriageway,30,0,Daylight,0,0,0,Non-trunk,1,0,0,0,Neither,Front,2019-06-29,13:05:00,Saturday,Tameside,E08000008,Urban,53.449513,-2.076316,E01006029,33.13638703,33,715,218,327,137,33,795,119,106,108,125,24,2,7,9,177,118,87.07789284,1934,22.21,209,195,108,88,65,32,12,6,177,2,9,55,16,1,390,53,7,79,7,0,0,0,4,5,4543.737887,0.373871258
06G259720,2019,Slight,Male,56 - 65,0,0,Urban area,More deprived 10-20%,2,2,1,Single carriageway,30,0,Daylight,0,0,0,Non-trunk,1,0,0,0,Neither,Front,2019-08-01,15:49:00,Thursday,Tameside,E08000008,Urban,53.462529,-2.075165,E01006033,35.53419811,34,791,193,377,185,36,880,120,171,97,112,10,6,4,8,222,130,78.5079929,1768,22.52,257,267,138,88,32,5,3,0,222,0,21,24,14,6,459,30,14,79,9,0,0,0,9,3,3710.944244,1.047549399
06G259809,2019,Slight,Male,46 - 55,0,0,Urban area,Less deprived 20-30%,8,2,1,Single carriageway,30,0,Daylight,0,0,0,Non-trunk,0,0,0,0,Neither,Front,2019-07-03,20:24:00,Wednesday,Tameside,E08000008,Urban,53.456454,-2.109158,E01005974,39.25442739,38,819,265,394,133,27,804,105,133,151,77,8,4,4,11,184,127,33.96908251,1692,49.81,313,292,119,68,20,6,1,3,184,1,5,86,3,4,378,45,16,78,9,0.277841269,5.58e-7,0,24,19,7439.926728,2.129865986
06G260380,2019,Slight,Male,11 - 15,1,0,Urban area,More deprived 10-20%,2,2,1,Single carriageway,30,0,Daylight,0,0,0,Non-trunk,0,0,0,0,Neither,Back,2019-08-06,20:35:00,Tuesday,Tameside,E08000008,Urban,53.446262,-2.107897,E01005981,42.64018088,44,801,294,334,137,36,659,65,132,133,72,2,8,8,8,122,109,51.51704723,1647,31.97,362,205,129,64,31,7,4,1,122,0,4,54,8,3,367,43,9,35,8,0.024403475,7.45e-8,0,18,3,2205.082764,0.428320851
06G262883,2019,Severe/Fatal,Male,21 - 25,0,0,Urban area,More deprived 10-20%,2,3,1,Single carriageway,30,0,Daylight,0,1,0,Non-trunk,0,0,0,0,Neither,Nearside,2019-10-10,16:40:00,Thursday,Tameside,E08000008,Urban,53.452406,-2.111783,E01005975,37.83719474,37,692,215,309,128,40,720,94,128,140,63,6,4,5,4,155,121,51.49900067,1546,30.02,238,217,119,83,27,5,2,1,155,0,2,72,5,0,369,34,16,60,4,0.276518778,9.31e-7,0,11,6,3978.834486,0.258840768
06G263486,2019,Severe/Fatal,Female,46 - 55,0,0,Urban area,Less deprived 30-40%,7,2,1,Single carriageway,30,0,Daylight,0,0,0,Non-trunk,0,0,0,0,Neither,Nearside,2019-10-22,07:58:00,Tuesday,Tameside,E08000008,Urban,53.49026,-2.13458,E01005993,43.47376201,48,607,132,278,159,38,643,59,104,126,59,3,5,7,6,168,106,35.43307087,1350,38.1,191,225,89,75,20,7,0,0,168,10,2,33,5,0,359,24,9,30,3,0.906801407,2.39e-6,0,8,0,2902.372559,1.843962444
06G264328,2019,Slight,Male,11 - 15,1,0,Urban area,Most deprived 10%,1,2,1,Single carriageway,20,0,Daylight,1,1,0,Non-trunk,0,0,0,0,Neither,Front,2019-11-11,15:14:00,Monday,Tameside,E08000008,Urban,53.454005,-2.113654,E01005975,37.83719474,37,692,215,309,128,40,720,94,128,140,63,6,4,5,4,155,121,51.49900067,1546,30.02,238,217,119,83,27,5,2,1,155,0,2,72,5,0,369,34,16,60,4,0.276518778,9.31e-7,0,11,6,3978.834486,0.258840768
06G264723,2019,Slight,Male,11 - 15,1,0,Urban area,More deprived 10-20%,2,2,1,Single carriageway,30,0,Daylight,0,0,0,Non-trunk,0,0,0,0,Neither,Front,2019-11-10,13:25:00,Sunday,Tameside,E08000008,Urban,53.4806,-2.161642,E01006003,39.37843269,39,632,184,284,138,26,717,72,145,157,54,7,4,5,5,176,92,85.37946429,1530,17.92,178,215,106,83,35,9,5,0,176,55,5,48,1,4,328,31,15,49,8,0,0,0,12,2,2938.47474,0.430582303
06G358767,2019,Slight,Male,26 - 35,0,0,Urban area,Less deprived 20-30%,8,2,1,Single carriageway,30,0,Daylight,0,1,1,Non-trunk,0,0,0,0,Neither,Front,2019-07-09,17:27:00,Tuesday,Tameside,E08000008,Urban,53.472508,-2.149981,E01005999,36.86330609,36,929,313,416,167,33,1057,91,163,251,96,13,16,10,6,277,134,63.6813027,2190,34.39,308,277,161,110,54,9,6,4,277,53,9,103,6,1,461,44,23,76,8,0.468727837,1.37e-6,1,12,15,3946.73891,1.71195106
06J153548,2019,Slight,Female,46 - 55,0,0,Urban area,Less deprived 30-40%,7,2,1,Single carriageway,30,0,Daylight,0,0,0,Non-trunk,0,0,0,0,Neither,Front,2019-02-11,15:25:00,Monday,Stockport,E08000007,Urban,53.407868,-2.159862,E01005758,40.28343558,40,861,479.5,314,55.5,12,654.5,90,111,98,59,5,3,5,5.5,192,86,27.78151745,1444.5,51.995,488,232.5,95.5,28.5,10,3.5,0,1.5,192,0.5,35,82.5,5.5,1.5,217.5,24.5,14,79.5,4,5.619360184,5.41e-6,0,79,129,15025.43001,6.337720315
06J155220,2019,Slight,Male,26 - 35,0,0,Urban area,Most deprived 10%,1,2,1,Single carriageway,20,0,Daylight,0,0,0,Non-trunk,0,1,0,0,Neither,Front,2019-03-30,17:40:00,Saturday,Stockport,E08000007,Urban,53.398065,-2.176669,E01005765,40.16666667,42,568,86,258,183,41,740,85,99,89,69,14,6,6,4,278,90,57.94117647,1379,23.8,131,212,111,91,20,1,0,0,278,2,15,8,4,4,352,18,16,35,4,1.063487761,4.43e-6,0,5,5,3500.05722,1.121087428
06J155355,2019,Slight,Male,26 - 35,0,0,Urban area,Less deprived 30-40%,7,2,1,Single carriageway,30,0,Darkness - lights unlit,0,0,0,Non-trunk,1,0,0,0,Neither,Back,2019-04-01,20:50:00,Monday,Stockport,E08000007,Urban,53.400315,-2.174572,E01005816,35.28784119,35,707,176,390,112,29,862,101,127,136,68,11,3,3,9,302,102,128.2662284,1561,12.17,220,262,129,62,22,7,4,0,302,1,42,47,10,1,335,33,21,67,6,0.218085389,1.8e-6,0,3,2,2404.465201,0.059426888
06J155744,2019,Slight,Male,16 - 20,1,0,Urban area,More deprived 10-20%,2,2,1,Single carriageway,30,0,Daylight,0,0,0,Non-trunk,0,0,0,0,Neither,Front,2019-04-13,15:11:00,Saturday,Stockport,E08000007,Urban,53.444756,-2.166715,E01005890,35.50256082,36,585,111,297,133,44,685,61,137,136,45,8,3,3,6,163,123,40.32215474,1527,37.87,147,186,105,84,41,14,1,8,163,2,10,44,8,4,354,42,15,36,6,1.195524156,3.15e-6,0,2,3,3029.688937,0.872203216
06J155763,2019,Severe/Fatal,Male,21 - 25,0,0,Urban area,Most deprived 10%,1,2,1,Single carriageway,30,0,Daylight,1,1,0,Non-trunk,0,1,0,0,Neither,Front,2019-04-04,17:25:00,Thursday,Stockport,E08000007,Urban,53.423299,-2.17408,E01005863,43.33205898,44,772,169,316,224,63,904,58,103,139,61,13,7,5,6,429,83,49.59607617,1719,34.66,279,236,103,124,23,2,0,0,429,0,26,34,5,2,318,28,16,38,8,0.486570567,1.4e-6,0,11,5,5081.667607,1.597316653
06J157280,2019,Slight,Male,11 - 15,1,0,Urban area,More deprived 20-30%,3,2,1,Single carriageway,30,0,Daylight,0,0,0,Non-trunk,0,0,0,0,Neither,Back,2019-05-23,18:50:00,Thursday,Stockport,E08000007,Urban,53.400681,-2.193569,E01005818,32.97572816,33,549,108,263,152,26,674,66,131,113,51,14,2,9,6,189,93,54.20054201,1400,25.83,130,178,123,82,20,11,4,3,189,1,5,20,4,3,334,35,15,62,8,1.011374015,3.87e-6,0,6,4,3540.629673,1.451090658
06J158820,2019,Slight,Male,21 - 25,0,0,Urban area,Less deprived 30-40%,7,2,1,Single carriageway,30,0,Daylight,0,0,0,Non-trunk,1,0,0,0,Neither,Front,2019-05-28,08:20:00,Tuesday,Stockport,E08000007,Urban,53.409521,-2.201868,E01005857,37.95026525,38,619,75,274,209,61,704,41,96,110,59,14,5,9,8,274,88,37.22527473,1626,43.68,189,172,85,95,45,16,11,8,274,6,7,14,10,0,321,25,13,21,12,1.748836038,3.97e-6,0,4,3,5112.775453,1.16962718
06J159013,2019,Slight,Male,36 - 45,0,0,Urban area,Most deprived 10%,1,2,1,Single carriageway,30,0,Daylight,0,0,0,Non-trunk,0,0,0,0,Neither,Front,2019-11-19,14:50:00,Tuesday,Stockport,E08000007,Urban,53.414548,-2.151657,E01005758,40.28343558,40,861,479.5,314,55.5,12,654.5,90,111,98,59,5,3,5,5.5,192,86,27.78151745,1444.5,51.995,488,232.5,95.5,28.5,10,3.5,0,1.5,192,0.5,35,82.5,5.5,1.5,217.5,24.5,14,79.5,4,5.619360184,5.41e-6,0,79,129,15025.43001,6.337720315
06J159557,2019,Slight,Male,56 - 65,0,0,Urban area,More deprived 10-20%,2,2,1,Single carriageway,30,0,Daylight,1,1,0,Non-trunk,0,0,0,0,Neither,Front,2019-07-28,18:40:00,Sunday,Stockport,E08000007,Urban,53.411984,-2.18488,E01005853,37.22930316,39,670,150,327,159,34,774,87,117,130,53,13,3,5,5,237,124,36.7965368,1615,43.89,211,198,106,98,40,9,5,2,237,4,5,41,5,4,364,32,11,61,11,2.341870757,5.37e-6,0,11,3,5278.130566,2.113302278
06J160260,2019,Slight,Male,46 - 55,0,0,Urban area,Less deprived 40-50%,6,2,1,Single carriageway,30,0,Daylight,0,0,0,Non-trunk,0,0,0,0,Neither,Front,2019-08-13,17:00:00,Tuesday,Stockport,E08000007,Urban,53.425852,-2.154436,E01005914,41.79928826,44,673,165,318,150,40,722,109,93,119,63,9,2,9,10,207,101,32.90786725,1418,43.09,248,220,118,66,15,5,1,0,207,0,7,45,7,2,361,29,16,37,9,0,0,0,6,1,914.279647,1.338656622
06J160953,2019,Slight,Male,16 - 20,1,0,Urban area,Most deprived 10%,1,2,1,Single carriageway,30,0,Darkness - lights lit,0,0,0,Non-trunk,0,0,0,0,Neither,Nearside,2019-08-29,05:50:00,Thursday,Stockport,E08000007,Urban,53.424274,-2.164573,E01005916,37.86412023,36,724,171,361,161,31,848,96,102,174,63,10,3,6,8,284,102,41.49100257,1614,38.9,240,269,107,67,32,5,1,3,284,0,13,75,5,5,352,29,20,56,11,0.531245734,1.36e-6,0,11,14,3713.229782,1.95052741
06J161024,2019,Slight,Male,36 - 45,0,0,Urban area,More deprived 40-50%,5,2,1,Single carriageway,30,0,Daylight,0,0,0,Non-trunk,0,0,0,0,Neither,Offside,2019-08-21,07:40:00,Wednesday,Stockport,E08000007,Urban,53.428367,-2.175349,E01005866,38.26239908,38,794,221,353,178,42,951,75,110,166,65,8,0,11,5,424,87,57.85095321,1669,28.85,344,226,90,87,38,3,5,1,424,5,22,64,9,0,322,21,23,54,7,0.896474388,3.17e-6,1,16,9,6284.819811,2.488240772
06J161780,2019,Slight,Female,26 - 35,0,0,Urban area,More deprived 10-20%,2,2,1,Dual carriageway,30,0,Daylight,0,0,0,Non-trunk,0,0,0,0,Neither,Front,2019-09-19,12:15:00,Thursday,Stockport,E08000007,Urban,53.395962,-2.149877,E01005797,36.86182833,36,677,193,360,107,17,786,97,148,79,63,14,3,4,3,292,83,74.97348887,1414,18.86,240,245,118,62,11,3,0,1,292,1,17,52,6,1,304,25,19,67,2,0.843361435,4.53e-6,0,6,5,3410.666663,1.17434116
06J163018,2019,Slight,Male,26 - 35,0,0,Urban area,Most deprived 10%,1,2,1,Single carriageway,30,0,Daylight,0,1,0,Non-trunk,0,0,0,0,Neither,Offside,2019-10-12,14:00:00,Saturday,Stockport,E08000007,Urban,53.400555,-2.193719,E01005819,39.54413619,40,653,81,271,239,62,868,69,152,133,74,13,7,8,0,314,98,26.57004831,1595,60.03,155,235,128,107,16,9,0,2,314,2,5,21,4,1,428,31,10,38,12,0.102383564,1.73e-7,0,3,5,2351.428082,2.124144854
06J164819,2019,Severe/Fatal,Male,26 - 35,0,0,Urban area,Most deprived 10%,1,2,1,Single carriageway,30,0,Darkness - lights lit,1,1,0,Non-trunk,0,0,0,0,Neither,Front,2019-11-05,18:22:00,Tuesday,Stockport,E08000007,Urban,53.3931,-2.166122,E01005759,36.96365839,38,727,125,354,199,49,881,96,186,112,80,11,7,4,4,259,122,52.85219036,1677,31.73,203,265,145,77,30,4,3,1,259,2,12,31,9,2,454,31,22,53,7,1.473142452,4.57e-6,0,7,2,5328.431569,2.060713258
06J166465,2019,Slight,Female,26 - 35,0,0,Urban area,More deprived 10-20%,2,2,1,Single carriageway,30,0,Darkness - lights lit,0,1,0,Non-trunk,0,1,1,0,In carriageway,Nearside,2019-12-22,20:10:00,Sunday,Stockport,E08000007,Urban,53.400456,-2.193854,E01005819,39.54413619,40,653,81,271,239,62,868,69,152,133,74,13,7,8,0,314,98,26.57004831,1595,60.03,155,235,128,107,16,9,0,2,314,2,5,21,4,1,428,31,10,38,12,0.102383564,1.73e-7,0,3,5,2351.428082,2.124144854
06J166731,2019,Slight,Male,46 - 55,0,0,Urban area,Less deprived 10-20%,9,2,1,Single carriageway,30,0,Darkness - lights lit,1,1,0,Non-trunk,0,0,0,0,Neither,Front,2019-11-28,17:50:00,Thursday,Stockport,E08000007,Urban,53.406702,-2.143175,E01005872,38.51260997,38,797,194,415,159,29,877,131,154,115,62,12,3,3,6,252,139,61.25790845,1646,26.87,303,282,122,60,24,2,2,2,252,1,13,36,6,3,423,38,19,77,11,1.011588196,3.68e-6,0,7,4,3755.717065,1.271811685
06J253453,2019,Slight,Male,36 - 45,0,0,Small town,Less deprived 20-30%,8,2,1,Single carriageway,30,0,Darkness - lights lit,0,0,0,Non-trunk,0,0,0,0,Neither,Front,2019-02-12,07:20:00,Tuesday,Stockport,E08000007,Urban,53.362638,-2.061915,E01005906,53.71502209,59,634,62,261,219,92,539,19,43,79,86,12,6,2,4,228,60,15.0666247,1436,95.31,176,302,64,70,20,1,1,0,228,0,4,11,0,1,250,16,4,22,6,0.133929341,1.41e-7,0,15,0,6612.141233,1.95465452
06J254891,2019,Slight,Male,21 - 25,0,0,Urban area,More deprived 30-40%,4,2,1,Single carriageway,40,1,Daylight,0,0,0,Non-trunk,0,0,0,0,Neither,Front,2019-03-23,16:29:00,Saturday,Stockport,E08000007,Urban,53.365599,-2.126117,E01005807,45.8697644,50,626,53,219,277,77,706,82,67,87,82,20,9,4,2,258,95,23.12397434,1550,67.03,137,250,102,105,27,3,2,1,258,0,5,6,1,1,359,20,10,39,4,0.002038392,3.04e-9,0,9,0,11209.99965,2.791460709
06J258842,2019,Slight,Male,11 - 15,1,0,Urban area,More deprived 30-40%,4,2,1,Single carriageway,30,1,Daylight,0,0,0,Non-trunk,0,0,0,0,Neither,Offside,2019-06-19,14:51:00,Wednesday,Stockport,E08000007,Urban,53.368917,-2.133686,E01005806,44.940545,48,496,47,209,189,51,575,65,77,70,78,8,4,3,2,197,71,16.07312119,1187,73.85,113,195,102,62,23,3,1,0,197,1,3,7,3,0,288,26,8,31,10,0.104619477,1.43e-7,0,25,16,3367.467635,1.714513252
06J259064,2019,Slight,Male,56 - 65,0,0,Urban area,Less deprived 10-20%,9,2,1,Dual carriageway,50,0,Daylight,0,0,0,Non-trunk,0,0,0,0,Neither,Front,2019-11-19,14:06:00,Tuesday,Stockport,E08000007,Urban,53.365297,-2.114094,E01005842,46.5133292,50,657,70,244,257,86,715,35,88,108,85,13,5,6,3,269,103,4.582343053,1581,345.02,143,268,116,96,29,3,2,0,269,0,6,12,2,2,364,16,10,29,6,2.563037854,7.41e-7,0,19,0,19209.5733,8.009905156
06J259114,2019,Slight,Female,6 - 10,1,0,Urban area,Most deprived 10%,1,2,1,Single carriageway,30,0,Daylight,0,0,0,Non-trunk,0,0,0,0,Neither,Front,2019-07-03,16:35:00,Wednesday,Stockport,E08000007,Urban,53.396137,-2.122432,E01005826,39.20884049,39,633,220,290,100,23,599,114,133,86,56,7,0,1,6,96,100,61.16173121,1611,26.34,200,168,115,97,30,22,3,1,96,1,9,59,11,4,295,40,17,67,4,0,0,0,13,4,1227.058523,0.270083446
06J259370,2019,Slight,Male,36 - 45,0,0,Urban area,Least deprived 10%,10,2,1,Single carriageway,60,1,Daylight,0,0,0,Non-trunk,1,0,0,0,Neither,Front,2019-11-19,07:50:00,Tuesday,Stockport,E08000007,Rural,53.366446,-2.094411,E01005842,46.5133292,50,657,70,244,257,86,715,35,88,108,85,13,5,6,3,269,103,4.582343053,1581,345.02,143,268,116,96,29,3,2,0,269,0,6,12,2,2,364,16,10,29,6,2.563037854,7.41e-7,0,19,0,19209.5733,8.009905156
06J260945,2019,Slight,Male,36 - 45,0,0,Small town,Less deprived 20-30%,8,2,1,Single carriageway,30,0,Daylight,0,0,0,Non-trunk,0,0,0,0,Neither,Offside,2019-08-23,07:20:00,Friday,Stockport,E08000007,Urban,53.364304,-2.072181,E01005907,52.60188542,58,619,63,268,228,60,554,23,65,85,96,17,4,5,5,180,74,15.30600659,1348,88.07,190,263,74,69,17,3,2,0,180,0,8,13,2,3,294,17,6,25,5,0.925506122,1.05e-6,0,24,1,4184.98585,1.260603111
06J265871,2019,Slight,Male,21 - 25,0,0,Urban area,More deprived 10-20%,2,2,1,Single carriageway,30,0,Darkness - lights lit,1,1,0,Non-trunk,0,0,0,0,Neither,Front,2019-12-10,16:10:00,Tuesday,Stockport,E08000007,Urban,53.413337,-2.096816,E01005899,49.6495782,52,751,180,320,194,57,649,49,92,80,88,7,3,3,2,227,98,20.57179161,1619,78.7,298,250,95,86,17,4,1,0,227,0,19,20,5,3,318,21,4,36,3,2.83297488,3.62e-6,0,10,1,6070.4593,3.204918774
06J352234,2019,Slight,Female,36 - 45,0,0,Urban area,Most deprived 10%,1,2,1,Single carriageway,30,1,Daylight,0,0,0,Non-trunk,1,0,0,0,Neither,Nearside,2019-01-08,08:25:00,Tuesday,Stockport,E08000007,Rural,53.379234,-2.219734,E01005844,42.27539936,43,547,62,228,178,79,625,37,74,87,101,20,3,6,12,209,76,18.61695731,1548,83.15,150,159,77,87,41,20,6,7,209,1,14,11,5,1,325,22,8,20,11,2.529119153,3.04e-6,0,7,15,9825.930145,0.403861471
06J352678,2019,Slight,Male,26 - 35,0,0,Urban area,More deprived 30-40%,4,2,1,Single carriageway,30,0,Darkness - lights lit,0,1,0,Non-trunk,0,0,0,0,Neither,Front,2019-01-20,00:30:00,Sunday,Stockport,E08000007,Urban,53.372488,-2.160496,E01005930,44.84223759,49,598,23,187,286,102,699,36,85,72,78,9,3,5,0,363,48,17.07193,1678,98.29,86,247,106,113,36,7,1,2,363,0,7,5,3,2,258,25,9,26,3,0.441935003,4.53e-7,0,10,1,5484.00305,2.185161516
06J352743,2019,Slight,Male,26 - 35,0,0,Urban area,Less deprived 40-50%,6,2,1,Single carriageway,30,1,Daylight,0,1,0,Non-trunk,0,0,0,0,Neither,Front,2019-01-06,13:50:00,Sunday,Stockport,E08000007,Urban,53.348952,-2.17576,E01005926,44.06598985,47,858,28,269,419,142,1207,25,95,180,160,30,15,7,18,594,83,3.892834199,2242,575.93,157,315,164,181,30,9,1,1,594,3,7,8,1,0,529,31,7,9,12,0,0,0,21,2,16323.09168,4.659610079
06J352852,2019,Slight,Male,56 - 65,0,0,Urban area,Less deprived 30-40%,7,2,1,Single carriageway,30,0,Daylight,1,1,0,Non-trunk,0,0,0,0,Neither,Front,2019-01-22,08:15:00,Tuesday,Stockport,E08000007,Urban,53.394564,-2.185271,E01005780,36.18902439,36,565,64,241,208,52,779,76,123,88,65,15,6,6,7,282,111,49.89919355,1485,29.76,113,184,121,112,25,7,1,1,282,0,5,10,4,3,379,26,19,46,5,0.739562078,2.44e-6,0,2,3,3827.703887,0.395244457
06J354824,2019,Slight,Female,21 - 25,0,0,Urban area,Least deprived 10%,10,2,1,Single carriageway,30,1,Daylight,0,1,0,Non-trunk,0,0,0,0,Neither,Front,2019-03-17,11:00:00,Sunday,Stockport,E08000007,Urban,53.360336,-2.184972,E01005794,43.49066468,46,501,45,198,201,57,590,42,65,67,54,13,4,7,5,283,50,45.27292187,1269,28.03,109,176,90,94,26,3,0,0,283,6,6,9,0,0,243,11,4,22,6,0,0,0,2,4,4271.103132,0
06J355247,2019,Slight,Male,36 - 45,0,0,Urban area,Less deprived 30-40%,7,2,1,Single carriageway,30,0,Darkness - lights lit,0,0,0,Non-trunk,0,0,0,0,Neither,Front,2019-03-21,19:45:00,Thursday,Stockport,E08000007,Urban,53.39519,-2.208718,E01005769,41.45586207,39,785,128,441,183,33,839,57,112,144,66,14,5,11,5,352,73,11.42352422,1552,135.86,316,316,87,42,19,5,0,0,352,8,11,21,3,1,354,22,21,37,7,2.043284173,1.5e-6,0,15,21,4940.322276,6.352309279
06J356272,2019,Slight,Male,6 - 10,1,0,Urban area,Least deprived 10%,10,2,1,Single carriageway,30,0,Daylight,0,0,0,Non-trunk,0,1,0,0,Neither,Front,2019-05-03,17:53:00,Friday,Stockport,E08000007,Urban,53.364668,-2.153464,E01005809,43.02631579,45,500,21,211,206,62,572,33,71,75,78,12,7,2,3,238,53,8.808736887,1226,139.18,127,163,99,83,19,4,3,0,238,0,9,2,0,1,272,15,4,24,5,0,0,0,11,11,8459.288068,0.83055143
06J356752,2019,Severe/Fatal,Male,26 - 35,0,0,Rural,More deprived 40-50%,5,2,1,Roundabout,30,0,Daylight,0,0,0,Non-trunk,0,0,0,0,Neither,Front,2019-05-15,07:25:00,Wednesday,Stockport,E08000007,Rural,53.380369,-2.218327,E01005784,42.92239011,45,547,40,184,254,69,644,39,74,90,63,11,5,10,9,282,61,13.96914446,1494,106.95,105,189,88,109,41,10,3,3,282,1,6,7,2,1,293,14,14,15,8,1.464053494,1.36e-6,0,15,16,14224.95709,2.196719833
06J359395,2019,Slight,Male,36 - 45,0,0,Urban area,Least deprived 10%,10,2,1,Roundabout,30,0,Daylight,0,0,0,Non-trunk,0,0,0,0,Neither,Offside,2019-11-19,09:20:00,Tuesday,Stockport,E08000007,Rural,53.380333,-2.218402,E01005784,42.92239011,45,547,40,184,254,69,644,39,74,90,63,11,5,10,9,282,61,13.96914446,1494,106.95,105,189,88,109,41,10,3,3,282,1,6,7,2,1,293,14,14,15,8,1.464053494,1.36e-6,0,15,16,14224.95709,2.196719833
06J359959,2019,Slight,Male,36 - 45,0,0,Urban area,More deprived 30-40%,4,2,1,Dual carriageway,40,0,Daylight,0,0,0,Non-trunk,0,0,0,0,Neither,Front,2019-07-30,09:28:00,Tuesday,Stockport,E08000007,Urban,53.391895,-2.226492,E01005772,40.81723419,43,569,87,212,194,76,677,41,70,126,62,15,3,3,6,289,62,35.17930095,1550,44.06,146,168,97,78,54,12,10,6,289,1,4,8,6,2,297,29,10,21,11,1.038419256,2.34e-6,0,9,1,7667.708678,1.433591456
06J361170,2019,Slight,Male,46 - 55,0,0,Urban area,Least deprived 10%,10,2,1,Single carriageway,30,1,Daylight,0,0,0,Non-trunk,0,0,0,0,Neither,Did not impact,2019-08-26,19:00:00,Monday,Stockport,E08000007,Urban,53.354271,-2.164769,E01005925,47.52254098,50,609,105,222,199,83,593,32,63,71,62,17,4,6,5,297,36,25.03052503,1435,57.33,196,199,89,98,20,4,3,0,297,0,10,7,0,2,226,13,3,27,9,0.3293221,5.72e-7,1,17,2,11596.83216,1.8621960339999999
06J362311,2019,Slight,Male,46 - 55,0,0,Urban area,Most deprived 10%,1,2,1,Roundabout,30,0,Daylight,0,0,0,Non-trunk,0,0,0,0,Neither,Offside,2019-09-06,17:10:00,Friday,Stockport,E08000007,Rural,53.380262,-2.217725,E01005784,42.92239011,45,547,40,184,254,69,644,39,74,90,63,11,5,10,9,282,61,13.96914446,1494,106.95,105,189,88,109,41,10,3,3,282,1,6,7,2,1,293,14,14,15,8,1.464053494,1.36e-6,0,15,16,14224.95709,2.196719833
06J362459,2019,Slight,Male,16 - 20,1,0,Urban area,More deprived 20-30%,3,2,1,Single carriageway,20,0,Daylight,1,1,0,Non-trunk,0,0,0,0,Neither,Nearside,2019-09-30,16:40:00,Monday,Stockport,E08000007,Urban,53.395913,-2.196165,E01005778,42.0399729,43,603,90,272,193,48,762,71,122,116,68,12,2,4,4,279,84,43.12404288,1408,32.65,166,222,116,77,20,4,1,0,279,5,4,26,4,3,354,26,9,50,6,0.70612792,2.19e-6,0,5,6,4022.700335,1.039242642
06J362618,2019,Slight,Male,56 - 65,0,0,Urban area,Less deprived 40-50%,6,2,1,Roundabout,30,0,Darkness - lights lit,0,0,0,Non-trunk,0,0,0,0,Neither,Back,2019-09-19,06:05:00,Thursday,Stockport,E08000007,Rural,53.380369,-2.218252,E01005784,42.92239011,45,547,40,184,254,69,644,39,74,90,63,11,5,10,9,282,61,13.96914446,1494,106.95,105,189,88,109,41,10,3,3,282,1,6,7,2,1,293,14,14,15,8,1.464053494,1.36e-6,0,15,16,14224.95709,2.196719833
06J364464,2019,Severe/Fatal,Male,46 - 55,0,0,Urban area,Less deprived 40-50%,6,2,1,Single carriageway,30,0,Darkness - lights lit,0,1,0,Non-trunk,1,0,0,0,Neither,Back,2019-11-21,19:42:00,Thursday,Stockport,E08000007,Urban,53.385947,-2.210628,E01005784,42.92239011,45,547,40,184,254,69,644,39,74,90,63,11,5,10,9,282,61,13.96914446,1494,106.95,105,189,88,109,41,10,3,3,282,1,6,7,2,1,293,14,14,15,8,1.464053494,1.36e-6,0,15,16,14224.95709,2.196719833
06J364802,2019,Slight,Male,11 - 15,1,0,Urban area,Less deprived 20-30%,8,2,1,Single carriageway,30,0,Darkness - lights lit,0,0,0,Non-trunk,0,0,0,0,Neither,Front,2019-11-20,16:24:00,Wednesday,Stockport,E08000007,Urban,53.39202,-2.235815,E01005770,43.70874425,46,635,121,256,218,40,640,33,67,107,51,7,8,3,5,297,62,46.62099035,1497,32.11,204,198,97,95,28,12,2,0,297,6,11,10,3,0,265,10,6,30,2,0.396272081,1.23e-6,0,7,10,2986.159054,1.163082988
06J365275,2019,Slight,Male,36 - 45,0,0,Urban area,Least deprived 10%,10,2,1,One way street,30,0,Daylight,1,1,0,Non-trunk,0,0,0,0,Neither,Offside,2019-12-13,15:01:00,Friday,Stockport,E08000007,Urban,53.395264,-2.212824,E01005774,42.67253751,45,728,234,301,150,43,646,73,95,109,63,10,0,6,7,196,87,24.75231703,1549,62.58,327,180,93,98,23,6,2,0,196,3,1,21,4,1,317,26,16,54,6,0.464917285,7.51e-7,0,2,15,5626.622738,1.162286922
06J462215,2019,Slight,Male,36 - 45,0,0,Urban area,Less deprived 20-30%,8,2,1,Single carriageway,30,0,Daylight,0,0,0,Non-trunk,1,0,0,0,Neither,Did not impact,2019-09-15,17:15:00,Sunday,Stockport,E08000007,Urban,53.418809,-2.171248,E01005916,37.86412023,36,724,171,361,161,31,848,96,102,174,63,10,3,6,8,284,102,41.49100257,1614,38.9,240,269,107,67,32,5,1,3,284,0,13,75,5,5,352,29,20,56,11,0.531245734,1.36e-6,0,11,14,3713.229782,1.95052741
06K152940,2019,Slight,Male,36 - 45,0,0,Urban area,Most deprived 10%,1,2,1,Single carriageway,30,1,Darkness - lighting unknown,0,0,0,Non-trunk,0,0,0,0,Neither,Offside,2019-01-25,19:12:00,Friday,Bolton,E08000001,Urban,53.585036,-2.430071,E01033220,34.03192848,33,736,430,247,51,8,469,102,50,63,65,20,4,1,9,68,87,14.27019983,1314,92.08,441,161,60,31,23,9,5,5,68,0,25,55,16,3,189,26,8,68,10,3.388058386,3.69e-6,0,24,8,10729.17752,6.765796551
06K157672,2019,Slight,Female,26 - 35,0,0,Urban area,More deprived 10-20%,2,2,1,Single carriageway,30,0,Daylight,0,0,0,Non-trunk,0,1,0,0,Neither,Front,2019-05-24,13:30:00,Friday,Bolton,E08000001,Urban,53.565688,-2.446317,E01004829,33.83617021,33,480,168,218,72,22,538,139,66,54,53,20,2,4,4,99,97,71.7519685,1458,20.32,120,109,83,66,55,35,11,6,99,0,11,21,21,0,248,34,2,95,9,0.293479865,1.44e-6,0,8,3,2740.355355,0.542718749
06K163102,2019,Slight,Female,36 - 45,0,0,Urban area,Most deprived 10%,1,3,1,Single carriageway,30,0,Darkness - lighting unknown,0,0,0,Non-trunk,0,1,0,0,Neither,Offside,2019-11-25,05:54:00,Monday,Bolton,E08000001,Urban,53.574073,-2.426954,E01004848,37.41883304,33,779,458,263,43,15,636,164,84,77,90,25,5,1,4,101,85,23.96239395,2090,87.22,404,161,77,56,31,27,14,11,101,0,34,60,23,1,231,43,20,113,10,3.87064219,4.41e-6,1,96,64,13337.0054,6.750953205
06K164394,2019,Slight,Male,26 - 35,0,0,Urban area,More deprived 20-30%,3,2,1,Single carriageway,30,0,Darkness - lighting unknown,0,1,0,Non-trunk,0,0,0,0,Neither,Back,2019-11-09,18:30:00,Saturday,Bolton,E08000001,Urban,53.576399,-2.449541,E01004871,30.36668629,27,509,162,236,89,22,544,117,69,64,50,22,2,4,13,59,144,90.52369077,1815,20.05,120,81,80,65,62,39,34,28,59,0,17,30,20,1,294,43,7,67,5,0,0,0,5,7,1956.618193,1.426658978
06K165372,2019,Severe/Fatal,Male,56 - 65,0,0,Urban area,More deprived 40-50%,5,2,1,Single carriageway,30,0,Daylight,0,0,0,Non-trunk,0,0,0,0,Neither,Front,2019-12-08,15:10:00,Sunday,Bolton,E08000001,Urban,53.591931,-2.477414,E01004841,32.46232877,31,656,298,255,78,25,553,26,144,76,64,17,1,4,2,92,127,43.74843398,1746,39.91,200,163,120,85,48,23,11,7,92,0,6,74,11,1,266,54,11,33,4,1.348040686,3.36e-6,0,13,3,4967.396563,0.594515629
06K165975,2019,Slight,Male,16 - 20,1,0,Urban area,Most deprived 10%,1,2,1,Single carriageway,30,0,Darkness - lighting unknown,1,1,0,Non-trunk,0,0,0,0,Neither,Front,2019-11-07,15:30:00,Thursday,Bolton,E08000001,Urban,53.573625,-2.433897,E01004848,37.41883304,33,779,458,263,43,15,636,164,84,77,90,25,5,1,4,101,85,23.96239395,2090,87.22,404,161,77,56,31,27,14,11,101,0,34,60,23,1,231,43,20,113,10,3.87064219,4.41e-6,1,96,64,13337.0054,6.750953205
06K255036,2019,Severe/Fatal,Male,36 - 45,0,0,Urban area,More deprived 20-30%,3,2,1,Single carriageway,30,0,Daylight,0,0,0,Non-trunk,0,0,0,0,Neither,Did not impact,2019-03-21,18:04:00,Thursday,Bolton,E08000001,Urban,53.598401,-2.43276,E01004766,41.55455093,42,805,278,320,157,50,678,85,122,93,71,33,5,5,4,153,107,32.16918898,1658,51.54,367,210,105,76,36,9,3,0,153,0,9,22,23,1,372,38,4,47,9,1.949305961,3.81e-6,0,11,6,8586.982785,1.849813187
06K256262,2019,Severe/Fatal,Male,26 - 35,0,0,Urban area,More deprived 30-40%,4,2,1,Single carriageway,30,0,Daylight,0,0,0,Non-trunk,0,0,0,0,Neither,Did not impact,2019-05-03,17:51:00,Friday,Bolton,E08000001,Urban,53.587363,-2.529058,E01004886,41.00305344,42,622,182,278,126,36,631,107,41,133,58,33,4,3,8,153,91,58.84582982,1397,23.74,215,202,108,66,27,4,1,0,153,1,7,37,7,4,309,26,10,73,3,0.864306327,3.6e-6,0,10,3,2676.643871,0.618788633
06K257975,2019,Slight,Female,46 - 55,0,0,Urban area,More deprived 10-20%,2,2,1,Dual carriageway,30,0,Daylight,0,0,0,Non-trunk,0,0,0,0,Neither,Front,2019-06-21,07:48:00,Friday,Bolton,E08000001,Urban,53.588595,-2.430319,E01004822,35.49725107,35,610,248,237,102,23,560,119,72,61,72,43,3,2,5,84,99,59.15627996,1851,31.29,206,92,84,79,76,43,16,14,84,0,9,30,18,0,297,38,3,73,9,1.002146719,3.19e-6,0,12,1,3883.871955,1.727054
06K258082,2019,Slight,Male,11 - 15,1,0,Urban area,More deprived 30-40%,4,2,1,Single carriageway,30,0,Daylight,0,0,0,Non-trunk,0,0,0,0,Neither,Front,2019-06-20,20:10:00,Thursday,Bolton,E08000001,Urban,53.581462,-2.389918,E01004796,40.72960822,41,669,151,271,200,47,746,65,180,92,90,14,2,2,7,163,131,30.88984712,1576,51.02,208,203,131,87,31,7,1,2,163,3,2,38,12,1,414,34,6,56,16,1.412956499,2.77e-6,0,14,4,5244.303453,1.201573865
06K258435,2019,Slight,Male,46 - 55,0,0,Urban area,Less deprived 20-30%,8,2,1,Single carriageway,30,0,Daylight,0,0,0,Non-trunk,0,0,0,0,Neither,Front,2019-06-27,15:40:00,Thursday,Bolton,E08000001,Urban,53.587345,-2.529073,E01004886,41.00305344,42,622,182,278,126,36,631,107,41,133,58,33,4,3,8,153,91,58.84582982,1397,23.74,215,202,108,66,27,4,1,0,153,1,7,37,7,4,309,26,10,73,3,0.864306327,3.6e-6,0,10,3,2676.643871,0.618788633
06K261262,2019,Slight,Male,11 - 15,1,0,Urban area,Less deprived 40-50%,6,2,1,Single carriageway,60,1,Daylight,0,0,0,Non-trunk,1,0,0,0,Neither,Offside,2019-08-04,19:45:00,Sunday,Bolton,E08000001,Rural,53.582899,-2.565586,E01004780,40.42677824,42,978,101,416,360,101,1192,73,109,173,173,76,19,5,12,382,170,3.665785468,2288,624.15,267,350,192,125,38,7,1,0,382,0,15,14,11,4,670,40,6,41,10,5.092545477,8.18e-7,1,30,1,18462.41317,14.08133513
06K262118,2019,Slight,Male,36 - 45,0,0,Urban area,More deprived 40-50%,5,2,1,Single carriageway,30,0,Daylight,0,0,0,Non-trunk,1,0,0,0,Neither,Back,2019-10-15,19:00:00,Tuesday,Bolton,E08000001,Urban,53.568907,-2.460348,E01004838,33.55608974,32,652,238,286,99,29,620,95,165,52,56,24,5,0,3,102,118,24.9070632,2010,80.7,181,159,87,82,61,43,26,13,102,0,10,43,21,1,312,57,6,60,8,2.003841918,2.49e-6,0,14,6,9242.205273,3.000822055
06K263389,2019,Severe/Fatal,Male,66 - 75,0,1,Urban area,More deprived 10-20%,2,2,1,Single carriageway,30,1,Daylight,0,0,0,Non-trunk,0,0,0,0,Neither,Nearside,2019-10-12,12:00:00,Saturday,Bolton,E08000001,Urban,53.580314,-2.408062,E01004932,38.89921977,38,723,228,341,130,24,717,127,124,89,84,25,2,2,6,139,119,28.01512287,1482,52.9,290,238,109,57,15,8,2,3,139,3,6,41,28,3,376,48,3,63,6,1.401469316,2.62e-6,0,8,0,1072.907469,2.009236018
06K263627,2019,Slight,Male,26 - 35,0,0,Urban area,Less deprived 10-20%,9,2,1,Single carriageway,40,0,Darkness - lights lit,0,0,0,Non-trunk,0,0,0,0,Neither,Nearside,2019-10-29,06:50:00,Tuesday,Bolton,E08000001,Urban,53.600985,-2.429251,E01004767,39.6272382,38,857,231,410,164,52,878,129,135,114,101,39,4,6,6,212,132,36.24856157,1890,52.14,348,258,119,62,41,14,7,5,212,3,14,24,20,3,454,58,5,74,14,0.330554968,6.34e-7,0,13,6,5863.798923,2.020146675
06K263968,2019,Severe/Fatal,Male,46 - 55,0,0,Urban area,More deprived 40-50%,5,2,1,Roundabout,30,0,Daylight,1,1,0,Non-trunk,0,0,0,0,Neither,Front,2019-09-03,06:50:00,Tuesday,Bolton,E08000001,Urban,53.590802,-2.478746,E01004840,41.96871166,45,722,103,311,234,74,765,29,159,87,97,33,9,5,2,253,91,4.152017412,1736,418.11,212,272,93,92,33,14,1,5,253,0,7,23,6,3,403,39,6,16,9,4.547097875,1.09e-6,0,23,3,14316.32252,4.074199375
06K266390,2019,Slight,Male,36 - 45,0,0,Urban area,Least deprived 10%,10,2,1,Roundabout,30,0,Darkness - lights lit,1,1,0,Non-trunk,0,0,0,0,Neither,Back,2019-11-04,18:26:00,Monday,Bolton,E08000001,Urban,53.601709,-2.554684,E01004777,42.18913613,43,790,200,355,201,34,836,107,64,165,87,69,13,5,13,190,123,50.13092814,1723,34.37,295,252,136,79,20,6,2,0,190,0,9,35,5,2,448,42,9,83,8,0.40802653,1.18e-6,0,9,6,5065.033806,1.541285592
06K352373,2019,Slight,Male,26 - 35,0,0,Urban area,Less deprived 30-40%,7,2,1,Roundabout,40,0,Daylight,0,0,0,Non-trunk,1,0,0,0,Neither,Nearside,2019-01-08,15:25:00,Tuesday,Bolton,E08000001,Urban,53.543175,-2.450441,E01004833,42.24183417,45,644,88,295,188,73,745,89,133,78,71,25,7,5,8,189,140,2.776013789,1530,551.15,180,225,120,72,30,12,2,2,189,2,6,18,12,0,408,38,6,56,5,6.431979495,1.17e-6,0,27,1,9697.939326,9.205973769
06K354234,2019,Slight,Male,16 - 20,1,0,Urban area,Most deprived 10%,1,2,1,Single carriageway,30,0,Daylight,0,0,0,Non-trunk,1,0,0,0,Neither,Front,2019-02-25,06:45:00,Monday,Bolton,E08000001,Urban,53.554831,-2.400209,E01004857,33.3471629,31,665,221,291,114,39,714,102,160,80,80,11,4,4,7,119,147,50.33077534,1902,37.79,184,191,102,92,38,19,21,20,119,1,15,48,32,6,347,50,9,80,8,0.413723545,1.1e-6,1,18,3,5239.883734,2.404623997
06K355213,2019,Slight,Female,46 - 55,0,0,Urban area,More deprived 40-50%,5,2,1,Single carriageway,40,0,Daylight,0,0,0,Non-trunk,0,0,0,0,Neither,Front,2019-03-31,10:35:00,Sunday,Bolton,E08000001,Rural,53.568447,-2.546036,E01004776,39.47979798,41,826,148,400,215,63,929,93,113,184,89,42,8,5,12,242,141,3.402364102,1822,535.51,276,280,137,97,30,5,1,0,242,0,19,16,6,4,509,51,8,67,8,5.179899474,9.66e-7,0,22,3,11968.95234,4.953827141
06K355839,2019,Slight,Male,36 - 45,0,0,Urban area,More deprived 20-30%,3,2,1,Roundabout,40,0,Daylight,0,0,0,Non-trunk,0,0,0,0,Neither,Front,2019-04-19,13:16:00,Friday,Bolton,E08000001,Rural,53.551271,-2.496579,E01004891,47.13235294,51,741,124,334,215,68,735,43,91,164,73,47,5,2,8,196,106,14.15831571,1540,108.77,267,270,98,83,16,4,0,0,196,0,6,11,6,0,451,28,2,29,4,0.697522403,6.38e-7,0,9,0,10038.00434,3.581083399
06K357979,2019,Severe/Fatal,Male,11 - 15,1,0,Urban area,Most deprived 10%,1,2,1,Single carriageway,30,0,Daylight,0,0,0,Non-trunk,0,0,0,0,Neither,Front,2019-06-18,16:55:00,Tuesday,Bolton,E08000001,Urban,53.550345,-2.40311,E01004860,40.69972826,41,681,208,307,137,29,682,116,126,107,79,17,4,2,7,110,114,50.03403676,1470,29.38,240,229,121,60,20,9,1,2,110,2,7,36,18,1,376,56,7,64,6,0.002231041,7.78e-9,0,5,3,6118.153851,0.656625898
06K359815,2019,Slight,Male,21 - 25,0,0,Urban area,More deprived 30-40%,4,2,1,Single carriageway,30,0,Daylight,0,0,0,Non-trunk,0,0,0,0,Neither,Front,2019-08-02,15:10:00,Friday,Bolton,E08000001,Urban,53.551238,-2.517091,E01004894,40.41164021,41,848,170,406,228,44,933,86,80,204,99,59,8,3,11,240,143,38.54625551,1925,49.94,266,293,141,111,28,11,0,0,240,0,19,22,9,8,508,39,12,73,9,0.042657404,8.47e-8,1,21,5,6091.288292,2.846966471
06K361967,2019,Slight,Male,11 - 15,1,0,Urban area,Most deprived 10%,1,2,1,Slip road,30,0,Daylight,0,0,0,Non-trunk,0,0,0,0,Neither,Front,2019-09-18,17:32:00,Wednesday,Bolton,E08000001,Urban,53.55535,-2.411399,E01004856,35.26752022,36,635,242,271,100,22,572,75,122,71,65,16,6,4,7,83,123,38.65694165,1537,39.76,221,169,114,70,36,15,9,3,83,0,11,39,23,1,312,35,9,48,13,0,0,0,8,5,3155.72722,0
06K365106,2019,Slight,Male,21 - 25,0,0,Urban area,Most deprived 10%,1,2,1,Single carriageway,30,0,Daylight,0,0,0,Non-trunk,0,0,0,0,Neither,Offside,2019-11-22,08:15:00,Friday,Bolton,E08000001,Urban,53.561377,-2.383,E01004912,47.44654545,52,650,93,313,197,47,596,50,123,79,69,17,7,4,4,158,85,24.72432805,1435,58.04,183,284,84,75,16,5,2,1,158,5,4,18,7,3,349,27,3,21,3,2.63661315,4.47e-6,0,12,3,3062.709931,2.417435569
06L154542,2019,Slight,Female,56 - 65,0,0,Urban area,More deprived 40-50%,5,2,1,Dual carriageway,30,0,Daylight,0,0,0,Non-trunk,0,0,0,0,Neither,Offside,2019-03-05,15:22:00,Tuesday,Wigan,E08000010,Urban,53.546606,-2.703948,E01006362,44.51642651,47,730,93,309,258,70,758,39,114,106,106,53,22,6,9,187,116,9.590327503,1634,170.38,208,285,120,89,25,2,0,0,187,0,7,13,1,1,467,41,5,25,8,0,0,0,18,4,7365.930325,3.957949981
06L155324,2019,Slight,Male,46 - 55,0,0,Urban area,More deprived 40-50%,5,2,1,Single carriageway,30,0,Daylight,0,0,0,Non-trunk,0,0,0,0,Neither,Front,2019-04-06,09:56:00,Saturday,Wigan,E08000010,Urban,53.556445,-2.611243,E01006391,45.03059976,49,665,98,329,178,60,698,102,108,95,69,32,9,5,9,147,122,27.14209686,1530,56.37,170,289,96,73,24,10,2,1,147,0,7,18,13,0,421,41,6,39,6,1.303635903,2.34e-6,0,21,0,6886.37022,0.801736548
06L156264,2019,Slight,Male,46 - 55,0,0,Urban area,More deprived 30-40%,4,2,1,Single carriageway,30,1,Daylight,0,0,0,Non-trunk,0,0,0,0,Neither,Front,2019-05-04,12:48:00,Saturday,Wigan,E08000010,Rural,53.584041,-2.628257,E01006231,44.75876289,50,637,62,258,229,88,707,25,130,73,83,48,20,3,3,219,103,2.406298696,1467,609.65,176,246,113,77,23,3,2,0,219,0,0,16,2,0,417,27,2,19,5,5.164718624,8.48e-7,0,39,0,22932.55488,2.23525839
06L156604,2019,Severe/Fatal,Male,46 - 55,0,0,Urban area,Most deprived 10%,1,2,1,Single carriageway,30,0,Daylight,0,0,0,Non-trunk,0,0,0,0,Neither,Did not impact,2019-05-12,15:00:00,Sunday,Wigan,E08000010,Urban,53.518034,-2.715691,E01006367,43.82239156,46,773,69,333,286,85,834,28,79,189,101,53,25,4,15,211,129,31.67525315,1783,56.29,194,316,133,96,31,1,2,0,211,0,4,11,5,0,543,31,3,26,2,0,0,0,2,1,5194.482362,0.319649951
06L156818,2019,Slight,Male,Over 75,0,1,Urban area,Less deprived 10-20%,9,2,1,Single carriageway,30,1,Daylight,0,0,0,Non-trunk,0,0,0,0,Neither,Back,2019-05-18,08:10:00,Saturday,Wigan,E08000010,Rural,53.524974,-2.67683,E01006394,46.31729519,50,645,68,262,228,87,704,28,136,98,83,47,21,1,4,191,95,25.97840756,1540,59.28,150,260,106,96,25,5,1,0,191,1,5,17,2,3,434,22,2,19,7,0.908954173,1.54e-6,0,14,0,4325.431612,1.368053227
06L158241,2019,Slight,Male,11 - 15,1,0,Urban area,More deprived 10-20%,2,2,1,Single carriageway,30,0,Daylight,0,0,0,Non-trunk,0,0,0,0,Neither,Back,2019-06-24,15:05:00,Monday,Wigan,E08000010,Urban,53.523336,-2.636258,E01006407,44.67969822,49,595,54,279,195,67,761,67,151,66,99,43,12,3,9,177,134,12.74114346,1453,114.04,140,219,109,97,22,6,2,0,177,0,7,7,3,1,476,43,5,40,2,0.966752258,8.45e-7,0,12,7,2201.194147,2.052783555
06L159917,2019,Slight,Male,46 - 55,0,0,Urban area,More deprived 40-50%,5,2,1,Single carriageway,30,0,Daylight,0,0,0,Non-trunk,0,0,0,0,Neither,Front,2019-08-02,12:25:00,Friday,Wigan,E08000010,Urban,53.518747,-2.71519,E01006367,43.82239156,46,773,69,333,286,85,834,28,79,189,101,53,25,4,15,211,129,31.67525315,1783,56.29,194,316,133,96,31,1,2,0,211,0,4,11,5,0,543,31,3,26,2,0,0,0,2,1,5194.482362,0.319649951
06L159949,2019,Slight,Male,11 - 15,1,0,Urban area,More deprived 40-50%,5,2,1,Single carriageway,30,0,Daylight,0,0,0,Non-trunk,0,0,0,0,Neither,Front,2019-07-29,16:15:00,Monday,Wigan,E08000010,Urban,53.542831,-2.65306,E01006349,37.75339147,35,1015,294,489,188,44,1175,237,176,134,133,69,17,10,12,245,142,15.2572841,2037,133.51,400,367,134,75,32,4,1,1,245,0,31,42,18,4,613,65,17,131,12,8.547569076,6.42e-6,1,37,54,14557.90405,11.27398403
06L160998,2019,Severe/Fatal,Male,46 - 55,0,0,Urban area,More deprived 10-20%,2,2,1,Single carriageway,30,0,Daylight,0,0,0,Non-trunk,0,0,0,0,Neither,Offside,2019-08-23,17:25:00,Friday,Wigan,E08000010,Urban,53.497297,-2.620779,E01006220,41.32887701,42,760,174,362,174,50,757,99,96,150,103,36,5,1,4,144,119,5.31892156,1742,327.51,246,262,132,84,29,5,1,1,144,0,3,34,6,5,456,49,4,48,4,1.291506659,3.94e-7,0,34,1,7151.753496,4.230507637
06L161334,2019,Severe/Fatal,Male,26 - 35,0,0,Urban area,Less deprived 20-30%,8,2,1,Single carriageway,30,0,Daylight,0,0,0,Non-trunk,1,0,0,0,Neither,Nearside,2019-09-08,09:31:00,Sunday,Wigan,E08000010,Urban,53.52215,-2.71576,E01006366,45.86201117,48,867,153,375,265,74,872,32,77,169,105,59,17,3,5,257,148,13.96753492,1850,132.45,312,298,132,107,13,6,0,2,257,0,5,24,2,2,501,31,7,34,9,0,0,1,18,0,7578.452973,0.899373024
06L161556,2019,Slight,Male,11 - 15,1,0,Urban area,Least deprived 10%,10,2,1,Single carriageway,30,1,Daylight,1,1,0,Non-trunk,0,0,0,0,Neither,Offside,2019-09-09,09:20:00,Monday,Wigan,E08000010,Urban,53.5648,-2.632713,E01006372,46.95864881,51,658,36,231,287,104,731,84,118,62,84,47,13,6,6,245,66,20.23899371,1609,79.5,142,276,121,94,22,5,0,0,245,0,8,3,2,2,383,27,9,44,6,1.535657135,1.94e-6,0,13,1,7406.442623,2.490078502
06L161628,2019,Slight,Male,46 - 55,0,0,Urban area,Less deprived 10-20%,9,2,1,Single carriageway,30,0,Daylight,0,0,0,Non-trunk,0,0,0,0,Neither,Front,2019-09-11,17:15:00,Wednesday,Wigan,E08000010,Urban,53.536977,-2.61997,E01006310,36.108299,34,711,235,307,144,25,698,140,123,77,69,39,2,4,9,72,163,6.321861945,1589,251.35,269,198,122,82,26,13,3,2,72,0,12,35,10,8,393,47,16,89,17,3.849517479,1.53e-6,0,13,18,5464.146242,5.192577819
06L161689,2019,Slight,Male,6 - 10,1,0,Urban area,More deprived 10-20%,2,2,1,Single carriageway,20,0,Daylight,0,1,0,Non-trunk,0,1,0,0,Neither,Front,2019-09-12,17:20:00,Thursday,Wigan,E08000010,Urban,53.544838,-2.595954,E01006305,36.31329114,36,674,230,281,137,26,683,103,170,104,57,33,5,0,9,70,132,54.45859873,1710,31.4,195,176,136,105,49,10,2,2,70,1,7,57,15,3,373,45,13,88,15,0.509202999,1.62e-6,0,22,4,3026.053761,0
06L162034,2019,Slight,Male,36 - 45,0,0,Urban area,Less deprived 10-20%,9,2,1,Dual carriageway,30,1,Daylight,0,0,0,Non-trunk,0,0,0,0,Neither,Offside,2019-09-19,18:45:00,Thursday,Wigan,E08000010,Urban,53.530614,-2.654939,E01006404,36.70620538,35,734,208,313,173,40,812,111,154,107,96,40,7,2,6,145,144,33.11603651,1778,53.69,245,199,130,106,38,13,1,0,145,0,4,41,8,4,472,53,9,64,10,1.051999443,1.95e-6,0,11,6,7335.853977,1.812716958
06L162679,2019,Slight,Male,11 - 15,1,0,Urban area,Less deprived 10-20%,9,2,1,Single carriageway,30,0,Daylight,0,0,0,Non-trunk,0,0,0,0,Neither,Back,2019-10-06,17:30:00,Sunday,Wigan,E08000010,Urban,53.586072,-2.665191,E01006319,35.96771879,39,585,41,186,276,82,884,66,99,145,96,57,12,5,8,276,120,41.05977552,1573,38.31,102,186,132,129,30,5,1,0,276,0,3,7,6,1,503,35,3,41,8,0.44007948,1.15e-6,0,8,4,5302.474255,0.883808966
06L163450,2019,Slight,Male,26 - 35,0,0,Urban area,More deprived 20-30%,3,2,1,Single carriageway,30,0,Daylight,0,0,0,Non-trunk,0,1,0,0,Neither,Front,2019-10-22,09:10:00,Tuesday,Wigan,E08000010,Urban,53.590415,-2.659881,E01006238,42.42579391,43,746,223,335,151,37,653,64,117,89,72,33,13,3,6,123,133,60.09557945,1509,25.11,320,227,97,72,21,6,2,0,123,0,5,28,3,3,389,46,3,49,6,0.409239424,1.61e-6,0,13,5,2739.30505,0.827350277
06L166353,2019,Slight,Male,66 - 75,0,1,Rural,More deprived 40-50%,5,2,1,Single carriageway,30,0,Daylight,0,1,0,Non-trunk,0,0,0,0,Neither,Front,2019-12-23,15:00:00,Monday,Wigan,E08000010,Urban,53.499484,-2.663821,E01006368,42.87374302,46,823,93,343,287,100,932,45,99,190,128,55,25,3,6,260,121,3.734168434,1884,504.53,229,302,157,105,22,6,2,0,260,0,5,17,1,2,562,27,8,39,11,0,0,0,26,1,12727.55196,9.351680034
06L252010,2019,Severe/Fatal,Male,56 - 65,0,0,Urban area,Less deprived 20-30%,8,2,1,One way street,30,0,Darkness - lights lit,1,0,0,Non-trunk,0,0,0,0,Neither,Offside,2019-01-04,18:12:00,Friday,Wigan,E08000010,Urban,53.529495,-2.473786,E01006290,45.84173172,49,625,92,305,189,39,673,48,82,82,116,27,9,3,8,190,108,27.54312909,1389,50.43,189,239,102,66,19,9,0,0,190,0,15,21,2,0,376,24,5,35,4,0.319124902,6.3e-7,1,14,1,4308.354264,1.547113292
06L254173,2019,Slight,Male,Over 75,0,1,Urban area,More deprived 20-30%,3,2,1,Single carriageway,30,0,Daylight,0,1,0,Non-trunk,0,0,0,0,Neither,Front,2019-01-20,11:46:00,Sunday,Wigan,E08000010,Urban,53.527651,-2.482876,E01006290,45.84173172,49,625,92,305,189,39,673,48,82,82,116,27,9,3,8,190,108,27.54312909,1389,50.43,189,239,102,66,19,9,0,0,190,0,15,21,2,0,376,24,5,35,4,0.319124902,6.3e-7,1,14,1,4308.354264,1.547113292
06L255836,2019,Severe/Fatal,Male,66 - 75,0,1,Urban area,Least deprived 10%,10,1,3,Single carriageway,30,0,Daylight,0,0,0,Non-trunk,0,0,0,0,Neither,Front,2019-04-21,10:45:00,Sunday,Wigan,E08000010,Urban,53.494513,-2.46417,E01006251,41.28990228,45,655,52,273,233,97,816,23,81,117,142,35,12,2,10,249,145,1.128242601,1544,1368.5,167,260,99,100,19,6,3,1,249,1,5,14,0,2,469,37,8,23,7,6.594414368,4.81e-7,0,12,5,20896.98709,15.45275708
06L255846,2019,Severe/Fatal,Female,36 - 45,0,0,Urban area,More deprived 40-50%,5,2,1,Single carriageway,30,0,Daylight,0,0,0,Non-trunk,0,0,0,0,Neither,Back,2019-04-18,15:00:00,Thursday,Wigan,E08000010,Urban,53.532215,-2.583858,E01006269,42.32238307,44,819,254,331,171,63,773,93,125,92,105,44,9,3,9,162,131,27.54956384,1737,63.05,308,262,132,82,27,6,1,0,162,1,3,32,6,1,447,39,14,58,3,1.04886363,1.66e-6,0,13,7,5079.684248,1.714053661
06L255918,2019,Slight,Male,26 - 35,0,0,Urban area,Most deprived 10%,1,2,1,Single carriageway,30,0,Daylight,0,0,0,Non-trunk,0,1,0,0,Neither,Front,2019-04-11,13:29:00,Thursday,Wigan,E08000010,Urban,53.508015,-2.518418,E01006337,42.39094909,45,669,127,298,192,52,729,85,76,115,130,35,8,3,4,148,125,35.84950875,1496,41.73,201,250,116,72,23,5,2,0,148,0,1,37,6,0,440,30,12,48,3,0.472287681,1.14e-6,0,6,6,5085.384815,1.300708002
06L256879,2019,Slight,Male,36 - 45,0,0,Urban area,More deprived 10-20%,2,2,1,Single carriageway,30,0,Daylight,0,0,0,Non-trunk,0,0,0,0,Neither,Front,2019-05-17,18:00:00,Friday,Wigan,E08000010,Urban,53.518986,-2.480651,E01006292,45.93380013,50,651,112,300,183,56,693,69,72,97,122,28,14,4,9,150,128,29.70885324,1500,50.49,173,280,108,77,12,3,1,1,150,0,6,27,1,4,404,41,7,53,6,0.072914317,1.44e-7,0,4,1,3140.125854,0.73219284
06L259042,2019,Slight,Male,36 - 45,0,0,Urban area,More deprived 10-20%,2,2,1,Single carriageway,30,1,Daylight,0,0,0,Non-trunk,1,0,0,0,Neither,Front,2019-07-15,09:00:00,Monday,Wigan,E08000010,Urban,53.523518,-2.60297,E01006218,33.95916515,34,999,253,425,259,62,1176,70,245,201,145,78,20,4,13,176,224,58.14009084,2432,41.83,286,301,183,166,45,15,2,0,176,1,15,76,11,6,714,81,23,65,9,0.09610486,2.3e-7,0,12,3,4810.97704,2.041171605
06L260222,2019,Slight,Male,11 - 15,1,0,Urban area,Least deprived 10%,10,2,1,Single carriageway,30,0,Daylight,1,1,0,Non-trunk,0,0,0,0,Neither,Offside,2019-07-09,15:20:00,Tuesday,Wigan,E08000010,Urban,53.475343,-2.553954,E01006302,41.0585723,44,777,69,332,282,94,1018,66,120,143,176,59,23,6,9,265,151,18.71685027,1835,98.04,199,291,146,106,29,8,2,0,265,0,4,18,2,5,609,53,5,49,6,0.185752532,1.92e-7,0,6,4,8191.664719,1.59860768
06L261927,2019,Severe/Fatal,Male,26 - 35,0,0,Urban area,Less deprived 40-50%,6,2,1,Single carriageway,30,1,Daylight,0,0,0,Non-trunk,0,0,0,0,Neither,Offside,2019-09-15,11:46:00,Sunday,Wigan,E08000010,Urban,53.545321,-2.576358,E01006271,42.88367953,45,747,132,321,223,71,867,72,137,130,82,54,16,1,9,226,140,18.6722913,1682,90.08,222,302,114,82,23,3,0,1,226,0,34,16,6,2,476,41,7,50,7,0.401847446,4.43e-7,1,16,1,3315.87557,1.784879836
06L263877,2019,Slight,Male,66 - 75,0,1,Urban area,More deprived 10-20%,2,2,1,Single carriageway,30,0,Daylight,0,1,0,Non-trunk,0,0,0,0,Neither,Back,2019-11-04,10:10:00,Monday,Wigan,E08000010,Urban,53.524319,-2.506113,E01006242,43.22602356,45,869,173,419,227,50,952,97,106,158,123,36,7,5,9,235,176,24.25879397,1931,79.6,260,356,129,92,25,5,2,0,235,0,7,48,6,0,539,40,12,51,13,0.314682225,3.97e-7,0,16,5,9055.655378,1.771514519
06L265724,2019,Slight,Male,11 - 15,1,0,Urban area,More deprived 10-20%,2,2,1,Single carriageway,30,0,Daylight,0,0,0,Non-trunk,0,0,0,0,Neither,Offside,2019-11-08,16:45:00,Friday,Wigan,E08000010,Urban,53.522654,-2.487194,E01006244,44.74810127,46,890,358,380,121,31,729,93,95,121,100,24,2,4,7,154,129,17.24457249,1676,97.19,451,257,108,54,16,4,1,0,154,3,3,62,4,3,364,33,10,86,6,1.562267619,1.6e-6,0,19,21,4452.108028,1.495037985
06L266019,2019,Slight,Male,36 - 45,0,0,Urban area,More deprived 30-40%,4,2,1,Single carriageway,30,1,Darkness - lighting unknown,0,0,0,Non-trunk,0,0,0,0,Neither,Front,2019-12-17,19:00:00,Tuesday,Wigan,E08000010,Urban,53.512249,-2.463866,E01006381,36.52999528,38,769,54,269,344,102,1098,67,95,122,189,52,4,7,14,385,163,27.17031146,2050,75.45,143,266,146,158,49,8,0,0,385,0,2,21,1,3,587,41,8,37,10,1.604386593,2.13e-6,0,8,3,4057.501572,0.404296144
06L266804,2019,Severe/Fatal,Male,46 - 55,0,0,Urban area,Less deprived 40-50%,6,2,1,Single carriageway,60,1,Daylight,0,0,0,Non-trunk,0,0,0,0,Neither,Back,2019-12-16,12:00:00,Monday,Wigan,E08000010,Rural,53.468445,-2.599568,E01006348,45.23555071,49,1119,86,425,479,129,1405,62,82,229,186,121,28,12,15,479,191,5.564799798,2642,474.77,283,438,194,159,41,5,1,0,479,2,9,12,3,5,811,29,5,42,5,2.581131284,5.44e-7,0,25,7,33126.50394,5.972134197
06L562157,2019,Severe/Fatal,Male,21 - 25,0,0,Urban area,More deprived 30-40%,4,2,1,Single carriageway,30,0,Daylight,0,0,0,Non-trunk,0,0,0,0,Neither,Front,2019-09-21,13:28:00,Saturday,Wigan,E08000010,Rural,53.512649,-2.467143,E01006381,36.52999528,38,769,54,269,344,102,1098,67,95,122,189,52,4,7,14,385,163,27.17031146,2050,75.45,143,266,146,158,49,8,0,0,385,0,2,21,1,3,587,41,8,37,10,1.604386593,2.13e-6,0,8,3,4057.501572,0.404296144
06M152401,2019,Slight,Male,46 - 55,0,0,Urban area,More deprived 20-30%,3,2,1,Single carriageway,30,0,Darkness - lighting unknown,0,0,0,Non-trunk,0,1,0,0,Neither,Front,2019-01-08,16:50:00,Tuesday,Trafford,E08000009,Urban,53.45772,-2.288122,E01006186,34.47029204,34,947,354,376,182,35,1094,129,239,118,65,10,2,9,16,371,135,29.4599018,2160,73.32,345,292,132,110,38,16,7,7,371,59,7,63,12,3,387,36,43,96,15,2.582238089,3.57e-6,1,26,64,8739.468288,2.622165561
06M153353,2019,Slight,Female,36 - 45,0,0,Urban area,More deprived 20-30%,3,2,1,Single carriageway,30,0,Daylight,0,0,0,Non-trunk,1,0,0,0,Neither,Back,2019-01-28,08:03:00,Monday,Trafford,E08000009,Urban,53.455588,-2.2699,E01006113,37.26350461,36,473,83,190,141,59,717,80,124,102,38,8,4,7,4,281,69,95.79881657,1619,16.9,78,101,79,95,54,32,22,12,281,30,5,30,5,0,265,26,22,43,8,0.442031104,2.59e-6,0,8,3,3602.321035,1.087400862
06M155175,2019,Slight,Male,26 - 35,0,0,Urban area,Most deprived 10%,1,2,1,Dual carriageway,30,0,Daylight,0,0,0,Non-trunk,0,0,0,0,Neither,Front,2019-03-28,17:00:00,Thursday,Trafford,E08000009,Urban,53.445403,-2.324293,E01006184,41.05225125,41,753,210,315,165,63,767,57,153,139,54,7,5,5,9,235,103,11.55782313,1699,147,283,224,102,93,34,15,4,0,235,9,3,49,6,4,375,21,21,36,5,4.849983879,3.32e-6,0,8,8,4984.059848,3.231423962
06M155511,2019,Slight,Male,46 - 55,0,0,Urban area,Least deprived 10%,10,2,1,Single carriageway,30,1,Daylight,0,0,0,Non-trunk,0,0,0,0,Neither,Offside,2019-04-11,07:17:00,Thursday,Trafford,E08000009,Urban,53.416504,-2.324314,E01006097,42.41354541,42,823,151,427,191,54,823,53,79,131,41,19,11,7,6,407,69,41.13311838,1786,43.42,322,271,90,99,36,5,1,1,407,41,2,6,2,2,292,15,12,34,7,1.35933469,3.11e-6,1,18,20,7987.158704,2.400165659
06M155544,2019,Slight,Male,21 - 25,0,0,Urban area,More deprived 40-50%,5,3,1,Single carriageway,30,0,Daylight,0,0,0,Non-trunk,0,0,0,0,Neither,Back,2019-04-11,09:35:00,Thursday,Trafford,E08000009,Urban,53.448611,-2.353061,E01006198,44.55354752,46,701,217,301,144,39,744,93,92,113,55,13,4,6,8,282,78,48.84731039,1462,29.93,295,214,93,75,21,0,1,0,282,6,15,24,9,0,301,24,21,59,4,0.302616198,1e-6,0,10,21,3242.005554,1.248517126
06M155601,2019,Slight,Male,46 - 55,0,0,Urban area,Less deprived 40-50%,6,2,1,Roundabout,30,0,Daylight,0,0,0,Non-trunk,0,0,0,0,Neither,Back,2019-04-13,06:47:00,Saturday,Trafford,E08000009,Urban,53.457657,-2.357789,E01006118,41.65563808,43,668,150,305,158,55,706,87,82,127,58,4,6,1,5,256,80,39.0491453,1462,37.44,249,198,109,88,19,5,3,0,256,5,2,29,4,1,329,16,8,50,9,0.794491674,2.13e-6,0,9,4,6020.637123,1.25658874
06M156767,2019,Slight,Female,46 - 55,0,0,Urban area,More deprived 40-50%,5,2,1,Roundabout,30,0,Daylight,0,0,0,Non-trunk,0,0,0,0,Neither,Front,2019-05-11,12:30:00,Saturday,Trafford,E08000009,Urban,53.45241,-2.287333,E01006141,36.10973451,37,646,141,312,153,40,822,92,150,108,47,13,9,6,5,283,109,60.60913706,1791,29.55,154,189,114,96,58,17,10,8,283,23,4,39,7,1,328,28,26,66,17,1.131615323,3.79e-6,0,11,1,3835.214709,1.378825584
06M156792,2019,Slight,Male,46 - 55,0,0,Urban area,Less deprived 30-40%,7,2,1,Roundabout,40,0,Daylight,0,0,0,Non-trunk,0,0,0,0,Neither,Offside,2019-05-14,18:00:00,Tuesday,Trafford,E08000009,Urban,53.465041,-2.356435,E01006121,41.53514589,45,597,78,306,168,45,694,117,98,119,51,5,1,8,5,189,101,2.647166362,1448,547,136,224,127,84,25,3,0,0,189,7,3,29,10,4,357,24,21,44,6,19.54034386,3.58e-6,2,112,117,31815.02923,18.20887304
06M156819,2019,Slight,Male,36 - 45,0,0,Urban area,Least deprived 10%,10,2,1,Single carriageway,40,0,Daylight,0,0,0,Non-trunk,0,1,0,0,Neither,Front,2019-05-14,17:30:00,Tuesday,Trafford,E08000009,Urban,53.443572,-2.309631,E01006144,39.59444048,39,692,303,294,82,13,607,41,125,114,26,9,1,1,6,221,63,20.96188748,1386,66.12,297,231,83,48,20,11,2,0,221,34,0,43,8,2,189,23,37,45,5,6.033005005,9.13e-6,0,11,14,10926.19162,3.855032581
06M157217,2019,Severe/Fatal,Male,26 - 35,0,0,Urban area,Most deprived 10%,1,2,1,Single carriageway,30,0,Daylight,0,0,0,Non-trunk,0,0,0,0,Neither,Offside,2019-05-28,16:15:00,Tuesday,Trafford,E08000009,Urban,53.454729,-2.298252,E01006187,34.24146054,35,1141,349,556,198,38,1395,187,280,203,74,12,4,6,5,460,164,32.14197378,2599,80.86,376,369,200,122,48,19,3,2,460,24,5,91,22,3,509,46,76,147,13,2.072991397,2.57e-6,0,7,10,5190.919143,2.923855866
06M157314,2019,Slight,Male,21 - 25,0,0,Urban area,More deprived 10-20%,2,2,1,Single carriageway,30,0,Daylight,0,0,0,Non-trunk,1,0,0,0,Neither,Nearside,2019-05-23,19:50:00,Thursday,Trafford,E08000009,Urban,53.463798,-2.267979,E01006185,32.97516556,32,766.5,389,305,57.5,15,727,78,147,78,50.5,7.5,4,7.5,13.5,259,82,51.1627907,1441,28.165,383.5,230,76,42.5,21.5,6.5,5.5,2.5,259,61,9,66,11,2,203,11,27,72.5,7.5,2.590106272,4.62e-6,0,19,16,9021.975772,3.497449349
06M157748,2019,Slight,Male,36 - 45,0,0,Urban area,Most deprived 10%,1,2,1,One way street,30,0,Daylight,0,1,0,Non-trunk,0,0,0,0,Neither,Front,2019-06-11,09:00:00,Tuesday,Trafford,E08000009,Urban,53.46258,-2.273951,E01006188,33.36680449,33,786,261,398,95,32,1039,98,217,118,56,17,7,10,4,423,89,32.96885355,1990,60.36,252,230,122,88,43,36,10,6,423,79,10,39,13,1,317,27,50,67,12,1.221111968,2.01e-6,1,21,11,12494.09906,5.466714416
06M157982,2019,Slight,Male,36 - 45,0,0,Urban area,More deprived 10-20%,2,2,1,Roundabout,30,0,Daylight,0,0,0,Non-trunk,1,0,0,0,Neither,Front,2019-06-18,16:52:00,Tuesday,Trafford,E08000009,Urban,53.463855,-2.282575,E01006188,33.36680449,33,786,261,398,95,32,1039,98,217,118,56,17,7,10,4,423,89,32.96885355,1990,60.36,252,230,122,88,43,36,10,6,423,79,10,39,13,1,317,27,50,67,12,1.221111968,2.01e-6,1,21,11,12494.09906,5.466714416
06M158464,2019,Slight,Male,36 - 45,0,0,Urban area,More deprived 40-50%,5,2,1,Single carriageway,30,0,Daylight,0,0,0,Non-trunk,0,0,0,0,Neither,Nearside,2019-07-02,19:45:00,Tuesday,Trafford,E08000009,Urban,53.445371,-2.302312,E01006143,40.79102715,41,696,153,314,184,45,827,52,100,137,52,9,0,13,6,394,64,29.70614426,1668,56.15,239,191,111,104,27,14,6,4,394,35,4,20,4,4,280,23,25,39,2,0.542858342,9.72e-7,1,14,22,3622.957257,0.758420028
06M158491,2019,Slight,Male,26 - 35,0,0,Urban area,More deprived 10-20%,2,2,1,Single carriageway,30,0,Daylight,1,0,0,Non-trunk,0,0,0,0,Neither,Offside,2019-06-15,10:00:00,Saturday,Manchester,E08000003,Urban,53.450602,-2.272685,E01005296,38.47647768,37,629,144,293,147,45,790,50,127,90,41,9,6,2,7,386,72,69.79955457,1567,22.45,197,205,75,85,31,22,9,5,386,24,3,28,2,0,237,17,46,34,9,0.164805339,7.44e-7,0,10,29,3239.674511,1.883609427
06M158615,2019,Slight,Female,26 - 35,0,0,Urban area,More deprived 10-20%,2,2,1,Single carriageway,30,0,Daylight,0,0,0,Non-trunk,0,0,0,0,Neither,Offside,2019-07-03,19:35:00,Wednesday,Trafford,E08000009,Urban,53.465362,-2.25984,E01006185,32.97516556,32,766.5,389,305,57.5,15,727,78,147,78,50.5,7.5,4,7.5,13.5,259,82,51.1627907,1441,28.165,383.5,230,76,42.5,21.5,6.5,5.5,2.5,259,61,9,66,11,2,203,11,27,72.5,7.5,2.590106272,4.62e-6,0,19,16,9021.975772,3.497449349
06M158779,2019,Severe/Fatal,Male,56 - 65,0,0,Urban area,Less deprived 20-30%,8,2,1,Single carriageway,30,0,Daylight,0,0,0,Non-trunk,0,0,0,0,Neither,Nearside,2019-07-09,05:40:00,Tuesday,Trafford,E08000009,Urban,53.457215,-2.358403,E01006118,41.65563808,43,668,150,305,158,55,706,87,82,127,58,4,6,1,5,256,80,39.0491453,1462,37.44,249,198,109,88,19,5,3,0,256,5,2,29,4,1,329,16,8,50,9,0.794491674,2.13e-6,0,9,4,6020.637123,1.25658874
06M159098,2019,Slight,Male,36 - 45,0,0,Urban area,More deprived 10-20%,2,2,1,Single carriageway,30,0,Daylight,0,0,0,Non-trunk,1,1,0,0,Neither,Front,2019-07-09,08:00:00,Tuesday,Trafford,E08000009,Urban,53.462062,-2.27678,E01006145,36.39518196,36,806,284,351,142,29,884,108,201,109,42,7,7,7,12,264,127,30.72659176,2051,66.75,249,231,135,92,57,23,10,8,264,68,9,62,8,2,337,20,34,70,9,2.501914564,3.73e-6,2,27,23,5594.826901,4.913355556
06M159876,2019,Slight,Male,36 - 45,0,0,Urban area,More deprived 20-30%,3,2,1,Dual carriageway,30,1,Daylight,0,0,0,Non-trunk,0,0,0,0,Neither,Did not impact,2019-08-01,10:20:00,Thursday,Trafford,E08000009,Urban,53.445503,-2.303201,E01006143,40.79102715,41,696,153,314,184,45,827,52,100,137,52,9,0,13,6,394,64,29.70614426,1668,56.15,239,191,111,104,27,14,6,4,394,35,4,20,4,4,280,23,25,39,2,0.542858342,9.72e-7,1,14,22,3622.957257,0.758420028
06M160626,2019,Severe/Fatal,Female,21 - 25,0,0,Urban area,Most deprived 10%,1,2,1,Single carriageway,30,0,Darkness - lights lit,0,0,0,Non-trunk,0,0,0,0,Neither,Offside,2019-08-25,02:30:00,Sunday,Manchester,E08000003,Urban,53.458822,-2.258203,E01005302,34.91047619,34,1005,414,436,132,23,1104,74,197,113,59,20,6,9,5,489,132,78.7528006,2109,26.78,457,279,133,77,39,11,5,4,489,27,14,72,9,2,298,26,78,83,8,0.084956383,3.17e-7,0,5,9,3177.16374,1.342585605
06M160850,2019,Severe/Fatal,Male,46 - 55,0,0,Urban area,Less deprived 20-30%,8,2,1,Single carriageway,30,1,Daylight,0,1,0,Non-trunk,0,0,0,0,Neither,Back,2019-07-26,17:15:00,Friday,Trafford,E08000009,Urban,53.455996,-2.291062,E01006141,36.10973451,37,646,141,312,153,40,822,92,150,108,47,13,9,6,5,283,109,60.60913706,1791,29.55,154,189,114,96,58,17,10,8,283,23,4,39,7,1,328,28,26,66,17,1.131615323,3.79e-6,0,11,1,3835.214709,1.378825584
06M161691,2019,Slight,Female,26 - 35,0,0,Urban area,More deprived 20-30%,3,2,1,Single carriageway,30,0,Daylight,0,0,0,Non-trunk,1,0,0,0,Neither,Offside,2019-09-13,09:00:00,Friday,Trafford,E08000009,Urban,53.445512,-2.31383,E01006179,43.18583569,46,850,290,356,149,55,859,62,155,142,57,7,6,5,8,305,112,26.63316583,1802,67.66,367,239,116,80,32,16,3,0,305,19,4,50,11,1,354,31,33,48,2,2.066249982,3.06e-6,0,11,9,7093.096753,2.504520221
06M163017,2019,Slight,Male,21 - 25,0,0,Urban area,More deprived 30-40%,4,2,1,Single carriageway,30,0,Daylight,0,0,0,Non-trunk,0,0,0,0,Neither,Nearside,2019-10-03,17:00:00,Thursday,Trafford,E08000009,Urban,53.464136,-2.265918,E01006185,32.97516556,32,766.5,389,305,57.5,15,727,78,147,78,50.5,7.5,4,7.5,13.5,259,82,51.1627907,1441,28.165,383.5,230,76,42.5,21.5,6.5,5.5,2.5,259,61,9,66,11,2,203,11,27,72.5,7.5,2.590106272,4.62e-6,0,19,16,9021.975772,3.497449349
06M163196,2019,Slight,Male,56 - 65,0,0,Urban area,More deprived 30-40%,4,2,1,Single carriageway,30,1,Daylight,0,0,0,Non-trunk,1,0,0,0,Neither,Nearside,2019-10-18,13:37:00,Friday,Trafford,E08000009,Urban,53.448527,-2.354039,E01006198,44.55354752,46,701,217,301,144,39,744,93,92,113,55,13,4,6,8,282,78,48.84731039,1462,29.93,295,214,93,75,21,0,1,0,282,6,15,24,9,0,301,24,21,59,4,0.302616198,1e-6,0,10,21,3242.005554,1.248517126
06M163272,2019,Slight,Male,36 - 45,0,0,Urban area,More deprived 40-50%,5,2,1,Single carriageway,30,0,Daylight,0,0,0,Non-trunk,0,1,0,0,Neither,Nearside,2019-10-15,08:15:00,Tuesday,Trafford,E08000009,Urban,53.458425,-2.286546,E01006145,36.39518196,36,806,284,351,142,29,884,108,201,109,42,7,7,7,12,264,127,30.72659176,2051,66.75,249,231,135,92,57,23,10,8,264,68,9,62,8,2,337,20,34,70,9,2.501914564,3.73e-6,2,27,23,5594.826901,4.913355556
06M163456,2019,Slight,Male,36 - 45,0,0,Urban area,Most deprived 10%,1,2,1,Dual carriageway,30,1,Daylight,1,1,0,Non-trunk,1,0,0,0,Neither,Nearside,2019-10-01,07:00:00,Tuesday,Trafford,E08000009,Urban,53.469457,-2.26589,E01006185,32.97516556,32,766.5,389,305,57.5,15,727,78,147,78,50.5,7.5,4,7.5,13.5,259,82,51.1627907,1441,28.165,383.5,230,76,42.5,21.5,6.5,5.5,2.5,259,61,9,66,11,2,203,11,27,72.5,7.5,2.590106272,4.62e-6,0,19,16,9021.975772,3.497449349
06M163911,2019,Slight,Female,26 - 35,0,0,Urban area,More deprived 30-40%,4,2,1,Single carriageway,30,0,Darkness - lighting unknown,0,0,0,Non-trunk,0,0,0,0,Neither,Front,2019-10-29,05:45:00,Tuesday,Trafford,E08000009,Urban,53.462662,-2.306832,E01006157,37.06426156,38,658,105,303,199,51,876,77,165,154,63,12,3,2,8,272,120,5.722263338,1701,297.26,152,219,127,102,39,14,3,3,272,11,4,31,10,1,436,28,23,48,13,15.84918599,5.31e-6,4,69,13,29134.39076,13.70279565
06M164562,2019,Slight,Female,36 - 45,0,0,Urban area,Less deprived 40-50%,6,2,1,Single carriageway,30,0,Daylight,0,0,0,Non-trunk,0,0,0,0,Neither,Front,2019-11-13,08:54:00,Wednesday,Trafford,E08000009,Urban,53.459973,-2.253737,E01006109,36.92537313,40,533,277,207,44,5,430,53,100,56,27,9,4,5,5,91,80,60.05235602,1147,19.1,286,102,52,49,23,10,5,7,91,5,6,61,6,1,159,13,17,61,9,0.440373874,2.3e-6,0,4,7,2973.813118,0.950915196
06M164795,2019,Severe/Fatal,Male,26 - 35,0,0,Urban area,More deprived 10-20%,2,2,1,Single carriageway,40,0,Darkness - lights lit,1,1,0,Non-trunk,1,0,0,0,Neither,Front,2019-11-28,06:10:00,Thursday,Trafford,E08000009,Urban,53.464683,-2.289525,E01006157,37.06426156,38,658,105,303,199,51,876,77,165,154,63,12,3,2,8,272,120,5.722263338,1701,297.26,152,219,127,102,39,14,3,3,272,11,4,31,10,1,436,28,23,48,13,15.84918599,5.31e-6,4,69,13,29134.39076,13.70279565
06M165727,2019,Slight,Male,21 - 25,0,0,Urban area,Less deprived 20-30%,8,2,1,One way street,30,1,Darkness - no lighting,1,1,0,Non-trunk,0,0,0,0,Neither,Nearside,2019-12-11,18:07:00,Wednesday,Trafford,E08000009,Urban,53.449364,-2.353775,E01006198,44.55354752,46,701,217,301,144,39,744,93,92,113,55,13,4,6,8,282,78,48.84731039,1462,29.93,295,214,93,75,21,0,1,0,282,6,15,24,9,0,301,24,21,59,4,0.302616198,1e-6,0,10,21,3242.005554,1.248517126
06M255042,2019,Slight,Female,66 - 75,0,1,Urban area,Least deprived 10%,10,2,1,Single carriageway,30,0,Daylight,0,0,0,Non-trunk,0,0,0,0,Neither,Nearside,2019-03-20,10:00:00,Wednesday,Trafford,E08000009,Urban,53.426308,-2.328497,E01006150,42.2645644,42,865,230,389,194,52,921,78,129,136,54,12,3,5,8,408,88,57.47229709,1919,33.39,359,253,100,110,33,11,1,0,408,42,3,26,5,2,310,23,30,60,14,0.441323423,1.33e-6,0,11,30,6990.146403,1.77655681
06M255361,2019,Slight,Male,26 - 35,0,0,Urban area,Less deprived 20-30%,8,2,1,Single carriageway,30,0,Daylight,0,0,0,Non-trunk,0,1,0,0,Neither,Front,2019-04-03,17:25:00,Wednesday,Trafford,E08000009,Urban,53.419956,-2.303937,E01006174,40.67358079,41,816,156,402,213,45,924,75,94,142,54,24,5,9,7,450,64,62.08333333,1788,28.8,288,262,125,106,23,7,1,2,450,28,1,17,4,1,326,16,28,47,8,0.067342514,2.34e-7,0,9,4,5556.285208,1.243056129
06M256715,2019,Severe/Fatal,Male,11 - 15,1,0,Urban area,Less deprived 30-40%,7,2,1,One way street,30,1,Daylight,0,0,0,Non-trunk,0,0,0,0,Neither,Front,2019-05-15,08:52:00,Wednesday,Trafford,E08000009,Urban,53.420163,-2.300192,E01006178,39.72156459,41,767,108,352,257,50,922,59,115,136,58,20,8,9,14,417,86,47.41108787,1813,38.24,218,255,143,114,28,10,0,0,417,30,1,16,5,2,376,20,13,39,3,0.790495333,2.08e-6,0,10,6,5796.041539,2.128283084
06M256948,2019,Slight,Male,56 - 65,0,0,Urban area,Less deprived 10-20%,9,2,1,Single carriageway,30,1,Daylight,0,0,0,Non-trunk,1,0,1,0,In carriageway,Front,2019-05-10,18:00:00,Friday,Trafford,E08000009,Urban,53.420438,-2.331913,E01006150,42.2645644,42,865,230,389,194,52,921,78,129,136,54,12,3,5,8,408,88,57.47229709,1919,33.39,359,253,100,110,33,11,1,0,408,42,3,26,5,2,310,23,30,60,14,0.441323423,1.33e-6,0,11,30,6990.146403,1.77655681
06M259388,2019,Slight,Male,46 - 55,0,0,Urban area,Less deprived 10-20%,9,2,1,Single carriageway,30,0,Daylight,0,0,1,Non-trunk,0,0,0,0,Neither,Front,2019-07-18,19:25:00,Thursday,Trafford,E08000009,Urban,53.379173,-2.334762,E01006139,37.47584034,40,716,91,317,255,53,930,79,82,69,98,25,10,9,3,479,76,62.21992416,1805,29.01,185,218,125,141,40,4,3,0,479,15,4,8,2,0,326,18,16,58,4,0.024974424,8.65e-8,0,7,2,3109.374995,0.766679709
06M260192,2019,Slight,Male,66 - 75,0,1,Urban area,Less deprived 30-40%,7,2,1,Single carriageway,30,1,Daylight,0,0,0,Non-trunk,0,0,0,0,Neither,Offside,2019-08-02,11:30:00,Friday,Trafford,E08000009,Urban,53.370676,-2.338783,E01006134,42.62987442,47,527,27,122,231,147,682,38,58,53,92,16,8,4,5,372,36,12.70746447,1493,117.49,83,177,96,115,42,13,2,1,372,1,1,1,1,0,270,11,1,20,5,0,0,0,11,0,6636.950194,1.081526468
06M260458,2019,Slight,Male,36 - 45,0,0,Rural,Less deprived 10-20%,9,2,1,Single carriageway,60,1,Daylight,0,0,0,Non-trunk,0,0,0,0,Neither,Back,2019-11-20,09:37:00,Wednesday,Trafford,E08000009,Urban,53.375213,-2.29574,E01006138,42.26569038,44,782,147,314,257,64,734,47,91,85,95,23,6,14,7,308,58,8.04915384,1893,235.18,276,205,109,115,51,15,6,4,308,6,3,3,5,2,350,21,9,21,8,1.0710358,4.55e-7,0,16,1,13628.12272,5.178832305
06M261660,2019,Slight,Male,46 - 55,0,0,Urban area,Less deprived 40-50%,6,2,1,Single carriageway,30,0,Daylight,0,0,0,Non-trunk,0,0,0,0,Neither,Front,2019-09-16,13:15:00,Monday,Trafford,E08000009,Urban,53.424391,-2.302494,E01006174,40.67358079,41,816,156,402,213,45,924,75,94,142,54,24,5,9,7,450,64,62.08333333,1788,28.8,288,262,125,106,23,7,1,2,450,28,1,17,4,1,326,16,28,47,8,0.067342514,2.34e-7,0,9,4,5556.285208,1.243056129
06M261720,2019,Slight,Male,21 - 25,0,0,Urban area,More deprived 30-40%,4,2,1,Single carriageway,30,0,Daylight,0,0,0,Non-trunk,0,0,0,0,Neither,Front,2019-09-07,08:50:00,Saturday,Trafford,E08000009,Urban,53.41741,-2.325194,E01006163,36.50884495,37,815,166,432,191,26,1094,92,110,176,65,12,7,11,10,539,72,70.81561654,1832,25.87,246,294,137,110,23,3,2,0,539,74,7,15,3,0,334,20,31,66,5,0.688184988,2.66e-6,0,4,25,4627.845634,1.861669644
06M262968,2019,Severe/Fatal,Male,21 - 25,0,0,Small town,Less deprived 10-20%,9,2,1,Single carriageway,30,0,Daylight,0,0,0,Non-trunk,1,0,0,0,Neither,Front,2019-10-16,15:44:00,Wednesday,Trafford,E08000009,Urban,53.375116,-2.360583,E01006085,43.54370738,46,626,53,247,246,80,706,57,26,43,105,25,3,14,7,369,57,36.8723099,1542,41.82,176,220,92,107,22,8,0,1,369,5,3,4,1,0,266,5,10,40,5,0,0,0,12,2,6097.36953,1.212901169
06M263105,2019,Slight,Male,11 - 15,1,0,Urban area,More deprived 30-40%,4,2,1,Single carriageway,30,0,Daylight,0,0,0,Non-trunk,0,0,0,0,Neither,Front,2019-10-11,15:17:00,Friday,Trafford,E08000009,Urban,53.41455,-2.322509,E01006097,42.41354541,42,823,151,427,191,54,823,53,79,131,41,19,11,7,6,407,69,41.13311838,1786,43.42,322,271,90,99,36,5,1,1,407,41,2,6,2,2,292,15,12,34,7,1.35933469,3.11e-6,1,18,20,7987.158704,2.400165659
06M263202,2019,Slight,Male,21 - 25,0,0,Urban area,More deprived 20-30%,3,2,1,Single carriageway,30,1,Darkness - lighting unknown,0,0,0,Non-trunk,0,0,0,0,Neither,Back,2019-10-18,17:45:00,Friday,Trafford,E08000009,Urban,53.421917,-2.310286,E01006174,40.67358079,41,816,156,402,213,45,924,75,94,142,54,24,5,9,7,450,64,62.08333333,1788,28.8,288,262,125,106,23,7,1,2,450,28,1,17,4,1,326,16,28,47,8,0.067342514,2.34e-7,0,9,4,5556.285208,1.243056129
06M265447,2019,Severe/Fatal,Male,11 - 15,1,0,Urban area,Most deprived 10%,1,2,1,Single carriageway,30,0,Daylight,0,0,0,Non-trunk,0,0,0,0,Neither,Front,2019-12-05,15:30:00,Thursday,Trafford,E08000009,Urban,53.419505,-2.293793,E01006173,41.08460013,43,607,60,260,235,52,800,65,117,127,33,18,7,8,7,331,87,70.1674966,1550,22.09,125,212,110,130,27,3,0,0,331,13,1,12,9,5,347,20,17,41,5,0.031613775,1.44e-7,0,5,2,2124.341949,0.198277477
06M265804,2019,Slight,Female,21 - 25,0,0,Urban area,More deprived 40-50%,5,2,1,Roundabout,30,0,Darkness - lights lit,1,1,0,Non-trunk,1,0,0,0,Neither,Offside,2019-12-13,18:05:00,Friday,Trafford,E08000009,Urban,53.399771,-2.309282,E01006204,45.31265823,48,705,138,262,252,53,685,61,102,110,38,16,6,8,6,283,55,42.81183932,1620,37.84,234,225,94,112,33,5,2,0,283,5,2,12,3,1,324,24,11,17,5,1.079106932,2.83e-6,0,11,5,6180.59391,2.989912216
06M266069,2019,Slight,Male,21 - 25,0,0,Urban area,Most deprived 10%,1,2,1,Single carriageway,60,0,Darkness - no lighting,0,1,0,Non-trunk,1,0,0,0,Neither,Front,2019-12-19,08:20:00,Thursday,Trafford,E08000009,Rural,53.408886,-2.407833,E01006087,44.23277592,49,562,24,170,250,118,684,16,47,64,110,24,11,2,7,342,61,0.775844104,1452,1871.51,105,226,99,88,31,5,5,3,342,13,2,8,0,0,281,9,2,20,8,9.016234241,4.82e-7,0,68,1,37242.49574,23.45759839
06M266284,2019,Slight,Female,26 - 35,0,0,Urban area,Less deprived 20-30%,8,2,1,Single carriageway,30,0,Daylight,0,0,0,Non-trunk,1,0,0,0,Neither,Back,2019-12-21,12:00:00,Saturday,Trafford,E08000009,Urban,53.426694,-2.322165,E01006160,40.83195971,40,1092,419,493,150,30,1025,84,121,146,47,21,6,4,9,504,83,51.24521073,2140,41.76,544,263,127,117,26,11,2,1,504,46,7,25,2,2,309,14,30,82,6,2.00348068,4.81e-6,1,31,108,6818.000195,2.463949
06N154311,2019,Slight,Male,21 - 25,0,0,Urban area,More deprived 10-20%,2,2,1,Single carriageway,30,0,Daylight,0,0,0,Non-trunk,0,1,1,1,Both,Did not impact,2019-02-27,09:32:00,Wednesday,Bury,E08000002,Urban,53.570644,-2.294233,E01005060,41.1982808,42,735,120,335,225,55,793,81,142,122,102,19,4,2,6,201,114,18.85397412,1734,91.97,240,242,105,91,29,19,4,5,201,6,0,29,9,1,476,31,8,31,3,1.206247924,1.31e-6,0,10,7,2470.341764,3.337402941
06N155232,2019,Slight,Male,56 - 65,0,0,Urban area,Less deprived 10-20%,9,2,1,Single carriageway,30,0,Daylight,0,0,0,Non-trunk,0,0,0,0,Neither,Back,2019-03-29,12:40:00,Friday,Bury,E08000002,Urban,53.64765,-2.303574,E01005022,41.79749216,46,635,41,240,274,80,780,47,74,88,116,27,6,5,11,324,82,4.854715268,1497,308.36,169,222,130,85,21,7,1,0,324,4,0,3,3,2,399,18,3,23,1,2.436744314,7.9e-7,0,32,2,9446.115745,8.393517379
06N157704,2019,Slight,Male,26 - 35,0,0,Urban area,Less deprived 40-50%,6,2,1,Single carriageway,30,0,Daylight,1,1,0,Non-trunk,1,0,0,0,Neither,Front,2019-06-02,12:46:00,Sunday,Bury,E08000002,Urban,53.634123,-2.333935,E01005019,44.22736419,47,624,81,235,233,75,709,59,58,111,92,26,13,8,3,267,72,29.5423296,1504,50.91,142,261,101,92,14,7,5,1,267,5,1,14,9,1,345,25,5,34,5,0.817449731,1.61e-6,0,12,0,6362.262182,1.60368587
06N161137,2019,Slight,Female,36 - 45,0,0,Urban area,More deprived 30-40%,4,1,1,Single carriageway,30,0,Daylight,0,0,0,Non-trunk,0,0,1,0,In carriageway,Front,2019-09-01,16:50:00,Sunday,Bury,E08000002,Urban,53.586313,-2.32463,E01004951,48.22923374,52,651,64,279,246,62,687,74,116,81,83,22,4,6,4,203,94,53.87263339,1565,29.05,160,270,96,93,20,6,1,2,203,5,2,13,7,3,382,27,10,29,5,1.565241512,5.41e-6,0,11,0,3995.493996,0.832901152
06N161552,2019,Slight,Male,16 - 20,1,0,Urban area,More deprived 10-20%,2,2,1,Single carriageway,20,1,Darkness - lighting unknown,0,0,0,Non-trunk,0,0,0,0,Neither,Back,2019-08-30,05:45:00,Friday,Bury,E08000002,Urban,53.58326,-2.284442,E01005028,34.28506991,34,834,290,363,145,36,854,195,135,84,90,22,4,6,11,157,150,77.44282744,2235,28.86,259,203,132,121,71,26,11,10,157,16,2,48,34,6,397,58,13,110,12,0.347718068,1.21e-6,0,10,7,6145.036972,1.10150738
06N164329,2019,Slight,Female,21 - 25,0,0,Urban area,More deprived 20-30%,3,2,1,Single carriageway,30,1,Daylight,0,0,0,Non-trunk,0,0,0,0,Neither,Back,2019-11-18,08:30:00,Monday,Bury,E08000002,Urban,53.608894,-2.313603,E01004965,46.34405941,51,506,54,167,217,68,529,27,66,74,72,18,6,2,9,200,55,13.44337062,1238,92.09,110,207,83,75,22,6,1,1,200,7,2,3,3,1,275,11,6,22,3,0.922345984,9.91e-7,0,12,0,2244.017978,3.804880139
06N235383,2019,Slight,Male,46 - 55,0,0,Urban area,Less deprived 40-50%,6,2,1,Single carriageway,30,0,Daylight,0,0,0,Non-trunk,0,1,0,0,Neither,Front,2019-02-14,08:40:00,Thursday,Bury,E08000002,Urban,53.578808,-2.373778,E01005000,41.84281843,45,588,41,227,223,97,765,30,130,114,99,25,4,7,7,216,133,12.9295948,1471,113.77,125,232,108,95,19,8,2,1,216,10,0,6,4,2,462,43,5,15,5,1.507999861,1.32e-6,0,16,2,9836.237908,2.146569803
06N255251,2019,Slight,Male,46 - 55,0,0,Urban area,More deprived 40-50%,5,2,1,Roundabout,30,0,Daylight,0,0,0,Non-trunk,0,0,0,0,Neither,Nearside,2019-03-26,09:18:00,Tuesday,Bury,E08000002,Urban,53.539463,-2.27179,E01004970,41.21987747,43,608,61,272,213,62,768,62,60,165,74,19,6,8,5,269,100,28.70255958,1626,56.65,117,204,114,117,41,11,2,0,269,11,1,16,7,5,380,30,7,33,9,1.555511106,2.73e-6,0,12,2,4837.876114,0.749741637
06N255686,2019,Slight,Male,11 - 15,1,0,Urban area,More deprived 20-30%,3,3,1,Single carriageway,30,0,Daylight,0,0,0,Non-trunk,1,0,0,0,Neither,Front,2019-04-08,14:25:00,Monday,Bury,E08000002,Urban,53.554682,-2.318334,E01005013,31.98553949,32,1014,235,449,276,54,1245,97,171,265,131,28,4,9,11,345,184,51.8694362,2622,50.55,257,300,205,158,61,26,5,1,345,41,2,38,17,4,646,49,13,69,18,0.001939723,3.84e-9,0,17,5,4319.787621,1.643725207
06N257248,2019,Slight,Male,11 - 15,1,0,Urban area,More deprived 30-40%,4,2,1,Single carriageway,30,0,Daylight,0,0,0,Non-trunk,0,0,0,0,Neither,Nearside,2019-05-14,15:18:00,Tuesday,Bury,E08000002,Urban,53.531278,-2.274288,E01004975,39.61548223,37,770,236,371,133,30,810,67,58,181,71,9,17,11,6,313,77,68.90524379,1498,21.74,321,267,106,58,11,6,2,0,313,51,0,23,7,4,331,20,17,42,5,0.360460723,1.7e-6,0,6,7,3094.509137,0.3530213
06N258296,2019,Slight,Male,11 - 15,1,0,Urban area,Less deprived 30-40%,7,2,1,Single carriageway,30,0,Daylight,0,0,0,Non-trunk,0,0,0,0,Neither,Offside,2019-06-21,13:08:00,Friday,Bury,E08000002,Urban,53.518969,-2.271976,E01005044,26.43204134,19,476,112,243,97,24,688,265,86,72,28,1,2,5,5,129,95,136.3888889,1964,14.4,106,78,49,48,45,51,41,57,129,7,0,40,4,1,295,49,4,152,10,0.294659898,2.06e-6,0,9,17,3242.027588,0.278095451
06N263307,2019,Slight,Male,21 - 25,0,0,Urban area,More deprived 30-40%,4,2,1,Single carriageway,30,0,Daylight,0,0,0,Non-trunk,0,1,0,0,Neither,Front,2019-10-03,17:50:00,Thursday,Bury,E08000002,Urban,53.554603,-2.296703,E01005007,47.61261261,50,699,142,332,193,32,694,49,84,104,65,14,4,5,4,281,84,25.4511722,1509,59.29,244,274,102,55,14,7,2,1,281,19,1,19,5,1,308,18,7,30,4,0.754622372,1.27e-6,0,6,0,2869.30055,1.722324705
06N264517,2019,Severe/Fatal,Male,46 - 55,0,0,Urban area,More deprived 20-30%,3,2,1,Single carriageway,30,0,Daylight,0,0,0,Non-trunk,0,0,0,0,Neither,Front,2019-10-21,16:40:00,Monday,Bury,E08000002,Urban,53.541505,-2.286652,E01004983,39.14541213,38,568,97,284,154,33,735,60,72,160,60,14,12,5,4,251,97,39.48135198,1355,34.32,167,192,102,61,31,8,5,2,251,52,1,31,6,3,309,25,10,41,9,0.492596055,1.46e-6,0,13,5,3535.407068,1.664318409
06N265519,2019,Slight,Male,36 - 45,0,0,Rural,More deprived 10-20%,2,2,1,Single carriageway,30,1,Darkness - lights lit,0,0,0,Non-trunk,0,0,0,0,Neither,Front,2019-12-10,07:00:00,Tuesday,Bury,E08000002,Urban,53.519104,-2.271962,E01005044,26.43204134,19,476,112,243,97,24,688,265,86,72,28,1,2,5,5,129,95,136.3888889,1964,14.4,106,78,49,48,45,51,41,57,129,7,0,40,4,1,295,49,4,152,10,0.294659898,2.06e-6,0,9,17,3242.027588,0.278095451
06N266088,2019,Slight,Male,56 - 65,0,0,Urban area,More deprived 40-50%,5,2,1,Single carriageway,30,0,Darkness - lighting unknown,1,1,0,Non-trunk,0,0,0,0,Neither,Front,2019-11-07,18:05:00,Thursday,Bury,E08000002,Urban,53.572188,-2.312713,E01004992,37.11631016,36,631,177,313,111,30,671,103,114,108,67,9,3,0,6,155,106,18.75493551,1425,75.98,213,201,123,61,23,7,5,0,155,23,4,27,18,2,328,35,7,60,10,0.911087875,1.2e-6,0,9,1,2761.478214,1.46896391
06P157347,2019,Slight,Male,11 - 15,1,0,Urban area,Most deprived 10%,1,2,1,Single carriageway,30,0,Daylight,0,0,0,Non-trunk,0,0,0,0,Neither,Front,2019-05-16,08:02:00,Thursday,Rochdale,E08000005,Urban,53.615043,-2.171165,E01005590,32.61261705,30,559,143,239,122,55,673,112,90,64,71,23,7,6,11,144,145,37.27486296,1904,51.08,114,134,87,76,56,43,31,16,144,14,5,25,16,3,351,43,2,53,15,1.176409649,2.3e-6,0,14,2,4524.351235,2.322179995
06P166762,2019,Severe/Fatal,Male,36 - 45,0,0,Rural,Less deprived 40-50%,6,2,1,Single carriageway,30,0,Darkness - lights lit,0,1,0,Non-trunk,0,0,0,0,Neither,Front,2019-12-06,18:00:00,Friday,Rochdale,E08000005,Urban,53.617261,-2.166578,E01005482,37.10735294,37,892,592,245,46,9,466,106,82,72,29,22,2,9,3,61,80,19.3657456,1661,85.77,557,167,62,41,33,20,8,4,61,19,7,58,9,2,173,35,7,87,7,1.729367569,2e-6,2,112,64,11838.92862,5.081785544
06P253746,2019,Severe/Fatal,Male,16 - 20,1,0,Urban area,More deprived 10-20%,2,2,1,Single carriageway,50,1,Darkness - no lighting,0,0,0,Non-trunk,0,0,0,0,Neither,Back,2019-02-21,23:02:00,Thursday,Rochdale,E08000005,Rural,53.621407,-2.109826,E01005555,39.1354386,42,549,56,207,205,81,704,56,115,88,97,37,4,5,3,193,106,3.947593766,1383,350.34,118,198,104,98,27,3,1,1,193,14,8,4,7,0,408,30,5,24,8,4.269782959,1.22e-6,0,10,2,9021.790205,2.099671378
06P254948,2019,Severe/Fatal,Male,11 - 15,1,0,Urban area,Most deprived 10%,1,2,1,Single carriageway,30,0,Darkness - lights lit,0,0,0,Non-trunk,0,0,0,0,Neither,Nearside,2019-03-25,21:00:00,Monday,Rochdale,E08000005,Urban,53.614466,-2.138316,E01005569,35.41361257,34,638,203,278,120,37,607,170,58,79,49,21,6,4,8,103,109,57.08824466,1792,31.39,193,157,88,87,52,42,15,7,103,22,6,14,20,5,312,27,4,80,13,0.676943793,2.14e-6,0,14,10,4330.504862,1.579895926
06P255672,2019,Slight,Female,11 - 15,1,0,Urban area,Less deprived 40-50%,6,2,1,Single carriageway,30,0,Daylight,0,0,0,Non-trunk,0,0,0,0,Neither,Offside,2019-04-01,07:15:00,Monday,Rochdale,E08000005,Urban,53.600376,-2.097652,E01005562,39.57575758,41,679,155,298,172,54,713,46,143,122,79,30,8,3,9,148,125,21.61581435,1509,69.81,221,232,127,75,16,6,3,1,148,28,2,8,9,5,421,36,6,43,8,0.726217345,1.04e-6,0,22,5,2141.860592,2.107636543
06P260821,2019,Severe/Fatal,Male,36 - 45,0,0,Urban area,Less deprived 20-30%,8,2,1,Single carriageway,30,0,Daylight,0,0,0,Non-trunk,0,0,0,0,Neither,Front,2019-08-21,06:31:00,Wednesday,Rochdale,E08000005,Urban,53.612198,-2.132534,E01005569,35.41361257,34,638,203,278,120,37,607,170,58,79,49,21,6,4,8,103,109,57.08824466,1792,31.39,193,157,88,87,52,42,15,7,103,22,6,14,20,5,312,27,4,80,13,0.676943793,2.14e-6,0,14,10,4330.504862,1.579895926
06P263525,2019,Severe/Fatal,Male,36 - 45,0,0,Urban area,More deprived 10-20%,2,2,1,Single carriageway,30,1,Daylight,0,0,0,Non-trunk,0,0,0,0,Neither,Front,2019-10-13,13:00:00,Sunday,Rochdale,E08000005,Rural,53.604444,-2.079285,E01005561,43.44160584,47,649,87,312,204,46,730,33,98,153,90,30,17,2,5,187,115,1.185737559,1412,1190.82,206,258,98,65,15,6,1,0,187,25,2,5,2,2,440,28,7,29,6,13.30626753,1.12e-6,1,18,0,2333.724174,8.747373355
06P264395,2019,Slight,Male,16 - 20,1,0,Urban area,More deprived 20-30%,3,2,1,Single carriageway,30,0,Darkness - lights lit,0,1,0,Non-trunk,1,0,0,0,Neither,Front,2019-11-03,05:50:00,Sunday,Rochdale,E08000005,Urban,53.633726,-2.114183,E01005596,39.6997543,42,817,110,324,289,94,1039,84,177,123,158,57,14,7,5,276,138,15.86227192,2156,135.92,194,272,145,129,47,16,8,7,276,3,16,26,14,2,597,48,4,47,9,1.595226882,1.18e-6,0,17,3,4181.680157,2.676708592
06P266421,2019,Severe/Fatal,Male,26 - 35,0,0,Urban area,Most deprived 10%,1,2,1,Single carriageway,30,1,Daylight,0,0,0,Non-trunk,0,0,0,0,Neither,Offside,2019-11-08,15:45:00,Friday,Rochdale,E08000005,Urban,53.595827,-2.17074,E01005478,40.78712556,41,669,165,283,175,46,662,73,157,104,46,14,6,4,5,147,106,8.671435592,1588,183.13,191,230,125,69,40,4,6,2,147,1,5,30,9,1,369,38,3,52,4,1.286999205,6.98e-7,0,26,1,9489.443702,4.118494773
06P352517,2019,Slight,Male,26 - 35,0,0,Urban area,More deprived 20-30%,3,2,1,Roundabout,30,0,Daylight,0,0,0,Non-trunk,0,0,0,0,Neither,Back,2019-01-12,09:00:00,Saturday,Rochdale,E08000005,Urban,53.548629,-2.194697,E01005539,41.01789264,42,667,279,275,101,12,534,85,85,115,48,6,3,3,4,96,89,28.00085434,1311,46.82,312,201,86,36,23,8,0,1,96,2,5,59,12,1,263,29,2,61,5,0.628310924,1.35e-6,0,35,14,7724.257178,2.765546267
06P354043,2019,Slight,Male,16 - 20,1,0,Urban area,Most deprived 10%,1,2,1,Single carriageway,30,0,Darkness - lights lit,0,0,0,Non-trunk,0,0,1,0,In carriageway,Nearside,2019-02-16,20:50:00,Saturday,Rochdale,E08000005,Urban,53.589675,-2.217289,E01005502,41.63636364,43,679,222,311,121,25,639,106,99,128,57,15,3,3,4,100,124,70.27027027,1378,19.61,278,232,88,49,23,7,3,0,100,0,0,30,6,5,361,49,5,72,8,0,0,0,8,4,2582.804905,0.706728367
06P357793,2019,Slight,Male,56 - 65,0,0,Urban area,More deprived 40-50%,5,2,1,Single carriageway,30,0,Daylight,0,0,1,Non-trunk,0,0,0,0,Neither,Offside,2019-06-09,11:52:00,Sunday,Rochdale,E08000005,Urban,53.593384,-2.228776,E01005501,41.92388307,40,994,472,376,121,25,724,95,145,136,67,21,10,3,11,110,126,30.29221882,1783,58.86,540,250,109,66,23,5,1,0,110,3,1,69,12,2,382,47,8,89,1,0.600863939,1.01e-6,0,36,8,8172.893217,2.887187885
06P358869,2019,Slight,Male,16 - 20,1,0,Urban area,More deprived 20-30%,3,2,1,Single carriageway,20,1,Daylight,0,0,0,Non-trunk,0,0,0,0,Neither,Offside,2019-05-03,08:50:00,Friday,Rochdale,E08000005,Urban,53.588978,-2.247529,E01005513,35.15724983,32,633,248,265,96,24,606,94,118,114,59,17,5,3,4,78,114,57.61957731,1554,26.97,198,185,109,87,38,12,5,2,78,4,2,67,24,5,317,46,6,54,5,0.021145707,7.94e-8,0,4,2,2010.344708,0.314673251
06P359351,2019,Slight,Male,16 - 20,1,0,Urban area,More deprived 20-30%,3,2,1,Single carriageway,30,0,Daylight,0,0,0,Non-trunk,0,0,0,0,Neither,Front,2019-07-05,18:10:00,Friday,Rochdale,E08000005,Urban,53.588738,-2.233026,E01005505,36.585796,36,962,270,419,237,36,1073,166,194,183,117,36,5,6,11,180,175,31.68288079,2182,68.87,295,333,175,103,41,12,1,0,180,3,2,62,24,6,609,78,21,80,10,0,0,0,5,5,6368.703108,2.174489057
06P359373,2019,Slight,Male,11 - 15,1,0,Urban area,More deprived 10-20%,2,2,1,Single carriageway,30,0,Daylight,0,0,0,Non-trunk,0,0,0,0,Neither,Front,2019-07-07,13:30:00,Sunday,Rochdale,E08000005,Urban,53.593375,-2.228715,E01005509,38.36829837,37,720,337,282,77,24,597,113,100,114,62,31,4,1,6,72,94,67.90413534,1445,21.28,351,180,93,53,36,7,3,0,72,4,2,49,8,4,323,41,9,75,8,0,0,0,5,2,4703.101469,0.779187883
06P365505,2019,Slight,Male,16 - 20,1,0,Urban area,More deprived 30-40%,4,2,1,Single carriageway,30,1,Darkness - lights lit,0,0,0,Non-trunk,0,0,0,0,Neither,Back,2019-12-08,18:00:00,Sunday,Rochdale,E08000005,Urban,53.548256,-2.197004,E01005539,41.01789264,42,667,279,275,101,12,534,85,85,115,48,6,3,3,4,96,89,28.00085434,1311,46.82,312,201,86,36,23,8,0,1,96,2,5,59,12,1,263,29,2,61,5,0.628310924,1.35e-6,0,35,14,7724.257178,2.765546267
06Q152580,2019,Slight,Male,11 - 15,1,0,Urban area,More deprived 10-20%,2,2,1,Single carriageway,30,0,Darkness - lighting unknown,1,1,0,Non-trunk,0,0,0,0,Neither,Offside,2019-01-11,18:00:00,Friday,Oldham,E08000004,Urban,53.550578,-2.09011,E01005421,36.37565308,35,772,307,327,114,24,726,149,165,93,68,8,2,1,11,99,130,36.03889661,1816,50.39,251,253,148,86,24,6,3,3,99,29,1,37,31,2,364,53,3,95,8,0,0,0,15,6,4997.51183,1.345286262
06Q153302,2019,Slight,Male,36 - 45,0,0,Urban area,More deprived 20-30%,3,2,1,Single carriageway,30,0,Darkness - lights lit,1,1,0,Non-trunk,1,0,0,0,Neither,Front,2019-01-29,21:36:00,Tuesday,Oldham,E08000004,Urban,53.53737,-2.115355,E01005434,31.31336406,30,792,426,281,69,16,610,124,82,95,67,16,10,9,15,70,122,34.63141026,2161,62.4,302,171,90,77,53,60,18,20,70,32,10,74,27,0,257,38,4,82,18,1.204040035,1.92e-6,1,43,41,10750.2665,2.796059715
06Q155966,2019,Slight,Male,56 - 65,0,0,Urban area,More deprived 40-50%,5,2,1,Single carriageway,30,0,Darkness - lights lit,0,0,0,Non-trunk,0,0,0,0,Neither,Nearside,2019-04-10,05:30:00,Wednesday,Oldham,E08000004,Urban,53.542501,-2.096808,E01005429,28.30623927,27,466,109,211,113,33,553,124,81,74,44,13,5,4,7,58,143,76.22072251,1920,25.19,69,72,41,67,93,58,33,31,58,23,0,19,22,0,314,32,5,68,12,0.235449496,9.36e-7,0,11,0,4827.941522,1.079639037
06Q157079,2019,Slight,Male,26 - 35,0,0,Urban area,Less deprived 30-40%,7,2,1,Single carriageway,30,0,Daylight,0,0,0,Non-trunk,0,0,0,0,Neither,Front,2019-05-22,09:25:00,Wednesday,Oldham,E08000004,Urban,53.541283,-2.091268,E01005428,28.49322493,29,526,191,218,90,27,655,121,128,116,52,13,4,3,5,79,134,85.10255488,2365,27.79,93,78,61,62,67,60,44,63,79,33,4,52,36,0,268,63,2,106,11,0.400434253,1.44e-6,0,17,2,9618.586422,1.413492056
06Q157286,2019,Slight,Male,11 - 15,1,0,Urban area,More deprived 10-20%,2,2,1,Single carriageway,20,0,Daylight,0,0,0,Non-trunk,0,1,0,0,Neither,Nearside,2019-05-25,17:41:00,Saturday,Oldham,E08000004,Urban,53.53308,-2.118195,E01005435,29.02567901,27,495,98,227,126,44,626,119,64,102,58,19,7,4,3,98,152,121.0244193,2032,16.79,56,74,72,84,83,74,24,28,98,8,2,31,21,0,330,52,1,55,25,0.412605795,2.43e-6,0,4,3,3907.551589,0.639021663
06Q160335,2019,Severe/Fatal,Male,6 - 10,1,0,Urban area,More deprived 10-20%,2,2,1,Single carriageway,20,0,Darkness - lighting unknown,0,0,0,Non-trunk,0,1,0,0,Neither,Front,2019-08-06,02:20:00,Tuesday,Oldham,E08000004,Urban,53.538991,-2.091806,E01005430,28.66454127,26,722,169,323,166,64,933,173,139,129,108,16,14,9,12,106,227,106.8965517,2852,26.68,130,116,83,124,106,75,45,43,106,47,7,43,29,0,515,78,8,76,23,0.57949261,2.23e-6,0,6,1,3407.132686,0.386064025
06Q161553,2019,Slight,Male,26 - 35,0,0,Urban area,More deprived 10-20%,2,2,1,Single carriageway,30,0,Darkness - lights lit,1,1,0,Non-trunk,0,0,0,0,Neither,Front,2019-09-03,21:55:00,Tuesday,Oldham,E08000004,Urban,53.53568,-2.115668,E01005459,29.30935252,26,481,201,188,66,26,421,95,42,58,30,7,9,5,8,86,81,52.66289795,1770,33.61,112,78,44,63,67,65,34,17,86,22,3,13,7,2,184,35,1,63,9,1.446154871,4.32e-6,1,17,3,3809.901926,1.602298419
06Q161860,2019,Severe/Fatal,Male,46 - 55,0,0,Urban area,Most deprived 10%,1,2,1,Dual carriageway,30,0,Darkness - lights lit,0,0,0,Non-trunk,0,0,0,0,Neither,Offside,2019-08-07,22:28:00,Wednesday,Oldham,E08000004,Urban,53.532464,-2.114452,E01005434,31.31336406,30,792,426,281,69,16,610,124,82,95,67,16,10,9,15,70,122,34.63141026,2161,62.4,302,171,90,77,53,60,18,20,70,32,10,74,27,0,257,38,4,82,18,1.204040035,1.92e-6,1,43,41,10750.2665,2.796059715
06Q165947,2019,Slight,Male,56 - 65,0,0,Urban area,More deprived 10-20%,2,2,1,Single carriageway,30,0,Darkness - lights lit,1,1,0,Non-trunk,0,0,0,0,Neither,Front,2019-12-10,17:57:00,Tuesday,Oldham,E08000004,Urban,53.530568,-2.113135,E01005434,31.31336406,30,792,426,281,69,16,610,124,82,95,67,16,10,9,15,70,122,34.63141026,2161,62.4,302,171,90,77,53,60,18,20,70,32,10,74,27,0,257,38,4,82,18,1.204040035,1.92e-6,1,43,41,10750.2665,2.796059715
06Q166691,2019,Severe/Fatal,Male,26 - 35,0,0,Urban area,Most deprived 10%,1,2,1,Single carriageway,30,0,Darkness - lights lit,0,0,0,Non-trunk,0,1,0,0,Neither,Front,2019-12-16,19:45:00,Monday,Oldham,E08000004,Urban,53.539562,-2.116584,E01005459,29.30935252,26,481,201,188,66,26,421,95,42,58,30,7,9,5,8,86,81,52.66289795,1770,33.61,112,78,44,63,67,65,34,17,86,22,3,13,7,2,184,35,1,63,9,1.446154871,4.32e-6,1,17,3,3809.901926,1.602298419
06Q253883,2019,Severe/Fatal,Male,46 - 55,0,0,Urban area,More deprived 10-20%,2,2,1,One way street,30,0,Daylight,0,0,0,Non-trunk,0,0,0,0,Neither,Front,2019-02-19,11:45:00,Tuesday,Oldham,E08000004,Urban,53.548186,-2.005709,E01005412,46.56930126,50,794,100,362,257,75,819,64,44,130,114,38,6,9,12,312,90,10.79556382,1684,155.99,265,309,111,82,24,0,1,0,312,5,4,12,4,1,387,34,6,45,6,1.972271656,1.26e-6,0,21,3,13802.04944,1.349903563
06Q254337,2019,Slight,Male,56 - 65,0,0,Urban area,More deprived 30-40%,4,2,1,Single carriageway,30,0,Darkness - lights lit,0,0,0,Non-trunk,0,0,0,1,Off carriageway,Did not impact,2019-02-26,22:20:00,Tuesday,Oldham,E08000004,Urban,53.531893,-2.150371,E01005332,36.70661673,36,988,312,471,156,49,997,179,205,168,79,19,10,10,4,179,144,39.73670535,2294,57.73,367,282,144,100,59,21,10,4,179,43,2,43,23,5,520,59,11,99,10,0.497104795,8.5e-7,0,12,5,7994.491789,1.445818122
06Q255178,2019,Slight,Male,56 - 65,0,0,Rural,Less deprived 10-20%,9,2,1,Single carriageway,40,0,Daylight,0,0,0,Non-trunk,0,0,0,0,Neither,Nearside,2019-03-29,17:30:00,Friday,Oldham,E08000004,Urban,53.537767,-2.02315,E01005407,44.83491686,50,751,71,274,307,99,893,47,59,160,118,26,11,9,6,352,105,5.297707101,1719,324.48,200,293,123,113,21,0,0,0,352,3,12,4,3,2,460,27,10,16,5,1.742376464,5.37e-7,1,33,1,18846.91828,7.966118621
06Q255762,2019,Slight,Male,11 - 15,1,0,Urban area,Less deprived 30-40%,7,2,1,One way street,30,1,Daylight,0,0,0,Non-trunk,0,0,0,0,Neither,Front,2019-04-03,19:27:00,Wednesday,Oldham,E08000004,Urban,53.585757,-2.091606,E01005441,41.87031151,45,752,257,312,142,41,664,51,113,137,71,29,3,4,9,144,103,21.37458007,1527,71.44,311,233,111,75,12,6,0,1,144,20,2,17,2,0,380,29,6,55,7,0,0,0,15,2,5376.145885,2.646936027
06Q256160,2019,Severe/Fatal,Male,26 - 35,0,0,Urban area,Most deprived 10%,1,2,1,Single carriageway,30,0,Daylight,0,0,0,Non-trunk,1,0,0,0,Neither,Offside,2019-04-10,10:35:00,Wednesday,Oldham,E08000004,Urban,53.520442,-2.136033,E01005378,37.84763047,36,665,208,310,117,30,632,77,158,102,51,9,4,6,8,119,98,31.65921106,1557,49.18,202,219,123,71,30,9,6,1,119,20,4,49,20,4,326,35,7,41,9,0.249102188,5.1e-7,0,10,2,4497.784041,1.153988081
06Q256407,2019,Slight,Male,21 - 25,0,0,Urban area,Less deprived 30-40%,7,2,1,Single carriageway,30,0,Daylight,0,0,0,Non-trunk,1,0,0,0,Neither,Front,2019-04-29,14:05:00,Monday,Oldham,E08000004,Urban,53.577272,-2.091587,E01005446,42.05407464,45,595,133,250,163,49,649,58,135,129,76,13,3,1,9,133,92,33.43638526,1406,42.05,149,220,119,78,20,8,1,0,133,24,2,15,6,2,368,39,3,45,7,0,0,1,15,3,2854.718725,1.309666493
06Q256887,2019,Slight,Male,21 - 25,0,0,Urban area,More deprived 40-50%,5,2,1,Roundabout,30,0,Daylight,0,0,0,Non-trunk,0,0,0,0,Neither,Nearside,2019-04-22,11:42:00,Monday,Oldham,E08000004,Urban,53.574085,-2.098013,E01005447,43.65352829,41,719,280,318,105,16,639,109,144,98,57,24,3,3,3,111,87,22.69220171,1647,72.58,304,208,98,66,28,11,4,0,111,46,0,26,13,3,310,43,5,78,5,0.297252239,4.08e-7,0,15,15,5507.974383,1.646472473
06Q259823,2019,Slight,Male,6 - 10,1,0,Urban area,More deprived 30-40%,4,2,1,Single carriageway,30,1,Daylight,0,0,0,Non-trunk,0,0,0,0,Neither,Front,2019-07-29,19:50:00,Monday,Oldham,E08000004,Urban,53.539712,-2.143684,E01005328,36.72812135,35,747,361,266,99,21,567,128,98,96,46,14,15,5,9,65,91,36.03784981,1790,49.67,337,165,72,69,40,39,18,7,65,45,1,35,17,3,271,51,3,65,11,0,0,0,31,4,7170.115917,1.184062024
06Q261179,2019,Slight,Male,26 - 35,0,0,Urban area,Less deprived 20-30%,8,2,1,Roundabout,30,0,Daylight,1,1,0,Non-trunk,0,0,0,0,Neither,Nearside,2019-08-28,16:03:00,Wednesday,Oldham,E08000004,Urban,53.547172,-2.165276,E01005333,44.45189976,48,500,55,189,205,51,599,34,93,118,54,5,12,5,8,187,83,51.1771995,1239,24.21,112,195,86,82,13,7,2,3,187,3,10,12,7,0,342,26,1,11,2,0.740005658,3.06e-6,0,9,0,2813.230995,0.279638473
06Q261309,2019,Slight,Male,66 - 75,0,1,Urban area,Less deprived 10-20%,9,2,1,Single carriageway,30,0,Daylight,0,0,1,Non-trunk,0,0,0,0,Neither,Offside,2019-08-29,13:09:00,Thursday,Oldham,E08000004,Urban,53.537594,-2.05544,E01005420,45.4527027,49,744,180,302,200,62,739,48,181,96,75,17,7,6,4,178,127,35.72218536,1615,45.21,277,252,105,85,14,7,4,3,178,2,2,26,6,0,452,41,3,22,6,0.255908744,5.72e-7,0,17,0,4595.721037,1.111188107
06Q261530,2019,Slight,Male,11 - 15,1,0,Urban area,Most deprived 10%,1,3,2,Single carriageway,20,1,Daylight,0,0,0,Non-trunk,0,0,0,0,Neither,Front,2019-08-23,17:15:00,Friday,Oldham,E08000004,Urban,53.512634,-2.132781,E01005380,33.91776316,33,523,166,191,113,53,601,67,124,77,64,10,5,10,2,147,95,25.47995958,1513,59.38,94,143,120,96,40,21,3,3,147,11,0,34,17,2,297,32,7,45,8,0,0,0,17,0,4460.828659,1.722582381
06Q261926,2019,Slight,Male,36 - 45,0,0,Small town,Least deprived 10%,10,2,1,Single carriageway,30,0,Daylight,0,0,0,Non-trunk,0,0,0,0,Neither,Front,2019-09-17,17:39:00,Tuesday,Oldham,E08000004,Urban,53.520956,-2.134134,E01005378,37.84763047,36,665,208,310,117,30,632,77,158,102,51,9,4,6,8,119,98,31.65921106,1557,49.18,202,219,123,71,30,9,6,1,119,20,4,49,20,4,326,35,7,41,9,0.249102188,5.1e-7,0,10,2,4497.784041,1.153988081
06Q265108,2019,Severe/Fatal,Male,46 - 55,0,0,Urban area,Less deprived 30-40%,7,2,1,Dual carriageway,40,0,Daylight,0,0,0,Non-trunk,1,0,0,0,Neither,Front,2019-11-05,15:12:00,Tuesday,Oldham,E08000004,Urban,53.536453,-2.175147,E01005330,42.47155003,45,692,76,277,256,83,912,80,151,201,58,12,6,8,12,261,123,6.728196378,1735,257.87,147,242,161,107,22,11,0,2,261,5,4,35,4,2,507,25,13,38,20,3.807538209,1.48e-6,0,39,1,16073.96185,6.451723758
06Q265176,2019,Slight,Male,26 - 35,0,0,Urban area,Less deprived 20-30%,8,2,1,Single carriageway,30,1,Darkness - lights lit,0,0,0,Non-trunk,0,0,0,0,Neither,Front,2019-11-21,17:35:00,Thursday,Oldham,E08000004,Urban,53.547363,-2.169608,E01005329,42.15181753,47,627,57,290,213,67,810,73,151,125,80,16,9,6,4,230,116,49.06710311,1499,30.55,155,248,114,74,27,9,3,0,230,3,5,19,12,3,461,39,5,25,7,1.112021347,3.69e-6,0,6,0,4979.85749,0.112193936
06Q265579,2019,Slight,Male,11 - 15,1,0,Urban area,Most deprived 10%,1,2,1,One way street,30,0,Darkness - lights lit,0,0,0,Non-trunk,0,0,0,0,Neither,Offside,2019-11-29,16:28:00,Friday,Oldham,E08000004,Urban,53.509948,-2.154365,E01005363,38.67806604,37,842,270,378,151,43,847,85,128,165,74,5,8,7,6,242,127,58.32784727,1772,30.38,330,268,126,83,16,13,1,3,242,21,3,58,16,1,387,33,14,65,7,0.601733294,1.99e-6,0,8,6,3620.027025,0.952423339
06Q352535,2019,Severe/Fatal,Male,56 - 65,0,0,Urban area,Less deprived 20-30%,8,2,1,Dual carriageway,40,0,Darkness - lights lit,0,0,0,Non-trunk,0,1,0,0,Neither,Did not impact,2019-01-14,17:15:00,Monday,Oldham,E08000004,Urban,53.538457,-2.175457,E01005330,42.47155003,45,692,76,277,256,83,912,80,151,201,58,12,6,8,12,261,123,6.728196378,1735,257.87,147,242,161,107,22,11,0,2,261,5,4,35,4,2,507,25,13,38,20,3.807538209,1.48e-6,0,39,1,16073.96185,6.451723758
06XI56888,2019,Slight,Male,36 - 45,0,0,Urban area,Less deprived 10-20%,9,2,1,Single carriageway,30,0,Daylight,0,0,0,Non-trunk,0,0,0,0,Neither,Front,2019-05-12,11:17:00,Sunday,Manchester,E08000003,Urban,53.371151,-2.28429,E01005316,35.44235751,35,689,209,322,124,34,800,158,143,102,79,13,3,6,11,139,146,2.389128157,1642,687.28,220,204,115,105,33,5,4,1,139,13,3,64,12,3,367,57,49,80,11,7.794086106,1.13e-6,2,117,66,21035.56127,10.14904149
